department_id,day_of_week,hour_of_day,duration_hours,task_id,is_anomaly
390714b2-977f-4e5c-bd1e-5f282ff785ef,1,14,3.97,Detallar Curso,False
5fd7b0ae-2619-4038-a52e-26a0576c4819,3,13,6.66,Feedback de Manager,False
390714b2-977f-4e5c-bd1e-5f282ff785ef,6,9,1.42,Verificar Factura,False
e6edcb81-4782-44f0-af6d-1e9e184c77ba,3,11,7.16,Subir Borrador,False
f5ba7581-b2ac-4b3a-830e-64ab112f975a,2,10,5.39,Validar Capacitación,False
e6edcb81-4782-44f0-af6d-1e9e184c77ba,4,11,5.18,Habilitar Permisos,False
e6edcb81-4782-44f0-af6d-1e9e184c77ba,0,18,5.47,Aprobación del manager,False
17775f19-8c66-41b3-bd38-919b0fe10b8f,2,16,3.55,Especificar Servidores,False
f036cecc-192b-4e1e-bdc2-c95608f24fe9,6,15,6.86,Pago de Liquidación,False
390714b2-977f-4e5c-bd1e-5f282ff785ef,3,16,6.7,Revisión Contable,False
5fd7b0ae-2619-4038-a52e-26a0576c4819,0,13,7.87,Instalar Licencia,False
390714b2-977f-4e5c-bd1e-5f282ff785ef,6,9,1.57,Verificar Stock,False
17775f19-8c66-41b3-bd38-919b0fe10b8f,6,18,6.77,Especificar Servidores,False
5fd7b0ae-2619-4038-a52e-26a0576c4819,4,16,4.96,Validación de RRHH,False
390714b2-977f-4e5c-bd1e-5f282ff785ef,1,14,7.03,Consolidar Gastos,False
f5ba7581-b2ac-4b3a-830e-64ab112f975a,4,18,3.89,Evaluación Técnica,False
e6edcb81-4782-44f0-af6d-1e9e184c77ba,2,18,5.01,Autoevaluación,False
390714b2-977f-4e5c-bd1e-5f282ff785ef,3,10,5.16,Revisión Contable,False
5fd7b0ae-2619-4038-a52e-26a0576c4819,5,12,0.59,Evaluación Técnica,False
5f56f693-5a38-4ca2-96c0-7bba750fc7a6,5,17,6.5,Aprobación de Pago,False
5f56f693-5a38-4ca2-96c0-7bba750fc7a6,5,14,1.92,Evaluación Técnica,False
390714b2-977f-4e5c-bd1e-5f282ff785ef,4,9,5.99,Validar Capacitación,False
5fd7b0ae-2619-4038-a52e-26a0576c4819,2,13,4.83,Registrar Recibos,False
f036cecc-192b-4e1e-bdc2-c95608f24fe9,5,18,6.94,Evaluación Técnica,False
e6edcb81-4782-44f0-af6d-1e9e184c77ba,1,13,3.32,Presentar Requerimiento,False
390714b2-977f-4e5c-bd1e-5f282ff785ef,5,16,4.02,Inicio de la solicitud,False
5f56f693-5a38-4ca2-96c0-7bba750fc7a6,6,17,7.1,Entrega del Equipo,False
17775f19-8c66-41b3-bd38-919b0fe10b8f,4,11,1.74,Cerrar Accesos,False
17775f19-8c66-41b3-bd38-919b0fe10b8f,1,12,1.21,Consolidación de RRHH,False
5f56f693-5a38-4ca2-96c0-7bba750fc7a6,5,11,6.8,Instalar Licencia,False
f036cecc-192b-4e1e-bdc2-c95608f24fe9,1,8,1.63,Revisión Contable,False
e6edcb81-4782-44f0-af6d-1e9e184c77ba,5,16,3.74,Validación de RRHH,False
5f56f693-5a38-4ca2-96c0-7bba750fc7a6,6,10,5.87,Inicio del Proceso,False
390714b2-977f-4e5c-bd1e-5f282ff785ef,0,10,1.79,Pago de Liquidación,False
f5ba7581-b2ac-4b3a-830e-64ab112f975a,5,16,5.06,Procesar Transferencia,False
f5ba7581-b2ac-4b3a-830e-64ab112f975a,0,16,2.54,Pago de Liquidación,False
17775f19-8c66-41b3-bd38-919b0fe10b8f,4,8,3.07,Instalar Licencia,False
f5ba7581-b2ac-4b3a-830e-64ab112f975a,3,9,7.86,Setup Tecnológico,False
f5ba7581-b2ac-4b3a-830e-64ab112f975a,1,13,6.76,Enviar solicitud de vacaciones,False
31ece703-f961-4e8e-a5c5-cd5c5b47e3db,1,14,5.91,Inicio del Proceso,False
f036cecc-192b-4e1e-bdc2-c95608f24fe9,2,11,5.09,Aprobación de Pago,False
17775f19-8c66-41b3-bd38-919b0fe10b8f,4,16,3.24,Especificar Servidores,False
5f56f693-5a38-4ca2-96c0-7bba750fc7a6,1,10,0.83,Preparar Firma,False
f036cecc-192b-4e1e-bdc2-c95608f24fe9,1,10,1.25,Validar Elegibilidad,False
f036cecc-192b-4e1e-bdc2-c95608f24fe9,2,12,5.73,Validación de RRHH,False
31ece703-f961-4e8e-a5c5-cd5c5b47e3db,1,17,5.1,Autoevaluación,False
5f56f693-5a38-4ca2-96c0-7bba750fc7a6,3,8,5.74,Iniciar Baja,False
5f56f693-5a38-4ca2-96c0-7bba750fc7a6,6,10,2.06,Subir Borrador,False
e6edcb81-4782-44f0-af6d-1e9e184c77ba,2,11,2.53,Presentar Requerimiento,False
5f56f693-5a38-4ca2-96c0-7bba750fc7a6,0,17,2.18,Setup Tecnológico,False
f5ba7581-b2ac-4b3a-830e-64ab112f975a,5,18,5.74,Revisión Contable,False
5f56f693-5a38-4ca2-96c0-7bba750fc7a6,2,18,7.46,Revisión Gerencial,False
f036cecc-192b-4e1e-bdc2-c95608f24fe9,3,10,4.25,Validar Capacitación,False
17775f19-8c66-41b3-bd38-919b0fe10b8f,4,14,2.48,Inicio del Proceso,False
390714b2-977f-4e5c-bd1e-5f282ff785ef,6,10,2.39,Detallar Curso,False
31ece703-f961-4e8e-a5c5-cd5c5b47e3db,1,17,5.68,Dispersión de Fondos,False
390714b2-977f-4e5c-bd1e-5f282ff785ef,4,14,1.93,Inicio de la solicitud,False
f5ba7581-b2ac-4b3a-830e-64ab112f975a,6,18,4.94,Validar Capacitación,False
f036cecc-192b-4e1e-bdc2-c95608f24fe9,6,15,2.69,Presentar Requerimiento,False
5f56f693-5a38-4ca2-96c0-7bba750fc7a6,4,12,7.47,Inicio del Proceso,False
f5ba7581-b2ac-4b3a-830e-64ab112f975a,6,11,5.65,Aprobar Presupuesto,False
17775f19-8c66-41b3-bd38-919b0fe10b8f,4,9,2.62,Subir Borrador,False
5fd7b0ae-2619-4038-a52e-26a0576c4819,3,16,7.54,Consolidación de RRHH,False
f036cecc-192b-4e1e-bdc2-c95608f24fe9,1,16,2.07,Aprobación Presupuesto,False
17775f19-8c66-41b3-bd38-919b0fe10b8f,0,14,3.82,Setup Tecnológico,False
f036cecc-192b-4e1e-bdc2-c95608f24fe9,4,15,2.71,Feedback de Manager,False
31ece703-f961-4e8e-a5c5-cd5c5b47e3db,5,8,3.97,Habilitar Permisos,False
390714b2-977f-4e5c-bd1e-5f282ff785ef,5,9,4.85,Validación de RRHH,False
17775f19-8c66-41b3-bd38-919b0fe10b8f,3,17,4.52,Verificar Factura,False
5fd7b0ae-2619-4038-a52e-26a0576c4819,4,13,6.64,Aprobación Costos,False
31ece703-f961-4e8e-a5c5-cd5c5b47e3db,2,16,2.38,Validación de RRHH,False
17775f19-8c66-41b3-bd38-919b0fe10b8f,2,12,1.23,Registrar Recibos,False
17775f19-8c66-41b3-bd38-919b0fe10b8f,2,17,4.14,Aprobar Presupuesto,False
f5ba7581-b2ac-4b3a-830e-64ab112f975a,5,17,6.78,Enviar solicitud de vacaciones,False
17775f19-8c66-41b3-bd38-919b0fe10b8f,1,12,7.23,Consolidación de RRHH,False
17775f19-8c66-41b3-bd38-919b0fe10b8f,6,14,1.57,Validación de RRHH,False
f5ba7581-b2ac-4b3a-830e-64ab112f975a,6,14,6.11,Consolidación de RRHH,False
f036cecc-192b-4e1e-bdc2-c95608f24fe9,4,15,0.73,Reunión Bienvenida,False
31ece703-f961-4e8e-a5c5-cd5c5b47e3db,4,13,4.67,Revisión Gerencial,False
17775f19-8c66-41b3-bd38-919b0fe10b8f,1,15,4.73,Inicio del Proceso,False
e6edcb81-4782-44f0-af6d-1e9e184c77ba,0,17,4.63,Especificar Servidores,False
31ece703-f961-4e8e-a5c5-cd5c5b47e3db,2,9,6.02,Detallar Curso,False
17775f19-8c66-41b3-bd38-919b0fe10b8f,4,16,3.83,Especificar Servidores,False
f036cecc-192b-4e1e-bdc2-c95608f24fe9,4,10,4.79,Solicitar Adelanto,False
390714b2-977f-4e5c-bd1e-5f282ff785ef,4,8,6.08,Procesar Transferencia,False
f5ba7581-b2ac-4b3a-830e-64ab112f975a,4,18,4.79,Firma Director,False
f5ba7581-b2ac-4b3a-830e-64ab112f975a,5,8,0.8,Solicitar Adelanto,False
5f56f693-5a38-4ca2-96c0-7bba750fc7a6,5,18,4.41,Reunión Bienvenida,False
17775f19-8c66-41b3-bd38-919b0fe10b8f,1,18,7.51,Validar Elegibilidad,False
f036cecc-192b-4e1e-bdc2-c95608f24fe9,1,9,7.81,Aprobación Presupuesto,False
390714b2-977f-4e5c-bd1e-5f282ff785ef,5,8,3.32,Enviar solicitud de vacaciones,False
f5ba7581-b2ac-4b3a-830e-64ab112f975a,6,17,6.6,Consolidación de RRHH,False
17775f19-8c66-41b3-bd38-919b0fe10b8f,1,14,3.23,Reunión Bienvenida,False
e6edcb81-4782-44f0-af6d-1e9e184c77ba,6,13,5.3,Enviar solicitud de vacaciones,False
31ece703-f961-4e8e-a5c5-cd5c5b47e3db,5,17,0.97,Aprobación del manager,False
5fd7b0ae-2619-4038-a52e-26a0576c4819,2,10,1.65,Especificar Licencia,False
390714b2-977f-4e5c-bd1e-5f282ff785ef,4,9,5.62,Verificar Stock,False
5fd7b0ae-2619-4038-a52e-26a0576c4819,3,15,0.64,Preparar Firma,False
17775f19-8c66-41b3-bd38-919b0fe10b8f,5,8,4.08,Consolidación de RRHH,False
e6edcb81-4782-44f0-af6d-1e9e184c77ba,6,13,5.06,Iniciar Baja,False
31ece703-f961-4e8e-a5c5-cd5c5b47e3db,6,15,7.42,Verificar Factura,False
5fd7b0ae-2619-4038-a52e-26a0576c4819,5,13,7.12,Dispersión de Fondos,False
f5ba7581-b2ac-4b3a-830e-64ab112f975a,4,17,7.88,Validar Capacitación,False
390714b2-977f-4e5c-bd1e-5f282ff785ef,1,17,2.37,Validar Capacitación,False
31ece703-f961-4e8e-a5c5-cd5c5b47e3db,2,18,7.61,Especificar Licencia,False
5f56f693-5a38-4ca2-96c0-7bba750fc7a6,5,16,2.43,Consolidación de RRHH,False
17775f19-8c66-41b3-bd38-919b0fe10b8f,0,14,7.92,Aprobación de Pago,False
17775f19-8c66-41b3-bd38-919b0fe10b8f,6,13,7.8,Autoevaluación,False
e6edcb81-4782-44f0-af6d-1e9e184c77ba,4,18,2.58,Pago de Liquidación,False
390714b2-977f-4e5c-bd1e-5f282ff785ef,4,16,0.99,Consolidar Gastos,False
390714b2-977f-4e5c-bd1e-5f282ff785ef,1,11,6.48,Aprobación Presupuesto,False
31ece703-f961-4e8e-a5c5-cd5c5b47e3db,1,18,3.23,Enviar solicitud de vacaciones,False
f036cecc-192b-4e1e-bdc2-c95608f24fe9,1,10,6.98,Aprobación Presupuesto,False
5f56f693-5a38-4ca2-96c0-7bba750fc7a6,0,17,2.19,Subir Borrador,False
f5ba7581-b2ac-4b3a-830e-64ab112f975a,6,16,5.48,Verificar Stock,False
17775f19-8c66-41b3-bd38-919b0fe10b8f,0,11,7.18,Verificar Stock,False
e6edcb81-4782-44f0-af6d-1e9e184c77ba,5,13,4.12,Revisión Gerencial,False
5fd7b0ae-2619-4038-a52e-26a0576c4819,0,9,2.29,Feedback de Manager,False
f036cecc-192b-4e1e-bdc2-c95608f24fe9,1,10,0.72,Pago de Liquidación,False
31ece703-f961-4e8e-a5c5-cd5c5b47e3db,2,15,2.53,Aprobar Presupuesto,False
e6edcb81-4782-44f0-af6d-1e9e184c77ba,6,16,3.75,Aprobar Presupuesto,False
17775f19-8c66-41b3-bd38-919b0fe10b8f,1,17,7.48,Feedback de Manager,False
f036cecc-192b-4e1e-bdc2-c95608f24fe9,3,12,6.58,Revisión Contable,False
f5ba7581-b2ac-4b3a-830e-64ab112f975a,5,11,2.66,Feedback de Manager,False
390714b2-977f-4e5c-bd1e-5f282ff785ef,1,12,5.58,Consolidación de RRHH,False
f036cecc-192b-4e1e-bdc2-c95608f24fe9,2,11,7.59,Validación de RRHH,False
f5ba7581-b2ac-4b3a-830e-64ab112f975a,1,13,5.73,Dispersión de Fondos,False
f5ba7581-b2ac-4b3a-830e-64ab112f975a,1,9,6.28,Setup Tecnológico,False
31ece703-f961-4e8e-a5c5-cd5c5b47e3db,4,17,0.8,Validar Elegibilidad,False
f5ba7581-b2ac-4b3a-830e-64ab112f975a,6,12,3.34,Validar Comercial,False
e6edcb81-4782-44f0-af6d-1e9e184c77ba,4,17,5.63,Detallar Curso,False
e6edcb81-4782-44f0-af6d-1e9e184c77ba,4,18,2.24,Detallar Curso,False
f5ba7581-b2ac-4b3a-830e-64ab112f975a,3,8,3.86,Aprobar Presupuesto,False
f036cecc-192b-4e1e-bdc2-c95608f24fe9,4,10,2.42,Presentar Requerimiento,False
f036cecc-192b-4e1e-bdc2-c95608f24fe9,3,13,1.21,Presentar Requerimiento,False
5fd7b0ae-2619-4038-a52e-26a0576c4819,3,8,2.76,Especificar Servidores,False
5f56f693-5a38-4ca2-96c0-7bba750fc7a6,5,16,7.6,Entrega del Equipo,False
f5ba7581-b2ac-4b3a-830e-64ab112f975a,2,14,7.97,Procesar Transferencia,False
5f56f693-5a38-4ca2-96c0-7bba750fc7a6,0,11,3.12,Subir Borrador,False
e6edcb81-4782-44f0-af6d-1e9e184c77ba,1,13,6.26,Revisión de Seguridad,False
e6edcb81-4782-44f0-af6d-1e9e184c77ba,3,14,4.77,Reunión Bienvenida,False
390714b2-977f-4e5c-bd1e-5f282ff785ef,0,17,6.24,Especificar Servidores,False
5f56f693-5a38-4ca2-96c0-7bba750fc7a6,2,8,2.85,Autorización Gerencia,False
5fd7b0ae-2619-4038-a52e-26a0576c4819,5,14,2.29,Validar Capacitación,False
17775f19-8c66-41b3-bd38-919b0fe10b8f,5,14,1.44,Autorización Gerencia,False
5f56f693-5a38-4ca2-96c0-7bba750fc7a6,0,17,7.16,Instalar Licencia,False
e6edcb81-4782-44f0-af6d-1e9e184c77ba,1,17,1.56,Presentar Requerimiento,False
f036cecc-192b-4e1e-bdc2-c95608f24fe9,6,16,5.66,Consolidación de RRHH,False
390714b2-977f-4e5c-bd1e-5f282ff785ef,5,15,5.49,Verificar Factura,False
31ece703-f961-4e8e-a5c5-cd5c5b47e3db,2,9,6.24,Autoevaluación,False
31ece703-f961-4e8e-a5c5-cd5c5b47e3db,4,14,1.38,Dispersión de Fondos,False
390714b2-977f-4e5c-bd1e-5f282ff785ef,0,13,4.49,Dispersión de Fondos,False
5fd7b0ae-2619-4038-a52e-26a0576c4819,6,13,3.43,Aprobar Presupuesto,False
31ece703-f961-4e8e-a5c5-cd5c5b47e3db,1,10,1.4,Revisión de Seguridad,False
5f56f693-5a38-4ca2-96c0-7bba750fc7a6,1,17,5.46,Feedback de Manager,False
e6edcb81-4782-44f0-af6d-1e9e184c77ba,5,11,5.85,Aprobación de Pago,False
f5ba7581-b2ac-4b3a-830e-64ab112f975a,1,18,3.44,Revisión de Seguridad,False
31ece703-f961-4e8e-a5c5-cd5c5b47e3db,2,15,2.36,Presentar Requerimiento,False
e6edcb81-4782-44f0-af6d-1e9e184c77ba,3,10,0.73,Enviar solicitud de vacaciones,False
31ece703-f961-4e8e-a5c5-cd5c5b47e3db,3,8,1.39,Validar Elegibilidad,False
390714b2-977f-4e5c-bd1e-5f282ff785ef,0,14,2.26,Revisión de Seguridad,False
f5ba7581-b2ac-4b3a-830e-64ab112f975a,3,13,1.77,Especificar Licencia,False
17775f19-8c66-41b3-bd38-919b0fe10b8f,3,14,2.69,Registrar Recibos,False
390714b2-977f-4e5c-bd1e-5f282ff785ef,2,17,1.76,Instalar Licencia,False
31ece703-f961-4e8e-a5c5-cd5c5b47e3db,4,11,5.19,Verificar Stock,False
f036cecc-192b-4e1e-bdc2-c95608f24fe9,4,16,3.61,Autorización Gerencia,False
17775f19-8c66-41b3-bd38-919b0fe10b8f,5,12,6.42,Firma Director,False
5f56f693-5a38-4ca2-96c0-7bba750fc7a6,6,10,2.52,Autorización Gerencia,False
31ece703-f961-4e8e-a5c5-cd5c5b47e3db,5,9,2.42,Inicio del Proceso,False
5f56f693-5a38-4ca2-96c0-7bba750fc7a6,3,18,4.0,Aprobación del manager,False
f5ba7581-b2ac-4b3a-830e-64ab112f975a,4,13,1.16,Registrar Recibos,False
31ece703-f961-4e8e-a5c5-cd5c5b47e3db,4,17,7.93,Verificar Stock,False
390714b2-977f-4e5c-bd1e-5f282ff785ef,5,9,3.86,Reunión Bienvenida,False
f036cecc-192b-4e1e-bdc2-c95608f24fe9,6,10,1.3,Entrega del Equipo,False
f5ba7581-b2ac-4b3a-830e-64ab112f975a,5,12,2.01,Habilitar Permisos,False
31ece703-f961-4e8e-a5c5-cd5c5b47e3db,3,13,7.77,Validar Elegibilidad,False
5f56f693-5a38-4ca2-96c0-7bba750fc7a6,2,14,4.34,Subir Borrador,False
31ece703-f961-4e8e-a5c5-cd5c5b47e3db,6,8,5.54,Especificar Servidores,False
17775f19-8c66-41b3-bd38-919b0fe10b8f,0,12,7.46,Verificar Factura,False
5fd7b0ae-2619-4038-a52e-26a0576c4819,5,14,2.82,Revisión Gerencial,False
5fd7b0ae-2619-4038-a52e-26a0576c4819,5,15,4.06,Preparar Firma,False
f5ba7581-b2ac-4b3a-830e-64ab112f975a,0,14,0.8,Pago de Liquidación,False
390714b2-977f-4e5c-bd1e-5f282ff785ef,3,10,7.41,Validar Elegibilidad,False
f036cecc-192b-4e1e-bdc2-c95608f24fe9,6,9,1.39,Revisión Contable,False
5f56f693-5a38-4ca2-96c0-7bba750fc7a6,4,11,3.75,Habilitar Permisos,False
31ece703-f961-4e8e-a5c5-cd5c5b47e3db,5,17,3.79,Aprobación Presupuesto,False
390714b2-977f-4e5c-bd1e-5f282ff785ef,3,12,7.84,Solicitar Adelanto,False
f5ba7581-b2ac-4b3a-830e-64ab112f975a,4,16,3.5,Presentar Requerimiento,False
31ece703-f961-4e8e-a5c5-cd5c5b47e3db,2,13,2.41,Validación de RRHH,False
f036cecc-192b-4e1e-bdc2-c95608f24fe9,0,9,4.83,Aprobar Presupuesto,False
17775f19-8c66-41b3-bd38-919b0fe10b8f,4,12,1.38,Iniciar Baja,False
f036cecc-192b-4e1e-bdc2-c95608f24fe9,6,9,1.73,Dispersión de Fondos,False
390714b2-977f-4e5c-bd1e-5f282ff785ef,5,14,7.05,Aprobar Presupuesto,False
f036cecc-192b-4e1e-bdc2-c95608f24fe9,4,18,3.86,Aprobación del manager,False
e6edcb81-4782-44f0-af6d-1e9e184c77ba,3,15,4.06,Instalar Licencia,False
5f56f693-5a38-4ca2-96c0-7bba750fc7a6,6,17,1.53,Inicio del Proceso,False
31ece703-f961-4e8e-a5c5-cd5c5b47e3db,6,16,6.55,Especificar Servidores,False
f036cecc-192b-4e1e-bdc2-c95608f24fe9,0,18,7.28,Aprobación Presupuesto,False
5f56f693-5a38-4ca2-96c0-7bba750fc7a6,4,17,0.62,Especificar Licencia,False
390714b2-977f-4e5c-bd1e-5f282ff785ef,1,10,6.34,Iniciar Baja,False
5f56f693-5a38-4ca2-96c0-7bba750fc7a6,1,12,5.49,Especificar Licencia,False
5fd7b0ae-2619-4038-a52e-26a0576c4819,5,14,0.63,Preparar Firma,False
5fd7b0ae-2619-4038-a52e-26a0576c4819,1,10,7.15,Validar Comercial,False
e6edcb81-4782-44f0-af6d-1e9e184c77ba,5,10,2.81,Autorización Gerencia,False
17775f19-8c66-41b3-bd38-919b0fe10b8f,4,14,5.38,Presentar Requerimiento,False
f036cecc-192b-4e1e-bdc2-c95608f24fe9,6,11,5.8,Verificar Stock,False
390714b2-977f-4e5c-bd1e-5f282ff785ef,0,9,3.6,Pago de Liquidación,False
f5ba7581-b2ac-4b3a-830e-64ab112f975a,2,16,6.71,Cerrar Accesos,False
17775f19-8c66-41b3-bd38-919b0fe10b8f,1,9,5.0,Detallar Curso,False
e6edcb81-4782-44f0-af6d-1e9e184c77ba,1,16,7.06,Firma Director,False
17775f19-8c66-41b3-bd38-919b0fe10b8f,3,14,6.16,Aprobación del manager,False
e6edcb81-4782-44f0-af6d-1e9e184c77ba,0,14,7.16,Subir Borrador,False
31ece703-f961-4e8e-a5c5-cd5c5b47e3db,1,9,2.75,Verificar Factura,False
17775f19-8c66-41b3-bd38-919b0fe10b8f,5,14,3.31,Revisión Gerencial,False
5fd7b0ae-2619-4038-a52e-26a0576c4819,6,14,7.53,Aprobación Costos,False
17775f19-8c66-41b3-bd38-919b0fe10b8f,1,15,7.58,Revisión Gerencial,False
31ece703-f961-4e8e-a5c5-cd5c5b47e3db,0,8,6.69,Validar Comercial,False
5fd7b0ae-2619-4038-a52e-26a0576c4819,1,13,1.28,Autorización Gerencia,False
5f56f693-5a38-4ca2-96c0-7bba750fc7a6,3,10,7.79,Instalar Licencia,False
390714b2-977f-4e5c-bd1e-5f282ff785ef,1,15,5.22,Consolidar Gastos,False
17775f19-8c66-41b3-bd38-919b0fe10b8f,2,15,3.41,Revisión Gerencial,False
f036cecc-192b-4e1e-bdc2-c95608f24fe9,2,13,1.38,Especificar Licencia,False
f036cecc-192b-4e1e-bdc2-c95608f24fe9,2,9,3.14,Dispersión de Fondos,False
f036cecc-192b-4e1e-bdc2-c95608f24fe9,5,11,7.14,Solicitar Adelanto,False
31ece703-f961-4e8e-a5c5-cd5c5b47e3db,0,13,4.17,Consolidar Gastos,False
5f56f693-5a38-4ca2-96c0-7bba750fc7a6,2,14,3.36,Aprobación de Pago,False
5fd7b0ae-2619-4038-a52e-26a0576c4819,6,18,2.76,Registrar Recibos,False
f036cecc-192b-4e1e-bdc2-c95608f24fe9,1,11,1.95,Validación de RRHH,False
5fd7b0ae-2619-4038-a52e-26a0576c4819,0,11,1.44,Aprobar Presupuesto,False
f036cecc-192b-4e1e-bdc2-c95608f24fe9,5,11,5.67,Revisión Contable,False
5fd7b0ae-2619-4038-a52e-26a0576c4819,0,10,4.59,Subir Borrador,False
390714b2-977f-4e5c-bd1e-5f282ff785ef,6,15,1.6,Enviar solicitud de vacaciones,False
31ece703-f961-4e8e-a5c5-cd5c5b47e3db,2,11,5.41,Subir Borrador,False
390714b2-977f-4e5c-bd1e-5f282ff785ef,2,18,1.21,Inicio de la solicitud,False
31ece703-f961-4e8e-a5c5-cd5c5b47e3db,6,12,1.73,Autorización Gerencia,False
31ece703-f961-4e8e-a5c5-cd5c5b47e3db,4,18,7.74,Verificar Factura,False
17775f19-8c66-41b3-bd38-919b0fe10b8f,4,17,0.69,Pago de Liquidación,False
17775f19-8c66-41b3-bd38-919b0fe10b8f,2,15,3.76,Pago de Liquidación,False
390714b2-977f-4e5c-bd1e-5f282ff785ef,6,12,3.53,Habilitar Permisos,False
e6edcb81-4782-44f0-af6d-1e9e184c77ba,4,8,7.06,Aprobación de Pago,False
f5ba7581-b2ac-4b3a-830e-64ab112f975a,5,14,2.31,Evaluación Técnica,False
e6edcb81-4782-44f0-af6d-1e9e184c77ba,5,14,2.85,Detallar Curso,False
f036cecc-192b-4e1e-bdc2-c95608f24fe9,4,17,7.45,Subir Borrador,False
f036cecc-192b-4e1e-bdc2-c95608f24fe9,5,17,2.01,Procesar Transferencia,False
17775f19-8c66-41b3-bd38-919b0fe10b8f,1,9,1.84,Registrar Recibos,False
390714b2-977f-4e5c-bd1e-5f282ff785ef,3,13,5.25,Aprobación Costos,False
390714b2-977f-4e5c-bd1e-5f282ff785ef,4,9,3.17,Consolidación de RRHH,False
17775f19-8c66-41b3-bd38-919b0fe10b8f,5,17,6.32,Especificar Servidores,False
390714b2-977f-4e5c-bd1e-5f282ff785ef,6,11,3.24,Revisión Contable,False
5f56f693-5a38-4ca2-96c0-7bba750fc7a6,4,14,4.44,Iniciar Baja,False
f5ba7581-b2ac-4b3a-830e-64ab112f975a,5,10,4.69,Revisión Gerencial,False
5fd7b0ae-2619-4038-a52e-26a0576c4819,0,14,6.74,Feedback de Manager,False
e6edcb81-4782-44f0-af6d-1e9e184c77ba,1,17,1.21,Pago de Liquidación,False
f036cecc-192b-4e1e-bdc2-c95608f24fe9,4,9,4.17,Setup Tecnológico,False
31ece703-f961-4e8e-a5c5-cd5c5b47e3db,5,10,5.45,Validar Capacitación,False
390714b2-977f-4e5c-bd1e-5f282ff785ef,5,16,5.53,Entrega del Equipo,False
5f56f693-5a38-4ca2-96c0-7bba750fc7a6,3,17,7.55,Registrar Recibos,False
31ece703-f961-4e8e-a5c5-cd5c5b47e3db,2,9,3.83,Aprobación del manager,False
5fd7b0ae-2619-4038-a52e-26a0576c4819,6,12,1.15,Cerrar Accesos,False
31ece703-f961-4e8e-a5c5-cd5c5b47e3db,5,14,1.65,Entrega del Equipo,False
5fd7b0ae-2619-4038-a52e-26a0576c4819,2,18,3.2,Verificar Factura,False
e6edcb81-4782-44f0-af6d-1e9e184c77ba,3,11,3.56,Subir Borrador,False
390714b2-977f-4e5c-bd1e-5f282ff785ef,4,8,5.76,Feedback de Manager,False
31ece703-f961-4e8e-a5c5-cd5c5b47e3db,2,12,7.08,Autoevaluación,False
5f56f693-5a38-4ca2-96c0-7bba750fc7a6,6,12,4.3,Habilitar Permisos,False
5f56f693-5a38-4ca2-96c0-7bba750fc7a6,5,17,5.71,Habilitar Permisos,False
f036cecc-192b-4e1e-bdc2-c95608f24fe9,2,8,2.92,Entrega del Equipo,False
17775f19-8c66-41b3-bd38-919b0fe10b8f,2,15,2.69,Consolidación de RRHH,False
5fd7b0ae-2619-4038-a52e-26a0576c4819,6,17,4.78,Revisión de Seguridad,False
17775f19-8c66-41b3-bd38-919b0fe10b8f,5,13,1.18,Especificar Servidores,False
5fd7b0ae-2619-4038-a52e-26a0576c4819,2,9,3.56,Habilitar Permisos,False
17775f19-8c66-41b3-bd38-919b0fe10b8f,1,12,4.78,Consolidación de RRHH,False
31ece703-f961-4e8e-a5c5-cd5c5b47e3db,3,10,6.57,Entrega del Equipo,False
17775f19-8c66-41b3-bd38-919b0fe10b8f,1,9,7.31,Cerrar Accesos,False
390714b2-977f-4e5c-bd1e-5f282ff785ef,1,18,7.98,Evaluación Técnica,False
390714b2-977f-4e5c-bd1e-5f282ff785ef,3,18,4.78,Preparar Firma,False
f5ba7581-b2ac-4b3a-830e-64ab112f975a,4,14,7.44,Inicio de la solicitud,False
17775f19-8c66-41b3-bd38-919b0fe10b8f,2,10,1.73,Entrega del Equipo,False
17775f19-8c66-41b3-bd38-919b0fe10b8f,0,11,1.86,Verificar Stock,False
e6edcb81-4782-44f0-af6d-1e9e184c77ba,0,12,7.56,Pago de Liquidación,False
390714b2-977f-4e5c-bd1e-5f282ff785ef,4,16,3.36,Consolidación de RRHH,False
5f56f693-5a38-4ca2-96c0-7bba750fc7a6,3,15,3.04,Inicio de la solicitud,False
17775f19-8c66-41b3-bd38-919b0fe10b8f,3,9,3.19,Validar Capacitación,False
e6edcb81-4782-44f0-af6d-1e9e184c77ba,4,17,6.82,Feedback de Manager,False
5f56f693-5a38-4ca2-96c0-7bba750fc7a6,2,15,4.68,Validar Elegibilidad,False
390714b2-977f-4e5c-bd1e-5f282ff785ef,3,13,4.12,Firma Director,False
17775f19-8c66-41b3-bd38-919b0fe10b8f,2,10,1.32,Enviar solicitud de vacaciones,False
f036cecc-192b-4e1e-bdc2-c95608f24fe9,0,16,3.18,Reunión Bienvenida,False
31ece703-f961-4e8e-a5c5-cd5c5b47e3db,4,13,1.09,Validar Comercial,False
5fd7b0ae-2619-4038-a52e-26a0576c4819,2,8,1.75,Registrar Recibos,False
e6edcb81-4782-44f0-af6d-1e9e184c77ba,3,14,7.96,Feedback de Manager,False
17775f19-8c66-41b3-bd38-919b0fe10b8f,0,10,7.37,Dispersión de Fondos,False
5fd7b0ae-2619-4038-a52e-26a0576c4819,2,18,0.77,Setup Tecnológico,False
f5ba7581-b2ac-4b3a-830e-64ab112f975a,2,10,0.55,Validar Capacitación,False
17775f19-8c66-41b3-bd38-919b0fe10b8f,4,13,2.8,Presentar Requerimiento,False
31ece703-f961-4e8e-a5c5-cd5c5b47e3db,4,13,4.45,Aprobación Presupuesto,False
390714b2-977f-4e5c-bd1e-5f282ff785ef,5,8,7.86,Aprobación Presupuesto,False
5fd7b0ae-2619-4038-a52e-26a0576c4819,5,10,4.17,Aprobar Presupuesto,False
17775f19-8c66-41b3-bd38-919b0fe10b8f,5,8,7.06,Preparar Firma,False
5fd7b0ae-2619-4038-a52e-26a0576c4819,0,8,1.92,Detallar Curso,False
f036cecc-192b-4e1e-bdc2-c95608f24fe9,2,10,3.58,Habilitar Permisos,False
5fd7b0ae-2619-4038-a52e-26a0576c4819,5,15,4.34,Registrar Recibos,False
5f56f693-5a38-4ca2-96c0-7bba750fc7a6,3,17,1.36,Validación de RRHH,False
5fd7b0ae-2619-4038-a52e-26a0576c4819,6,13,3.23,Validar Elegibilidad,False
390714b2-977f-4e5c-bd1e-5f282ff785ef,4,18,3.53,Especificar Servidores,False
e6edcb81-4782-44f0-af6d-1e9e184c77ba,1,16,1.38,Consolidar Gastos,False
e6edcb81-4782-44f0-af6d-1e9e184c77ba,0,13,6.54,Setup Tecnológico,False
31ece703-f961-4e8e-a5c5-cd5c5b47e3db,0,18,0.56,Aprobación de Pago,False
390714b2-977f-4e5c-bd1e-5f282ff785ef,1,12,7.14,Aprobación Costos,False
17775f19-8c66-41b3-bd38-919b0fe10b8f,1,13,3.88,Verificar Factura,False
f5ba7581-b2ac-4b3a-830e-64ab112f975a,5,12,7.36,Dispersión de Fondos,False
f036cecc-192b-4e1e-bdc2-c95608f24fe9,5,12,5.61,Revisión de Seguridad,False
f036cecc-192b-4e1e-bdc2-c95608f24fe9,4,10,2.72,Consolidación de RRHH,False
e6edcb81-4782-44f0-af6d-1e9e184c77ba,3,14,5.12,Inicio del Proceso,False
17775f19-8c66-41b3-bd38-919b0fe10b8f,0,15,3.48,Inicio del Proceso,False
31ece703-f961-4e8e-a5c5-cd5c5b47e3db,1,14,2.15,Preparar Firma,False
5f56f693-5a38-4ca2-96c0-7bba750fc7a6,5,16,7.9,Setup Tecnológico,False
31ece703-f961-4e8e-a5c5-cd5c5b47e3db,5,9,2.35,Subir Borrador,False
390714b2-977f-4e5c-bd1e-5f282ff785ef,5,13,0.8,Instalar Licencia,False
e6edcb81-4782-44f0-af6d-1e9e184c77ba,1,9,7.15,Verificar Factura,False
390714b2-977f-4e5c-bd1e-5f282ff785ef,6,16,5.04,Revisión Gerencial,False
5fd7b0ae-2619-4038-a52e-26a0576c4819,3,17,4.97,Verificar Stock,False
390714b2-977f-4e5c-bd1e-5f282ff785ef,6,13,7.28,Procesar Transferencia,False
390714b2-977f-4e5c-bd1e-5f282ff785ef,6,10,7.0,Especificar Servidores,False
17775f19-8c66-41b3-bd38-919b0fe10b8f,4,12,5.62,Aprobar Presupuesto,False
e6edcb81-4782-44f0-af6d-1e9e184c77ba,4,14,2.7,Aprobación Costos,False
31ece703-f961-4e8e-a5c5-cd5c5b47e3db,2,16,1.45,Aprobación del manager,False
31ece703-f961-4e8e-a5c5-cd5c5b47e3db,2,8,4.03,Verificar Stock,False
5fd7b0ae-2619-4038-a52e-26a0576c4819,3,8,4.8,Verificar Factura,False
5f56f693-5a38-4ca2-96c0-7bba750fc7a6,6,18,6.32,Registrar Recibos,False
e6edcb81-4782-44f0-af6d-1e9e184c77ba,4,10,3.3,Verificar Factura,False
17775f19-8c66-41b3-bd38-919b0fe10b8f,4,11,1.52,Reunión Bienvenida,False
390714b2-977f-4e5c-bd1e-5f282ff785ef,4,11,0.92,Aprobación Presupuesto,False
5f56f693-5a38-4ca2-96c0-7bba750fc7a6,5,13,4.32,Aprobación del manager,False
5f56f693-5a38-4ca2-96c0-7bba750fc7a6,5,17,2.57,Autoevaluación,False
5f56f693-5a38-4ca2-96c0-7bba750fc7a6,3,10,5.13,Detallar Curso,False
5fd7b0ae-2619-4038-a52e-26a0576c4819,3,11,5.53,Evaluación Técnica,False
5fd7b0ae-2619-4038-a52e-26a0576c4819,5,16,6.9,Autorización Gerencia,False
f5ba7581-b2ac-4b3a-830e-64ab112f975a,5,10,7.21,Solicitar Adelanto,False
17775f19-8c66-41b3-bd38-919b0fe10b8f,4,10,4.54,Revisión de Seguridad,False
e6edcb81-4782-44f0-af6d-1e9e184c77ba,5,18,1.57,Setup Tecnológico,False
5fd7b0ae-2619-4038-a52e-26a0576c4819,0,10,1.97,Pago de Liquidación,False
31ece703-f961-4e8e-a5c5-cd5c5b47e3db,3,16,4.34,Aprobación del manager,False
5f56f693-5a38-4ca2-96c0-7bba750fc7a6,4,10,3.43,Habilitar Permisos,False
31ece703-f961-4e8e-a5c5-cd5c5b47e3db,2,10,3.31,Inicio del Proceso,False
5fd7b0ae-2619-4038-a52e-26a0576c4819,0,9,1.03,Aprobar Presupuesto,False
5fd7b0ae-2619-4038-a52e-26a0576c4819,6,10,7.34,Inicio de la solicitud,False
17775f19-8c66-41b3-bd38-919b0fe10b8f,5,16,0.75,Dispersión de Fondos,False
f036cecc-192b-4e1e-bdc2-c95608f24fe9,6,13,0.68,Evaluación Técnica,False
31ece703-f961-4e8e-a5c5-cd5c5b47e3db,5,11,1.1,Preparar Firma,False
390714b2-977f-4e5c-bd1e-5f282ff785ef,5,16,5.73,Enviar solicitud de vacaciones,False
f036cecc-192b-4e1e-bdc2-c95608f24fe9,1,18,6.9,Aprobar Presupuesto,False
5fd7b0ae-2619-4038-a52e-26a0576c4819,5,14,1.38,Evaluación Técnica,False
5f56f693-5a38-4ca2-96c0-7bba750fc7a6,3,17,5.23,Pago de Liquidación,False
31ece703-f961-4e8e-a5c5-cd5c5b47e3db,2,11,7.18,Revisión de Seguridad,False
17775f19-8c66-41b3-bd38-919b0fe10b8f,0,14,1.24,Especificar Servidores,False
390714b2-977f-4e5c-bd1e-5f282ff785ef,3,8,6.6,Cerrar Accesos,False
17775f19-8c66-41b3-bd38-919b0fe10b8f,2,14,0.89,Aprobación Presupuesto,False
f5ba7581-b2ac-4b3a-830e-64ab112f975a,3,11,1.79,Revisión Contable,False
f5ba7581-b2ac-4b3a-830e-64ab112f975a,2,9,6.29,Firma Director,False
f036cecc-192b-4e1e-bdc2-c95608f24fe9,5,9,7.62,Enviar solicitud de vacaciones,False
17775f19-8c66-41b3-bd38-919b0fe10b8f,2,15,1.75,Iniciar Baja,False
f5ba7581-b2ac-4b3a-830e-64ab112f975a,2,17,6.24,Especificar Servidores,False
5f56f693-5a38-4ca2-96c0-7bba750fc7a6,3,9,2.1,Cerrar Accesos,False
31ece703-f961-4e8e-a5c5-cd5c5b47e3db,4,10,6.95,Aprobar Presupuesto,False
e6edcb81-4782-44f0-af6d-1e9e184c77ba,3,10,4.82,Solicitar Adelanto,False
f5ba7581-b2ac-4b3a-830e-64ab112f975a,4,9,7.18,Instalar Licencia,False
390714b2-977f-4e5c-bd1e-5f282ff785ef,1,15,4.99,Aprobación Costos,False
f036cecc-192b-4e1e-bdc2-c95608f24fe9,5,8,3.04,Presentar Requerimiento,False
f036cecc-192b-4e1e-bdc2-c95608f24fe9,6,16,1.18,Preparar Firma,False
f036cecc-192b-4e1e-bdc2-c95608f24fe9,1,8,2.84,Subir Borrador,False
f036cecc-192b-4e1e-bdc2-c95608f24fe9,0,17,1.92,Aprobación de Pago,False
5f56f693-5a38-4ca2-96c0-7bba750fc7a6,6,8,3.38,Especificar Licencia,False
f5ba7581-b2ac-4b3a-830e-64ab112f975a,1,14,6.57,Feedback de Manager,False
390714b2-977f-4e5c-bd1e-5f282ff785ef,3,18,6.55,Aprobación Presupuesto,False
e6edcb81-4782-44f0-af6d-1e9e184c77ba,5,10,0.75,Aprobación de Pago,False
17775f19-8c66-41b3-bd38-919b0fe10b8f,1,8,4.36,Reunión Bienvenida,False
17775f19-8c66-41b3-bd38-919b0fe10b8f,3,18,7.01,Habilitar Permisos,False
f5ba7581-b2ac-4b3a-830e-64ab112f975a,0,18,1.58,Autoevaluación,False
5fd7b0ae-2619-4038-a52e-26a0576c4819,4,14,7.46,Verificar Factura,False
17775f19-8c66-41b3-bd38-919b0fe10b8f,3,9,3.62,Registrar Recibos,False
f036cecc-192b-4e1e-bdc2-c95608f24fe9,1,13,1.41,Cerrar Accesos,False
5fd7b0ae-2619-4038-a52e-26a0576c4819,3,13,2.32,Revisión Contable,False
f5ba7581-b2ac-4b3a-830e-64ab112f975a,3,18,2.48,Evaluación Técnica,False
5fd7b0ae-2619-4038-a52e-26a0576c4819,6,18,3.18,Setup Tecnológico,False
5fd7b0ae-2619-4038-a52e-26a0576c4819,0,17,6.38,Subir Borrador,False
17775f19-8c66-41b3-bd38-919b0fe10b8f,2,9,2.0,Cerrar Accesos,False
5fd7b0ae-2619-4038-a52e-26a0576c4819,1,11,2.24,Aprobación Presupuesto,False
5fd7b0ae-2619-4038-a52e-26a0576c4819,1,13,1.68,Firma Director,False
31ece703-f961-4e8e-a5c5-cd5c5b47e3db,3,12,7.15,Validar Capacitación,False
e6edcb81-4782-44f0-af6d-1e9e184c77ba,4,16,0.65,Solicitar Adelanto,False
17775f19-8c66-41b3-bd38-919b0fe10b8f,2,13,3.52,Preparar Firma,False
f036cecc-192b-4e1e-bdc2-c95608f24fe9,3,8,2.94,Consolidación de RRHH,False
5fd7b0ae-2619-4038-a52e-26a0576c4819,5,15,5.6,Inicio del Proceso,False
f036cecc-192b-4e1e-bdc2-c95608f24fe9,1,13,7.96,Subir Borrador,False
31ece703-f961-4e8e-a5c5-cd5c5b47e3db,2,12,3.55,Instalar Licencia,False
390714b2-977f-4e5c-bd1e-5f282ff785ef,2,15,7.8,Subir Borrador,False
17775f19-8c66-41b3-bd38-919b0fe10b8f,1,13,5.0,Aprobar Presupuesto,False
f036cecc-192b-4e1e-bdc2-c95608f24fe9,3,8,0.96,Dispersión de Fondos,False
5f56f693-5a38-4ca2-96c0-7bba750fc7a6,2,13,4.4,Firma Director,False
5fd7b0ae-2619-4038-a52e-26a0576c4819,0,18,0.91,Validar Capacitación,False
e6edcb81-4782-44f0-af6d-1e9e184c77ba,0,17,7.96,Aprobación Presupuesto,False
17775f19-8c66-41b3-bd38-919b0fe10b8f,3,14,5.84,Subir Borrador,False
f5ba7581-b2ac-4b3a-830e-64ab112f975a,4,13,7.23,Validación de RRHH,False
5fd7b0ae-2619-4038-a52e-26a0576c4819,5,10,6.8,Solicitar Adelanto,False
f5ba7581-b2ac-4b3a-830e-64ab112f975a,1,9,7.96,Revisión Contable,False
f5ba7581-b2ac-4b3a-830e-64ab112f975a,6,12,7.25,Instalar Licencia,False
f5ba7581-b2ac-4b3a-830e-64ab112f975a,3,8,4.53,Inicio de la solicitud,False
5f56f693-5a38-4ca2-96c0-7bba750fc7a6,6,10,6.52,Reunión Bienvenida,False
5fd7b0ae-2619-4038-a52e-26a0576c4819,3,11,0.67,Cerrar Accesos,False
390714b2-977f-4e5c-bd1e-5f282ff785ef,0,18,7.77,Feedback de Manager,False
5fd7b0ae-2619-4038-a52e-26a0576c4819,0,17,6.71,Setup Tecnológico,False
17775f19-8c66-41b3-bd38-919b0fe10b8f,5,16,2.59,Dispersión de Fondos,False
31ece703-f961-4e8e-a5c5-cd5c5b47e3db,6,12,5.6,Validación de RRHH,False
17775f19-8c66-41b3-bd38-919b0fe10b8f,2,18,1.69,Inicio del Proceso,False
17775f19-8c66-41b3-bd38-919b0fe10b8f,4,15,5.7,Validar Elegibilidad,False
e6edcb81-4782-44f0-af6d-1e9e184c77ba,4,16,4.3,Validar Capacitación,False
17775f19-8c66-41b3-bd38-919b0fe10b8f,1,15,5.1,Validación de RRHH,False
f036cecc-192b-4e1e-bdc2-c95608f24fe9,4,18,4.96,Cerrar Accesos,False
31ece703-f961-4e8e-a5c5-cd5c5b47e3db,0,16,2.29,Inicio del Proceso,False
17775f19-8c66-41b3-bd38-919b0fe10b8f,3,9,7.94,Cerrar Accesos,False
390714b2-977f-4e5c-bd1e-5f282ff785ef,2,16,1.38,Feedback de Manager,False
5fd7b0ae-2619-4038-a52e-26a0576c4819,6,12,2.04,Aprobar Presupuesto,False
5f56f693-5a38-4ca2-96c0-7bba750fc7a6,2,9,7.05,Autoevaluación,False
31ece703-f961-4e8e-a5c5-cd5c5b47e3db,0,15,1.28,Consolidación de RRHH,False
f5ba7581-b2ac-4b3a-830e-64ab112f975a,6,12,7.17,Aprobación Costos,False
5f56f693-5a38-4ca2-96c0-7bba750fc7a6,6,9,1.25,Evaluación Técnica,False
f5ba7581-b2ac-4b3a-830e-64ab112f975a,0,17,5.3,Aprobar Presupuesto,False
e6edcb81-4782-44f0-af6d-1e9e184c77ba,5,16,0.72,Subir Borrador,False
5f56f693-5a38-4ca2-96c0-7bba750fc7a6,0,9,0.83,Dispersión de Fondos,False
5f56f693-5a38-4ca2-96c0-7bba750fc7a6,5,18,7.74,Firma Director,False
f036cecc-192b-4e1e-bdc2-c95608f24fe9,5,18,4.56,Revisión Gerencial,False
5fd7b0ae-2619-4038-a52e-26a0576c4819,1,8,2.82,Autorización Gerencia,False
5f56f693-5a38-4ca2-96c0-7bba750fc7a6,6,14,3.96,Detallar Curso,False
e6edcb81-4782-44f0-af6d-1e9e184c77ba,2,11,4.31,Cerrar Accesos,False
31ece703-f961-4e8e-a5c5-cd5c5b47e3db,6,14,3.82,Instalar Licencia,False
f5ba7581-b2ac-4b3a-830e-64ab112f975a,4,9,4.54,Solicitar Adelanto,False
17775f19-8c66-41b3-bd38-919b0fe10b8f,3,17,7.75,Inicio del Proceso,False
17775f19-8c66-41b3-bd38-919b0fe10b8f,6,16,7.85,Verificar Factura,False
5f56f693-5a38-4ca2-96c0-7bba750fc7a6,4,11,4.1,Subir Borrador,False
390714b2-977f-4e5c-bd1e-5f282ff785ef,5,15,5.14,Detallar Curso,False
e6edcb81-4782-44f0-af6d-1e9e184c77ba,6,12,5.65,Especificar Licencia,False
f036cecc-192b-4e1e-bdc2-c95608f24fe9,0,17,7.84,Revisión Contable,False
31ece703-f961-4e8e-a5c5-cd5c5b47e3db,6,15,6.13,Aprobar Presupuesto,False
31ece703-f961-4e8e-a5c5-cd5c5b47e3db,3,18,7.94,Iniciar Baja,False
5fd7b0ae-2619-4038-a52e-26a0576c4819,0,9,1.34,Feedback de Manager,False
31ece703-f961-4e8e-a5c5-cd5c5b47e3db,6,18,4.82,Dispersión de Fondos,False
f036cecc-192b-4e1e-bdc2-c95608f24fe9,3,8,7.51,Reunión Bienvenida,False
390714b2-977f-4e5c-bd1e-5f282ff785ef,1,11,3.65,Revisión Gerencial,False
f036cecc-192b-4e1e-bdc2-c95608f24fe9,1,17,7.44,Subir Borrador,False
e6edcb81-4782-44f0-af6d-1e9e184c77ba,6,16,6.38,Verificar Factura,False
31ece703-f961-4e8e-a5c5-cd5c5b47e3db,6,15,7.41,Preparar Firma,False
f036cecc-192b-4e1e-bdc2-c95608f24fe9,1,15,1.0,Enviar solicitud de vacaciones,False
17775f19-8c66-41b3-bd38-919b0fe10b8f,3,10,5.66,Solicitar Adelanto,False
e6edcb81-4782-44f0-af6d-1e9e184c77ba,4,9,3.47,Evaluación Técnica,False
390714b2-977f-4e5c-bd1e-5f282ff785ef,2,18,5.73,Pago de Liquidación,False
5f56f693-5a38-4ca2-96c0-7bba750fc7a6,5,13,7.18,Habilitar Permisos,False
31ece703-f961-4e8e-a5c5-cd5c5b47e3db,4,18,5.49,Evaluación Técnica,False
5f56f693-5a38-4ca2-96c0-7bba750fc7a6,2,16,2.22,Setup Tecnológico,False
f5ba7581-b2ac-4b3a-830e-64ab112f975a,6,13,3.05,Evaluación Técnica,False
5fd7b0ae-2619-4038-a52e-26a0576c4819,3,12,4.95,Autoevaluación,False
f036cecc-192b-4e1e-bdc2-c95608f24fe9,2,15,0.77,Aprobación de Pago,False
5fd7b0ae-2619-4038-a52e-26a0576c4819,2,15,4.39,Pago de Liquidación,False
17775f19-8c66-41b3-bd38-919b0fe10b8f,6,18,0.78,Autoevaluación,False
5f56f693-5a38-4ca2-96c0-7bba750fc7a6,1,15,5.82,Autorización Gerencia,False
f5ba7581-b2ac-4b3a-830e-64ab112f975a,1,16,2.34,Verificar Stock,False
17775f19-8c66-41b3-bd38-919b0fe10b8f,2,18,6.01,Entrega del Equipo,False
390714b2-977f-4e5c-bd1e-5f282ff785ef,4,10,3.9,Detallar Curso,False
17775f19-8c66-41b3-bd38-919b0fe10b8f,5,13,1.33,Pago de Liquidación,False
f5ba7581-b2ac-4b3a-830e-64ab112f975a,6,16,6.77,Aprobar Presupuesto,False
5fd7b0ae-2619-4038-a52e-26a0576c4819,6,16,6.44,Aprobar Presupuesto,False
390714b2-977f-4e5c-bd1e-5f282ff785ef,1,15,4.32,Presentar Requerimiento,False
17775f19-8c66-41b3-bd38-919b0fe10b8f,2,14,3.48,Aprobación Presupuesto,False
f036cecc-192b-4e1e-bdc2-c95608f24fe9,2,11,0.65,Iniciar Baja,False
390714b2-977f-4e5c-bd1e-5f282ff785ef,5,14,7.87,Revisión de Seguridad,False
5f56f693-5a38-4ca2-96c0-7bba750fc7a6,2,18,0.71,Especificar Licencia,False
17775f19-8c66-41b3-bd38-919b0fe10b8f,1,11,4.15,Revisión Contable,False
e6edcb81-4782-44f0-af6d-1e9e184c77ba,1,9,1.9,Entrega del Equipo,False
5fd7b0ae-2619-4038-a52e-26a0576c4819,5,10,7.63,Evaluación Técnica,False
5f56f693-5a38-4ca2-96c0-7bba750fc7a6,4,15,7.97,Consolidar Gastos,False
f5ba7581-b2ac-4b3a-830e-64ab112f975a,2,14,3.75,Validar Comercial,False
e6edcb81-4782-44f0-af6d-1e9e184c77ba,0,12,6.0,Subir Borrador,False
f5ba7581-b2ac-4b3a-830e-64ab112f975a,1,12,3.42,Especificar Servidores,False
f5ba7581-b2ac-4b3a-830e-64ab112f975a,4,16,1.91,Revisión Gerencial,False
17775f19-8c66-41b3-bd38-919b0fe10b8f,1,9,7.2,Validar Capacitación,False
5fd7b0ae-2619-4038-a52e-26a0576c4819,4,16,6.84,Especificar Licencia,False
f5ba7581-b2ac-4b3a-830e-64ab112f975a,1,18,4.94,Firma Director,False
31ece703-f961-4e8e-a5c5-cd5c5b47e3db,5,14,6.19,Solicitar Adelanto,False
5f56f693-5a38-4ca2-96c0-7bba750fc7a6,6,18,5.55,Consolidar Gastos,False
f036cecc-192b-4e1e-bdc2-c95608f24fe9,1,14,1.42,Aprobación Costos,False
17775f19-8c66-41b3-bd38-919b0fe10b8f,6,15,1.05,Firma Director,False
5f56f693-5a38-4ca2-96c0-7bba750fc7a6,3,10,5.21,Verificar Factura,False
17775f19-8c66-41b3-bd38-919b0fe10b8f,4,15,4.66,Aprobar Presupuesto,False
17775f19-8c66-41b3-bd38-919b0fe10b8f,1,16,7.56,Aprobación Costos,False
f036cecc-192b-4e1e-bdc2-c95608f24fe9,0,10,1.2,Revisión Contable,False
390714b2-977f-4e5c-bd1e-5f282ff785ef,6,14,5.6,Detallar Curso,False
390714b2-977f-4e5c-bd1e-5f282ff785ef,5,9,7.94,Especificar Servidores,False
f5ba7581-b2ac-4b3a-830e-64ab112f975a,5,14,5.16,Cerrar Accesos,False
f5ba7581-b2ac-4b3a-830e-64ab112f975a,2,18,4.9,Verificar Stock,False
e6edcb81-4782-44f0-af6d-1e9e184c77ba,1,8,3.15,Pago de Liquidación,False
5f56f693-5a38-4ca2-96c0-7bba750fc7a6,6,12,6.71,Registrar Recibos,False
5f56f693-5a38-4ca2-96c0-7bba750fc7a6,2,9,3.29,Validar Comercial,False
f036cecc-192b-4e1e-bdc2-c95608f24fe9,2,9,1.87,Evaluación Técnica,False
e6edcb81-4782-44f0-af6d-1e9e184c77ba,1,17,6.21,Especificar Licencia,False
390714b2-977f-4e5c-bd1e-5f282ff785ef,1,16,1.2,Iniciar Baja,False
5f56f693-5a38-4ca2-96c0-7bba750fc7a6,6,11,2.0,Dispersión de Fondos,False
f5ba7581-b2ac-4b3a-830e-64ab112f975a,5,9,3.58,Subir Borrador,False
5f56f693-5a38-4ca2-96c0-7bba750fc7a6,0,8,3.04,Preparar Firma,False
f036cecc-192b-4e1e-bdc2-c95608f24fe9,5,13,7.45,Habilitar Permisos,False
390714b2-977f-4e5c-bd1e-5f282ff785ef,3,17,3.24,Subir Borrador,False
f036cecc-192b-4e1e-bdc2-c95608f24fe9,4,8,4.31,Inicio de la solicitud,False
5f56f693-5a38-4ca2-96c0-7bba750fc7a6,6,18,3.17,Autoevaluación,False
f5ba7581-b2ac-4b3a-830e-64ab112f975a,2,15,4.7,Verificar Stock,False
e6edcb81-4782-44f0-af6d-1e9e184c77ba,5,8,5.99,Autorización Gerencia,False
5f56f693-5a38-4ca2-96c0-7bba750fc7a6,1,16,1.85,Habilitar Permisos,False
e6edcb81-4782-44f0-af6d-1e9e184c77ba,5,10,2.09,Iniciar Baja,False
17775f19-8c66-41b3-bd38-919b0fe10b8f,0,16,3.22,Reunión Bienvenida,False
5fd7b0ae-2619-4038-a52e-26a0576c4819,6,17,2.86,Validación de RRHH,False
f5ba7581-b2ac-4b3a-830e-64ab112f975a,3,9,1.68,Aprobación de Pago,False
5f56f693-5a38-4ca2-96c0-7bba750fc7a6,6,18,6.11,Dispersión de Fondos,False
5f56f693-5a38-4ca2-96c0-7bba750fc7a6,0,12,7.49,Entrega del Equipo,False
e6edcb81-4782-44f0-af6d-1e9e184c77ba,1,10,2.07,Revisión de Seguridad,False
5f56f693-5a38-4ca2-96c0-7bba750fc7a6,3,18,2.32,Subir Borrador,False
f5ba7581-b2ac-4b3a-830e-64ab112f975a,4,18,5.67,Dispersión de Fondos,False
f036cecc-192b-4e1e-bdc2-c95608f24fe9,0,11,2.72,Setup Tecnológico,False
17775f19-8c66-41b3-bd38-919b0fe10b8f,1,14,4.84,Especificar Licencia,False
17775f19-8c66-41b3-bd38-919b0fe10b8f,5,18,1.46,Detallar Curso,False
5fd7b0ae-2619-4038-a52e-26a0576c4819,5,16,5.87,Aprobación del manager,False
17775f19-8c66-41b3-bd38-919b0fe10b8f,1,18,1.22,Presentar Requerimiento,False
e6edcb81-4782-44f0-af6d-1e9e184c77ba,0,14,6.0,Setup Tecnológico,False
e6edcb81-4782-44f0-af6d-1e9e184c77ba,2,10,0.84,Verificar Factura,False
390714b2-977f-4e5c-bd1e-5f282ff785ef,5,14,7.64,Consolidar Gastos,False
17775f19-8c66-41b3-bd38-919b0fe10b8f,5,14,4.1,Verificar Factura,False
f036cecc-192b-4e1e-bdc2-c95608f24fe9,6,16,1.05,Instalar Licencia,False
e6edcb81-4782-44f0-af6d-1e9e184c77ba,2,18,1.26,Aprobación del manager,False
5f56f693-5a38-4ca2-96c0-7bba750fc7a6,1,18,3.56,Verificar Stock,False
e6edcb81-4782-44f0-af6d-1e9e184c77ba,0,16,0.94,Validación de RRHH,False
390714b2-977f-4e5c-bd1e-5f282ff785ef,1,10,3.79,Especificar Servidores,False
f036cecc-192b-4e1e-bdc2-c95608f24fe9,1,13,7.18,Validación de RRHH,False
5fd7b0ae-2619-4038-a52e-26a0576c4819,1,8,4.53,Subir Borrador,False
390714b2-977f-4e5c-bd1e-5f282ff785ef,2,15,7.48,Especificar Servidores,False
f5ba7581-b2ac-4b3a-830e-64ab112f975a,3,17,0.89,Presentar Requerimiento,False
5fd7b0ae-2619-4038-a52e-26a0576c4819,3,10,2.75,Iniciar Baja,False
5fd7b0ae-2619-4038-a52e-26a0576c4819,2,14,3.61,Entrega del Equipo,False
f036cecc-192b-4e1e-bdc2-c95608f24fe9,0,8,5.89,Validar Comercial,False
f036cecc-192b-4e1e-bdc2-c95608f24fe9,0,9,6.2,Aprobación del manager,False
e6edcb81-4782-44f0-af6d-1e9e184c77ba,0,14,4.13,Especificar Licencia,False
f036cecc-192b-4e1e-bdc2-c95608f24fe9,3,9,1.94,Reunión Bienvenida,False
5fd7b0ae-2619-4038-a52e-26a0576c4819,1,15,5.08,Aprobación Presupuesto,False
e6edcb81-4782-44f0-af6d-1e9e184c77ba,1,17,2.27,Inicio del Proceso,False
5f56f693-5a38-4ca2-96c0-7bba750fc7a6,3,15,5.31,Revisión de Seguridad,False
f5ba7581-b2ac-4b3a-830e-64ab112f975a,5,14,7.65,Evaluación Técnica,False
5f56f693-5a38-4ca2-96c0-7bba750fc7a6,4,18,6.17,Revisión de Seguridad,False
e6edcb81-4782-44f0-af6d-1e9e184c77ba,5,8,0.99,Autorización Gerencia,False
17775f19-8c66-41b3-bd38-919b0fe10b8f,0,10,6.65,Validar Elegibilidad,False
f5ba7581-b2ac-4b3a-830e-64ab112f975a,5,18,3.79,Preparar Firma,False
f5ba7581-b2ac-4b3a-830e-64ab112f975a,1,18,3.62,Procesar Transferencia,False
f036cecc-192b-4e1e-bdc2-c95608f24fe9,2,15,5.71,Instalar Licencia,False
17775f19-8c66-41b3-bd38-919b0fe10b8f,3,18,3.29,Autoevaluación,False
31ece703-f961-4e8e-a5c5-cd5c5b47e3db,6,13,7.55,Pago de Liquidación,False
31ece703-f961-4e8e-a5c5-cd5c5b47e3db,5,12,5.37,Revisión de Seguridad,False
e6edcb81-4782-44f0-af6d-1e9e184c77ba,2,8,4.05,Autoevaluación,False
f5ba7581-b2ac-4b3a-830e-64ab112f975a,2,9,0.87,Solicitar Adelanto,False
5f56f693-5a38-4ca2-96c0-7bba750fc7a6,2,10,4.53,Aprobar Presupuesto,False
f036cecc-192b-4e1e-bdc2-c95608f24fe9,5,16,5.37,Consolidar Gastos,False
17775f19-8c66-41b3-bd38-919b0fe10b8f,4,13,7.7,Inicio de la solicitud,False
f036cecc-192b-4e1e-bdc2-c95608f24fe9,4,13,7.68,Verificar Factura,False
31ece703-f961-4e8e-a5c5-cd5c5b47e3db,1,13,2.84,Aprobación Presupuesto,False
5f56f693-5a38-4ca2-96c0-7bba750fc7a6,1,11,4.39,Aprobación Presupuesto,False
f5ba7581-b2ac-4b3a-830e-64ab112f975a,1,15,0.59,Procesar Transferencia,False
31ece703-f961-4e8e-a5c5-cd5c5b47e3db,3,15,0.52,Validar Comercial,False
5fd7b0ae-2619-4038-a52e-26a0576c4819,2,10,5.08,Aprobar Presupuesto,False
5f56f693-5a38-4ca2-96c0-7bba750fc7a6,0,17,3.53,Revisión de Seguridad,False
31ece703-f961-4e8e-a5c5-cd5c5b47e3db,2,10,0.67,Habilitar Permisos,False
e6edcb81-4782-44f0-af6d-1e9e184c77ba,0,8,6.42,Habilitar Permisos,False
17775f19-8c66-41b3-bd38-919b0fe10b8f,0,17,6.22,Validación de RRHH,False
5fd7b0ae-2619-4038-a52e-26a0576c4819,4,13,4.45,Aprobación Presupuesto,False
17775f19-8c66-41b3-bd38-919b0fe10b8f,1,18,2.49,Instalar Licencia,False
5f56f693-5a38-4ca2-96c0-7bba750fc7a6,6,14,5.34,Reunión Bienvenida,False
f036cecc-192b-4e1e-bdc2-c95608f24fe9,0,10,4.49,Instalar Licencia,False
5f56f693-5a38-4ca2-96c0-7bba750fc7a6,5,13,1.08,Revisión Contable,False
5fd7b0ae-2619-4038-a52e-26a0576c4819,3,11,5.39,Aprobación Presupuesto,False
17775f19-8c66-41b3-bd38-919b0fe10b8f,4,17,1.97,Revisión Contable,False
17775f19-8c66-41b3-bd38-919b0fe10b8f,4,13,3.97,Solicitar Adelanto,False
f036cecc-192b-4e1e-bdc2-c95608f24fe9,2,12,7.49,Autoevaluación,False
5f56f693-5a38-4ca2-96c0-7bba750fc7a6,6,11,5.78,Procesar Transferencia,False
17775f19-8c66-41b3-bd38-919b0fe10b8f,5,11,3.81,Verificar Factura,False
5f56f693-5a38-4ca2-96c0-7bba750fc7a6,0,12,6.96,Feedback de Manager,False
17775f19-8c66-41b3-bd38-919b0fe10b8f,4,12,3.04,Subir Borrador,False
f5ba7581-b2ac-4b3a-830e-64ab112f975a,5,10,5.69,Especificar Licencia,False
17775f19-8c66-41b3-bd38-919b0fe10b8f,1,11,1.97,Verificar Factura,False
f5ba7581-b2ac-4b3a-830e-64ab112f975a,4,14,2.49,Aprobación de Pago,False
5f56f693-5a38-4ca2-96c0-7bba750fc7a6,3,14,0.58,Solicitar Adelanto,False
31ece703-f961-4e8e-a5c5-cd5c5b47e3db,2,12,3.85,Reunión Bienvenida,False
390714b2-977f-4e5c-bd1e-5f282ff785ef,1,13,5.57,Validar Comercial,False
e6edcb81-4782-44f0-af6d-1e9e184c77ba,4,13,7.95,Aprobar Presupuesto,False
390714b2-977f-4e5c-bd1e-5f282ff785ef,3,9,4.92,Especificar Licencia,False
31ece703-f961-4e8e-a5c5-cd5c5b47e3db,0,17,5.21,Verificar Stock,False
31ece703-f961-4e8e-a5c5-cd5c5b47e3db,2,14,4.08,Evaluación Técnica,False
5f56f693-5a38-4ca2-96c0-7bba750fc7a6,2,12,6.61,Aprobar Presupuesto,False
f5ba7581-b2ac-4b3a-830e-64ab112f975a,2,8,6.02,Registrar Recibos,False
5f56f693-5a38-4ca2-96c0-7bba750fc7a6,2,13,7.86,Dispersión de Fondos,False
390714b2-977f-4e5c-bd1e-5f282ff785ef,6,15,4.79,Verificar Factura,False
f036cecc-192b-4e1e-bdc2-c95608f24fe9,6,14,2.28,Detallar Curso,False
390714b2-977f-4e5c-bd1e-5f282ff785ef,0,14,4.08,Verificar Factura,False
e6edcb81-4782-44f0-af6d-1e9e184c77ba,1,14,2.35,Dispersión de Fondos,False
31ece703-f961-4e8e-a5c5-cd5c5b47e3db,1,17,6.96,Validar Elegibilidad,False
5fd7b0ae-2619-4038-a52e-26a0576c4819,2,12,3.79,Autoevaluación,False
390714b2-977f-4e5c-bd1e-5f282ff785ef,5,11,1.55,Aprobación Presupuesto,False
31ece703-f961-4e8e-a5c5-cd5c5b47e3db,2,8,5.92,Inicio del Proceso,False
5f56f693-5a38-4ca2-96c0-7bba750fc7a6,0,16,4.13,Habilitar Permisos,False
e6edcb81-4782-44f0-af6d-1e9e184c77ba,6,18,1.21,Subir Borrador,False
31ece703-f961-4e8e-a5c5-cd5c5b47e3db,2,17,2.69,Firma Director,False
31ece703-f961-4e8e-a5c5-cd5c5b47e3db,2,17,4.64,Evaluación Técnica,False
f036cecc-192b-4e1e-bdc2-c95608f24fe9,3,10,4.59,Subir Borrador,False
31ece703-f961-4e8e-a5c5-cd5c5b47e3db,3,11,2.14,Aprobación Costos,False
5fd7b0ae-2619-4038-a52e-26a0576c4819,5,8,1.99,Preparar Firma,False
17775f19-8c66-41b3-bd38-919b0fe10b8f,1,18,4.81,Especificar Licencia,False
5fd7b0ae-2619-4038-a52e-26a0576c4819,4,12,5.27,Validación de RRHH,False
17775f19-8c66-41b3-bd38-919b0fe10b8f,5,8,5.34,Iniciar Baja,False
5f56f693-5a38-4ca2-96c0-7bba750fc7a6,5,13,7.46,Dispersión de Fondos,False
5f56f693-5a38-4ca2-96c0-7bba750fc7a6,1,8,2.12,Aprobar Presupuesto,False
e6edcb81-4782-44f0-af6d-1e9e184c77ba,5,17,5.9,Subir Borrador,False
390714b2-977f-4e5c-bd1e-5f282ff785ef,6,12,4.85,Presentar Requerimiento,False
31ece703-f961-4e8e-a5c5-cd5c5b47e3db,2,12,4.42,Preparar Firma,False
5f56f693-5a38-4ca2-96c0-7bba750fc7a6,6,10,5.04,Preparar Firma,False
e6edcb81-4782-44f0-af6d-1e9e184c77ba,4,8,3.6,Evaluación Técnica,False
5fd7b0ae-2619-4038-a52e-26a0576c4819,1,10,2.61,Feedback de Manager,False
17775f19-8c66-41b3-bd38-919b0fe10b8f,4,12,2.9,Especificar Licencia,False
f036cecc-192b-4e1e-bdc2-c95608f24fe9,3,13,2.72,Verificar Factura,False
31ece703-f961-4e8e-a5c5-cd5c5b47e3db,0,8,6.94,Especificar Servidores,False
5f56f693-5a38-4ca2-96c0-7bba750fc7a6,3,10,4.23,Feedback de Manager,False
f036cecc-192b-4e1e-bdc2-c95608f24fe9,3,13,6.93,Inicio del Proceso,False
5fd7b0ae-2619-4038-a52e-26a0576c4819,4,10,1.09,Autorización Gerencia,False
f036cecc-192b-4e1e-bdc2-c95608f24fe9,6,14,6.64,Evaluación Técnica,False
5fd7b0ae-2619-4038-a52e-26a0576c4819,5,12,2.94,Validación de RRHH,False
390714b2-977f-4e5c-bd1e-5f282ff785ef,3,10,0.99,Especificar Servidores,False
5fd7b0ae-2619-4038-a52e-26a0576c4819,4,11,1.43,Especificar Licencia,False
f5ba7581-b2ac-4b3a-830e-64ab112f975a,3,10,6.8,Autoevaluación,False
17775f19-8c66-41b3-bd38-919b0fe10b8f,0,13,1.41,Cerrar Accesos,False
f5ba7581-b2ac-4b3a-830e-64ab112f975a,1,9,7.25,Validar Capacitación,False
390714b2-977f-4e5c-bd1e-5f282ff785ef,3,12,5.19,Habilitar Permisos,False
f5ba7581-b2ac-4b3a-830e-64ab112f975a,6,8,1.79,Feedback de Manager,False
17775f19-8c66-41b3-bd38-919b0fe10b8f,6,16,4.78,Subir Borrador,False
5fd7b0ae-2619-4038-a52e-26a0576c4819,2,8,2.29,Firma Director,False
5fd7b0ae-2619-4038-a52e-26a0576c4819,5,17,3.74,Preparar Firma,False
5fd7b0ae-2619-4038-a52e-26a0576c4819,5,17,0.93,Revisión de Seguridad,False
e6edcb81-4782-44f0-af6d-1e9e184c77ba,3,18,6.75,Detallar Curso,False
390714b2-977f-4e5c-bd1e-5f282ff785ef,1,10,7.55,Evaluación Técnica,False
f036cecc-192b-4e1e-bdc2-c95608f24fe9,4,13,7.55,Autoevaluación,False
31ece703-f961-4e8e-a5c5-cd5c5b47e3db,6,18,2.34,Aprobar Presupuesto,False
31ece703-f961-4e8e-a5c5-cd5c5b47e3db,4,16,0.9,Verificar Stock,False
5fd7b0ae-2619-4038-a52e-26a0576c4819,3,14,1.51,Evaluación Técnica,False
31ece703-f961-4e8e-a5c5-cd5c5b47e3db,5,9,3.56,Verificar Factura,False
17775f19-8c66-41b3-bd38-919b0fe10b8f,0,8,6.13,Entrega del Equipo,False
5fd7b0ae-2619-4038-a52e-26a0576c4819,5,11,1.74,Enviar solicitud de vacaciones,False
f5ba7581-b2ac-4b3a-830e-64ab112f975a,1,12,0.98,Dispersión de Fondos,False
5f56f693-5a38-4ca2-96c0-7bba750fc7a6,6,11,5.08,Revisión Gerencial,False
17775f19-8c66-41b3-bd38-919b0fe10b8f,4,16,1.17,Autoevaluación,False
5f56f693-5a38-4ca2-96c0-7bba750fc7a6,5,13,4.4,Presentar Requerimiento,False
5f56f693-5a38-4ca2-96c0-7bba750fc7a6,2,11,1.51,Registrar Recibos,False
f036cecc-192b-4e1e-bdc2-c95608f24fe9,3,18,7.11,Inicio del Proceso,False
31ece703-f961-4e8e-a5c5-cd5c5b47e3db,6,17,7.42,Reunión Bienvenida,False
f5ba7581-b2ac-4b3a-830e-64ab112f975a,1,12,1.82,Entrega del Equipo,False
e6edcb81-4782-44f0-af6d-1e9e184c77ba,3,10,2.96,Setup Tecnológico,False
390714b2-977f-4e5c-bd1e-5f282ff785ef,4,15,7.22,Aprobación de Pago,False
390714b2-977f-4e5c-bd1e-5f282ff785ef,1,14,2.41,Procesar Transferencia,False
31ece703-f961-4e8e-a5c5-cd5c5b47e3db,0,10,5.59,Setup Tecnológico,False
e6edcb81-4782-44f0-af6d-1e9e184c77ba,2,9,7.9,Aprobación de Pago,False
390714b2-977f-4e5c-bd1e-5f282ff785ef,1,12,0.95,Aprobar Presupuesto,False
5fd7b0ae-2619-4038-a52e-26a0576c4819,3,17,2.85,Aprobación del manager,False
17775f19-8c66-41b3-bd38-919b0fe10b8f,3,16,6.28,Preparar Firma,False
17775f19-8c66-41b3-bd38-919b0fe10b8f,3,9,4.82,Validación de RRHH,False
5f56f693-5a38-4ca2-96c0-7bba750fc7a6,0,18,1.09,Validar Capacitación,False
31ece703-f961-4e8e-a5c5-cd5c5b47e3db,6,18,1.87,Revisión Contable,False
e6edcb81-4782-44f0-af6d-1e9e184c77ba,2,8,5.85,Verificar Stock,False
390714b2-977f-4e5c-bd1e-5f282ff785ef,5,8,0.64,Consolidación de RRHH,False
31ece703-f961-4e8e-a5c5-cd5c5b47e3db,0,13,1.08,Aprobación del manager,False
5f56f693-5a38-4ca2-96c0-7bba750fc7a6,2,9,3.56,Aprobar Presupuesto,False
390714b2-977f-4e5c-bd1e-5f282ff785ef,0,15,4.4,Setup Tecnológico,False
31ece703-f961-4e8e-a5c5-cd5c5b47e3db,5,18,0.9,Autoevaluación,False
e6edcb81-4782-44f0-af6d-1e9e184c77ba,0,15,3.75,Instalar Licencia,False
5fd7b0ae-2619-4038-a52e-26a0576c4819,1,10,4.85,Aprobar Presupuesto,False
5f56f693-5a38-4ca2-96c0-7bba750fc7a6,6,9,2.25,Validación de RRHH,False
e6edcb81-4782-44f0-af6d-1e9e184c77ba,6,13,6.98,Feedback de Manager,False
f036cecc-192b-4e1e-bdc2-c95608f24fe9,1,10,6.52,Preparar Firma,False
390714b2-977f-4e5c-bd1e-5f282ff785ef,5,15,2.08,Dispersión de Fondos,False
17775f19-8c66-41b3-bd38-919b0fe10b8f,2,8,6.14,Validar Comercial,False
31ece703-f961-4e8e-a5c5-cd5c5b47e3db,0,10,6.77,Entrega del Equipo,False
5f56f693-5a38-4ca2-96c0-7bba750fc7a6,2,10,2.33,Aprobación Presupuesto,False
5f56f693-5a38-4ca2-96c0-7bba750fc7a6,3,10,2.93,Solicitar Adelanto,False
f036cecc-192b-4e1e-bdc2-c95608f24fe9,1,15,3.02,Subir Borrador,False
31ece703-f961-4e8e-a5c5-cd5c5b47e3db,0,16,3.42,Registrar Recibos,False
f036cecc-192b-4e1e-bdc2-c95608f24fe9,3,10,5.05,Inicio de la solicitud,False
5fd7b0ae-2619-4038-a52e-26a0576c4819,3,9,2.53,Procesar Transferencia,False
5f56f693-5a38-4ca2-96c0-7bba750fc7a6,0,14,4.41,Aprobación Presupuesto,False
f5ba7581-b2ac-4b3a-830e-64ab112f975a,6,10,3.86,Habilitar Permisos,False
5fd7b0ae-2619-4038-a52e-26a0576c4819,4,13,4.89,Iniciar Baja,False
e6edcb81-4782-44f0-af6d-1e9e184c77ba,2,11,3.83,Autorización Gerencia,False
5f56f693-5a38-4ca2-96c0-7bba750fc7a6,2,14,3.18,Firma Director,False
390714b2-977f-4e5c-bd1e-5f282ff785ef,1,14,4.19,Consolidar Gastos,False
5fd7b0ae-2619-4038-a52e-26a0576c4819,6,8,5.9,Consolidación de RRHH,False
f5ba7581-b2ac-4b3a-830e-64ab112f975a,1,18,4.91,Habilitar Permisos,False
f036cecc-192b-4e1e-bdc2-c95608f24fe9,5,14,3.36,Cerrar Accesos,False
17775f19-8c66-41b3-bd38-919b0fe10b8f,4,15,7.8,Especificar Servidores,False
31ece703-f961-4e8e-a5c5-cd5c5b47e3db,5,13,7.92,Validar Comercial,False
f5ba7581-b2ac-4b3a-830e-64ab112f975a,5,17,1.24,Iniciar Baja,False
5fd7b0ae-2619-4038-a52e-26a0576c4819,4,13,3.61,Revisión Gerencial,False
5f56f693-5a38-4ca2-96c0-7bba750fc7a6,6,16,7.0,Inicio del Proceso,False
f5ba7581-b2ac-4b3a-830e-64ab112f975a,4,17,2.97,Revisión Gerencial,False
17775f19-8c66-41b3-bd38-919b0fe10b8f,0,9,7.87,Cerrar Accesos,False
5fd7b0ae-2619-4038-a52e-26a0576c4819,2,16,2.05,Especificar Servidores,False
5fd7b0ae-2619-4038-a52e-26a0576c4819,6,11,5.72,Inicio del Proceso,False
e6edcb81-4782-44f0-af6d-1e9e184c77ba,4,15,5.56,Aprobar Presupuesto,False
390714b2-977f-4e5c-bd1e-5f282ff785ef,3,18,7.64,Validar Comercial,False
f5ba7581-b2ac-4b3a-830e-64ab112f975a,4,12,4.81,Validar Capacitación,False
5fd7b0ae-2619-4038-a52e-26a0576c4819,0,17,3.36,Solicitar Adelanto,False
f5ba7581-b2ac-4b3a-830e-64ab112f975a,6,18,2.82,Presentar Requerimiento,False
5fd7b0ae-2619-4038-a52e-26a0576c4819,3,17,1.94,Especificar Licencia,False
f036cecc-192b-4e1e-bdc2-c95608f24fe9,3,13,6.95,Dispersión de Fondos,False
f5ba7581-b2ac-4b3a-830e-64ab112f975a,0,17,1.9,Subir Borrador,False
5fd7b0ae-2619-4038-a52e-26a0576c4819,3,18,5.14,Validar Capacitación,False
f5ba7581-b2ac-4b3a-830e-64ab112f975a,1,14,4.84,Consolidar Gastos,False
5fd7b0ae-2619-4038-a52e-26a0576c4819,0,8,6.04,Verificar Factura,False
5fd7b0ae-2619-4038-a52e-26a0576c4819,1,12,2.75,Entrega del Equipo,False
f5ba7581-b2ac-4b3a-830e-64ab112f975a,5,18,6.03,Solicitar Adelanto,False
e6edcb81-4782-44f0-af6d-1e9e184c77ba,2,13,1.36,Evaluación Técnica,False
17775f19-8c66-41b3-bd38-919b0fe10b8f,5,13,4.54,Reunión Bienvenida,False
e6edcb81-4782-44f0-af6d-1e9e184c77ba,2,8,7.08,Aprobación de Pago,False
f036cecc-192b-4e1e-bdc2-c95608f24fe9,2,10,5.71,Revisión Gerencial,False
5fd7b0ae-2619-4038-a52e-26a0576c4819,1,14,1.47,Validar Capacitación,False
5fd7b0ae-2619-4038-a52e-26a0576c4819,3,12,4.84,Registrar Recibos,False
31ece703-f961-4e8e-a5c5-cd5c5b47e3db,6,18,0.62,Especificar Licencia,False
390714b2-977f-4e5c-bd1e-5f282ff785ef,0,8,2.87,Habilitar Permisos,False
e6edcb81-4782-44f0-af6d-1e9e184c77ba,2,15,7.42,Verificar Factura,False
5fd7b0ae-2619-4038-a52e-26a0576c4819,6,15,2.93,Autoevaluación,False
e6edcb81-4782-44f0-af6d-1e9e184c77ba,5,11,5.39,Aprobar Presupuesto,False
5f56f693-5a38-4ca2-96c0-7bba750fc7a6,4,16,3.21,Validación de RRHH,False
390714b2-977f-4e5c-bd1e-5f282ff785ef,6,16,1.73,Revisión de Seguridad,False
5f56f693-5a38-4ca2-96c0-7bba750fc7a6,2,16,1.6,Inicio del Proceso,False
e6edcb81-4782-44f0-af6d-1e9e184c77ba,0,14,1.87,Instalar Licencia,False
f5ba7581-b2ac-4b3a-830e-64ab112f975a,0,12,5.34,Especificar Licencia,False
5f56f693-5a38-4ca2-96c0-7bba750fc7a6,3,15,5.82,Verificar Stock,False
31ece703-f961-4e8e-a5c5-cd5c5b47e3db,1,15,4.29,Aprobación del manager,False
e6edcb81-4782-44f0-af6d-1e9e184c77ba,4,11,7.13,Procesar Transferencia,False
5fd7b0ae-2619-4038-a52e-26a0576c4819,2,10,0.51,Aprobar Presupuesto,False
31ece703-f961-4e8e-a5c5-cd5c5b47e3db,4,12,4.81,Feedback de Manager,False
e6edcb81-4782-44f0-af6d-1e9e184c77ba,5,15,4.9,Detallar Curso,False
17775f19-8c66-41b3-bd38-919b0fe10b8f,2,9,6.47,Inicio de la solicitud,False
31ece703-f961-4e8e-a5c5-cd5c5b47e3db,4,10,6.14,Setup Tecnológico,False
f5ba7581-b2ac-4b3a-830e-64ab112f975a,5,9,3.28,Cerrar Accesos,False
e6edcb81-4782-44f0-af6d-1e9e184c77ba,0,17,2.61,Subir Borrador,False
5fd7b0ae-2619-4038-a52e-26a0576c4819,5,13,7.6,Habilitar Permisos,False
f5ba7581-b2ac-4b3a-830e-64ab112f975a,3,15,2.8,Dispersión de Fondos,False
5f56f693-5a38-4ca2-96c0-7bba750fc7a6,2,10,1.47,Entrega del Equipo,False
5fd7b0ae-2619-4038-a52e-26a0576c4819,2,10,7.66,Dispersión de Fondos,False
f036cecc-192b-4e1e-bdc2-c95608f24fe9,3,10,2.94,Aprobar Presupuesto,False
5fd7b0ae-2619-4038-a52e-26a0576c4819,4,14,7.03,Aprobación del manager,False
f5ba7581-b2ac-4b3a-830e-64ab112f975a,2,9,1.39,Validar Comercial,False
5f56f693-5a38-4ca2-96c0-7bba750fc7a6,3,8,4.43,Aprobación Presupuesto,False
17775f19-8c66-41b3-bd38-919b0fe10b8f,3,16,1.2,Consolidar Gastos,False
f5ba7581-b2ac-4b3a-830e-64ab112f975a,2,14,5.32,Inicio de la solicitud,False
5f56f693-5a38-4ca2-96c0-7bba750fc7a6,0,17,7.69,Especificar Licencia,False
31ece703-f961-4e8e-a5c5-cd5c5b47e3db,5,18,7.59,Cerrar Accesos,False
390714b2-977f-4e5c-bd1e-5f282ff785ef,3,15,6.87,Aprobación Presupuesto,False
f5ba7581-b2ac-4b3a-830e-64ab112f975a,5,17,2.66,Autorización Gerencia,False
390714b2-977f-4e5c-bd1e-5f282ff785ef,0,9,7.56,Especificar Licencia,False
f036cecc-192b-4e1e-bdc2-c95608f24fe9,5,18,5.62,Cerrar Accesos,False
390714b2-977f-4e5c-bd1e-5f282ff785ef,5,15,4.17,Verificar Factura,False
f036cecc-192b-4e1e-bdc2-c95608f24fe9,6,16,3.3,Autorización Gerencia,False
31ece703-f961-4e8e-a5c5-cd5c5b47e3db,2,16,7.35,Aprobación del manager,False
31ece703-f961-4e8e-a5c5-cd5c5b47e3db,0,13,4.76,Autoevaluación,False
f5ba7581-b2ac-4b3a-830e-64ab112f975a,4,15,3.12,Procesar Transferencia,False
17775f19-8c66-41b3-bd38-919b0fe10b8f,4,11,2.44,Solicitar Adelanto,False
5f56f693-5a38-4ca2-96c0-7bba750fc7a6,3,10,7.39,Solicitar Adelanto,False
f036cecc-192b-4e1e-bdc2-c95608f24fe9,5,11,2.01,Presentar Requerimiento,False
5f56f693-5a38-4ca2-96c0-7bba750fc7a6,4,8,7.12,Enviar solicitud de vacaciones,False
f036cecc-192b-4e1e-bdc2-c95608f24fe9,4,14,3.42,Pago de Liquidación,False
5f56f693-5a38-4ca2-96c0-7bba750fc7a6,2,11,1.23,Validar Comercial,False
e6edcb81-4782-44f0-af6d-1e9e184c77ba,5,18,6.8,Revisión Contable,False
e6edcb81-4782-44f0-af6d-1e9e184c77ba,3,15,4.04,Inicio de la solicitud,False
e6edcb81-4782-44f0-af6d-1e9e184c77ba,4,11,2.02,Especificar Servidores,False
390714b2-977f-4e5c-bd1e-5f282ff785ef,3,12,6.0,Aprobación de Pago,False
390714b2-977f-4e5c-bd1e-5f282ff785ef,5,11,5.07,Firma Director,False
390714b2-977f-4e5c-bd1e-5f282ff785ef,1,10,7.33,Presentar Requerimiento,False
f036cecc-192b-4e1e-bdc2-c95608f24fe9,0,16,7.94,Firma Director,False
f036cecc-192b-4e1e-bdc2-c95608f24fe9,2,10,5.34,Aprobación del manager,False
390714b2-977f-4e5c-bd1e-5f282ff785ef,3,14,2.5,Feedback de Manager,False
e6edcb81-4782-44f0-af6d-1e9e184c77ba,2,15,6.64,Feedback de Manager,False
f5ba7581-b2ac-4b3a-830e-64ab112f975a,1,10,3.95,Consolidación de RRHH,False
5fd7b0ae-2619-4038-a52e-26a0576c4819,6,12,3.15,Aprobación del manager,False
390714b2-977f-4e5c-bd1e-5f282ff785ef,0,13,1.85,Especificar Licencia,False
e6edcb81-4782-44f0-af6d-1e9e184c77ba,2,17,5.04,Verificar Factura,False
390714b2-977f-4e5c-bd1e-5f282ff785ef,3,8,4.46,Evaluación Técnica,False
5f56f693-5a38-4ca2-96c0-7bba750fc7a6,5,11,6.6,Aprobación Presupuesto,False
5f56f693-5a38-4ca2-96c0-7bba750fc7a6,3,17,4.81,Instalar Licencia,False
390714b2-977f-4e5c-bd1e-5f282ff785ef,6,9,4.03,Setup Tecnológico,False
390714b2-977f-4e5c-bd1e-5f282ff785ef,0,13,6.71,Iniciar Baja,False
5fd7b0ae-2619-4038-a52e-26a0576c4819,5,12,5.99,Aprobación Presupuesto,False
e6edcb81-4782-44f0-af6d-1e9e184c77ba,4,9,6.93,Evaluación Técnica,False
e6edcb81-4782-44f0-af6d-1e9e184c77ba,0,9,4.89,Especificar Licencia,False
5fd7b0ae-2619-4038-a52e-26a0576c4819,1,10,7.01,Revisión de Seguridad,False
17775f19-8c66-41b3-bd38-919b0fe10b8f,0,10,1.96,Inicio del Proceso,False
17775f19-8c66-41b3-bd38-919b0fe10b8f,5,14,2.86,Dispersión de Fondos,False
f5ba7581-b2ac-4b3a-830e-64ab112f975a,1,9,5.86,Consolidación de RRHH,False
17775f19-8c66-41b3-bd38-919b0fe10b8f,1,11,2.5,Autorización Gerencia,False
390714b2-977f-4e5c-bd1e-5f282ff785ef,6,16,7.78,Verificar Factura,False
f036cecc-192b-4e1e-bdc2-c95608f24fe9,2,12,6.41,Consolidar Gastos,False
31ece703-f961-4e8e-a5c5-cd5c5b47e3db,0,10,1.87,Revisión de Seguridad,False
390714b2-977f-4e5c-bd1e-5f282ff785ef,3,17,5.16,Registrar Recibos,False
5f56f693-5a38-4ca2-96c0-7bba750fc7a6,5,8,2.64,Iniciar Baja,False
e6edcb81-4782-44f0-af6d-1e9e184c77ba,2,14,1.1,Validar Elegibilidad,False
f036cecc-192b-4e1e-bdc2-c95608f24fe9,5,18,6.49,Autorización Gerencia,False
17775f19-8c66-41b3-bd38-919b0fe10b8f,3,18,6.82,Solicitar Adelanto,False
17775f19-8c66-41b3-bd38-919b0fe10b8f,2,15,3.7,Aprobación Presupuesto,False
f036cecc-192b-4e1e-bdc2-c95608f24fe9,5,11,4.09,Aprobación del manager,False
17775f19-8c66-41b3-bd38-919b0fe10b8f,2,10,7.96,Especificar Servidores,False
17775f19-8c66-41b3-bd38-919b0fe10b8f,5,18,4.95,Habilitar Permisos,False
390714b2-977f-4e5c-bd1e-5f282ff785ef,3,16,3.25,Aprobar Presupuesto,False
5fd7b0ae-2619-4038-a52e-26a0576c4819,4,15,5.31,Revisión Contable,False
f036cecc-192b-4e1e-bdc2-c95608f24fe9,1,9,3.75,Presentar Requerimiento,False
17775f19-8c66-41b3-bd38-919b0fe10b8f,4,8,2.81,Validar Elegibilidad,False
17775f19-8c66-41b3-bd38-919b0fe10b8f,5,17,4.25,Especificar Servidores,False
390714b2-977f-4e5c-bd1e-5f282ff785ef,0,10,4.74,Feedback de Manager,False
390714b2-977f-4e5c-bd1e-5f282ff785ef,3,11,5.08,Consolidar Gastos,False
31ece703-f961-4e8e-a5c5-cd5c5b47e3db,1,18,7.1,Aprobación Costos,False
5f56f693-5a38-4ca2-96c0-7bba750fc7a6,0,15,5.32,Evaluación Técnica,False
f036cecc-192b-4e1e-bdc2-c95608f24fe9,6,11,3.13,Consolidación de RRHH,False
f036cecc-192b-4e1e-bdc2-c95608f24fe9,3,9,4.23,Solicitar Adelanto,False
31ece703-f961-4e8e-a5c5-cd5c5b47e3db,6,9,6.22,Autoevaluación,False
31ece703-f961-4e8e-a5c5-cd5c5b47e3db,6,9,2.53,Validación de RRHH,False
f5ba7581-b2ac-4b3a-830e-64ab112f975a,0,17,5.0,Preparar Firma,False
f5ba7581-b2ac-4b3a-830e-64ab112f975a,2,17,3.56,Revisión de Seguridad,False
f5ba7581-b2ac-4b3a-830e-64ab112f975a,1,14,6.37,Setup Tecnológico,False
e6edcb81-4782-44f0-af6d-1e9e184c77ba,5,8,4.15,Aprobación Presupuesto,False
5fd7b0ae-2619-4038-a52e-26a0576c4819,6,8,7.16,Presentar Requerimiento,False
5fd7b0ae-2619-4038-a52e-26a0576c4819,6,14,5.01,Aprobar Presupuesto,False
31ece703-f961-4e8e-a5c5-cd5c5b47e3db,5,16,2.76,Cerrar Accesos,False
f036cecc-192b-4e1e-bdc2-c95608f24fe9,5,17,3.05,Aprobar Presupuesto,False
17775f19-8c66-41b3-bd38-919b0fe10b8f,1,11,2.97,Validación de RRHH,False
390714b2-977f-4e5c-bd1e-5f282ff785ef,2,16,2.9,Dispersión de Fondos,False
390714b2-977f-4e5c-bd1e-5f282ff785ef,3,12,4.99,Subir Borrador,False
390714b2-977f-4e5c-bd1e-5f282ff785ef,6,8,7.8,Solicitar Adelanto,False
e6edcb81-4782-44f0-af6d-1e9e184c77ba,3,17,1.12,Aprobación Costos,False
f036cecc-192b-4e1e-bdc2-c95608f24fe9,2,9,0.87,Subir Borrador,False
5fd7b0ae-2619-4038-a52e-26a0576c4819,3,15,6.36,Preparar Firma,False
5fd7b0ae-2619-4038-a52e-26a0576c4819,5,17,5.49,Registrar Recibos,False
f5ba7581-b2ac-4b3a-830e-64ab112f975a,6,11,3.51,Especificar Servidores,False
5f56f693-5a38-4ca2-96c0-7bba750fc7a6,6,16,3.58,Aprobación de Pago,False
e6edcb81-4782-44f0-af6d-1e9e184c77ba,5,10,1.43,Enviar solicitud de vacaciones,False
390714b2-977f-4e5c-bd1e-5f282ff785ef,0,16,5.31,Inicio de la solicitud,False
e6edcb81-4782-44f0-af6d-1e9e184c77ba,4,13,1.07,Verificar Factura,False
31ece703-f961-4e8e-a5c5-cd5c5b47e3db,6,15,3.15,Habilitar Permisos,False
31ece703-f961-4e8e-a5c5-cd5c5b47e3db,1,10,4.46,Firma Director,False
17775f19-8c66-41b3-bd38-919b0fe10b8f,6,10,1.83,Aprobar Presupuesto,False
f036cecc-192b-4e1e-bdc2-c95608f24fe9,5,8,2.6,Revisión Gerencial,False
f036cecc-192b-4e1e-bdc2-c95608f24fe9,2,13,5.84,Solicitar Adelanto,False
17775f19-8c66-41b3-bd38-919b0fe10b8f,5,16,3.46,Validar Comercial,False
5fd7b0ae-2619-4038-a52e-26a0576c4819,1,8,0.54,Consolidación de RRHH,False
390714b2-977f-4e5c-bd1e-5f282ff785ef,0,14,1.73,Aprobación de Pago,False
f036cecc-192b-4e1e-bdc2-c95608f24fe9,0,8,6.53,Registrar Recibos,False
f5ba7581-b2ac-4b3a-830e-64ab112f975a,1,13,4.24,Validar Elegibilidad,False
5fd7b0ae-2619-4038-a52e-26a0576c4819,3,18,2.27,Preparar Firma,False
5fd7b0ae-2619-4038-a52e-26a0576c4819,3,9,5.37,Cerrar Accesos,False
e6edcb81-4782-44f0-af6d-1e9e184c77ba,2,12,4.27,Inicio de la solicitud,False
390714b2-977f-4e5c-bd1e-5f282ff785ef,2,9,4.89,Subir Borrador,False
17775f19-8c66-41b3-bd38-919b0fe10b8f,4,11,6.4,Aprobación Costos,False
5fd7b0ae-2619-4038-a52e-26a0576c4819,5,10,2.45,Consolidar Gastos,False
17775f19-8c66-41b3-bd38-919b0fe10b8f,2,17,7.03,Autoevaluación,False
17775f19-8c66-41b3-bd38-919b0fe10b8f,0,9,1.36,Subir Borrador,False
31ece703-f961-4e8e-a5c5-cd5c5b47e3db,6,16,3.29,Verificar Stock,False
31ece703-f961-4e8e-a5c5-cd5c5b47e3db,0,15,6.98,Especificar Servidores,False
f5ba7581-b2ac-4b3a-830e-64ab112f975a,6,12,4.56,Validación de RRHH,False
5fd7b0ae-2619-4038-a52e-26a0576c4819,5,17,2.58,Subir Borrador,False
390714b2-977f-4e5c-bd1e-5f282ff785ef,3,15,3.07,Aprobación Costos,False
390714b2-977f-4e5c-bd1e-5f282ff785ef,4,18,6.9,Setup Tecnológico,False
390714b2-977f-4e5c-bd1e-5f282ff785ef,4,8,1.62,Inicio de la solicitud,False
17775f19-8c66-41b3-bd38-919b0fe10b8f,6,13,6.59,Pago de Liquidación,False
f5ba7581-b2ac-4b3a-830e-64ab112f975a,3,16,6.49,Firma Director,False
31ece703-f961-4e8e-a5c5-cd5c5b47e3db,3,8,5.71,Feedback de Manager,False
17775f19-8c66-41b3-bd38-919b0fe10b8f,0,11,2.6,Validar Elegibilidad,False
31ece703-f961-4e8e-a5c5-cd5c5b47e3db,5,17,7.57,Revisión Gerencial,False
5fd7b0ae-2619-4038-a52e-26a0576c4819,0,9,4.31,Aprobar Presupuesto,False
31ece703-f961-4e8e-a5c5-cd5c5b47e3db,3,13,5.17,Preparar Firma,False
390714b2-977f-4e5c-bd1e-5f282ff785ef,6,17,4.94,Preparar Firma,False
5fd7b0ae-2619-4038-a52e-26a0576c4819,5,13,1.81,Subir Borrador,False
390714b2-977f-4e5c-bd1e-5f282ff785ef,6,8,2.72,Revisión Contable,False
f5ba7581-b2ac-4b3a-830e-64ab112f975a,4,8,2.83,Revisión Gerencial,False
f5ba7581-b2ac-4b3a-830e-64ab112f975a,0,10,5.73,Evaluación Técnica,False
f036cecc-192b-4e1e-bdc2-c95608f24fe9,3,10,0.62,Iniciar Baja,False
31ece703-f961-4e8e-a5c5-cd5c5b47e3db,4,9,7.57,Revisión Contable,False
f5ba7581-b2ac-4b3a-830e-64ab112f975a,1,17,0.92,Inicio del Proceso,False
f036cecc-192b-4e1e-bdc2-c95608f24fe9,4,15,4.56,Verificar Factura,False
390714b2-977f-4e5c-bd1e-5f282ff785ef,2,17,7.46,Instalar Licencia,False
f5ba7581-b2ac-4b3a-830e-64ab112f975a,0,14,5.51,Aprobación del manager,False
f5ba7581-b2ac-4b3a-830e-64ab112f975a,0,16,2.85,Aprobación del manager,False
5f56f693-5a38-4ca2-96c0-7bba750fc7a6,3,15,2.77,Validar Capacitación,False
17775f19-8c66-41b3-bd38-919b0fe10b8f,4,15,4.4,Consolidación de RRHH,False
31ece703-f961-4e8e-a5c5-cd5c5b47e3db,2,12,1.41,Validar Comercial,False
f036cecc-192b-4e1e-bdc2-c95608f24fe9,4,14,6.76,Solicitar Adelanto,False
5f56f693-5a38-4ca2-96c0-7bba750fc7a6,5,11,1.1,Instalar Licencia,False
17775f19-8c66-41b3-bd38-919b0fe10b8f,0,17,4.55,Reunión Bienvenida,False
e6edcb81-4782-44f0-af6d-1e9e184c77ba,4,12,1.54,Especificar Servidores,False
5fd7b0ae-2619-4038-a52e-26a0576c4819,2,18,4.22,Presentar Requerimiento,False
5f56f693-5a38-4ca2-96c0-7bba750fc7a6,4,13,4.77,Subir Borrador,False
390714b2-977f-4e5c-bd1e-5f282ff785ef,2,8,6.99,Cerrar Accesos,False
5f56f693-5a38-4ca2-96c0-7bba750fc7a6,3,15,7.58,Evaluación Técnica,False
e6edcb81-4782-44f0-af6d-1e9e184c77ba,6,12,2.99,Detallar Curso,False
f036cecc-192b-4e1e-bdc2-c95608f24fe9,2,15,1.53,Dispersión de Fondos,False
5fd7b0ae-2619-4038-a52e-26a0576c4819,1,17,0.88,Aprobación del manager,False
17775f19-8c66-41b3-bd38-919b0fe10b8f,2,14,1.91,Solicitar Adelanto,False
390714b2-977f-4e5c-bd1e-5f282ff785ef,1,12,4.45,Enviar solicitud de vacaciones,False
5f56f693-5a38-4ca2-96c0-7bba750fc7a6,1,8,2.54,Preparar Firma,False
31ece703-f961-4e8e-a5c5-cd5c5b47e3db,2,11,3.97,Detallar Curso,False
31ece703-f961-4e8e-a5c5-cd5c5b47e3db,3,17,3.7,Preparar Firma,False
e6edcb81-4782-44f0-af6d-1e9e184c77ba,0,18,2.73,Dispersión de Fondos,False
17775f19-8c66-41b3-bd38-919b0fe10b8f,0,11,2.86,Entrega del Equipo,False
5fd7b0ae-2619-4038-a52e-26a0576c4819,0,14,3.02,Autorización Gerencia,False
5f56f693-5a38-4ca2-96c0-7bba750fc7a6,1,16,2.9,Enviar solicitud de vacaciones,False
f5ba7581-b2ac-4b3a-830e-64ab112f975a,1,16,5.22,Consolidación de RRHH,False
e6edcb81-4782-44f0-af6d-1e9e184c77ba,0,11,7.97,Presentar Requerimiento,False
5f56f693-5a38-4ca2-96c0-7bba750fc7a6,2,15,4.82,Entrega del Equipo,False
5fd7b0ae-2619-4038-a52e-26a0576c4819,5,16,1.18,Validar Capacitación,False
f5ba7581-b2ac-4b3a-830e-64ab112f975a,2,14,7.74,Validación de RRHH,False
5f56f693-5a38-4ca2-96c0-7bba750fc7a6,0,9,7.75,Autorización Gerencia,False
17775f19-8c66-41b3-bd38-919b0fe10b8f,3,14,6.02,Firma Director,False
5f56f693-5a38-4ca2-96c0-7bba750fc7a6,4,8,1.06,Consolidación de RRHH,False
e6edcb81-4782-44f0-af6d-1e9e184c77ba,6,14,3.98,Habilitar Permisos,False
e6edcb81-4782-44f0-af6d-1e9e184c77ba,5,16,3.91,Aprobar Presupuesto,False
f036cecc-192b-4e1e-bdc2-c95608f24fe9,1,11,5.81,Validar Elegibilidad,False
e6edcb81-4782-44f0-af6d-1e9e184c77ba,2,12,4.8,Aprobación del manager,False
5fd7b0ae-2619-4038-a52e-26a0576c4819,1,13,4.12,Revisión Gerencial,False
5f56f693-5a38-4ca2-96c0-7bba750fc7a6,2,18,2.04,Aprobación de Pago,False
17775f19-8c66-41b3-bd38-919b0fe10b8f,4,15,4.1,Validar Elegibilidad,False
17775f19-8c66-41b3-bd38-919b0fe10b8f,4,12,6.19,Aprobación de Pago,False
f036cecc-192b-4e1e-bdc2-c95608f24fe9,4,16,0.96,Inicio de la solicitud,False
5fd7b0ae-2619-4038-a52e-26a0576c4819,4,9,3.51,Solicitar Adelanto,False
e6edcb81-4782-44f0-af6d-1e9e184c77ba,1,9,5.12,Consolidar Gastos,False
17775f19-8c66-41b3-bd38-919b0fe10b8f,4,16,3.28,Reunión Bienvenida,False
31ece703-f961-4e8e-a5c5-cd5c5b47e3db,0,9,5.58,Especificar Licencia,False
31ece703-f961-4e8e-a5c5-cd5c5b47e3db,4,18,3.08,Presentar Requerimiento,False
5f56f693-5a38-4ca2-96c0-7bba750fc7a6,2,11,5.74,Iniciar Baja,False
5fd7b0ae-2619-4038-a52e-26a0576c4819,3,14,1.65,Pago de Liquidación,False
e6edcb81-4782-44f0-af6d-1e9e184c77ba,5,12,6.98,Evaluación Técnica,False
5fd7b0ae-2619-4038-a52e-26a0576c4819,6,10,4.02,Aprobar Presupuesto,False
17775f19-8c66-41b3-bd38-919b0fe10b8f,0,11,7.35,Enviar solicitud de vacaciones,False
5fd7b0ae-2619-4038-a52e-26a0576c4819,5,14,4.35,Autoevaluación,False
e6edcb81-4782-44f0-af6d-1e9e184c77ba,2,10,6.75,Evaluación Técnica,False
f036cecc-192b-4e1e-bdc2-c95608f24fe9,5,17,0.6,Iniciar Baja,False
f036cecc-192b-4e1e-bdc2-c95608f24fe9,4,9,0.71,Consolidar Gastos,False
5f56f693-5a38-4ca2-96c0-7bba750fc7a6,4,11,0.57,Presentar Requerimiento,False
f036cecc-192b-4e1e-bdc2-c95608f24fe9,0,13,2.74,Presentar Requerimiento,False
e6edcb81-4782-44f0-af6d-1e9e184c77ba,3,14,4.31,Verificar Stock,False
31ece703-f961-4e8e-a5c5-cd5c5b47e3db,6,13,6.87,Aprobar Presupuesto,False
31ece703-f961-4e8e-a5c5-cd5c5b47e3db,0,15,2.95,Inicio del Proceso,False
e6edcb81-4782-44f0-af6d-1e9e184c77ba,0,12,1.87,Reunión Bienvenida,False
17775f19-8c66-41b3-bd38-919b0fe10b8f,6,8,6.88,Validar Comercial,False
31ece703-f961-4e8e-a5c5-cd5c5b47e3db,0,13,4.03,Cerrar Accesos,False
e6edcb81-4782-44f0-af6d-1e9e184c77ba,2,10,6.68,Reunión Bienvenida,False
31ece703-f961-4e8e-a5c5-cd5c5b47e3db,1,17,4.53,Especificar Servidores,False
390714b2-977f-4e5c-bd1e-5f282ff785ef,1,16,2.37,Inicio de la solicitud,False
5f56f693-5a38-4ca2-96c0-7bba750fc7a6,3,11,2.61,Subir Borrador,False
17775f19-8c66-41b3-bd38-919b0fe10b8f,5,11,4.34,Inicio del Proceso,False
17775f19-8c66-41b3-bd38-919b0fe10b8f,6,12,4.1,Validar Elegibilidad,False
f036cecc-192b-4e1e-bdc2-c95608f24fe9,1,11,1.97,Aprobación del manager,False
f5ba7581-b2ac-4b3a-830e-64ab112f975a,6,15,5.5,Autorización Gerencia,False
5fd7b0ae-2619-4038-a52e-26a0576c4819,4,14,1.64,Aprobar Presupuesto,False
5fd7b0ae-2619-4038-a52e-26a0576c4819,2,17,1.67,Enviar solicitud de vacaciones,False
e6edcb81-4782-44f0-af6d-1e9e184c77ba,2,16,1.36,Especificar Servidores,False
390714b2-977f-4e5c-bd1e-5f282ff785ef,3,16,7.53,Instalar Licencia,False
390714b2-977f-4e5c-bd1e-5f282ff785ef,4,9,5.61,Autoevaluación,False
f5ba7581-b2ac-4b3a-830e-64ab112f975a,5,8,5.29,Enviar solicitud de vacaciones,False
f5ba7581-b2ac-4b3a-830e-64ab112f975a,4,13,6.21,Habilitar Permisos,False
f5ba7581-b2ac-4b3a-830e-64ab112f975a,2,9,5.55,Solicitar Adelanto,False
31ece703-f961-4e8e-a5c5-cd5c5b47e3db,0,8,5.39,Enviar solicitud de vacaciones,False
f036cecc-192b-4e1e-bdc2-c95608f24fe9,5,8,6.48,Instalar Licencia,False
f5ba7581-b2ac-4b3a-830e-64ab112f975a,1,17,7.41,Validar Comercial,False
e6edcb81-4782-44f0-af6d-1e9e184c77ba,0,13,0.86,Inicio del Proceso,False
31ece703-f961-4e8e-a5c5-cd5c5b47e3db,5,16,4.02,Entrega del Equipo,False
390714b2-977f-4e5c-bd1e-5f282ff785ef,6,11,1.97,Validación de RRHH,False
5fd7b0ae-2619-4038-a52e-26a0576c4819,5,16,2.28,Solicitar Adelanto,False
e6edcb81-4782-44f0-af6d-1e9e184c77ba,4,10,7.57,Procesar Transferencia,False
f036cecc-192b-4e1e-bdc2-c95608f24fe9,5,9,3.39,Aprobación Costos,False
17775f19-8c66-41b3-bd38-919b0fe10b8f,5,8,4.66,Validar Comercial,False
5f56f693-5a38-4ca2-96c0-7bba750fc7a6,3,16,0.52,Validar Capacitación,False
31ece703-f961-4e8e-a5c5-cd5c5b47e3db,5,8,2.76,Aprobación de Pago,False
31ece703-f961-4e8e-a5c5-cd5c5b47e3db,4,12,6.04,Inicio del Proceso,False
e6edcb81-4782-44f0-af6d-1e9e184c77ba,6,17,7.67,Presentar Requerimiento,False
5fd7b0ae-2619-4038-a52e-26a0576c4819,0,17,1.08,Setup Tecnológico,False
390714b2-977f-4e5c-bd1e-5f282ff785ef,0,17,7.93,Especificar Licencia,False
5fd7b0ae-2619-4038-a52e-26a0576c4819,1,8,4.55,Setup Tecnológico,False
5f56f693-5a38-4ca2-96c0-7bba750fc7a6,3,8,1.11,Procesar Transferencia,False
31ece703-f961-4e8e-a5c5-cd5c5b47e3db,1,8,6.46,Presentar Requerimiento,False
31ece703-f961-4e8e-a5c5-cd5c5b47e3db,5,9,7.68,Iniciar Baja,False
390714b2-977f-4e5c-bd1e-5f282ff785ef,1,18,3.5,Aprobación de Pago,False
5fd7b0ae-2619-4038-a52e-26a0576c4819,2,15,3.58,Aprobación Costos,False
31ece703-f961-4e8e-a5c5-cd5c5b47e3db,5,18,1.98,Solicitar Adelanto,False
390714b2-977f-4e5c-bd1e-5f282ff785ef,5,17,1.5,Cerrar Accesos,False
f036cecc-192b-4e1e-bdc2-c95608f24fe9,2,14,5.41,Dispersión de Fondos,False
e6edcb81-4782-44f0-af6d-1e9e184c77ba,3,16,1.15,Inicio de la solicitud,False
f5ba7581-b2ac-4b3a-830e-64ab112f975a,3,13,4.42,Instalar Licencia,False
31ece703-f961-4e8e-a5c5-cd5c5b47e3db,4,12,6.59,Consolidar Gastos,False
390714b2-977f-4e5c-bd1e-5f282ff785ef,2,9,5.82,Instalar Licencia,False
390714b2-977f-4e5c-bd1e-5f282ff785ef,6,15,3.75,Presentar Requerimiento,False
5fd7b0ae-2619-4038-a52e-26a0576c4819,5,17,3.86,Especificar Servidores,False
17775f19-8c66-41b3-bd38-919b0fe10b8f,3,13,4.66,Aprobación de Pago,False
31ece703-f961-4e8e-a5c5-cd5c5b47e3db,5,17,1.33,Subir Borrador,False
e6edcb81-4782-44f0-af6d-1e9e184c77ba,0,11,7.48,Aprobación del manager,False
e6edcb81-4782-44f0-af6d-1e9e184c77ba,1,13,4.28,Setup Tecnológico,False
390714b2-977f-4e5c-bd1e-5f282ff785ef,3,10,6.48,Instalar Licencia,False
31ece703-f961-4e8e-a5c5-cd5c5b47e3db,0,9,5.08,Aprobación Presupuesto,False
f5ba7581-b2ac-4b3a-830e-64ab112f975a,3,18,2.56,Inicio de la solicitud,False
f036cecc-192b-4e1e-bdc2-c95608f24fe9,2,15,5.47,Reunión Bienvenida,False
31ece703-f961-4e8e-a5c5-cd5c5b47e3db,1,8,4.41,Habilitar Permisos,False
f036cecc-192b-4e1e-bdc2-c95608f24fe9,3,10,6.4,Verificar Stock,False
31ece703-f961-4e8e-a5c5-cd5c5b47e3db,6,11,7.84,Reunión Bienvenida,False
5fd7b0ae-2619-4038-a52e-26a0576c4819,0,8,2.05,Setup Tecnológico,False
f036cecc-192b-4e1e-bdc2-c95608f24fe9,1,11,1.4,Inicio del Proceso,False
5f56f693-5a38-4ca2-96c0-7bba750fc7a6,1,13,7.6,Presentar Requerimiento,False
31ece703-f961-4e8e-a5c5-cd5c5b47e3db,6,17,1.42,Habilitar Permisos,False
5fd7b0ae-2619-4038-a52e-26a0576c4819,6,15,6.46,Procesar Transferencia,False
f5ba7581-b2ac-4b3a-830e-64ab112f975a,2,16,2.4,Subir Borrador,False
31ece703-f961-4e8e-a5c5-cd5c5b47e3db,4,10,5.28,Enviar solicitud de vacaciones,False
e6edcb81-4782-44f0-af6d-1e9e184c77ba,5,16,2.52,Detallar Curso,False
f036cecc-192b-4e1e-bdc2-c95608f24fe9,2,8,6.34,Validar Comercial,False
f036cecc-192b-4e1e-bdc2-c95608f24fe9,3,17,7.17,Verificar Factura,False
31ece703-f961-4e8e-a5c5-cd5c5b47e3db,4,11,7.24,Aprobación de Pago,False
f036cecc-192b-4e1e-bdc2-c95608f24fe9,6,16,7.81,Entrega del Equipo,False
17775f19-8c66-41b3-bd38-919b0fe10b8f,2,12,7.34,Verificar Stock,False
5f56f693-5a38-4ca2-96c0-7bba750fc7a6,4,12,4.85,Feedback de Manager,False
17775f19-8c66-41b3-bd38-919b0fe10b8f,4,12,4.17,Evaluación Técnica,False
390714b2-977f-4e5c-bd1e-5f282ff785ef,5,12,0.82,Verificar Stock,False
31ece703-f961-4e8e-a5c5-cd5c5b47e3db,6,9,4.7,Entrega del Equipo,False
f036cecc-192b-4e1e-bdc2-c95608f24fe9,3,18,1.01,Aprobación Presupuesto,False
390714b2-977f-4e5c-bd1e-5f282ff785ef,0,8,4.37,Feedback de Manager,False
e6edcb81-4782-44f0-af6d-1e9e184c77ba,5,15,0.81,Feedback de Manager,False
390714b2-977f-4e5c-bd1e-5f282ff785ef,3,15,2.95,Procesar Transferencia,False
f5ba7581-b2ac-4b3a-830e-64ab112f975a,0,9,4.63,Aprobación Costos,False
e6edcb81-4782-44f0-af6d-1e9e184c77ba,6,16,4.66,Validación de RRHH,False
17775f19-8c66-41b3-bd38-919b0fe10b8f,0,13,5.82,Instalar Licencia,False
f036cecc-192b-4e1e-bdc2-c95608f24fe9,5,10,4.22,Firma Director,False
f036cecc-192b-4e1e-bdc2-c95608f24fe9,6,8,0.84,Instalar Licencia,False
f5ba7581-b2ac-4b3a-830e-64ab112f975a,1,13,1.34,Verificar Factura,False
e6edcb81-4782-44f0-af6d-1e9e184c77ba,5,18,3.05,Aprobación de Pago,False
17775f19-8c66-41b3-bd38-919b0fe10b8f,1,9,6.85,Consolidar Gastos,False
f5ba7581-b2ac-4b3a-830e-64ab112f975a,3,17,1.59,Revisión de Seguridad,False
31ece703-f961-4e8e-a5c5-cd5c5b47e3db,4,13,5.24,Feedback de Manager,False
5fd7b0ae-2619-4038-a52e-26a0576c4819,0,16,5.03,Entrega del Equipo,False
e6edcb81-4782-44f0-af6d-1e9e184c77ba,5,8,0.58,Setup Tecnológico,False
f036cecc-192b-4e1e-bdc2-c95608f24fe9,3,15,3.11,Procesar Transferencia,False
e6edcb81-4782-44f0-af6d-1e9e184c77ba,0,15,4.93,Cerrar Accesos,False
5f56f693-5a38-4ca2-96c0-7bba750fc7a6,4,15,5.45,Especificar Servidores,False
31ece703-f961-4e8e-a5c5-cd5c5b47e3db,5,16,2.47,Setup Tecnológico,False
5f56f693-5a38-4ca2-96c0-7bba750fc7a6,6,12,4.13,Cerrar Accesos,False
17775f19-8c66-41b3-bd38-919b0fe10b8f,1,11,2.4,Habilitar Permisos,False
5f56f693-5a38-4ca2-96c0-7bba750fc7a6,4,12,2.59,Iniciar Baja,False
f036cecc-192b-4e1e-bdc2-c95608f24fe9,0,8,4.94,Detallar Curso,False
17775f19-8c66-41b3-bd38-919b0fe10b8f,2,9,7.46,Registrar Recibos,False
5fd7b0ae-2619-4038-a52e-26a0576c4819,1,16,2.62,Instalar Licencia,False
5fd7b0ae-2619-4038-a52e-26a0576c4819,6,8,1.28,Especificar Licencia,False
390714b2-977f-4e5c-bd1e-5f282ff785ef,5,14,6.52,Dispersión de Fondos,False
5f56f693-5a38-4ca2-96c0-7bba750fc7a6,0,14,3.35,Subir Borrador,False
f036cecc-192b-4e1e-bdc2-c95608f24fe9,4,8,4.27,Enviar solicitud de vacaciones,False
17775f19-8c66-41b3-bd38-919b0fe10b8f,1,15,6.97,Aprobación Presupuesto,False
5f56f693-5a38-4ca2-96c0-7bba750fc7a6,1,12,2.23,Consolidar Gastos,False
f036cecc-192b-4e1e-bdc2-c95608f24fe9,3,9,1.85,Procesar Transferencia,False
31ece703-f961-4e8e-a5c5-cd5c5b47e3db,0,15,1.33,Preparar Firma,False
5fd7b0ae-2619-4038-a52e-26a0576c4819,1,13,4.95,Detallar Curso,False
f036cecc-192b-4e1e-bdc2-c95608f24fe9,3,16,7.32,Cerrar Accesos,False
f5ba7581-b2ac-4b3a-830e-64ab112f975a,4,18,1.89,Revisión Gerencial,False
17775f19-8c66-41b3-bd38-919b0fe10b8f,1,8,1.47,Habilitar Permisos,False
5f56f693-5a38-4ca2-96c0-7bba750fc7a6,2,16,0.73,Firma Director,False
390714b2-977f-4e5c-bd1e-5f282ff785ef,0,11,6.25,Revisión Gerencial,False
f5ba7581-b2ac-4b3a-830e-64ab112f975a,3,10,4.32,Firma Director,False
17775f19-8c66-41b3-bd38-919b0fe10b8f,5,10,5.64,Cerrar Accesos,False
5f56f693-5a38-4ca2-96c0-7bba750fc7a6,5,16,3.74,Revisión Contable,False
17775f19-8c66-41b3-bd38-919b0fe10b8f,3,16,1.08,Habilitar Permisos,False
f036cecc-192b-4e1e-bdc2-c95608f24fe9,5,18,3.28,Reunión Bienvenida,False
f5ba7581-b2ac-4b3a-830e-64ab112f975a,3,8,2.41,Iniciar Baja,False
17775f19-8c66-41b3-bd38-919b0fe10b8f,2,12,3.74,Setup Tecnológico,False
e6edcb81-4782-44f0-af6d-1e9e184c77ba,4,11,4.26,Validar Elegibilidad,False
e6edcb81-4782-44f0-af6d-1e9e184c77ba,5,11,0.82,Aprobación Costos,False
e6edcb81-4782-44f0-af6d-1e9e184c77ba,5,12,5.9,Dispersión de Fondos,False
31ece703-f961-4e8e-a5c5-cd5c5b47e3db,6,10,3.95,Preparar Firma,False
e6edcb81-4782-44f0-af6d-1e9e184c77ba,3,17,1.49,Enviar solicitud de vacaciones,False
5fd7b0ae-2619-4038-a52e-26a0576c4819,1,11,3.36,Autorización Gerencia,False
17775f19-8c66-41b3-bd38-919b0fe10b8f,2,12,2.33,Habilitar Permisos,False
5f56f693-5a38-4ca2-96c0-7bba750fc7a6,0,14,1.12,Aprobar Presupuesto,False
17775f19-8c66-41b3-bd38-919b0fe10b8f,5,8,3.85,Revisión Gerencial,False
17775f19-8c66-41b3-bd38-919b0fe10b8f,5,13,3.58,Habilitar Permisos,False
5fd7b0ae-2619-4038-a52e-26a0576c4819,6,16,7.47,Aprobación Costos,False
5f56f693-5a38-4ca2-96c0-7bba750fc7a6,6,9,2.42,Especificar Licencia,False
390714b2-977f-4e5c-bd1e-5f282ff785ef,1,16,7.48,Consolidación de RRHH,False
f036cecc-192b-4e1e-bdc2-c95608f24fe9,6,10,3.26,Detallar Curso,False
f5ba7581-b2ac-4b3a-830e-64ab112f975a,2,15,0.6,Aprobación del manager,False
e6edcb81-4782-44f0-af6d-1e9e184c77ba,0,13,7.24,Revisión Contable,False
17775f19-8c66-41b3-bd38-919b0fe10b8f,2,11,1.25,Preparar Firma,False
f036cecc-192b-4e1e-bdc2-c95608f24fe9,4,17,6.47,Inicio de la solicitud,False
5f56f693-5a38-4ca2-96c0-7bba750fc7a6,2,15,1.16,Validación de RRHH,False
5f56f693-5a38-4ca2-96c0-7bba750fc7a6,2,14,0.93,Firma Director,False
5fd7b0ae-2619-4038-a52e-26a0576c4819,1,15,3.42,Verificar Factura,False
f5ba7581-b2ac-4b3a-830e-64ab112f975a,5,10,4.07,Inicio del Proceso,False
e6edcb81-4782-44f0-af6d-1e9e184c77ba,4,15,0.55,Especificar Licencia,False
5f56f693-5a38-4ca2-96c0-7bba750fc7a6,6,10,5.91,Revisión Gerencial,False
5f56f693-5a38-4ca2-96c0-7bba750fc7a6,5,9,3.55,Aprobación Costos,False
17775f19-8c66-41b3-bd38-919b0fe10b8f,1,14,3.45,Consolidación de RRHH,False
31ece703-f961-4e8e-a5c5-cd5c5b47e3db,6,10,3.47,Reunión Bienvenida,False
5f56f693-5a38-4ca2-96c0-7bba750fc7a6,6,12,2.6,Validar Comercial,False
390714b2-977f-4e5c-bd1e-5f282ff785ef,5,9,4.22,Detallar Curso,False
390714b2-977f-4e5c-bd1e-5f282ff785ef,4,12,2.65,Consolidar Gastos,False
f5ba7581-b2ac-4b3a-830e-64ab112f975a,2,9,1.96,Autoevaluación,False
5f56f693-5a38-4ca2-96c0-7bba750fc7a6,4,13,5.67,Aprobación de Pago,False
f036cecc-192b-4e1e-bdc2-c95608f24fe9,2,12,4.03,Aprobar Presupuesto,False
f5ba7581-b2ac-4b3a-830e-64ab112f975a,3,9,4.76,Verificar Factura,False
e6edcb81-4782-44f0-af6d-1e9e184c77ba,0,13,2.97,Revisión de Seguridad,False
e6edcb81-4782-44f0-af6d-1e9e184c77ba,3,8,7.69,Aprobación Presupuesto,False
f036cecc-192b-4e1e-bdc2-c95608f24fe9,2,15,5.66,Registrar Recibos,False
5f56f693-5a38-4ca2-96c0-7bba750fc7a6,5,11,5.01,Verificar Factura,False
e6edcb81-4782-44f0-af6d-1e9e184c77ba,6,12,2.74,Registrar Recibos,False
f036cecc-192b-4e1e-bdc2-c95608f24fe9,2,12,2.21,Iniciar Baja,False
5f56f693-5a38-4ca2-96c0-7bba750fc7a6,0,16,4.01,Autoevaluación,False
17775f19-8c66-41b3-bd38-919b0fe10b8f,6,14,0.53,Reunión Bienvenida,False
390714b2-977f-4e5c-bd1e-5f282ff785ef,1,8,1.65,Reunión Bienvenida,False
e6edcb81-4782-44f0-af6d-1e9e184c77ba,0,17,2.92,Solicitar Adelanto,False
f036cecc-192b-4e1e-bdc2-c95608f24fe9,0,12,5.26,Enviar solicitud de vacaciones,False
17775f19-8c66-41b3-bd38-919b0fe10b8f,2,9,1.78,Solicitar Adelanto,False
e6edcb81-4782-44f0-af6d-1e9e184c77ba,3,17,5.24,Verificar Stock,False
f036cecc-192b-4e1e-bdc2-c95608f24fe9,4,16,5.51,Especificar Servidores,False
390714b2-977f-4e5c-bd1e-5f282ff785ef,0,8,5.34,Detallar Curso,False
390714b2-977f-4e5c-bd1e-5f282ff785ef,1,13,6.29,Aprobación del manager,False
390714b2-977f-4e5c-bd1e-5f282ff785ef,5,16,5.02,Inicio de la solicitud,False
e6edcb81-4782-44f0-af6d-1e9e184c77ba,0,14,1.87,Revisión Contable,False
f036cecc-192b-4e1e-bdc2-c95608f24fe9,4,15,4.28,Subir Borrador,False
390714b2-977f-4e5c-bd1e-5f282ff785ef,3,11,7.62,Aprobación Costos,False
f5ba7581-b2ac-4b3a-830e-64ab112f975a,6,9,3.36,Pago de Liquidación,False
17775f19-8c66-41b3-bd38-919b0fe10b8f,6,15,3.27,Habilitar Permisos,False
5fd7b0ae-2619-4038-a52e-26a0576c4819,2,16,2.91,Revisión Gerencial,False
17775f19-8c66-41b3-bd38-919b0fe10b8f,3,14,1.89,Aprobación Presupuesto,False
31ece703-f961-4e8e-a5c5-cd5c5b47e3db,0,16,1.69,Verificar Factura,False
5fd7b0ae-2619-4038-a52e-26a0576c4819,6,16,6.07,Autorización Gerencia,False
5f56f693-5a38-4ca2-96c0-7bba750fc7a6,0,18,3.93,Solicitar Adelanto,False
17775f19-8c66-41b3-bd38-919b0fe10b8f,3,15,4.23,Inicio del Proceso,False
5fd7b0ae-2619-4038-a52e-26a0576c4819,0,14,0.58,Validar Comercial,False
f5ba7581-b2ac-4b3a-830e-64ab112f975a,5,11,6.77,Preparar Firma,False
17775f19-8c66-41b3-bd38-919b0fe10b8f,1,8,2.83,Procesar Transferencia,False
31ece703-f961-4e8e-a5c5-cd5c5b47e3db,6,11,4.75,Revisión de Seguridad,False
5f56f693-5a38-4ca2-96c0-7bba750fc7a6,3,13,0.56,Especificar Servidores,False
f5ba7581-b2ac-4b3a-830e-64ab112f975a,0,12,5.13,Inicio del Proceso,False
5f56f693-5a38-4ca2-96c0-7bba750fc7a6,0,8,4.73,Cerrar Accesos,False
390714b2-977f-4e5c-bd1e-5f282ff785ef,0,13,5.63,Evaluación Técnica,False
e6edcb81-4782-44f0-af6d-1e9e184c77ba,2,10,1.12,Solicitar Adelanto,False
e6edcb81-4782-44f0-af6d-1e9e184c77ba,1,9,4.51,Subir Borrador,False
17775f19-8c66-41b3-bd38-919b0fe10b8f,2,14,1.77,Preparar Firma,False
e6edcb81-4782-44f0-af6d-1e9e184c77ba,3,13,0.83,Registrar Recibos,False
390714b2-977f-4e5c-bd1e-5f282ff785ef,6,9,2.05,Subir Borrador,False
f5ba7581-b2ac-4b3a-830e-64ab112f975a,0,15,5.29,Revisión de Seguridad,False
5fd7b0ae-2619-4038-a52e-26a0576c4819,2,16,3.94,Inicio de la solicitud,False
5f56f693-5a38-4ca2-96c0-7bba750fc7a6,0,9,1.7,Iniciar Baja,False
e6edcb81-4782-44f0-af6d-1e9e184c77ba,4,18,2.6,Inicio de la solicitud,False
390714b2-977f-4e5c-bd1e-5f282ff785ef,0,8,4.26,Aprobación Costos,False
5f56f693-5a38-4ca2-96c0-7bba750fc7a6,1,17,6.48,Entrega del Equipo,False
e6edcb81-4782-44f0-af6d-1e9e184c77ba,0,12,3.29,Presentar Requerimiento,False
5fd7b0ae-2619-4038-a52e-26a0576c4819,2,13,4.58,Preparar Firma,False
e6edcb81-4782-44f0-af6d-1e9e184c77ba,4,10,2.8,Validar Comercial,False
5f56f693-5a38-4ca2-96c0-7bba750fc7a6,1,17,6.27,Verificar Factura,False
f036cecc-192b-4e1e-bdc2-c95608f24fe9,6,18,4.07,Subir Borrador,False
e6edcb81-4782-44f0-af6d-1e9e184c77ba,0,15,3.48,Consolidar Gastos,False
5fd7b0ae-2619-4038-a52e-26a0576c4819,6,13,7.25,Especificar Servidores,False
5fd7b0ae-2619-4038-a52e-26a0576c4819,3,17,1.86,Subir Borrador,False
5f56f693-5a38-4ca2-96c0-7bba750fc7a6,1,10,3.84,Especificar Licencia,False
f036cecc-192b-4e1e-bdc2-c95608f24fe9,6,14,3.89,Inicio del Proceso,False
f036cecc-192b-4e1e-bdc2-c95608f24fe9,2,9,7.45,Validar Elegibilidad,False
390714b2-977f-4e5c-bd1e-5f282ff785ef,2,17,1.25,Pago de Liquidación,False
390714b2-977f-4e5c-bd1e-5f282ff785ef,6,14,7.19,Consolidación de RRHH,False
31ece703-f961-4e8e-a5c5-cd5c5b47e3db,6,17,5.54,Revisión Contable,False
f5ba7581-b2ac-4b3a-830e-64ab112f975a,3,10,7.63,Registrar Recibos,False
5fd7b0ae-2619-4038-a52e-26a0576c4819,3,15,5.87,Feedback de Manager,False
e6edcb81-4782-44f0-af6d-1e9e184c77ba,5,18,5.06,Entrega del Equipo,False
5f56f693-5a38-4ca2-96c0-7bba750fc7a6,0,8,7.74,Reunión Bienvenida,False
e6edcb81-4782-44f0-af6d-1e9e184c77ba,4,14,5.83,Revisión Gerencial,False
390714b2-977f-4e5c-bd1e-5f282ff785ef,4,16,4.81,Instalar Licencia,False
31ece703-f961-4e8e-a5c5-cd5c5b47e3db,1,11,3.47,Validar Capacitación,False
f036cecc-192b-4e1e-bdc2-c95608f24fe9,1,17,2.91,Evaluación Técnica,False
390714b2-977f-4e5c-bd1e-5f282ff785ef,5,14,2.14,Inicio de la solicitud,False
f5ba7581-b2ac-4b3a-830e-64ab112f975a,1,10,0.97,Instalar Licencia,False
e6edcb81-4782-44f0-af6d-1e9e184c77ba,4,11,7.08,Revisión Gerencial,False
31ece703-f961-4e8e-a5c5-cd5c5b47e3db,3,13,1.24,Solicitar Adelanto,False
f036cecc-192b-4e1e-bdc2-c95608f24fe9,1,15,7.03,Aprobación Costos,False
31ece703-f961-4e8e-a5c5-cd5c5b47e3db,1,10,5.08,Consolidación de RRHH,False
17775f19-8c66-41b3-bd38-919b0fe10b8f,2,18,4.76,Habilitar Permisos,False
390714b2-977f-4e5c-bd1e-5f282ff785ef,4,14,3.52,Validar Elegibilidad,False
5f56f693-5a38-4ca2-96c0-7bba750fc7a6,4,13,5.97,Reunión Bienvenida,False
31ece703-f961-4e8e-a5c5-cd5c5b47e3db,2,14,2.92,Autoevaluación,False
f5ba7581-b2ac-4b3a-830e-64ab112f975a,3,14,3.38,Validar Elegibilidad,False
31ece703-f961-4e8e-a5c5-cd5c5b47e3db,0,8,1.95,Aprobación Costos,False
390714b2-977f-4e5c-bd1e-5f282ff785ef,4,18,4.66,Presentar Requerimiento,False
f5ba7581-b2ac-4b3a-830e-64ab112f975a,3,16,4.39,Setup Tecnológico,False
f036cecc-192b-4e1e-bdc2-c95608f24fe9,1,15,4.65,Revisión Contable,False
390714b2-977f-4e5c-bd1e-5f282ff785ef,2,13,5.59,Cerrar Accesos,False
17775f19-8c66-41b3-bd38-919b0fe10b8f,1,15,3.21,Inicio del Proceso,False
f036cecc-192b-4e1e-bdc2-c95608f24fe9,3,10,2.08,Aprobación del manager,False
5f56f693-5a38-4ca2-96c0-7bba750fc7a6,5,18,3.58,Especificar Servidores,False
17775f19-8c66-41b3-bd38-919b0fe10b8f,5,10,1.57,Solicitar Adelanto,False
5fd7b0ae-2619-4038-a52e-26a0576c4819,6,15,5.87,Preparar Firma,False
5fd7b0ae-2619-4038-a52e-26a0576c4819,2,9,3.66,Setup Tecnológico,False
390714b2-977f-4e5c-bd1e-5f282ff785ef,3,18,6.98,Setup Tecnológico,False
17775f19-8c66-41b3-bd38-919b0fe10b8f,5,16,7.93,Aprobación de Pago,False
17775f19-8c66-41b3-bd38-919b0fe10b8f,6,9,6.61,Iniciar Baja,False
17775f19-8c66-41b3-bd38-919b0fe10b8f,2,9,3.44,Evaluación Técnica,False
17775f19-8c66-41b3-bd38-919b0fe10b8f,2,16,4.73,Setup Tecnológico,False
17775f19-8c66-41b3-bd38-919b0fe10b8f,6,10,3.42,Inicio del Proceso,False
f5ba7581-b2ac-4b3a-830e-64ab112f975a,1,17,0.57,Habilitar Permisos,False
f5ba7581-b2ac-4b3a-830e-64ab112f975a,3,14,3.31,Aprobar Presupuesto,False
f036cecc-192b-4e1e-bdc2-c95608f24fe9,4,11,3.43,Pago de Liquidación,False
31ece703-f961-4e8e-a5c5-cd5c5b47e3db,1,8,6.35,Revisión Contable,False
5fd7b0ae-2619-4038-a52e-26a0576c4819,6,14,3.2,Evaluación Técnica,False
f036cecc-192b-4e1e-bdc2-c95608f24fe9,3,8,5.94,Verificar Stock,False
f5ba7581-b2ac-4b3a-830e-64ab112f975a,0,13,7.79,Inicio de la solicitud,False
5f56f693-5a38-4ca2-96c0-7bba750fc7a6,0,11,5.43,Aprobar Presupuesto,False
5f56f693-5a38-4ca2-96c0-7bba750fc7a6,5,13,7.17,Feedback de Manager,False
5f56f693-5a38-4ca2-96c0-7bba750fc7a6,1,10,1.01,Aprobación Presupuesto,False
f5ba7581-b2ac-4b3a-830e-64ab112f975a,1,9,0.76,Consolidar Gastos,False
5f56f693-5a38-4ca2-96c0-7bba750fc7a6,5,9,5.83,Instalar Licencia,False
390714b2-977f-4e5c-bd1e-5f282ff785ef,4,8,2.64,Consolidar Gastos,False
f5ba7581-b2ac-4b3a-830e-64ab112f975a,1,15,7.31,Validar Capacitación,False
f036cecc-192b-4e1e-bdc2-c95608f24fe9,3,10,1.43,Especificar Servidores,False
31ece703-f961-4e8e-a5c5-cd5c5b47e3db,3,13,4.52,Feedback de Manager,False
31ece703-f961-4e8e-a5c5-cd5c5b47e3db,4,10,1.43,Revisión Contable,False
31ece703-f961-4e8e-a5c5-cd5c5b47e3db,0,8,2.62,Subir Borrador,False
f5ba7581-b2ac-4b3a-830e-64ab112f975a,6,10,2.46,Entrega del Equipo,False
f036cecc-192b-4e1e-bdc2-c95608f24fe9,3,14,6.04,Aprobación del manager,False
5f56f693-5a38-4ca2-96c0-7bba750fc7a6,4,8,7.21,Revisión de Seguridad,False
17775f19-8c66-41b3-bd38-919b0fe10b8f,5,15,4.65,Dispersión de Fondos,False
390714b2-977f-4e5c-bd1e-5f282ff785ef,2,16,5.11,Consolidar Gastos,False
5fd7b0ae-2619-4038-a52e-26a0576c4819,0,17,5.99,Instalar Licencia,False
e6edcb81-4782-44f0-af6d-1e9e184c77ba,6,13,2.76,Instalar Licencia,False
e6edcb81-4782-44f0-af6d-1e9e184c77ba,0,13,1.94,Especificar Servidores,False
5f56f693-5a38-4ca2-96c0-7bba750fc7a6,5,17,3.32,Procesar Transferencia,False
5f56f693-5a38-4ca2-96c0-7bba750fc7a6,2,18,7.1,Pago de Liquidación,False
17775f19-8c66-41b3-bd38-919b0fe10b8f,4,12,5.16,Aprobación del manager,False
5fd7b0ae-2619-4038-a52e-26a0576c4819,6,11,3.71,Iniciar Baja,False
e6edcb81-4782-44f0-af6d-1e9e184c77ba,0,13,5.61,Habilitar Permisos,False
f5ba7581-b2ac-4b3a-830e-64ab112f975a,1,11,0.7,Inicio del Proceso,False
f036cecc-192b-4e1e-bdc2-c95608f24fe9,0,15,7.36,Consolidar Gastos,False
390714b2-977f-4e5c-bd1e-5f282ff785ef,6,14,0.88,Detallar Curso,False
31ece703-f961-4e8e-a5c5-cd5c5b47e3db,3,10,7.93,Validar Comercial,False
31ece703-f961-4e8e-a5c5-cd5c5b47e3db,6,8,1.96,Presentar Requerimiento,False
17775f19-8c66-41b3-bd38-919b0fe10b8f,6,13,4.23,Reunión Bienvenida,False
f5ba7581-b2ac-4b3a-830e-64ab112f975a,4,18,2.27,Especificar Servidores,False
5fd7b0ae-2619-4038-a52e-26a0576c4819,1,17,3.96,Evaluación Técnica,False
f5ba7581-b2ac-4b3a-830e-64ab112f975a,5,9,6.62,Solicitar Adelanto,False
5fd7b0ae-2619-4038-a52e-26a0576c4819,6,14,3.29,Especificar Licencia,False
17775f19-8c66-41b3-bd38-919b0fe10b8f,1,9,6.28,Aprobación Presupuesto,False
5fd7b0ae-2619-4038-a52e-26a0576c4819,5,8,3.54,Inicio del Proceso,False
f036cecc-192b-4e1e-bdc2-c95608f24fe9,0,17,3.93,Especificar Licencia,False
5fd7b0ae-2619-4038-a52e-26a0576c4819,2,15,3.05,Aprobación Presupuesto,False
390714b2-977f-4e5c-bd1e-5f282ff785ef,4,9,6.74,Aprobación del manager,False
f5ba7581-b2ac-4b3a-830e-64ab112f975a,2,14,6.12,Entrega del Equipo,False
5f56f693-5a38-4ca2-96c0-7bba750fc7a6,6,13,7.52,Revisión Gerencial,False
31ece703-f961-4e8e-a5c5-cd5c5b47e3db,3,18,4.15,Preparar Firma,False
e6edcb81-4782-44f0-af6d-1e9e184c77ba,6,13,5.66,Inicio del Proceso,False
e6edcb81-4782-44f0-af6d-1e9e184c77ba,2,9,4.14,Revisión de Seguridad,False
31ece703-f961-4e8e-a5c5-cd5c5b47e3db,0,11,4.94,Evaluación Técnica,False
f5ba7581-b2ac-4b3a-830e-64ab112f975a,2,14,7.4,Iniciar Baja,False
e6edcb81-4782-44f0-af6d-1e9e184c77ba,5,9,5.42,Subir Borrador,False
17775f19-8c66-41b3-bd38-919b0fe10b8f,2,16,2.16,Verificar Stock,False
5f56f693-5a38-4ca2-96c0-7bba750fc7a6,3,8,1.35,Detallar Curso,False
5f56f693-5a38-4ca2-96c0-7bba750fc7a6,4,8,2.32,Consolidación de RRHH,False
17775f19-8c66-41b3-bd38-919b0fe10b8f,3,18,5.05,Setup Tecnológico,False
f036cecc-192b-4e1e-bdc2-c95608f24fe9,1,10,1.33,Iniciar Baja,False
e6edcb81-4782-44f0-af6d-1e9e184c77ba,5,16,1.53,Aprobación de Pago,False
e6edcb81-4782-44f0-af6d-1e9e184c77ba,2,15,5.26,Verificar Stock,False
390714b2-977f-4e5c-bd1e-5f282ff785ef,3,9,3.53,Validar Capacitación,False
e6edcb81-4782-44f0-af6d-1e9e184c77ba,5,16,4.58,Preparar Firma,False
5fd7b0ae-2619-4038-a52e-26a0576c4819,6,13,5.97,Autoevaluación,False
f5ba7581-b2ac-4b3a-830e-64ab112f975a,0,18,4.61,Aprobación Costos,False
5fd7b0ae-2619-4038-a52e-26a0576c4819,5,12,1.53,Revisión Contable,False
17775f19-8c66-41b3-bd38-919b0fe10b8f,1,16,7.98,Instalar Licencia,False
f5ba7581-b2ac-4b3a-830e-64ab112f975a,4,12,0.88,Validar Elegibilidad,False
31ece703-f961-4e8e-a5c5-cd5c5b47e3db,3,16,2.45,Enviar solicitud de vacaciones,False
f5ba7581-b2ac-4b3a-830e-64ab112f975a,1,10,6.23,Solicitar Adelanto,False
f036cecc-192b-4e1e-bdc2-c95608f24fe9,2,9,3.82,Dispersión de Fondos,False
e6edcb81-4782-44f0-af6d-1e9e184c77ba,0,13,7.54,Verificar Factura,False
390714b2-977f-4e5c-bd1e-5f282ff785ef,2,12,3.73,Aprobación Presupuesto,False
31ece703-f961-4e8e-a5c5-cd5c5b47e3db,3,15,4.36,Revisión Contable,False
17775f19-8c66-41b3-bd38-919b0fe10b8f,2,10,1.5,Aprobación Costos,False
f5ba7581-b2ac-4b3a-830e-64ab112f975a,2,18,1.36,Pago de Liquidación,False
5fd7b0ae-2619-4038-a52e-26a0576c4819,0,13,1.4,Revisión Contable,False
f036cecc-192b-4e1e-bdc2-c95608f24fe9,6,11,6.79,Setup Tecnológico,False
5f56f693-5a38-4ca2-96c0-7bba750fc7a6,6,13,5.91,Validación de RRHH,False
f5ba7581-b2ac-4b3a-830e-64ab112f975a,2,18,3.56,Verificar Stock,False
17775f19-8c66-41b3-bd38-919b0fe10b8f,0,12,6.74,Dispersión de Fondos,False
e6edcb81-4782-44f0-af6d-1e9e184c77ba,4,17,1.08,Cerrar Accesos,False
31ece703-f961-4e8e-a5c5-cd5c5b47e3db,0,15,5.26,Dispersión de Fondos,False
f5ba7581-b2ac-4b3a-830e-64ab112f975a,5,12,3.34,Aprobación Presupuesto,False
e6edcb81-4782-44f0-af6d-1e9e184c77ba,0,18,4.06,Feedback de Manager,False
5fd7b0ae-2619-4038-a52e-26a0576c4819,2,14,2.83,Evaluación Técnica,False
5fd7b0ae-2619-4038-a52e-26a0576c4819,6,14,1.08,Revisión Contable,False
e6edcb81-4782-44f0-af6d-1e9e184c77ba,6,18,3.99,Consolidación de RRHH,False
5fd7b0ae-2619-4038-a52e-26a0576c4819,3,14,3.84,Autorización Gerencia,False
5f56f693-5a38-4ca2-96c0-7bba750fc7a6,3,17,4.61,Consolidar Gastos,False
f036cecc-192b-4e1e-bdc2-c95608f24fe9,4,18,5.69,Evaluación Técnica,False
31ece703-f961-4e8e-a5c5-cd5c5b47e3db,2,11,6.56,Enviar solicitud de vacaciones,False
390714b2-977f-4e5c-bd1e-5f282ff785ef,1,18,7.14,Habilitar Permisos,False
5fd7b0ae-2619-4038-a52e-26a0576c4819,0,8,6.19,Subir Borrador,False
31ece703-f961-4e8e-a5c5-cd5c5b47e3db,6,10,5.59,Validar Elegibilidad,False
31ece703-f961-4e8e-a5c5-cd5c5b47e3db,0,9,0.91,Reunión Bienvenida,False
f036cecc-192b-4e1e-bdc2-c95608f24fe9,1,12,5.31,Validar Comercial,False
e6edcb81-4782-44f0-af6d-1e9e184c77ba,1,9,6.67,Registrar Recibos,False
31ece703-f961-4e8e-a5c5-cd5c5b47e3db,3,12,1.77,Subir Borrador,False
31ece703-f961-4e8e-a5c5-cd5c5b47e3db,3,12,1.81,Validar Capacitación,False
5fd7b0ae-2619-4038-a52e-26a0576c4819,3,10,1.39,Reunión Bienvenida,False
17775f19-8c66-41b3-bd38-919b0fe10b8f,0,9,7.33,Aprobación Presupuesto,False
f5ba7581-b2ac-4b3a-830e-64ab112f975a,3,18,6.56,Dispersión de Fondos,False
f5ba7581-b2ac-4b3a-830e-64ab112f975a,5,8,0.8,Revisión Gerencial,False
f5ba7581-b2ac-4b3a-830e-64ab112f975a,4,17,2.5,Detallar Curso,False
f036cecc-192b-4e1e-bdc2-c95608f24fe9,4,17,2.53,Procesar Transferencia,False
17775f19-8c66-41b3-bd38-919b0fe10b8f,1,12,6.1,Inicio de la solicitud,False
f5ba7581-b2ac-4b3a-830e-64ab112f975a,0,16,6.19,Solicitar Adelanto,False
31ece703-f961-4e8e-a5c5-cd5c5b47e3db,6,11,5.78,Instalar Licencia,False
390714b2-977f-4e5c-bd1e-5f282ff785ef,0,16,7.33,Consolidación de RRHH,False
5f56f693-5a38-4ca2-96c0-7bba750fc7a6,0,8,0.55,Consolidación de RRHH,False
5f56f693-5a38-4ca2-96c0-7bba750fc7a6,6,8,2.43,Pago de Liquidación,False
17775f19-8c66-41b3-bd38-919b0fe10b8f,6,9,2.83,Aprobación del manager,False
17775f19-8c66-41b3-bd38-919b0fe10b8f,5,15,0.76,Iniciar Baja,False
17775f19-8c66-41b3-bd38-919b0fe10b8f,1,18,3.35,Pago de Liquidación,False
31ece703-f961-4e8e-a5c5-cd5c5b47e3db,3,18,6.67,Detallar Curso,False
31ece703-f961-4e8e-a5c5-cd5c5b47e3db,2,12,5.57,Setup Tecnológico,False
390714b2-977f-4e5c-bd1e-5f282ff785ef,6,9,3.12,Feedback de Manager,False
390714b2-977f-4e5c-bd1e-5f282ff785ef,3,8,0.91,Verificar Stock,False
e6edcb81-4782-44f0-af6d-1e9e184c77ba,1,17,7.36,Feedback de Manager,False
e6edcb81-4782-44f0-af6d-1e9e184c77ba,6,8,7.13,Subir Borrador,False
390714b2-977f-4e5c-bd1e-5f282ff785ef,3,13,3.15,Verificar Stock,False
17775f19-8c66-41b3-bd38-919b0fe10b8f,5,12,3.97,Aprobación del manager,False
31ece703-f961-4e8e-a5c5-cd5c5b47e3db,0,8,6.81,Entrega del Equipo,False
17775f19-8c66-41b3-bd38-919b0fe10b8f,6,16,3.38,Aprobación del manager,False
31ece703-f961-4e8e-a5c5-cd5c5b47e3db,1,16,6.99,Autorización Gerencia,False
31ece703-f961-4e8e-a5c5-cd5c5b47e3db,3,18,0.6,Aprobar Presupuesto,False
31ece703-f961-4e8e-a5c5-cd5c5b47e3db,5,14,6.68,Procesar Transferencia,False
5f56f693-5a38-4ca2-96c0-7bba750fc7a6,4,15,3.19,Iniciar Baja,False
17775f19-8c66-41b3-bd38-919b0fe10b8f,3,14,3.37,Aprobación Presupuesto,False
17775f19-8c66-41b3-bd38-919b0fe10b8f,0,12,1.36,Autoevaluación,False
e6edcb81-4782-44f0-af6d-1e9e184c77ba,3,10,1.85,Preparar Firma,False
e6edcb81-4782-44f0-af6d-1e9e184c77ba,0,9,6.36,Subir Borrador,False
5f56f693-5a38-4ca2-96c0-7bba750fc7a6,4,11,7.16,Instalar Licencia,False
17775f19-8c66-41b3-bd38-919b0fe10b8f,5,14,1.11,Pago de Liquidación,False
e6edcb81-4782-44f0-af6d-1e9e184c77ba,2,9,4.64,Aprobación de Pago,False
31ece703-f961-4e8e-a5c5-cd5c5b47e3db,2,10,2.79,Reunión Bienvenida,False
17775f19-8c66-41b3-bd38-919b0fe10b8f,4,15,1.97,Evaluación Técnica,False
e6edcb81-4782-44f0-af6d-1e9e184c77ba,3,11,7.03,Reunión Bienvenida,False
17775f19-8c66-41b3-bd38-919b0fe10b8f,6,11,4.82,Preparar Firma,False
31ece703-f961-4e8e-a5c5-cd5c5b47e3db,3,9,2.53,Aprobación Costos,False
5f56f693-5a38-4ca2-96c0-7bba750fc7a6,0,15,7.28,Especificar Servidores,False
390714b2-977f-4e5c-bd1e-5f282ff785ef,5,12,6.0,Verificar Stock,False
f5ba7581-b2ac-4b3a-830e-64ab112f975a,2,15,6.57,Feedback de Manager,False
5fd7b0ae-2619-4038-a52e-26a0576c4819,2,9,7.46,Reunión Bienvenida,False
31ece703-f961-4e8e-a5c5-cd5c5b47e3db,0,13,7.73,Inicio de la solicitud,False
f5ba7581-b2ac-4b3a-830e-64ab112f975a,2,9,6.18,Enviar solicitud de vacaciones,False
17775f19-8c66-41b3-bd38-919b0fe10b8f,5,18,1.88,Aprobación Costos,False
f5ba7581-b2ac-4b3a-830e-64ab112f975a,0,15,4.49,Verificar Stock,False
f036cecc-192b-4e1e-bdc2-c95608f24fe9,1,12,6.28,Solicitar Adelanto,False
f036cecc-192b-4e1e-bdc2-c95608f24fe9,5,9,4.11,Aprobación Costos,False
f036cecc-192b-4e1e-bdc2-c95608f24fe9,4,16,5.42,Detallar Curso,False
31ece703-f961-4e8e-a5c5-cd5c5b47e3db,6,15,4.68,Setup Tecnológico,False
f5ba7581-b2ac-4b3a-830e-64ab112f975a,4,18,2.67,Habilitar Permisos,False
31ece703-f961-4e8e-a5c5-cd5c5b47e3db,2,15,2.17,Autoevaluación,False
31ece703-f961-4e8e-a5c5-cd5c5b47e3db,4,14,0.85,Especificar Servidores,False
5fd7b0ae-2619-4038-a52e-26a0576c4819,2,15,1.22,Reunión Bienvenida,False
e6edcb81-4782-44f0-af6d-1e9e184c77ba,0,8,7.44,Enviar solicitud de vacaciones,False
f036cecc-192b-4e1e-bdc2-c95608f24fe9,4,16,2.02,Validar Capacitación,False
17775f19-8c66-41b3-bd38-919b0fe10b8f,5,9,5.86,Autoevaluación,False
390714b2-977f-4e5c-bd1e-5f282ff785ef,2,14,6.64,Autorización Gerencia,False
5f56f693-5a38-4ca2-96c0-7bba750fc7a6,5,12,2.28,Revisión Contable,False
e6edcb81-4782-44f0-af6d-1e9e184c77ba,4,18,3.83,Entrega del Equipo,False
e6edcb81-4782-44f0-af6d-1e9e184c77ba,6,15,2.75,Validar Elegibilidad,False
f5ba7581-b2ac-4b3a-830e-64ab112f975a,2,13,5.34,Autorización Gerencia,False
5f56f693-5a38-4ca2-96c0-7bba750fc7a6,6,12,7.39,Inicio de la solicitud,False
31ece703-f961-4e8e-a5c5-cd5c5b47e3db,5,15,4.28,Feedback de Manager,False
17775f19-8c66-41b3-bd38-919b0fe10b8f,0,17,2.85,Pago de Liquidación,False
f036cecc-192b-4e1e-bdc2-c95608f24fe9,1,12,7.79,Aprobación Costos,False
f5ba7581-b2ac-4b3a-830e-64ab112f975a,3,18,5.95,Evaluación Técnica,False
f5ba7581-b2ac-4b3a-830e-64ab112f975a,4,8,2.19,Cerrar Accesos,False
5fd7b0ae-2619-4038-a52e-26a0576c4819,6,14,1.57,Revisión Contable,False
31ece703-f961-4e8e-a5c5-cd5c5b47e3db,4,17,2.38,Validar Capacitación,False
390714b2-977f-4e5c-bd1e-5f282ff785ef,1,13,1.36,Aprobar Presupuesto,False
5f56f693-5a38-4ca2-96c0-7bba750fc7a6,0,18,6.94,Inicio de la solicitud,False
f5ba7581-b2ac-4b3a-830e-64ab112f975a,2,9,0.87,Autorización Gerencia,False
f036cecc-192b-4e1e-bdc2-c95608f24fe9,5,14,5.59,Revisión Contable,False
31ece703-f961-4e8e-a5c5-cd5c5b47e3db,0,17,4.5,Inicio de la solicitud,False
f036cecc-192b-4e1e-bdc2-c95608f24fe9,3,9,4.99,Consolidar Gastos,False
5f56f693-5a38-4ca2-96c0-7bba750fc7a6,3,11,2.02,Enviar solicitud de vacaciones,False
5f56f693-5a38-4ca2-96c0-7bba750fc7a6,2,13,3.2,Validar Elegibilidad,False
390714b2-977f-4e5c-bd1e-5f282ff785ef,5,9,1.08,Autorización Gerencia,False
17775f19-8c66-41b3-bd38-919b0fe10b8f,5,9,3.65,Consolidación de RRHH,False
e6edcb81-4782-44f0-af6d-1e9e184c77ba,1,17,1.79,Cerrar Accesos,False
e6edcb81-4782-44f0-af6d-1e9e184c77ba,6,12,0.98,Consolidar Gastos,False
5f56f693-5a38-4ca2-96c0-7bba750fc7a6,0,16,4.01,Inicio del Proceso,False
e6edcb81-4782-44f0-af6d-1e9e184c77ba,2,11,3.65,Detallar Curso,False
17775f19-8c66-41b3-bd38-919b0fe10b8f,3,11,3.01,Validar Comercial,False
e6edcb81-4782-44f0-af6d-1e9e184c77ba,2,17,5.48,Reunión Bienvenida,False
f036cecc-192b-4e1e-bdc2-c95608f24fe9,5,17,3.01,Inicio de la solicitud,False
390714b2-977f-4e5c-bd1e-5f282ff785ef,1,14,5.83,Consolidación de RRHH,False
390714b2-977f-4e5c-bd1e-5f282ff785ef,4,10,4.95,Detallar Curso,False
f036cecc-192b-4e1e-bdc2-c95608f24fe9,2,16,6.55,Validar Comercial,False
5f56f693-5a38-4ca2-96c0-7bba750fc7a6,5,10,6.6,Validación de RRHH,False
390714b2-977f-4e5c-bd1e-5f282ff785ef,3,15,4.68,Firma Director,False
5fd7b0ae-2619-4038-a52e-26a0576c4819,3,12,6.72,Verificar Factura,False
5f56f693-5a38-4ca2-96c0-7bba750fc7a6,5,13,7.11,Reunión Bienvenida,False
f036cecc-192b-4e1e-bdc2-c95608f24fe9,5,14,1.79,Consolidación de RRHH,False
f036cecc-192b-4e1e-bdc2-c95608f24fe9,4,14,1.44,Enviar solicitud de vacaciones,False
f036cecc-192b-4e1e-bdc2-c95608f24fe9,1,14,1.57,Solicitar Adelanto,False
5f56f693-5a38-4ca2-96c0-7bba750fc7a6,4,13,7.43,Aprobación Presupuesto,False
f036cecc-192b-4e1e-bdc2-c95608f24fe9,2,9,4.05,Reunión Bienvenida,False
5fd7b0ae-2619-4038-a52e-26a0576c4819,2,17,6.98,Aprobar Presupuesto,False
31ece703-f961-4e8e-a5c5-cd5c5b47e3db,2,11,6.85,Setup Tecnológico,False
5fd7b0ae-2619-4038-a52e-26a0576c4819,0,17,5.93,Aprobación de Pago,False
390714b2-977f-4e5c-bd1e-5f282ff785ef,4,8,3.47,Dispersión de Fondos,False
17775f19-8c66-41b3-bd38-919b0fe10b8f,6,13,5.4,Autorización Gerencia,False
5f56f693-5a38-4ca2-96c0-7bba750fc7a6,3,13,6.66,Procesar Transferencia,False
f036cecc-192b-4e1e-bdc2-c95608f24fe9,3,17,5.2,Verificar Factura,False
390714b2-977f-4e5c-bd1e-5f282ff785ef,2,10,3.09,Validar Comercial,False
f036cecc-192b-4e1e-bdc2-c95608f24fe9,5,15,6.89,Verificar Stock,False
17775f19-8c66-41b3-bd38-919b0fe10b8f,3,11,5.81,Aprobación de Pago,False
5fd7b0ae-2619-4038-a52e-26a0576c4819,2,8,1.82,Evaluación Técnica,False
5fd7b0ae-2619-4038-a52e-26a0576c4819,4,11,4.7,Validar Comercial,False
f036cecc-192b-4e1e-bdc2-c95608f24fe9,6,14,2.51,Validación de RRHH,False
17775f19-8c66-41b3-bd38-919b0fe10b8f,6,17,7.89,Aprobar Presupuesto,False
e6edcb81-4782-44f0-af6d-1e9e184c77ba,5,18,2.6,Registrar Recibos,False
31ece703-f961-4e8e-a5c5-cd5c5b47e3db,2,11,5.71,Feedback de Manager,False
17775f19-8c66-41b3-bd38-919b0fe10b8f,6,18,2.05,Aprobación Costos,False
e6edcb81-4782-44f0-af6d-1e9e184c77ba,1,9,7.9,Especificar Licencia,False
f5ba7581-b2ac-4b3a-830e-64ab112f975a,2,9,6.63,Preparar Firma,False
f5ba7581-b2ac-4b3a-830e-64ab112f975a,4,13,6.06,Dispersión de Fondos,False
e6edcb81-4782-44f0-af6d-1e9e184c77ba,0,12,2.05,Cerrar Accesos,False
5f56f693-5a38-4ca2-96c0-7bba750fc7a6,2,17,2.81,Aprobación de Pago,False
17775f19-8c66-41b3-bd38-919b0fe10b8f,2,12,7.7,Procesar Transferencia,False
17775f19-8c66-41b3-bd38-919b0fe10b8f,2,13,6.66,Subir Borrador,False
17775f19-8c66-41b3-bd38-919b0fe10b8f,1,12,7.14,Feedback de Manager,False
e6edcb81-4782-44f0-af6d-1e9e184c77ba,3,18,6.13,Autorización Gerencia,False
5f56f693-5a38-4ca2-96c0-7bba750fc7a6,1,15,1.03,Reunión Bienvenida,False
390714b2-977f-4e5c-bd1e-5f282ff785ef,2,16,7.81,Validación de RRHH,False
f5ba7581-b2ac-4b3a-830e-64ab112f975a,3,10,5.42,Aprobar Presupuesto,False
f036cecc-192b-4e1e-bdc2-c95608f24fe9,5,17,1.52,Aprobación de Pago,False
17775f19-8c66-41b3-bd38-919b0fe10b8f,6,15,6.57,Revisión Gerencial,False
e6edcb81-4782-44f0-af6d-1e9e184c77ba,5,8,6.6,Habilitar Permisos,False
390714b2-977f-4e5c-bd1e-5f282ff785ef,3,9,5.92,Preparar Firma,False
17775f19-8c66-41b3-bd38-919b0fe10b8f,2,15,2.5,Procesar Transferencia,False
390714b2-977f-4e5c-bd1e-5f282ff785ef,4,15,4.6,Validar Comercial,False
5fd7b0ae-2619-4038-a52e-26a0576c4819,1,14,1.43,Consolidación de RRHH,False
31ece703-f961-4e8e-a5c5-cd5c5b47e3db,1,12,6.99,Aprobación Costos,False
17775f19-8c66-41b3-bd38-919b0fe10b8f,4,18,3.99,Firma Director,False
f5ba7581-b2ac-4b3a-830e-64ab112f975a,4,17,2.22,Pago de Liquidación,False
5f56f693-5a38-4ca2-96c0-7bba750fc7a6,2,16,5.83,Aprobación Presupuesto,False
f5ba7581-b2ac-4b3a-830e-64ab112f975a,0,15,5.54,Validar Capacitación,False
5fd7b0ae-2619-4038-a52e-26a0576c4819,0,13,4.93,Instalar Licencia,False
390714b2-977f-4e5c-bd1e-5f282ff785ef,4,9,3.45,Presentar Requerimiento,False
e6edcb81-4782-44f0-af6d-1e9e184c77ba,0,17,1.46,Aprobar Presupuesto,False
f5ba7581-b2ac-4b3a-830e-64ab112f975a,6,17,4.87,Revisión Contable,False
5f56f693-5a38-4ca2-96c0-7bba750fc7a6,2,15,7.16,Registrar Recibos,False
5fd7b0ae-2619-4038-a52e-26a0576c4819,1,9,0.55,Preparar Firma,False
31ece703-f961-4e8e-a5c5-cd5c5b47e3db,2,16,6.67,Aprobación Costos,False
390714b2-977f-4e5c-bd1e-5f282ff785ef,1,14,6.68,Revisión de Seguridad,False
5fd7b0ae-2619-4038-a52e-26a0576c4819,5,17,5.64,Feedback de Manager,False
f5ba7581-b2ac-4b3a-830e-64ab112f975a,1,8,0.94,Autorización Gerencia,False
f036cecc-192b-4e1e-bdc2-c95608f24fe9,5,11,0.87,Preparar Firma,False
390714b2-977f-4e5c-bd1e-5f282ff785ef,0,14,0.62,Solicitar Adelanto,False
f5ba7581-b2ac-4b3a-830e-64ab112f975a,1,16,6.47,Cerrar Accesos,False
5f56f693-5a38-4ca2-96c0-7bba750fc7a6,6,11,0.56,Validación de RRHH,False
5f56f693-5a38-4ca2-96c0-7bba750fc7a6,5,9,2.73,Evaluación Técnica,False
390714b2-977f-4e5c-bd1e-5f282ff785ef,4,17,0.9,Detallar Curso,False
e6edcb81-4782-44f0-af6d-1e9e184c77ba,5,14,4.5,Revisión Contable,False
5fd7b0ae-2619-4038-a52e-26a0576c4819,5,13,6.67,Aprobación de Pago,False
f036cecc-192b-4e1e-bdc2-c95608f24fe9,4,12,5.82,Dispersión de Fondos,False
31ece703-f961-4e8e-a5c5-cd5c5b47e3db,5,9,3.61,Dispersión de Fondos,False
f5ba7581-b2ac-4b3a-830e-64ab112f975a,1,12,2.68,Setup Tecnológico,False
f036cecc-192b-4e1e-bdc2-c95608f24fe9,0,14,6.92,Aprobación de Pago,False
e6edcb81-4782-44f0-af6d-1e9e184c77ba,6,13,1.98,Feedback de Manager,False
31ece703-f961-4e8e-a5c5-cd5c5b47e3db,1,13,1.45,Instalar Licencia,False
f5ba7581-b2ac-4b3a-830e-64ab112f975a,1,18,5.76,Revisión Gerencial,False
f5ba7581-b2ac-4b3a-830e-64ab112f975a,1,8,7.86,Revisión Contable,False
390714b2-977f-4e5c-bd1e-5f282ff785ef,1,10,3.44,Aprobación de Pago,False
f5ba7581-b2ac-4b3a-830e-64ab112f975a,2,15,2.15,Revisión Contable,False
f5ba7581-b2ac-4b3a-830e-64ab112f975a,5,10,2.15,Firma Director,False
f5ba7581-b2ac-4b3a-830e-64ab112f975a,5,12,7.87,Habilitar Permisos,False
f5ba7581-b2ac-4b3a-830e-64ab112f975a,4,17,4.26,Procesar Transferencia,False
17775f19-8c66-41b3-bd38-919b0fe10b8f,4,10,0.53,Reunión Bienvenida,False
5f56f693-5a38-4ca2-96c0-7bba750fc7a6,4,12,5.68,Verificar Factura,False
17775f19-8c66-41b3-bd38-919b0fe10b8f,5,10,6.64,Revisión Contable,False
e6edcb81-4782-44f0-af6d-1e9e184c77ba,3,8,5.27,Registrar Recibos,False
17775f19-8c66-41b3-bd38-919b0fe10b8f,4,15,7.72,Aprobación de Pago,False
5f56f693-5a38-4ca2-96c0-7bba750fc7a6,3,11,6.41,Especificar Licencia,False
390714b2-977f-4e5c-bd1e-5f282ff785ef,0,15,1.86,Revisión Gerencial,False
f5ba7581-b2ac-4b3a-830e-64ab112f975a,5,17,2.58,Evaluación Técnica,False
31ece703-f961-4e8e-a5c5-cd5c5b47e3db,5,13,5.22,Subir Borrador,False
5fd7b0ae-2619-4038-a52e-26a0576c4819,1,17,1.84,Revisión de Seguridad,False
31ece703-f961-4e8e-a5c5-cd5c5b47e3db,0,12,4.86,Habilitar Permisos,False
f036cecc-192b-4e1e-bdc2-c95608f24fe9,6,9,1.0,Preparar Firma,False
5fd7b0ae-2619-4038-a52e-26a0576c4819,1,10,4.0,Especificar Licencia,False
5fd7b0ae-2619-4038-a52e-26a0576c4819,4,15,3.5,Habilitar Permisos,False
5f56f693-5a38-4ca2-96c0-7bba750fc7a6,5,11,4.32,Preparar Firma,False
17775f19-8c66-41b3-bd38-919b0fe10b8f,5,11,0.55,Pago de Liquidación,False
f5ba7581-b2ac-4b3a-830e-64ab112f975a,6,10,4.3,Autorización Gerencia,False
390714b2-977f-4e5c-bd1e-5f282ff785ef,1,13,5.5,Revisión de Seguridad,False
f5ba7581-b2ac-4b3a-830e-64ab112f975a,2,9,5.58,Aprobar Presupuesto,False
f036cecc-192b-4e1e-bdc2-c95608f24fe9,3,11,2.8,Preparar Firma,False
17775f19-8c66-41b3-bd38-919b0fe10b8f,5,18,2.83,Cerrar Accesos,False
17775f19-8c66-41b3-bd38-919b0fe10b8f,2,13,0.8,Validar Capacitación,False
31ece703-f961-4e8e-a5c5-cd5c5b47e3db,4,16,5.06,Instalar Licencia,False
f5ba7581-b2ac-4b3a-830e-64ab112f975a,6,8,2.72,Autorización Gerencia,False
17775f19-8c66-41b3-bd38-919b0fe10b8f,5,14,3.07,Procesar Transferencia,False
f036cecc-192b-4e1e-bdc2-c95608f24fe9,0,11,1.5,Revisión de Seguridad,False
17775f19-8c66-41b3-bd38-919b0fe10b8f,3,9,2.78,Reunión Bienvenida,False
390714b2-977f-4e5c-bd1e-5f282ff785ef,4,10,3.02,Entrega del Equipo,False
390714b2-977f-4e5c-bd1e-5f282ff785ef,6,16,7.03,Firma Director,False
f036cecc-192b-4e1e-bdc2-c95608f24fe9,3,8,1.04,Firma Director,False
5f56f693-5a38-4ca2-96c0-7bba750fc7a6,3,18,1.04,Entrega del Equipo,False
5f56f693-5a38-4ca2-96c0-7bba750fc7a6,3,8,1.94,Iniciar Baja,False
f036cecc-192b-4e1e-bdc2-c95608f24fe9,4,14,6.44,Verificar Factura,False
f5ba7581-b2ac-4b3a-830e-64ab112f975a,4,11,5.43,Entrega del Equipo,False
f5ba7581-b2ac-4b3a-830e-64ab112f975a,3,10,7.25,Dispersión de Fondos,False
31ece703-f961-4e8e-a5c5-cd5c5b47e3db,4,8,2.43,Presentar Requerimiento,False
5fd7b0ae-2619-4038-a52e-26a0576c4819,6,16,7.6,Presentar Requerimiento,False
e6edcb81-4782-44f0-af6d-1e9e184c77ba,3,12,4.88,Setup Tecnológico,False
e6edcb81-4782-44f0-af6d-1e9e184c77ba,3,11,2.9,Revisión de Seguridad,False
17775f19-8c66-41b3-bd38-919b0fe10b8f,0,16,2.63,Validar Comercial,False
5f56f693-5a38-4ca2-96c0-7bba750fc7a6,0,12,3.71,Entrega del Equipo,False
e6edcb81-4782-44f0-af6d-1e9e184c77ba,4,10,7.08,Aprobación Costos,False
5fd7b0ae-2619-4038-a52e-26a0576c4819,1,9,0.63,Entrega del Equipo,False
31ece703-f961-4e8e-a5c5-cd5c5b47e3db,3,17,5.47,Dispersión de Fondos,False
f036cecc-192b-4e1e-bdc2-c95608f24fe9,1,15,3.73,Especificar Servidores,False
f5ba7581-b2ac-4b3a-830e-64ab112f975a,6,13,2.4,Setup Tecnológico,False
f036cecc-192b-4e1e-bdc2-c95608f24fe9,2,18,5.71,Validación de RRHH,False
f5ba7581-b2ac-4b3a-830e-64ab112f975a,1,8,6.89,Especificar Servidores,False
31ece703-f961-4e8e-a5c5-cd5c5b47e3db,1,13,7.53,Autoevaluación,False
e6edcb81-4782-44f0-af6d-1e9e184c77ba,3,17,3.02,Detallar Curso,False
e6edcb81-4782-44f0-af6d-1e9e184c77ba,1,8,4.01,Aprobar Presupuesto,False
390714b2-977f-4e5c-bd1e-5f282ff785ef,6,11,7.99,Verificar Factura,False
390714b2-977f-4e5c-bd1e-5f282ff785ef,2,14,1.66,Procesar Transferencia,False
e6edcb81-4782-44f0-af6d-1e9e184c77ba,3,9,4.02,Entrega del Equipo,False
5fd7b0ae-2619-4038-a52e-26a0576c4819,5,16,4.19,Autorización Gerencia,False
f036cecc-192b-4e1e-bdc2-c95608f24fe9,4,9,7.48,Aprobación de Pago,False
5f56f693-5a38-4ca2-96c0-7bba750fc7a6,2,13,1.58,Instalar Licencia,False
f5ba7581-b2ac-4b3a-830e-64ab112f975a,0,8,6.8,Inicio de la solicitud,False
e6edcb81-4782-44f0-af6d-1e9e184c77ba,5,12,1.1,Dispersión de Fondos,False
5f56f693-5a38-4ca2-96c0-7bba750fc7a6,0,11,2.37,Especificar Licencia,False
31ece703-f961-4e8e-a5c5-cd5c5b47e3db,3,18,7.23,Validación de RRHH,False
390714b2-977f-4e5c-bd1e-5f282ff785ef,2,10,3.25,Aprobación de Pago,False
f5ba7581-b2ac-4b3a-830e-64ab112f975a,4,15,1.55,Validación de RRHH,False
e6edcb81-4782-44f0-af6d-1e9e184c77ba,5,11,3.4,Firma Director,False
f5ba7581-b2ac-4b3a-830e-64ab112f975a,0,15,6.23,Verificar Factura,False
5f56f693-5a38-4ca2-96c0-7bba750fc7a6,1,10,7.45,Revisión Contable,False
17775f19-8c66-41b3-bd38-919b0fe10b8f,1,16,0.53,Especificar Licencia,False
f036cecc-192b-4e1e-bdc2-c95608f24fe9,5,17,1.29,Validación de RRHH,False
17775f19-8c66-41b3-bd38-919b0fe10b8f,4,18,2.01,Revisión Gerencial,False
31ece703-f961-4e8e-a5c5-cd5c5b47e3db,0,10,2.52,Habilitar Permisos,False
5f56f693-5a38-4ca2-96c0-7bba750fc7a6,6,10,6.77,Feedback de Manager,False
e6edcb81-4782-44f0-af6d-1e9e184c77ba,3,13,2.04,Iniciar Baja,False
f036cecc-192b-4e1e-bdc2-c95608f24fe9,0,14,5.93,Evaluación Técnica,False
f036cecc-192b-4e1e-bdc2-c95608f24fe9,6,15,6.75,Presentar Requerimiento,False
f036cecc-192b-4e1e-bdc2-c95608f24fe9,5,8,4.12,Verificar Factura,False
31ece703-f961-4e8e-a5c5-cd5c5b47e3db,1,10,3.57,Inicio de la solicitud,False
f5ba7581-b2ac-4b3a-830e-64ab112f975a,6,18,1.33,Pago de Liquidación,False
5fd7b0ae-2619-4038-a52e-26a0576c4819,6,16,7.27,Iniciar Baja,False
390714b2-977f-4e5c-bd1e-5f282ff785ef,3,13,5.65,Habilitar Permisos,False
f036cecc-192b-4e1e-bdc2-c95608f24fe9,2,14,6.13,Setup Tecnológico,False
f036cecc-192b-4e1e-bdc2-c95608f24fe9,3,9,5.97,Validar Elegibilidad,False
31ece703-f961-4e8e-a5c5-cd5c5b47e3db,3,11,2.26,Subir Borrador,False
17775f19-8c66-41b3-bd38-919b0fe10b8f,2,13,2.76,Evaluación Técnica,False
390714b2-977f-4e5c-bd1e-5f282ff785ef,2,13,7.21,Aprobación del manager,False
390714b2-977f-4e5c-bd1e-5f282ff785ef,3,13,4.87,Especificar Licencia,False
17775f19-8c66-41b3-bd38-919b0fe10b8f,1,14,6.08,Especificar Licencia,False
390714b2-977f-4e5c-bd1e-5f282ff785ef,4,11,4.23,Inicio del Proceso,False
f5ba7581-b2ac-4b3a-830e-64ab112f975a,5,18,6.53,Evaluación Técnica,False
5f56f693-5a38-4ca2-96c0-7bba750fc7a6,4,12,7.87,Consolidación de RRHH,False
5f56f693-5a38-4ca2-96c0-7bba750fc7a6,6,11,7.82,Especificar Servidores,False
390714b2-977f-4e5c-bd1e-5f282ff785ef,5,15,7.4,Aprobación de Pago,False
5f56f693-5a38-4ca2-96c0-7bba750fc7a6,5,15,5.54,Entrega del Equipo,False
31ece703-f961-4e8e-a5c5-cd5c5b47e3db,1,18,5.73,Validación de RRHH,False
17775f19-8c66-41b3-bd38-919b0fe10b8f,2,18,2.33,Pago de Liquidación,False
f036cecc-192b-4e1e-bdc2-c95608f24fe9,3,17,4.85,Aprobación del manager,False
390714b2-977f-4e5c-bd1e-5f282ff785ef,4,16,1.04,Cerrar Accesos,False
e6edcb81-4782-44f0-af6d-1e9e184c77ba,5,11,3.07,Consolidar Gastos,False
390714b2-977f-4e5c-bd1e-5f282ff785ef,3,11,0.83,Revisión Gerencial,False
17775f19-8c66-41b3-bd38-919b0fe10b8f,5,16,6.46,Especificar Servidores,False
5f56f693-5a38-4ca2-96c0-7bba750fc7a6,1,10,0.89,Iniciar Baja,False
17775f19-8c66-41b3-bd38-919b0fe10b8f,1,10,0.62,Feedback de Manager,False
f5ba7581-b2ac-4b3a-830e-64ab112f975a,5,14,1.37,Aprobar Presupuesto,False
f036cecc-192b-4e1e-bdc2-c95608f24fe9,4,14,4.15,Especificar Servidores,False
17775f19-8c66-41b3-bd38-919b0fe10b8f,6,15,0.71,Entrega del Equipo,False
31ece703-f961-4e8e-a5c5-cd5c5b47e3db,4,16,5.38,Iniciar Baja,False
5f56f693-5a38-4ca2-96c0-7bba750fc7a6,1,10,5.02,Aprobar Presupuesto,False
31ece703-f961-4e8e-a5c5-cd5c5b47e3db,3,11,5.26,Entrega del Equipo,False
5f56f693-5a38-4ca2-96c0-7bba750fc7a6,4,16,7.74,Iniciar Baja,False
31ece703-f961-4e8e-a5c5-cd5c5b47e3db,1,16,4.66,Validar Capacitación,False
5f56f693-5a38-4ca2-96c0-7bba750fc7a6,1,9,3.06,Pago de Liquidación,False
5fd7b0ae-2619-4038-a52e-26a0576c4819,5,8,1.49,Entrega del Equipo,False
390714b2-977f-4e5c-bd1e-5f282ff785ef,1,15,7.57,Dispersión de Fondos,False
f036cecc-192b-4e1e-bdc2-c95608f24fe9,3,18,3.43,Entrega del Equipo,False
5fd7b0ae-2619-4038-a52e-26a0576c4819,2,16,1.29,Validar Capacitación,False
31ece703-f961-4e8e-a5c5-cd5c5b47e3db,0,18,5.64,Consolidar Gastos,False
f036cecc-192b-4e1e-bdc2-c95608f24fe9,1,18,1.84,Solicitar Adelanto,False
5fd7b0ae-2619-4038-a52e-26a0576c4819,1,13,1.35,Habilitar Permisos,False
5f56f693-5a38-4ca2-96c0-7bba750fc7a6,3,9,7.93,Reunión Bienvenida,False
17775f19-8c66-41b3-bd38-919b0fe10b8f,2,17,7.9,Presentar Requerimiento,False
5f56f693-5a38-4ca2-96c0-7bba750fc7a6,5,10,6.03,Validar Elegibilidad,False
17775f19-8c66-41b3-bd38-919b0fe10b8f,4,16,6.79,Aprobación Costos,False
5fd7b0ae-2619-4038-a52e-26a0576c4819,1,10,7.07,Aprobación de Pago,False
390714b2-977f-4e5c-bd1e-5f282ff785ef,1,12,1.53,Registrar Recibos,False
390714b2-977f-4e5c-bd1e-5f282ff785ef,6,15,2.87,Firma Director,False
17775f19-8c66-41b3-bd38-919b0fe10b8f,2,17,6.55,Aprobación Costos,False
390714b2-977f-4e5c-bd1e-5f282ff785ef,0,8,6.27,Pago de Liquidación,False
31ece703-f961-4e8e-a5c5-cd5c5b47e3db,4,8,5.66,Detallar Curso,False
f036cecc-192b-4e1e-bdc2-c95608f24fe9,4,12,7.5,Aprobación del manager,False
17775f19-8c66-41b3-bd38-919b0fe10b8f,0,10,1.03,Registrar Recibos,False
5fd7b0ae-2619-4038-a52e-26a0576c4819,1,14,4.18,Reunión Bienvenida,False
17775f19-8c66-41b3-bd38-919b0fe10b8f,3,8,3.76,Inicio del Proceso,False
31ece703-f961-4e8e-a5c5-cd5c5b47e3db,4,14,0.98,Subir Borrador,False
390714b2-977f-4e5c-bd1e-5f282ff785ef,5,9,6.64,Aprobación del manager,False
17775f19-8c66-41b3-bd38-919b0fe10b8f,3,13,2.86,Aprobación Costos,False
390714b2-977f-4e5c-bd1e-5f282ff785ef,5,9,0.58,Validar Capacitación,False
31ece703-f961-4e8e-a5c5-cd5c5b47e3db,6,14,5.64,Reunión Bienvenida,False
31ece703-f961-4e8e-a5c5-cd5c5b47e3db,3,8,3.79,Especificar Servidores,False
31ece703-f961-4e8e-a5c5-cd5c5b47e3db,2,8,7.27,Subir Borrador,False
e6edcb81-4782-44f0-af6d-1e9e184c77ba,3,15,7.02,Verificar Factura,False
f5ba7581-b2ac-4b3a-830e-64ab112f975a,1,15,1.27,Iniciar Baja,False
31ece703-f961-4e8e-a5c5-cd5c5b47e3db,5,11,1.63,Cerrar Accesos,False
17775f19-8c66-41b3-bd38-919b0fe10b8f,1,15,0.62,Subir Borrador,False
390714b2-977f-4e5c-bd1e-5f282ff785ef,2,11,5.76,Validar Capacitación,False
31ece703-f961-4e8e-a5c5-cd5c5b47e3db,5,10,3.81,Revisión de Seguridad,False
31ece703-f961-4e8e-a5c5-cd5c5b47e3db,6,16,2.34,Cerrar Accesos,False
390714b2-977f-4e5c-bd1e-5f282ff785ef,1,16,5.27,Revisión Gerencial,False
e6edcb81-4782-44f0-af6d-1e9e184c77ba,4,8,5.9,Aprobación de Pago,False
390714b2-977f-4e5c-bd1e-5f282ff785ef,4,13,3.76,Presentar Requerimiento,False
31ece703-f961-4e8e-a5c5-cd5c5b47e3db,0,17,2.96,Consolidación de RRHH,False
f5ba7581-b2ac-4b3a-830e-64ab112f975a,5,10,7.91,Revisión Gerencial,False
f5ba7581-b2ac-4b3a-830e-64ab112f975a,1,16,1.53,Solicitar Adelanto,False
e6edcb81-4782-44f0-af6d-1e9e184c77ba,5,16,2.03,Validar Elegibilidad,False
f5ba7581-b2ac-4b3a-830e-64ab112f975a,4,17,3.37,Inicio del Proceso,False
5f56f693-5a38-4ca2-96c0-7bba750fc7a6,4,9,0.62,Validar Comercial,False
f036cecc-192b-4e1e-bdc2-c95608f24fe9,2,9,3.68,Validar Comercial,False
5f56f693-5a38-4ca2-96c0-7bba750fc7a6,4,14,0.72,Verificar Factura,False
31ece703-f961-4e8e-a5c5-cd5c5b47e3db,2,15,0.52,Entrega del Equipo,False
5fd7b0ae-2619-4038-a52e-26a0576c4819,1,17,7.67,Revisión Contable,False
5f56f693-5a38-4ca2-96c0-7bba750fc7a6,5,12,4.7,Registrar Recibos,False
e6edcb81-4782-44f0-af6d-1e9e184c77ba,4,18,7.22,Entrega del Equipo,False
f036cecc-192b-4e1e-bdc2-c95608f24fe9,1,18,4.2,Autoevaluación,False
5fd7b0ae-2619-4038-a52e-26a0576c4819,6,13,3.19,Especificar Servidores,False
f036cecc-192b-4e1e-bdc2-c95608f24fe9,0,17,4.14,Preparar Firma,False
f036cecc-192b-4e1e-bdc2-c95608f24fe9,1,15,5.82,Consolidación de RRHH,False
f036cecc-192b-4e1e-bdc2-c95608f24fe9,0,11,4.88,Solicitar Adelanto,False
f036cecc-192b-4e1e-bdc2-c95608f24fe9,2,14,6.05,Habilitar Permisos,False
f036cecc-192b-4e1e-bdc2-c95608f24fe9,6,10,2.63,Aprobación Costos,False
e6edcb81-4782-44f0-af6d-1e9e184c77ba,2,15,7.23,Verificar Stock,False
5f56f693-5a38-4ca2-96c0-7bba750fc7a6,2,17,2.19,Inicio del Proceso,False
e6edcb81-4782-44f0-af6d-1e9e184c77ba,2,13,3.81,Aprobación de Pago,False
5fd7b0ae-2619-4038-a52e-26a0576c4819,5,12,6.95,Setup Tecnológico,False
f036cecc-192b-4e1e-bdc2-c95608f24fe9,0,13,3.73,Detallar Curso,False
f5ba7581-b2ac-4b3a-830e-64ab112f975a,3,17,6.69,Autoevaluación,False
31ece703-f961-4e8e-a5c5-cd5c5b47e3db,2,16,5.22,Consolidación de RRHH,False
390714b2-977f-4e5c-bd1e-5f282ff785ef,0,17,5.23,Evaluación Técnica,False
17775f19-8c66-41b3-bd38-919b0fe10b8f,1,14,7.11,Solicitar Adelanto,False
5f56f693-5a38-4ca2-96c0-7bba750fc7a6,1,13,0.68,Especificar Servidores,False
e6edcb81-4782-44f0-af6d-1e9e184c77ba,0,17,7.68,Feedback de Manager,False
f5ba7581-b2ac-4b3a-830e-64ab112f975a,4,11,2.11,Reunión Bienvenida,False
31ece703-f961-4e8e-a5c5-cd5c5b47e3db,4,10,4.93,Iniciar Baja,False
17775f19-8c66-41b3-bd38-919b0fe10b8f,1,9,0.97,Habilitar Permisos,False
e6edcb81-4782-44f0-af6d-1e9e184c77ba,5,13,5.62,Revisión Gerencial,False
e6edcb81-4782-44f0-af6d-1e9e184c77ba,5,11,3.62,Inicio del Proceso,False
5f56f693-5a38-4ca2-96c0-7bba750fc7a6,6,13,3.6,Registrar Recibos,False
31ece703-f961-4e8e-a5c5-cd5c5b47e3db,6,18,3.24,Inicio de la solicitud,False
31ece703-f961-4e8e-a5c5-cd5c5b47e3db,4,18,1.97,Registrar Recibos,False
5fd7b0ae-2619-4038-a52e-26a0576c4819,1,15,4.51,Validar Comercial,False
5fd7b0ae-2619-4038-a52e-26a0576c4819,4,15,0.63,Aprobación Presupuesto,False
390714b2-977f-4e5c-bd1e-5f282ff785ef,4,18,4.29,Pago de Liquidación,False
5f56f693-5a38-4ca2-96c0-7bba750fc7a6,4,10,7.96,Aprobar Presupuesto,False
e6edcb81-4782-44f0-af6d-1e9e184c77ba,3,13,5.72,Reunión Bienvenida,False
390714b2-977f-4e5c-bd1e-5f282ff785ef,6,15,2.14,Inicio del Proceso,False
e6edcb81-4782-44f0-af6d-1e9e184c77ba,5,18,6.19,Solicitar Adelanto,False
5f56f693-5a38-4ca2-96c0-7bba750fc7a6,2,13,4.48,Pago de Liquidación,False
390714b2-977f-4e5c-bd1e-5f282ff785ef,3,14,2.22,Aprobación Costos,False
f5ba7581-b2ac-4b3a-830e-64ab112f975a,1,18,3.29,Instalar Licencia,False
390714b2-977f-4e5c-bd1e-5f282ff785ef,6,9,7.56,Aprobación Presupuesto,False
390714b2-977f-4e5c-bd1e-5f282ff785ef,3,12,5.05,Validar Comercial,False
5fd7b0ae-2619-4038-a52e-26a0576c4819,4,12,7.38,Solicitar Adelanto,False
390714b2-977f-4e5c-bd1e-5f282ff785ef,6,14,5.36,Setup Tecnológico,False
f5ba7581-b2ac-4b3a-830e-64ab112f975a,6,14,7.38,Firma Director,False
390714b2-977f-4e5c-bd1e-5f282ff785ef,6,10,5.29,Habilitar Permisos,False
5fd7b0ae-2619-4038-a52e-26a0576c4819,3,8,5.43,Validar Capacitación,False
5fd7b0ae-2619-4038-a52e-26a0576c4819,6,12,1.47,Iniciar Baja,False
5f56f693-5a38-4ca2-96c0-7bba750fc7a6,2,13,4.63,Evaluación Técnica,False
5fd7b0ae-2619-4038-a52e-26a0576c4819,6,17,4.92,Autoevaluación,False
e6edcb81-4782-44f0-af6d-1e9e184c77ba,6,16,5.37,Inicio del Proceso,False
f036cecc-192b-4e1e-bdc2-c95608f24fe9,6,14,3.15,Preparar Firma,False
5fd7b0ae-2619-4038-a52e-26a0576c4819,0,9,7.99,Validar Capacitación,False
f036cecc-192b-4e1e-bdc2-c95608f24fe9,3,10,3.24,Revisión de Seguridad,False
f5ba7581-b2ac-4b3a-830e-64ab112f975a,4,16,0.62,Verificar Factura,False
17775f19-8c66-41b3-bd38-919b0fe10b8f,2,15,2.72,Habilitar Permisos,False
390714b2-977f-4e5c-bd1e-5f282ff785ef,0,17,3.91,Validar Comercial,False
5fd7b0ae-2619-4038-a52e-26a0576c4819,0,9,7.69,Firma Director,False
390714b2-977f-4e5c-bd1e-5f282ff785ef,4,11,7.12,Especificar Servidores,False
e6edcb81-4782-44f0-af6d-1e9e184c77ba,6,8,3.28,Especificar Servidores,False
31ece703-f961-4e8e-a5c5-cd5c5b47e3db,5,13,4.31,Setup Tecnológico,False
17775f19-8c66-41b3-bd38-919b0fe10b8f,6,15,5.83,Inicio del Proceso,False
f036cecc-192b-4e1e-bdc2-c95608f24fe9,4,13,2.23,Habilitar Permisos,False
f036cecc-192b-4e1e-bdc2-c95608f24fe9,3,14,5.15,Inicio de la solicitud,False
e6edcb81-4782-44f0-af6d-1e9e184c77ba,1,18,6.89,Autoevaluación,False
f5ba7581-b2ac-4b3a-830e-64ab112f975a,1,14,4.54,Validar Comercial,False
f5ba7581-b2ac-4b3a-830e-64ab112f975a,0,15,1.55,Consolidar Gastos,False
f036cecc-192b-4e1e-bdc2-c95608f24fe9,3,8,1.65,Pago de Liquidación,False
31ece703-f961-4e8e-a5c5-cd5c5b47e3db,4,16,4.7,Solicitar Adelanto,False
5f56f693-5a38-4ca2-96c0-7bba750fc7a6,0,14,6.98,Enviar solicitud de vacaciones,False
e6edcb81-4782-44f0-af6d-1e9e184c77ba,3,16,7.15,Reunión Bienvenida,False
17775f19-8c66-41b3-bd38-919b0fe10b8f,4,14,4.07,Revisión Gerencial,False
5fd7b0ae-2619-4038-a52e-26a0576c4819,0,12,2.83,Reunión Bienvenida,False
e6edcb81-4782-44f0-af6d-1e9e184c77ba,3,8,4.96,Verificar Factura,False
e6edcb81-4782-44f0-af6d-1e9e184c77ba,5,9,3.58,Consolidación de RRHH,False
17775f19-8c66-41b3-bd38-919b0fe10b8f,1,10,5.5,Especificar Servidores,False
17775f19-8c66-41b3-bd38-919b0fe10b8f,1,13,7.07,Cerrar Accesos,False
f5ba7581-b2ac-4b3a-830e-64ab112f975a,6,8,4.77,Reunión Bienvenida,False
17775f19-8c66-41b3-bd38-919b0fe10b8f,4,13,2.38,Preparar Firma,False
5f56f693-5a38-4ca2-96c0-7bba750fc7a6,2,9,2.51,Entrega del Equipo,False
f036cecc-192b-4e1e-bdc2-c95608f24fe9,0,9,1.52,Autoevaluación,False
17775f19-8c66-41b3-bd38-919b0fe10b8f,5,18,3.76,Setup Tecnológico,False
e6edcb81-4782-44f0-af6d-1e9e184c77ba,0,13,1.06,Setup Tecnológico,False
f036cecc-192b-4e1e-bdc2-c95608f24fe9,5,13,2.45,Validar Comercial,False
31ece703-f961-4e8e-a5c5-cd5c5b47e3db,4,10,7.46,Especificar Servidores,False
f5ba7581-b2ac-4b3a-830e-64ab112f975a,2,13,4.6,Habilitar Permisos,False
5f56f693-5a38-4ca2-96c0-7bba750fc7a6,3,17,6.69,Cerrar Accesos,False
390714b2-977f-4e5c-bd1e-5f282ff785ef,0,16,1.89,Dispersión de Fondos,False
31ece703-f961-4e8e-a5c5-cd5c5b47e3db,3,11,6.63,Instalar Licencia,False
31ece703-f961-4e8e-a5c5-cd5c5b47e3db,2,10,7.89,Subir Borrador,False
390714b2-977f-4e5c-bd1e-5f282ff785ef,5,15,6.54,Verificar Stock,False
17775f19-8c66-41b3-bd38-919b0fe10b8f,1,18,7.91,Feedback de Manager,False
5fd7b0ae-2619-4038-a52e-26a0576c4819,2,16,7.81,Pago de Liquidación,False
f5ba7581-b2ac-4b3a-830e-64ab112f975a,5,12,4.92,Detallar Curso,False
f036cecc-192b-4e1e-bdc2-c95608f24fe9,6,18,0.59,Evaluación Técnica,False
390714b2-977f-4e5c-bd1e-5f282ff785ef,6,15,6.78,Revisión Gerencial,False
17775f19-8c66-41b3-bd38-919b0fe10b8f,1,17,7.05,Especificar Licencia,False
5fd7b0ae-2619-4038-a52e-26a0576c4819,4,13,5.37,Revisión Gerencial,False
390714b2-977f-4e5c-bd1e-5f282ff785ef,2,13,7.64,Aprobación Presupuesto,False
5f56f693-5a38-4ca2-96c0-7bba750fc7a6,6,13,0.92,Inicio de la solicitud,False
5f56f693-5a38-4ca2-96c0-7bba750fc7a6,6,14,6.22,Pago de Liquidación,False
31ece703-f961-4e8e-a5c5-cd5c5b47e3db,4,13,2.79,Aprobación de Pago,False
17775f19-8c66-41b3-bd38-919b0fe10b8f,4,16,1.81,Revisión Gerencial,False
f036cecc-192b-4e1e-bdc2-c95608f24fe9,4,9,2.97,Aprobación Presupuesto,False
5f56f693-5a38-4ca2-96c0-7bba750fc7a6,2,16,6.86,Aprobación Presupuesto,False
31ece703-f961-4e8e-a5c5-cd5c5b47e3db,4,15,0.63,Iniciar Baja,False
f036cecc-192b-4e1e-bdc2-c95608f24fe9,5,12,7.7,Verificar Factura,False
5f56f693-5a38-4ca2-96c0-7bba750fc7a6,4,9,5.68,Aprobación Presupuesto,False
f5ba7581-b2ac-4b3a-830e-64ab112f975a,4,16,1.49,Enviar solicitud de vacaciones,False
f036cecc-192b-4e1e-bdc2-c95608f24fe9,4,17,4.32,Preparar Firma,False
17775f19-8c66-41b3-bd38-919b0fe10b8f,2,11,1.54,Validar Comercial,False
e6edcb81-4782-44f0-af6d-1e9e184c77ba,1,10,5.56,Reunión Bienvenida,False
17775f19-8c66-41b3-bd38-919b0fe10b8f,3,11,3.12,Verificar Stock,False
f5ba7581-b2ac-4b3a-830e-64ab112f975a,3,10,6.98,Entrega del Equipo,False
31ece703-f961-4e8e-a5c5-cd5c5b47e3db,0,13,2.39,Cerrar Accesos,False
e6edcb81-4782-44f0-af6d-1e9e184c77ba,4,17,2.04,Revisión Gerencial,False
f5ba7581-b2ac-4b3a-830e-64ab112f975a,6,16,4.7,Habilitar Permisos,False
5f56f693-5a38-4ca2-96c0-7bba750fc7a6,2,9,3.32,Evaluación Técnica,False
31ece703-f961-4e8e-a5c5-cd5c5b47e3db,2,18,2.92,Aprobación del manager,False
f036cecc-192b-4e1e-bdc2-c95608f24fe9,2,12,3.31,Aprobación del manager,False
390714b2-977f-4e5c-bd1e-5f282ff785ef,0,15,5.19,Validar Capacitación,False
e6edcb81-4782-44f0-af6d-1e9e184c77ba,3,18,2.49,Aprobar Presupuesto,False
5f56f693-5a38-4ca2-96c0-7bba750fc7a6,5,10,2.92,Especificar Licencia,False
17775f19-8c66-41b3-bd38-919b0fe10b8f,3,15,1.89,Especificar Servidores,False
5f56f693-5a38-4ca2-96c0-7bba750fc7a6,6,10,5.51,Validar Capacitación,False
f5ba7581-b2ac-4b3a-830e-64ab112f975a,2,13,6.94,Autoevaluación,False
5f56f693-5a38-4ca2-96c0-7bba750fc7a6,6,18,5.76,Especificar Servidores,False
17775f19-8c66-41b3-bd38-919b0fe10b8f,1,10,7.09,Procesar Transferencia,False
390714b2-977f-4e5c-bd1e-5f282ff785ef,6,11,7.47,Detallar Curso,False
390714b2-977f-4e5c-bd1e-5f282ff785ef,4,16,7.03,Autorización Gerencia,False
f5ba7581-b2ac-4b3a-830e-64ab112f975a,4,16,2.76,Evaluación Técnica,False
31ece703-f961-4e8e-a5c5-cd5c5b47e3db,4,8,1.53,Revisión Contable,False
5f56f693-5a38-4ca2-96c0-7bba750fc7a6,0,18,0.85,Revisión de Seguridad,False
390714b2-977f-4e5c-bd1e-5f282ff785ef,5,14,6.62,Cerrar Accesos,False
5f56f693-5a38-4ca2-96c0-7bba750fc7a6,2,18,2.0,Procesar Transferencia,False
f036cecc-192b-4e1e-bdc2-c95608f24fe9,2,12,1.6,Dispersión de Fondos,False
e6edcb81-4782-44f0-af6d-1e9e184c77ba,5,10,3.87,Entrega del Equipo,False
f036cecc-192b-4e1e-bdc2-c95608f24fe9,4,15,3.88,Especificar Licencia,False
f5ba7581-b2ac-4b3a-830e-64ab112f975a,1,14,6.44,Cerrar Accesos,False
17775f19-8c66-41b3-bd38-919b0fe10b8f,6,12,4.94,Especificar Servidores,False
5f56f693-5a38-4ca2-96c0-7bba750fc7a6,1,13,3.22,Iniciar Baja,False
390714b2-977f-4e5c-bd1e-5f282ff785ef,0,12,3.53,Setup Tecnológico,False
31ece703-f961-4e8e-a5c5-cd5c5b47e3db,2,13,5.15,Revisión de Seguridad,False
f036cecc-192b-4e1e-bdc2-c95608f24fe9,0,13,1.58,Habilitar Permisos,False
31ece703-f961-4e8e-a5c5-cd5c5b47e3db,5,17,5.95,Cerrar Accesos,False
5f56f693-5a38-4ca2-96c0-7bba750fc7a6,5,9,0.75,Aprobar Presupuesto,False
5fd7b0ae-2619-4038-a52e-26a0576c4819,1,8,1.41,Verificar Stock,False
f036cecc-192b-4e1e-bdc2-c95608f24fe9,4,12,1.54,Iniciar Baja,False
31ece703-f961-4e8e-a5c5-cd5c5b47e3db,0,13,0.64,Aprobación de Pago,False
f5ba7581-b2ac-4b3a-830e-64ab112f975a,5,9,0.79,Aprobación de Pago,False
f036cecc-192b-4e1e-bdc2-c95608f24fe9,5,17,7.1,Autoevaluación,False
17775f19-8c66-41b3-bd38-919b0fe10b8f,1,17,2.55,Aprobación del manager,False
f036cecc-192b-4e1e-bdc2-c95608f24fe9,1,10,2.37,Consolidación de RRHH,False
e6edcb81-4782-44f0-af6d-1e9e184c77ba,0,8,5.27,Presentar Requerimiento,False
e6edcb81-4782-44f0-af6d-1e9e184c77ba,3,12,1.83,Setup Tecnológico,False
5fd7b0ae-2619-4038-a52e-26a0576c4819,4,11,5.18,Consolidar Gastos,False
390714b2-977f-4e5c-bd1e-5f282ff785ef,2,16,1.46,Feedback de Manager,False
31ece703-f961-4e8e-a5c5-cd5c5b47e3db,1,14,2.75,Validar Comercial,False
f5ba7581-b2ac-4b3a-830e-64ab112f975a,1,10,1.76,Consolidación de RRHH,False
390714b2-977f-4e5c-bd1e-5f282ff785ef,1,9,2.52,Inicio del Proceso,False
390714b2-977f-4e5c-bd1e-5f282ff785ef,3,9,1.63,Verificar Factura,False
e6edcb81-4782-44f0-af6d-1e9e184c77ba,2,17,5.98,Especificar Servidores,False
31ece703-f961-4e8e-a5c5-cd5c5b47e3db,2,8,3.93,Registrar Recibos,False
390714b2-977f-4e5c-bd1e-5f282ff785ef,0,17,7.71,Validar Elegibilidad,False
5fd7b0ae-2619-4038-a52e-26a0576c4819,2,10,4.09,Validar Comercial,False
390714b2-977f-4e5c-bd1e-5f282ff785ef,1,9,0.52,Validación de RRHH,False
5fd7b0ae-2619-4038-a52e-26a0576c4819,3,16,5.56,Validar Elegibilidad,False
17775f19-8c66-41b3-bd38-919b0fe10b8f,4,13,3.67,Aprobar Presupuesto,False
5f56f693-5a38-4ca2-96c0-7bba750fc7a6,1,14,2.2,Dispersión de Fondos,False
f5ba7581-b2ac-4b3a-830e-64ab112f975a,5,15,7.05,Aprobación Presupuesto,False
5fd7b0ae-2619-4038-a52e-26a0576c4819,4,9,1.89,Iniciar Baja,False
5fd7b0ae-2619-4038-a52e-26a0576c4819,1,13,1.29,Cerrar Accesos,False
f5ba7581-b2ac-4b3a-830e-64ab112f975a,0,17,1.28,Iniciar Baja,False
5fd7b0ae-2619-4038-a52e-26a0576c4819,1,18,3.89,Aprobación Costos,False
5fd7b0ae-2619-4038-a52e-26a0576c4819,1,10,6.4,Validar Elegibilidad,False
31ece703-f961-4e8e-a5c5-cd5c5b47e3db,3,14,5.62,Solicitar Adelanto,False
5f56f693-5a38-4ca2-96c0-7bba750fc7a6,5,18,5.04,Consolidar Gastos,False
f5ba7581-b2ac-4b3a-830e-64ab112f975a,0,13,6.1,Procesar Transferencia,False
f036cecc-192b-4e1e-bdc2-c95608f24fe9,0,18,6.45,Dispersión de Fondos,False
f036cecc-192b-4e1e-bdc2-c95608f24fe9,4,10,2.38,Validar Comercial,False
f5ba7581-b2ac-4b3a-830e-64ab112f975a,4,8,4.77,Verificar Stock,False
f5ba7581-b2ac-4b3a-830e-64ab112f975a,6,17,2.15,Autoevaluación,False
17775f19-8c66-41b3-bd38-919b0fe10b8f,1,16,2.8,Firma Director,False
f036cecc-192b-4e1e-bdc2-c95608f24fe9,6,12,4.45,Verificar Stock,False
5f56f693-5a38-4ca2-96c0-7bba750fc7a6,0,9,1.27,Instalar Licencia,False
5fd7b0ae-2619-4038-a52e-26a0576c4819,1,8,5.87,Cerrar Accesos,False
f5ba7581-b2ac-4b3a-830e-64ab112f975a,3,10,1.0,Especificar Licencia,False
17775f19-8c66-41b3-bd38-919b0fe10b8f,5,11,2.47,Habilitar Permisos,False
17775f19-8c66-41b3-bd38-919b0fe10b8f,4,15,4.23,Verificar Factura,False
17775f19-8c66-41b3-bd38-919b0fe10b8f,4,11,3.76,Solicitar Adelanto,False
17775f19-8c66-41b3-bd38-919b0fe10b8f,5,16,2.58,Validar Capacitación,False
5fd7b0ae-2619-4038-a52e-26a0576c4819,4,14,2.36,Registrar Recibos,False
f5ba7581-b2ac-4b3a-830e-64ab112f975a,2,8,5.45,Aprobación del manager,False
5f56f693-5a38-4ca2-96c0-7bba750fc7a6,5,14,6.57,Presentar Requerimiento,False
5f56f693-5a38-4ca2-96c0-7bba750fc7a6,2,9,2.93,Verificar Factura,False
f036cecc-192b-4e1e-bdc2-c95608f24fe9,0,9,4.59,Preparar Firma,False
e6edcb81-4782-44f0-af6d-1e9e184c77ba,5,18,0.95,Procesar Transferencia,False
390714b2-977f-4e5c-bd1e-5f282ff785ef,2,17,4.63,Inicio del Proceso,False
31ece703-f961-4e8e-a5c5-cd5c5b47e3db,6,18,8.0,Solicitar Adelanto,False
31ece703-f961-4e8e-a5c5-cd5c5b47e3db,4,13,6.74,Setup Tecnológico,False
f036cecc-192b-4e1e-bdc2-c95608f24fe9,4,10,7.76,Enviar solicitud de vacaciones,False
e6edcb81-4782-44f0-af6d-1e9e184c77ba,5,15,6.42,Validación de RRHH,False
5fd7b0ae-2619-4038-a52e-26a0576c4819,4,12,7.57,Validación de RRHH,False
e6edcb81-4782-44f0-af6d-1e9e184c77ba,2,12,0.9,Iniciar Baja,False
17775f19-8c66-41b3-bd38-919b0fe10b8f,5,15,2.43,Entrega del Equipo,False
390714b2-977f-4e5c-bd1e-5f282ff785ef,3,18,7.9,Validar Capacitación,False
5fd7b0ae-2619-4038-a52e-26a0576c4819,2,15,7.12,Preparar Firma,False
f036cecc-192b-4e1e-bdc2-c95608f24fe9,6,16,4.31,Revisión Gerencial,False
390714b2-977f-4e5c-bd1e-5f282ff785ef,3,13,7.3,Aprobar Presupuesto,False
5fd7b0ae-2619-4038-a52e-26a0576c4819,1,16,6.9,Entrega del Equipo,False
17775f19-8c66-41b3-bd38-919b0fe10b8f,6,9,6.48,Verificar Factura,False
390714b2-977f-4e5c-bd1e-5f282ff785ef,5,17,2.82,Consolidar Gastos,False
f036cecc-192b-4e1e-bdc2-c95608f24fe9,6,12,3.24,Detallar Curso,False
e6edcb81-4782-44f0-af6d-1e9e184c77ba,4,8,3.7,Especificar Licencia,False
5f56f693-5a38-4ca2-96c0-7bba750fc7a6,5,17,6.82,Inicio del Proceso,False
f5ba7581-b2ac-4b3a-830e-64ab112f975a,2,13,0.75,Inicio de la solicitud,False
17775f19-8c66-41b3-bd38-919b0fe10b8f,3,13,2.78,Consolidación de RRHH,False
5fd7b0ae-2619-4038-a52e-26a0576c4819,3,17,1.68,Habilitar Permisos,False
5f56f693-5a38-4ca2-96c0-7bba750fc7a6,1,11,1.67,Revisión de Seguridad,False
5f56f693-5a38-4ca2-96c0-7bba750fc7a6,5,11,2.72,Registrar Recibos,False
f5ba7581-b2ac-4b3a-830e-64ab112f975a,1,14,4.42,Revisión Gerencial,False
17775f19-8c66-41b3-bd38-919b0fe10b8f,1,16,5.62,Revisión de Seguridad,False
5fd7b0ae-2619-4038-a52e-26a0576c4819,1,15,4.19,Revisión Gerencial,False
5f56f693-5a38-4ca2-96c0-7bba750fc7a6,3,8,3.07,Aprobación de Pago,False
f036cecc-192b-4e1e-bdc2-c95608f24fe9,4,12,2.51,Verificar Stock,False
31ece703-f961-4e8e-a5c5-cd5c5b47e3db,3,10,7.1,Preparar Firma,False
f5ba7581-b2ac-4b3a-830e-64ab112f975a,0,10,1.5,Aprobación del manager,False
5f56f693-5a38-4ca2-96c0-7bba750fc7a6,1,17,5.04,Verificar Factura,False
f5ba7581-b2ac-4b3a-830e-64ab112f975a,1,16,0.79,Iniciar Baja,False
31ece703-f961-4e8e-a5c5-cd5c5b47e3db,3,18,2.84,Verificar Factura,False
e6edcb81-4782-44f0-af6d-1e9e184c77ba,1,12,6.0,Aprobación del manager,False
5fd7b0ae-2619-4038-a52e-26a0576c4819,4,16,3.15,Inicio de la solicitud,False
5f56f693-5a38-4ca2-96c0-7bba750fc7a6,1,10,1.27,Detallar Curso,False
31ece703-f961-4e8e-a5c5-cd5c5b47e3db,0,9,3.25,Setup Tecnológico,False
17775f19-8c66-41b3-bd38-919b0fe10b8f,1,12,6.1,Iniciar Baja,False
31ece703-f961-4e8e-a5c5-cd5c5b47e3db,1,11,4.49,Aprobar Presupuesto,False
31ece703-f961-4e8e-a5c5-cd5c5b47e3db,3,18,5.18,Inicio de la solicitud,False
31ece703-f961-4e8e-a5c5-cd5c5b47e3db,3,15,7.83,Entrega del Equipo,False
390714b2-977f-4e5c-bd1e-5f282ff785ef,2,17,3.2,Pago de Liquidación,False
17775f19-8c66-41b3-bd38-919b0fe10b8f,1,8,5.99,Dispersión de Fondos,False
f036cecc-192b-4e1e-bdc2-c95608f24fe9,2,12,4.75,Validar Comercial,False
5f56f693-5a38-4ca2-96c0-7bba750fc7a6,4,11,2.92,Consolidar Gastos,False
f036cecc-192b-4e1e-bdc2-c95608f24fe9,0,17,1.05,Setup Tecnológico,False
17775f19-8c66-41b3-bd38-919b0fe10b8f,4,8,2.58,Autoevaluación,False
31ece703-f961-4e8e-a5c5-cd5c5b47e3db,1,12,1.9,Aprobación de Pago,False
5f56f693-5a38-4ca2-96c0-7bba750fc7a6,1,13,2.09,Solicitar Adelanto,False
17775f19-8c66-41b3-bd38-919b0fe10b8f,2,16,2.29,Enviar solicitud de vacaciones,False
390714b2-977f-4e5c-bd1e-5f282ff785ef,2,18,5.4,Habilitar Permisos,False
5fd7b0ae-2619-4038-a52e-26a0576c4819,1,11,4.0,Presentar Requerimiento,False
390714b2-977f-4e5c-bd1e-5f282ff785ef,6,10,4.72,Consolidación de RRHH,False
17775f19-8c66-41b3-bd38-919b0fe10b8f,2,11,5.4,Verificar Stock,False
e6edcb81-4782-44f0-af6d-1e9e184c77ba,5,16,6.83,Consolidación de RRHH,False
17775f19-8c66-41b3-bd38-919b0fe10b8f,2,8,0.93,Detallar Curso,False
5fd7b0ae-2619-4038-a52e-26a0576c4819,2,18,1.25,Enviar solicitud de vacaciones,False
f036cecc-192b-4e1e-bdc2-c95608f24fe9,6,14,4.88,Validar Capacitación,False
e6edcb81-4782-44f0-af6d-1e9e184c77ba,5,8,1.07,Verificar Factura,False
17775f19-8c66-41b3-bd38-919b0fe10b8f,6,13,5.73,Autoevaluación,False
5f56f693-5a38-4ca2-96c0-7bba750fc7a6,0,17,7.61,Aprobación Presupuesto,False
5f56f693-5a38-4ca2-96c0-7bba750fc7a6,1,9,4.76,Entrega del Equipo,False
17775f19-8c66-41b3-bd38-919b0fe10b8f,4,10,1.36,Especificar Servidores,False
f036cecc-192b-4e1e-bdc2-c95608f24fe9,1,9,4.01,Subir Borrador,False
390714b2-977f-4e5c-bd1e-5f282ff785ef,2,10,5.16,Inicio de la solicitud,False
390714b2-977f-4e5c-bd1e-5f282ff785ef,5,12,6.93,Autorización Gerencia,False
17775f19-8c66-41b3-bd38-919b0fe10b8f,1,16,3.45,Iniciar Baja,False
f5ba7581-b2ac-4b3a-830e-64ab112f975a,1,15,6.29,Firma Director,False
5f56f693-5a38-4ca2-96c0-7bba750fc7a6,0,18,7.9,Iniciar Baja,False
5fd7b0ae-2619-4038-a52e-26a0576c4819,0,13,1.04,Validar Elegibilidad,False
5f56f693-5a38-4ca2-96c0-7bba750fc7a6,3,13,3.68,Registrar Recibos,False
5fd7b0ae-2619-4038-a52e-26a0576c4819,2,12,2.71,Procesar Transferencia,False
17775f19-8c66-41b3-bd38-919b0fe10b8f,4,12,3.65,Validar Elegibilidad,False
5fd7b0ae-2619-4038-a52e-26a0576c4819,5,16,5.7,Especificar Licencia,False
5fd7b0ae-2619-4038-a52e-26a0576c4819,3,12,2.31,Solicitar Adelanto,False
f5ba7581-b2ac-4b3a-830e-64ab112f975a,4,9,5.49,Entrega del Equipo,False
390714b2-977f-4e5c-bd1e-5f282ff785ef,2,15,4.03,Evaluación Técnica,False
f036cecc-192b-4e1e-bdc2-c95608f24fe9,4,16,2.83,Especificar Licencia,False
5fd7b0ae-2619-4038-a52e-26a0576c4819,2,11,1.76,Validar Capacitación,False
17775f19-8c66-41b3-bd38-919b0fe10b8f,4,16,7.48,Reunión Bienvenida,False
5f56f693-5a38-4ca2-96c0-7bba750fc7a6,4,10,3.16,Inicio de la solicitud,False
f5ba7581-b2ac-4b3a-830e-64ab112f975a,6,8,0.57,Aprobación del manager,False
17775f19-8c66-41b3-bd38-919b0fe10b8f,6,10,2.84,Consolidación de RRHH,False
17775f19-8c66-41b3-bd38-919b0fe10b8f,4,13,2.23,Detallar Curso,False
390714b2-977f-4e5c-bd1e-5f282ff785ef,5,14,5.75,Habilitar Permisos,False
17775f19-8c66-41b3-bd38-919b0fe10b8f,2,8,1.74,Entrega del Equipo,False
f5ba7581-b2ac-4b3a-830e-64ab112f975a,3,9,2.9,Aprobar Presupuesto,False
5fd7b0ae-2619-4038-a52e-26a0576c4819,0,9,2.1,Solicitar Adelanto,False
17775f19-8c66-41b3-bd38-919b0fe10b8f,1,8,5.49,Procesar Transferencia,False
5f56f693-5a38-4ca2-96c0-7bba750fc7a6,5,10,4.57,Revisión Gerencial,False
5fd7b0ae-2619-4038-a52e-26a0576c4819,3,15,2.94,Instalar Licencia,False
31ece703-f961-4e8e-a5c5-cd5c5b47e3db,3,9,2.12,Consolidar Gastos,False
390714b2-977f-4e5c-bd1e-5f282ff785ef,6,15,7.67,Validar Comercial,False
390714b2-977f-4e5c-bd1e-5f282ff785ef,6,11,6.23,Revisión Contable,False
f036cecc-192b-4e1e-bdc2-c95608f24fe9,6,12,6.8,Verificar Factura,False
f036cecc-192b-4e1e-bdc2-c95608f24fe9,5,17,4.33,Autoevaluación,False
5f56f693-5a38-4ca2-96c0-7bba750fc7a6,3,14,7.71,Validar Capacitación,False
5fd7b0ae-2619-4038-a52e-26a0576c4819,0,15,3.67,Entrega del Equipo,False
390714b2-977f-4e5c-bd1e-5f282ff785ef,4,17,6.31,Consolidación de RRHH,False
5fd7b0ae-2619-4038-a52e-26a0576c4819,4,13,3.44,Inicio de la solicitud,False
f036cecc-192b-4e1e-bdc2-c95608f24fe9,6,17,6.21,Revisión de Seguridad,False
e6edcb81-4782-44f0-af6d-1e9e184c77ba,0,17,2.98,Entrega del Equipo,False
f5ba7581-b2ac-4b3a-830e-64ab112f975a,5,16,5.1,Validar Comercial,False
390714b2-977f-4e5c-bd1e-5f282ff785ef,2,10,5.57,Enviar solicitud de vacaciones,False
17775f19-8c66-41b3-bd38-919b0fe10b8f,5,16,5.41,Consolidación de RRHH,False
e6edcb81-4782-44f0-af6d-1e9e184c77ba,6,8,3.18,Aprobación Costos,False
5f56f693-5a38-4ca2-96c0-7bba750fc7a6,5,16,1.44,Enviar solicitud de vacaciones,False
f036cecc-192b-4e1e-bdc2-c95608f24fe9,5,10,2.64,Firma Director,False
f5ba7581-b2ac-4b3a-830e-64ab112f975a,4,13,4.87,Detallar Curso,False
31ece703-f961-4e8e-a5c5-cd5c5b47e3db,1,8,5.05,Setup Tecnológico,False
17775f19-8c66-41b3-bd38-919b0fe10b8f,5,18,1.86,Verificar Factura,False
390714b2-977f-4e5c-bd1e-5f282ff785ef,1,14,6.54,Especificar Servidores,False
f036cecc-192b-4e1e-bdc2-c95608f24fe9,1,8,4.39,Habilitar Permisos,False
5f56f693-5a38-4ca2-96c0-7bba750fc7a6,4,8,5.53,Registrar Recibos,False
17775f19-8c66-41b3-bd38-919b0fe10b8f,0,17,0.9,Reunión Bienvenida,False
5f56f693-5a38-4ca2-96c0-7bba750fc7a6,6,16,3.67,Validar Comercial,False
f5ba7581-b2ac-4b3a-830e-64ab112f975a,3,13,5.44,Especificar Licencia,False
31ece703-f961-4e8e-a5c5-cd5c5b47e3db,2,8,4.42,Consolidar Gastos,False
f036cecc-192b-4e1e-bdc2-c95608f24fe9,2,14,4.21,Aprobación del manager,False
31ece703-f961-4e8e-a5c5-cd5c5b47e3db,5,9,6.65,Entrega del Equipo,False
5fd7b0ae-2619-4038-a52e-26a0576c4819,3,11,4.91,Aprobación Presupuesto,False
31ece703-f961-4e8e-a5c5-cd5c5b47e3db,6,18,3.38,Setup Tecnológico,False
17775f19-8c66-41b3-bd38-919b0fe10b8f,3,18,5.18,Firma Director,False
f036cecc-192b-4e1e-bdc2-c95608f24fe9,1,17,5.53,Entrega del Equipo,False
e6edcb81-4782-44f0-af6d-1e9e184c77ba,0,9,2.95,Inicio de la solicitud,False
17775f19-8c66-41b3-bd38-919b0fe10b8f,5,11,1.34,Pago de Liquidación,False
f036cecc-192b-4e1e-bdc2-c95608f24fe9,3,8,4.51,Aprobación del manager,False
5f56f693-5a38-4ca2-96c0-7bba750fc7a6,6,9,2.39,Verificar Stock,False
5f56f693-5a38-4ca2-96c0-7bba750fc7a6,5,17,7.56,Feedback de Manager,False
5f56f693-5a38-4ca2-96c0-7bba750fc7a6,5,18,6.06,Validar Comercial,False
17775f19-8c66-41b3-bd38-919b0fe10b8f,0,13,4.34,Reunión Bienvenida,False
5fd7b0ae-2619-4038-a52e-26a0576c4819,3,11,1.3,Aprobación Presupuesto,False
390714b2-977f-4e5c-bd1e-5f282ff785ef,2,12,4.98,Procesar Transferencia,False
5f56f693-5a38-4ca2-96c0-7bba750fc7a6,3,8,2.03,Feedback de Manager,False
e6edcb81-4782-44f0-af6d-1e9e184c77ba,3,14,3.24,Detallar Curso,False
17775f19-8c66-41b3-bd38-919b0fe10b8f,3,17,5.35,Inicio del Proceso,False
17775f19-8c66-41b3-bd38-919b0fe10b8f,6,11,1.07,Revisión Gerencial,False
e6edcb81-4782-44f0-af6d-1e9e184c77ba,5,14,1.6,Enviar solicitud de vacaciones,False
f036cecc-192b-4e1e-bdc2-c95608f24fe9,3,18,5.56,Autorización Gerencia,False
5fd7b0ae-2619-4038-a52e-26a0576c4819,5,13,4.94,Pago de Liquidación,False
f5ba7581-b2ac-4b3a-830e-64ab112f975a,2,8,5.76,Dispersión de Fondos,False
31ece703-f961-4e8e-a5c5-cd5c5b47e3db,1,18,1.21,Presentar Requerimiento,False
f5ba7581-b2ac-4b3a-830e-64ab112f975a,3,16,0.57,Autorización Gerencia,False
17775f19-8c66-41b3-bd38-919b0fe10b8f,5,18,3.37,Especificar Licencia,False
f036cecc-192b-4e1e-bdc2-c95608f24fe9,5,8,4.56,Autoevaluación,False
17775f19-8c66-41b3-bd38-919b0fe10b8f,6,17,4.23,Especificar Licencia,False
31ece703-f961-4e8e-a5c5-cd5c5b47e3db,5,15,7.17,Registrar Recibos,False
17775f19-8c66-41b3-bd38-919b0fe10b8f,5,9,0.91,Procesar Transferencia,False
f036cecc-192b-4e1e-bdc2-c95608f24fe9,2,13,4.81,Autoevaluación,False
5f56f693-5a38-4ca2-96c0-7bba750fc7a6,1,9,1.5,Inicio de la solicitud,False
f5ba7581-b2ac-4b3a-830e-64ab112f975a,1,16,4.78,Revisión Gerencial,False
5f56f693-5a38-4ca2-96c0-7bba750fc7a6,1,16,7.63,Instalar Licencia,False
31ece703-f961-4e8e-a5c5-cd5c5b47e3db,3,10,5.46,Inicio del Proceso,False
17775f19-8c66-41b3-bd38-919b0fe10b8f,2,10,1.14,Enviar solicitud de vacaciones,False
e6edcb81-4782-44f0-af6d-1e9e184c77ba,0,13,7.47,Inicio del Proceso,False
f036cecc-192b-4e1e-bdc2-c95608f24fe9,5,13,7.23,Presentar Requerimiento,False
390714b2-977f-4e5c-bd1e-5f282ff785ef,4,11,7.13,Consolidación de RRHH,False
17775f19-8c66-41b3-bd38-919b0fe10b8f,5,11,7.94,Dispersión de Fondos,False
f036cecc-192b-4e1e-bdc2-c95608f24fe9,6,13,6.75,Autoevaluación,False
31ece703-f961-4e8e-a5c5-cd5c5b47e3db,3,11,4.86,Revisión Contable,False
31ece703-f961-4e8e-a5c5-cd5c5b47e3db,5,17,5.93,Instalar Licencia,False
f036cecc-192b-4e1e-bdc2-c95608f24fe9,5,11,4.45,Consolidar Gastos,False
f5ba7581-b2ac-4b3a-830e-64ab112f975a,5,8,6.91,Validar Comercial,False
e6edcb81-4782-44f0-af6d-1e9e184c77ba,1,17,2.76,Feedback de Manager,False
17775f19-8c66-41b3-bd38-919b0fe10b8f,3,9,5.49,Revisión de Seguridad,False
390714b2-977f-4e5c-bd1e-5f282ff785ef,4,10,4.55,Habilitar Permisos,False
5f56f693-5a38-4ca2-96c0-7bba750fc7a6,6,17,7.46,Enviar solicitud de vacaciones,False
17775f19-8c66-41b3-bd38-919b0fe10b8f,3,13,5.9,Presentar Requerimiento,False
5fd7b0ae-2619-4038-a52e-26a0576c4819,0,17,6.32,Entrega del Equipo,False
17775f19-8c66-41b3-bd38-919b0fe10b8f,4,16,0.79,Autorización Gerencia,False
31ece703-f961-4e8e-a5c5-cd5c5b47e3db,2,16,0.69,Detallar Curso,False
17775f19-8c66-41b3-bd38-919b0fe10b8f,5,16,4.37,Revisión de Seguridad,False
390714b2-977f-4e5c-bd1e-5f282ff785ef,6,16,5.24,Revisión de Seguridad,False
e6edcb81-4782-44f0-af6d-1e9e184c77ba,3,14,6.86,Aprobación Presupuesto,False
31ece703-f961-4e8e-a5c5-cd5c5b47e3db,1,12,7.44,Presentar Requerimiento,False
f036cecc-192b-4e1e-bdc2-c95608f24fe9,0,18,2.1,Firma Director,False
f5ba7581-b2ac-4b3a-830e-64ab112f975a,4,10,2.27,Validar Elegibilidad,False
17775f19-8c66-41b3-bd38-919b0fe10b8f,1,10,6.47,Habilitar Permisos,False
e6edcb81-4782-44f0-af6d-1e9e184c77ba,1,11,0.84,Aprobar Presupuesto,False
f036cecc-192b-4e1e-bdc2-c95608f24fe9,3,13,3.91,Firma Director,False
31ece703-f961-4e8e-a5c5-cd5c5b47e3db,3,9,6.76,Subir Borrador,False
f5ba7581-b2ac-4b3a-830e-64ab112f975a,2,8,5.08,Registrar Recibos,False
f5ba7581-b2ac-4b3a-830e-64ab112f975a,5,12,2.84,Autorización Gerencia,False
31ece703-f961-4e8e-a5c5-cd5c5b47e3db,5,15,5.3,Aprobación Costos,False
e6edcb81-4782-44f0-af6d-1e9e184c77ba,0,16,2.26,Subir Borrador,False
390714b2-977f-4e5c-bd1e-5f282ff785ef,5,11,3.09,Reunión Bienvenida,False
f036cecc-192b-4e1e-bdc2-c95608f24fe9,2,13,4.36,Enviar solicitud de vacaciones,False
17775f19-8c66-41b3-bd38-919b0fe10b8f,3,8,2.9,Inicio del Proceso,False
e6edcb81-4782-44f0-af6d-1e9e184c77ba,2,12,2.63,Autoevaluación,False
5f56f693-5a38-4ca2-96c0-7bba750fc7a6,1,16,5.6,Validar Elegibilidad,False
31ece703-f961-4e8e-a5c5-cd5c5b47e3db,5,18,5.06,Aprobar Presupuesto,False
f5ba7581-b2ac-4b3a-830e-64ab112f975a,1,14,5.96,Especificar Servidores,False
5fd7b0ae-2619-4038-a52e-26a0576c4819,6,8,7.89,Iniciar Baja,False
390714b2-977f-4e5c-bd1e-5f282ff785ef,6,14,3.49,Cerrar Accesos,False
f036cecc-192b-4e1e-bdc2-c95608f24fe9,4,18,4.55,Validar Elegibilidad,False
f5ba7581-b2ac-4b3a-830e-64ab112f975a,2,13,7.32,Feedback de Manager,False
31ece703-f961-4e8e-a5c5-cd5c5b47e3db,1,10,4.43,Subir Borrador,False
5fd7b0ae-2619-4038-a52e-26a0576c4819,4,10,2.8,Presentar Requerimiento,False
390714b2-977f-4e5c-bd1e-5f282ff785ef,1,14,1.04,Cerrar Accesos,False
5fd7b0ae-2619-4038-a52e-26a0576c4819,0,16,2.05,Autoevaluación,False
5f56f693-5a38-4ca2-96c0-7bba750fc7a6,4,11,2.58,Firma Director,False
5f56f693-5a38-4ca2-96c0-7bba750fc7a6,0,15,1.31,Aprobación Costos,False
5f56f693-5a38-4ca2-96c0-7bba750fc7a6,3,16,0.78,Subir Borrador,False
5fd7b0ae-2619-4038-a52e-26a0576c4819,6,10,0.69,Feedback de Manager,False
390714b2-977f-4e5c-bd1e-5f282ff785ef,5,17,3.59,Solicitar Adelanto,False
e6edcb81-4782-44f0-af6d-1e9e184c77ba,6,17,3.16,Firma Director,False
5fd7b0ae-2619-4038-a52e-26a0576c4819,0,12,6.55,Cerrar Accesos,False
f036cecc-192b-4e1e-bdc2-c95608f24fe9,2,13,0.95,Consolidar Gastos,False
5fd7b0ae-2619-4038-a52e-26a0576c4819,5,13,5.5,Instalar Licencia,False
e6edcb81-4782-44f0-af6d-1e9e184c77ba,3,15,5.07,Subir Borrador,False
31ece703-f961-4e8e-a5c5-cd5c5b47e3db,3,13,0.62,Aprobación de Pago,False
17775f19-8c66-41b3-bd38-919b0fe10b8f,6,14,3.92,Consolidar Gastos,False
31ece703-f961-4e8e-a5c5-cd5c5b47e3db,5,12,6.66,Autoevaluación,False
5f56f693-5a38-4ca2-96c0-7bba750fc7a6,1,15,7.99,Revisión Contable,False
17775f19-8c66-41b3-bd38-919b0fe10b8f,5,9,0.84,Pago de Liquidación,False
f036cecc-192b-4e1e-bdc2-c95608f24fe9,2,8,7.7,Dispersión de Fondos,False
f5ba7581-b2ac-4b3a-830e-64ab112f975a,4,12,0.91,Enviar solicitud de vacaciones,False
f036cecc-192b-4e1e-bdc2-c95608f24fe9,5,9,6.2,Solicitar Adelanto,False
17775f19-8c66-41b3-bd38-919b0fe10b8f,1,8,7.69,Consolidación de RRHH,False
31ece703-f961-4e8e-a5c5-cd5c5b47e3db,4,17,7.99,Validar Elegibilidad,False
390714b2-977f-4e5c-bd1e-5f282ff785ef,0,13,3.07,Iniciar Baja,False
5fd7b0ae-2619-4038-a52e-26a0576c4819,6,13,7.12,Aprobación Costos,False
5fd7b0ae-2619-4038-a52e-26a0576c4819,1,14,2.09,Consolidar Gastos,False
f036cecc-192b-4e1e-bdc2-c95608f24fe9,2,12,1.01,Preparar Firma,False
5fd7b0ae-2619-4038-a52e-26a0576c4819,3,14,3.0,Inicio del Proceso,False
31ece703-f961-4e8e-a5c5-cd5c5b47e3db,5,17,7.6,Aprobar Presupuesto,False
5f56f693-5a38-4ca2-96c0-7bba750fc7a6,1,14,2.06,Autoevaluación,False
5fd7b0ae-2619-4038-a52e-26a0576c4819,3,16,7.09,Aprobación Costos,False
5f56f693-5a38-4ca2-96c0-7bba750fc7a6,2,15,3.8,Aprobación del manager,False
e6edcb81-4782-44f0-af6d-1e9e184c77ba,4,9,2.11,Revisión de Seguridad,False
5fd7b0ae-2619-4038-a52e-26a0576c4819,1,12,3.57,Verificar Stock,False
390714b2-977f-4e5c-bd1e-5f282ff785ef,6,13,2.23,Autorización Gerencia,False
f5ba7581-b2ac-4b3a-830e-64ab112f975a,4,9,3.09,Solicitar Adelanto,False
e6edcb81-4782-44f0-af6d-1e9e184c77ba,3,10,0.9,Habilitar Permisos,False
17775f19-8c66-41b3-bd38-919b0fe10b8f,3,16,0.6,Validar Comercial,False
e6edcb81-4782-44f0-af6d-1e9e184c77ba,6,14,6.54,Aprobación Costos,False
5f56f693-5a38-4ca2-96c0-7bba750fc7a6,5,16,1.07,Preparar Firma,False
390714b2-977f-4e5c-bd1e-5f282ff785ef,4,18,4.17,Validar Elegibilidad,False
e6edcb81-4782-44f0-af6d-1e9e184c77ba,3,16,4.42,Especificar Licencia,False
17775f19-8c66-41b3-bd38-919b0fe10b8f,4,15,2.64,Verificar Stock,False
390714b2-977f-4e5c-bd1e-5f282ff785ef,5,12,2.67,Revisión Gerencial,False
e6edcb81-4782-44f0-af6d-1e9e184c77ba,0,11,1.26,Validación de RRHH,False
17775f19-8c66-41b3-bd38-919b0fe10b8f,1,17,5.62,Evaluación Técnica,False
390714b2-977f-4e5c-bd1e-5f282ff785ef,5,12,2.99,Presentar Requerimiento,False
390714b2-977f-4e5c-bd1e-5f282ff785ef,1,16,2.21,Aprobación de Pago,False
5fd7b0ae-2619-4038-a52e-26a0576c4819,3,8,2.52,Validar Elegibilidad,False
5fd7b0ae-2619-4038-a52e-26a0576c4819,3,9,3.12,Validar Comercial,False
5fd7b0ae-2619-4038-a52e-26a0576c4819,0,16,6.52,Firma Director,False
5f56f693-5a38-4ca2-96c0-7bba750fc7a6,5,10,2.06,Inicio del Proceso,False
5f56f693-5a38-4ca2-96c0-7bba750fc7a6,3,12,1.46,Inicio de la solicitud,False
f5ba7581-b2ac-4b3a-830e-64ab112f975a,1,14,4.88,Solicitar Adelanto,False
17775f19-8c66-41b3-bd38-919b0fe10b8f,1,12,6.42,Solicitar Adelanto,False
17775f19-8c66-41b3-bd38-919b0fe10b8f,6,14,7.76,Validar Capacitación,False
f036cecc-192b-4e1e-bdc2-c95608f24fe9,0,15,1.91,Consolidar Gastos,False
5fd7b0ae-2619-4038-a52e-26a0576c4819,6,16,1.65,Aprobación de Pago,False
e6edcb81-4782-44f0-af6d-1e9e184c77ba,0,14,3.61,Reunión Bienvenida,False
31ece703-f961-4e8e-a5c5-cd5c5b47e3db,6,15,7.01,Validar Capacitación,False
390714b2-977f-4e5c-bd1e-5f282ff785ef,5,8,1.79,Aprobación Presupuesto,False
5fd7b0ae-2619-4038-a52e-26a0576c4819,2,8,4.54,Validar Comercial,False
5fd7b0ae-2619-4038-a52e-26a0576c4819,5,16,0.67,Revisión Contable,False
f036cecc-192b-4e1e-bdc2-c95608f24fe9,3,15,5.94,Cerrar Accesos,False
5fd7b0ae-2619-4038-a52e-26a0576c4819,1,18,7.76,Aprobación Presupuesto,False
17775f19-8c66-41b3-bd38-919b0fe10b8f,0,17,6.79,Verificar Factura,False
17775f19-8c66-41b3-bd38-919b0fe10b8f,0,13,2.24,Dispersión de Fondos,False
f5ba7581-b2ac-4b3a-830e-64ab112f975a,1,15,4.03,Presentar Requerimiento,False
e6edcb81-4782-44f0-af6d-1e9e184c77ba,1,17,2.57,Dispersión de Fondos,False
5fd7b0ae-2619-4038-a52e-26a0576c4819,0,15,5.07,Aprobar Presupuesto,False
f5ba7581-b2ac-4b3a-830e-64ab112f975a,2,9,1.21,Verificar Stock,False
31ece703-f961-4e8e-a5c5-cd5c5b47e3db,3,11,2.13,Aprobación Presupuesto,False
f036cecc-192b-4e1e-bdc2-c95608f24fe9,0,9,5.52,Feedback de Manager,False
390714b2-977f-4e5c-bd1e-5f282ff785ef,1,10,5.43,Validar Capacitación,False
31ece703-f961-4e8e-a5c5-cd5c5b47e3db,1,11,2.99,Especificar Licencia,False
f5ba7581-b2ac-4b3a-830e-64ab112f975a,0,14,7.57,Revisión Gerencial,False
5f56f693-5a38-4ca2-96c0-7bba750fc7a6,1,11,1.12,Inicio del Proceso,False
390714b2-977f-4e5c-bd1e-5f282ff785ef,0,16,4.05,Especificar Licencia,False
5fd7b0ae-2619-4038-a52e-26a0576c4819,1,15,1.69,Registrar Recibos,False
f5ba7581-b2ac-4b3a-830e-64ab112f975a,3,13,1.93,Validar Elegibilidad,False
17775f19-8c66-41b3-bd38-919b0fe10b8f,3,16,3.01,Presentar Requerimiento,False
f036cecc-192b-4e1e-bdc2-c95608f24fe9,4,9,1.58,Consolidación de RRHH,False
17775f19-8c66-41b3-bd38-919b0fe10b8f,3,9,4.18,Pago de Liquidación,False
390714b2-977f-4e5c-bd1e-5f282ff785ef,6,16,7.95,Detallar Curso,False
5fd7b0ae-2619-4038-a52e-26a0576c4819,1,8,1.53,Instalar Licencia,False
5f56f693-5a38-4ca2-96c0-7bba750fc7a6,6,14,7.06,Inicio del Proceso,False
31ece703-f961-4e8e-a5c5-cd5c5b47e3db,1,8,6.52,Evaluación Técnica,False
390714b2-977f-4e5c-bd1e-5f282ff785ef,0,17,4.79,Inicio de la solicitud,False
31ece703-f961-4e8e-a5c5-cd5c5b47e3db,5,14,5.08,Validar Comercial,False
f036cecc-192b-4e1e-bdc2-c95608f24fe9,6,11,6.3,Feedback de Manager,False
e6edcb81-4782-44f0-af6d-1e9e184c77ba,5,17,5.56,Instalar Licencia,False
f5ba7581-b2ac-4b3a-830e-64ab112f975a,5,10,4.68,Verificar Factura,False
f036cecc-192b-4e1e-bdc2-c95608f24fe9,2,15,6.23,Inicio del Proceso,False
5fd7b0ae-2619-4038-a52e-26a0576c4819,6,13,6.63,Aprobación Costos,False
f036cecc-192b-4e1e-bdc2-c95608f24fe9,6,16,6.1,Setup Tecnológico,False
17775f19-8c66-41b3-bd38-919b0fe10b8f,3,11,4.45,Dispersión de Fondos,False
f036cecc-192b-4e1e-bdc2-c95608f24fe9,6,11,5.71,Evaluación Técnica,False
17775f19-8c66-41b3-bd38-919b0fe10b8f,3,12,4.13,Especificar Licencia,False
390714b2-977f-4e5c-bd1e-5f282ff785ef,4,18,1.58,Dispersión de Fondos,False
f5ba7581-b2ac-4b3a-830e-64ab112f975a,2,17,5.56,Evaluación Técnica,False
17775f19-8c66-41b3-bd38-919b0fe10b8f,6,18,5.17,Habilitar Permisos,False
f036cecc-192b-4e1e-bdc2-c95608f24fe9,5,18,1.6,Aprobación Presupuesto,False
31ece703-f961-4e8e-a5c5-cd5c5b47e3db,2,9,5.88,Instalar Licencia,False
31ece703-f961-4e8e-a5c5-cd5c5b47e3db,4,18,5.81,Feedback de Manager,False
5fd7b0ae-2619-4038-a52e-26a0576c4819,0,11,3.56,Aprobación Costos,False
5f56f693-5a38-4ca2-96c0-7bba750fc7a6,3,10,0.78,Inicio de la solicitud,False
17775f19-8c66-41b3-bd38-919b0fe10b8f,2,17,6.37,Validar Capacitación,False
e6edcb81-4782-44f0-af6d-1e9e184c77ba,3,10,5.8,Aprobación de Pago,False
e6edcb81-4782-44f0-af6d-1e9e184c77ba,1,14,0.85,Consolidación de RRHH,False
31ece703-f961-4e8e-a5c5-cd5c5b47e3db,4,9,4.58,Solicitar Adelanto,False
5fd7b0ae-2619-4038-a52e-26a0576c4819,5,10,6.17,Enviar solicitud de vacaciones,False
f5ba7581-b2ac-4b3a-830e-64ab112f975a,1,16,5.24,Detallar Curso,False
5f56f693-5a38-4ca2-96c0-7bba750fc7a6,5,12,0.8,Setup Tecnológico,False
e6edcb81-4782-44f0-af6d-1e9e184c77ba,1,15,6.58,Dispersión de Fondos,False
f5ba7581-b2ac-4b3a-830e-64ab112f975a,4,11,6.29,Revisión Gerencial,False
e6edcb81-4782-44f0-af6d-1e9e184c77ba,4,16,2.16,Inicio del Proceso,False
f036cecc-192b-4e1e-bdc2-c95608f24fe9,3,9,7.13,Aprobación de Pago,False
e6edcb81-4782-44f0-af6d-1e9e184c77ba,0,16,2.28,Validar Capacitación,False
31ece703-f961-4e8e-a5c5-cd5c5b47e3db,4,18,3.46,Presentar Requerimiento,False
f5ba7581-b2ac-4b3a-830e-64ab112f975a,3,13,6.42,Subir Borrador,False
390714b2-977f-4e5c-bd1e-5f282ff785ef,0,16,1.95,Revisión Contable,False
e6edcb81-4782-44f0-af6d-1e9e184c77ba,1,14,3.64,Autorización Gerencia,False
f5ba7581-b2ac-4b3a-830e-64ab112f975a,6,8,1.64,Revisión Contable,False
e6edcb81-4782-44f0-af6d-1e9e184c77ba,3,14,7.87,Validar Elegibilidad,False
f036cecc-192b-4e1e-bdc2-c95608f24fe9,2,12,2.74,Revisión de Seguridad,False
f5ba7581-b2ac-4b3a-830e-64ab112f975a,5,16,4.55,Pago de Liquidación,False
31ece703-f961-4e8e-a5c5-cd5c5b47e3db,1,16,5.33,Habilitar Permisos,False
e6edcb81-4782-44f0-af6d-1e9e184c77ba,5,18,6.29,Aprobar Presupuesto,False
5f56f693-5a38-4ca2-96c0-7bba750fc7a6,6,13,6.16,Revisión de Seguridad,False
e6edcb81-4782-44f0-af6d-1e9e184c77ba,4,9,3.48,Cerrar Accesos,False
5f56f693-5a38-4ca2-96c0-7bba750fc7a6,2,15,7.01,Pago de Liquidación,False
f5ba7581-b2ac-4b3a-830e-64ab112f975a,6,11,7.91,Validación de RRHH,False
5fd7b0ae-2619-4038-a52e-26a0576c4819,2,13,7.2,Verificar Stock,False
390714b2-977f-4e5c-bd1e-5f282ff785ef,3,13,4.43,Enviar solicitud de vacaciones,False
5fd7b0ae-2619-4038-a52e-26a0576c4819,4,18,1.23,Aprobación Presupuesto,False
31ece703-f961-4e8e-a5c5-cd5c5b47e3db,5,18,0.68,Autorización Gerencia,False
5f56f693-5a38-4ca2-96c0-7bba750fc7a6,6,9,4.34,Revisión Gerencial,False
5fd7b0ae-2619-4038-a52e-26a0576c4819,2,9,5.48,Firma Director,False
e6edcb81-4782-44f0-af6d-1e9e184c77ba,4,16,1.34,Inicio de la solicitud,False
e6edcb81-4782-44f0-af6d-1e9e184c77ba,5,15,4.39,Validar Elegibilidad,False
5f56f693-5a38-4ca2-96c0-7bba750fc7a6,1,14,1.05,Instalar Licencia,False
f5ba7581-b2ac-4b3a-830e-64ab112f975a,6,8,5.18,Revisión Gerencial,False
390714b2-977f-4e5c-bd1e-5f282ff785ef,2,17,4.21,Autoevaluación,False
5fd7b0ae-2619-4038-a52e-26a0576c4819,0,17,5.92,Solicitar Adelanto,False
f5ba7581-b2ac-4b3a-830e-64ab112f975a,5,10,7.11,Consolidación de RRHH,False
31ece703-f961-4e8e-a5c5-cd5c5b47e3db,0,12,2.87,Inicio del Proceso,False
390714b2-977f-4e5c-bd1e-5f282ff785ef,2,11,4.82,Registrar Recibos,False
f036cecc-192b-4e1e-bdc2-c95608f24fe9,1,16,6.66,Presentar Requerimiento,False
e6edcb81-4782-44f0-af6d-1e9e184c77ba,4,10,0.96,Firma Director,False
17775f19-8c66-41b3-bd38-919b0fe10b8f,3,15,4.79,Feedback de Manager,False
f036cecc-192b-4e1e-bdc2-c95608f24fe9,2,13,5.3,Revisión de Seguridad,False
5f56f693-5a38-4ca2-96c0-7bba750fc7a6,0,15,2.36,Aprobar Presupuesto,False
f036cecc-192b-4e1e-bdc2-c95608f24fe9,6,16,2.71,Feedback de Manager,False
390714b2-977f-4e5c-bd1e-5f282ff785ef,2,8,2.06,Consolidación de RRHH,False
390714b2-977f-4e5c-bd1e-5f282ff785ef,6,13,6.11,Cerrar Accesos,False
e6edcb81-4782-44f0-af6d-1e9e184c77ba,6,18,7.39,Aprobar Presupuesto,False
390714b2-977f-4e5c-bd1e-5f282ff785ef,1,16,2.97,Autoevaluación,False
5f56f693-5a38-4ca2-96c0-7bba750fc7a6,4,11,7.64,Especificar Servidores,False
5fd7b0ae-2619-4038-a52e-26a0576c4819,6,12,5.6,Iniciar Baja,False
f5ba7581-b2ac-4b3a-830e-64ab112f975a,3,10,1.88,Revisión de Seguridad,False
f036cecc-192b-4e1e-bdc2-c95608f24fe9,4,12,7.74,Pago de Liquidación,False
5f56f693-5a38-4ca2-96c0-7bba750fc7a6,5,13,3.02,Setup Tecnológico,False
5f56f693-5a38-4ca2-96c0-7bba750fc7a6,3,12,7.3,Especificar Servidores,False
f036cecc-192b-4e1e-bdc2-c95608f24fe9,4,17,0.71,Registrar Recibos,False
31ece703-f961-4e8e-a5c5-cd5c5b47e3db,6,10,5.62,Evaluación Técnica,False
31ece703-f961-4e8e-a5c5-cd5c5b47e3db,0,10,4.81,Inicio de la solicitud,False
f036cecc-192b-4e1e-bdc2-c95608f24fe9,6,13,6.59,Subir Borrador,False
f036cecc-192b-4e1e-bdc2-c95608f24fe9,0,11,1.49,Validar Comercial,False
f036cecc-192b-4e1e-bdc2-c95608f24fe9,0,12,7.81,Registrar Recibos,False
5fd7b0ae-2619-4038-a52e-26a0576c4819,4,15,3.42,Validar Capacitación,False
f5ba7581-b2ac-4b3a-830e-64ab112f975a,3,15,4.24,Especificar Servidores,False
f5ba7581-b2ac-4b3a-830e-64ab112f975a,3,15,5.94,Revisión Gerencial,False
5fd7b0ae-2619-4038-a52e-26a0576c4819,5,17,2.43,Reunión Bienvenida,False
17775f19-8c66-41b3-bd38-919b0fe10b8f,3,17,5.52,Consolidar Gastos,False
5fd7b0ae-2619-4038-a52e-26a0576c4819,2,17,4.66,Verificar Stock,False
31ece703-f961-4e8e-a5c5-cd5c5b47e3db,2,11,2.32,Validar Elegibilidad,False
e6edcb81-4782-44f0-af6d-1e9e184c77ba,1,15,1.48,Especificar Licencia,False
f036cecc-192b-4e1e-bdc2-c95608f24fe9,1,17,4.81,Especificar Servidores,False
17775f19-8c66-41b3-bd38-919b0fe10b8f,3,17,3.73,Validar Capacitación,False
5f56f693-5a38-4ca2-96c0-7bba750fc7a6,2,9,7.41,Pago de Liquidación,False
f036cecc-192b-4e1e-bdc2-c95608f24fe9,2,12,6.43,Registrar Recibos,False
390714b2-977f-4e5c-bd1e-5f282ff785ef,5,13,1.29,Revisión Gerencial,False
31ece703-f961-4e8e-a5c5-cd5c5b47e3db,4,18,4.52,Instalar Licencia,False
f5ba7581-b2ac-4b3a-830e-64ab112f975a,0,18,0.9,Verificar Factura,False
f5ba7581-b2ac-4b3a-830e-64ab112f975a,1,16,1.83,Aprobación Costos,False
17775f19-8c66-41b3-bd38-919b0fe10b8f,0,14,1.58,Entrega del Equipo,False
e6edcb81-4782-44f0-af6d-1e9e184c77ba,0,8,7.09,Pago de Liquidación,False
17775f19-8c66-41b3-bd38-919b0fe10b8f,5,17,6.78,Autoevaluación,False
f036cecc-192b-4e1e-bdc2-c95608f24fe9,0,10,7.52,Preparar Firma,False
5fd7b0ae-2619-4038-a52e-26a0576c4819,1,12,6.81,Especificar Licencia,False
5f56f693-5a38-4ca2-96c0-7bba750fc7a6,5,14,0.51,Validar Capacitación,False
17775f19-8c66-41b3-bd38-919b0fe10b8f,2,15,1.96,Consolidación de RRHH,False
f5ba7581-b2ac-4b3a-830e-64ab112f975a,1,18,1.94,Entrega del Equipo,False
17775f19-8c66-41b3-bd38-919b0fe10b8f,5,9,2.21,Cerrar Accesos,False
5fd7b0ae-2619-4038-a52e-26a0576c4819,4,17,4.79,Preparar Firma,False
f036cecc-192b-4e1e-bdc2-c95608f24fe9,5,12,3.89,Aprobar Presupuesto,False
17775f19-8c66-41b3-bd38-919b0fe10b8f,6,8,5.06,Habilitar Permisos,False
f5ba7581-b2ac-4b3a-830e-64ab112f975a,3,15,2.56,Aprobación del manager,False
5fd7b0ae-2619-4038-a52e-26a0576c4819,5,17,1.05,Inicio de la solicitud,False
17775f19-8c66-41b3-bd38-919b0fe10b8f,2,9,3.2,Validar Comercial,False
5fd7b0ae-2619-4038-a52e-26a0576c4819,1,11,5.22,Inicio del Proceso,False
f036cecc-192b-4e1e-bdc2-c95608f24fe9,5,8,4.56,Procesar Transferencia,False
f5ba7581-b2ac-4b3a-830e-64ab112f975a,2,13,1.69,Dispersión de Fondos,False
5fd7b0ae-2619-4038-a52e-26a0576c4819,6,16,1.46,Enviar solicitud de vacaciones,False
17775f19-8c66-41b3-bd38-919b0fe10b8f,3,8,6.93,Inicio del Proceso,False
5fd7b0ae-2619-4038-a52e-26a0576c4819,0,14,0.59,Validar Elegibilidad,False
5f56f693-5a38-4ca2-96c0-7bba750fc7a6,4,18,3.82,Aprobación de Pago,False
5fd7b0ae-2619-4038-a52e-26a0576c4819,6,13,7.57,Dispersión de Fondos,False
f036cecc-192b-4e1e-bdc2-c95608f24fe9,4,13,3.21,Revisión de Seguridad,False
390714b2-977f-4e5c-bd1e-5f282ff785ef,6,16,2.27,Inicio de la solicitud,False
5f56f693-5a38-4ca2-96c0-7bba750fc7a6,3,10,4.77,Especificar Licencia,False
5f56f693-5a38-4ca2-96c0-7bba750fc7a6,0,15,5.22,Aprobación del manager,False
f036cecc-192b-4e1e-bdc2-c95608f24fe9,0,17,2.1,Cerrar Accesos,False
390714b2-977f-4e5c-bd1e-5f282ff785ef,3,15,7.7,Revisión Gerencial,False
5f56f693-5a38-4ca2-96c0-7bba750fc7a6,6,17,1.01,Revisión Contable,False
31ece703-f961-4e8e-a5c5-cd5c5b47e3db,5,10,6.83,Validar Elegibilidad,False
f036cecc-192b-4e1e-bdc2-c95608f24fe9,2,8,3.64,Solicitar Adelanto,False
f036cecc-192b-4e1e-bdc2-c95608f24fe9,0,18,1.68,Cerrar Accesos,False
5fd7b0ae-2619-4038-a52e-26a0576c4819,6,9,0.94,Validar Elegibilidad,False
17775f19-8c66-41b3-bd38-919b0fe10b8f,0,8,5.0,Autoevaluación,False
390714b2-977f-4e5c-bd1e-5f282ff785ef,6,14,3.94,Cerrar Accesos,False
f5ba7581-b2ac-4b3a-830e-64ab112f975a,2,14,1.32,Pago de Liquidación,False
e6edcb81-4782-44f0-af6d-1e9e184c77ba,2,18,1.61,Consolidar Gastos,False
f036cecc-192b-4e1e-bdc2-c95608f24fe9,1,14,3.48,Revisión Gerencial,False
31ece703-f961-4e8e-a5c5-cd5c5b47e3db,4,13,3.25,Firma Director,False
31ece703-f961-4e8e-a5c5-cd5c5b47e3db,2,15,2.15,Revisión de Seguridad,False
f036cecc-192b-4e1e-bdc2-c95608f24fe9,6,9,6.7,Validar Capacitación,False
e6edcb81-4782-44f0-af6d-1e9e184c77ba,1,10,5.33,Inicio del Proceso,False
5fd7b0ae-2619-4038-a52e-26a0576c4819,5,11,0.62,Validar Capacitación,False
31ece703-f961-4e8e-a5c5-cd5c5b47e3db,1,14,5.59,Feedback de Manager,False
31ece703-f961-4e8e-a5c5-cd5c5b47e3db,2,13,3.08,Validar Comercial,False
17775f19-8c66-41b3-bd38-919b0fe10b8f,3,9,7.88,Autorización Gerencia,False
e6edcb81-4782-44f0-af6d-1e9e184c77ba,1,15,5.51,Detallar Curso,False
17775f19-8c66-41b3-bd38-919b0fe10b8f,1,13,7.39,Revisión Gerencial,False
31ece703-f961-4e8e-a5c5-cd5c5b47e3db,4,11,4.9,Validar Capacitación,False
31ece703-f961-4e8e-a5c5-cd5c5b47e3db,4,12,4.52,Enviar solicitud de vacaciones,False
f036cecc-192b-4e1e-bdc2-c95608f24fe9,2,9,5.01,Inicio de la solicitud,False
390714b2-977f-4e5c-bd1e-5f282ff785ef,4,13,3.74,Preparar Firma,False
31ece703-f961-4e8e-a5c5-cd5c5b47e3db,5,15,3.81,Verificar Factura,False
31ece703-f961-4e8e-a5c5-cd5c5b47e3db,2,10,7.99,Consolidar Gastos,False
5f56f693-5a38-4ca2-96c0-7bba750fc7a6,1,17,2.92,Consolidación de RRHH,False
e6edcb81-4782-44f0-af6d-1e9e184c77ba,4,15,6.35,Iniciar Baja,False
31ece703-f961-4e8e-a5c5-cd5c5b47e3db,0,8,7.45,Inicio de la solicitud,False
5f56f693-5a38-4ca2-96c0-7bba750fc7a6,2,9,6.47,Especificar Licencia,False
390714b2-977f-4e5c-bd1e-5f282ff785ef,5,10,5.11,Inicio del Proceso,False
5f56f693-5a38-4ca2-96c0-7bba750fc7a6,4,9,1.51,Inicio del Proceso,False
f036cecc-192b-4e1e-bdc2-c95608f24fe9,4,14,5.07,Revisión de Seguridad,False
390714b2-977f-4e5c-bd1e-5f282ff785ef,4,9,1.91,Revisión Contable,False
390714b2-977f-4e5c-bd1e-5f282ff785ef,1,15,2.16,Detallar Curso,False
5fd7b0ae-2619-4038-a52e-26a0576c4819,5,17,7.39,Evaluación Técnica,False
e6edcb81-4782-44f0-af6d-1e9e184c77ba,4,15,1.08,Habilitar Permisos,False
5fd7b0ae-2619-4038-a52e-26a0576c4819,2,8,2.07,Evaluación Técnica,False
5f56f693-5a38-4ca2-96c0-7bba750fc7a6,6,13,5.15,Pago de Liquidación,False
5fd7b0ae-2619-4038-a52e-26a0576c4819,2,12,1.39,Verificar Stock,False
17775f19-8c66-41b3-bd38-919b0fe10b8f,3,16,1.51,Verificar Stock,False
31ece703-f961-4e8e-a5c5-cd5c5b47e3db,4,13,4.12,Entrega del Equipo,False
17775f19-8c66-41b3-bd38-919b0fe10b8f,1,13,5.01,Aprobar Presupuesto,False
e6edcb81-4782-44f0-af6d-1e9e184c77ba,6,12,4.7,Registrar Recibos,False
f5ba7581-b2ac-4b3a-830e-64ab112f975a,6,14,1.55,Revisión Contable,False
f5ba7581-b2ac-4b3a-830e-64ab112f975a,0,12,4.75,Instalar Licencia,False
e6edcb81-4782-44f0-af6d-1e9e184c77ba,2,14,2.41,Feedback de Manager,False
390714b2-977f-4e5c-bd1e-5f282ff785ef,2,12,3.03,Validar Comercial,False
5f56f693-5a38-4ca2-96c0-7bba750fc7a6,6,18,7.59,Reunión Bienvenida,False
17775f19-8c66-41b3-bd38-919b0fe10b8f,6,11,4.15,Presentar Requerimiento,False
5fd7b0ae-2619-4038-a52e-26a0576c4819,5,9,4.96,Aprobación de Pago,False
5f56f693-5a38-4ca2-96c0-7bba750fc7a6,2,8,2.63,Aprobación de Pago,False
f036cecc-192b-4e1e-bdc2-c95608f24fe9,0,18,2.87,Verificar Factura,False
17775f19-8c66-41b3-bd38-919b0fe10b8f,3,13,5.62,Solicitar Adelanto,False
31ece703-f961-4e8e-a5c5-cd5c5b47e3db,5,13,3.66,Consolidación de RRHH,False
5fd7b0ae-2619-4038-a52e-26a0576c4819,2,9,7.03,Enviar solicitud de vacaciones,False
f5ba7581-b2ac-4b3a-830e-64ab112f975a,1,17,7.08,Especificar Licencia,False
e6edcb81-4782-44f0-af6d-1e9e184c77ba,4,17,6.29,Validar Elegibilidad,False
5f56f693-5a38-4ca2-96c0-7bba750fc7a6,6,18,4.96,Preparar Firma,False
31ece703-f961-4e8e-a5c5-cd5c5b47e3db,5,8,5.43,Verificar Factura,False
f036cecc-192b-4e1e-bdc2-c95608f24fe9,1,16,1.97,Enviar solicitud de vacaciones,False
5fd7b0ae-2619-4038-a52e-26a0576c4819,5,17,5.01,Enviar solicitud de vacaciones,False
f5ba7581-b2ac-4b3a-830e-64ab112f975a,0,15,1.85,Presentar Requerimiento,False
17775f19-8c66-41b3-bd38-919b0fe10b8f,4,17,0.6,Solicitar Adelanto,False
f5ba7581-b2ac-4b3a-830e-64ab112f975a,1,16,5.7,Consolidar Gastos,False
f5ba7581-b2ac-4b3a-830e-64ab112f975a,2,17,5.91,Autoevaluación,False
5fd7b0ae-2619-4038-a52e-26a0576c4819,4,9,1.3,Solicitar Adelanto,False
e6edcb81-4782-44f0-af6d-1e9e184c77ba,1,14,1.95,Consolidar Gastos,False
390714b2-977f-4e5c-bd1e-5f282ff785ef,2,18,1.4,Validación de RRHH,False
17775f19-8c66-41b3-bd38-919b0fe10b8f,2,14,1.78,Validar Elegibilidad,False
5fd7b0ae-2619-4038-a52e-26a0576c4819,5,13,1.57,Dispersión de Fondos,False
5f56f693-5a38-4ca2-96c0-7bba750fc7a6,0,12,6.14,Aprobación de Pago,False
f036cecc-192b-4e1e-bdc2-c95608f24fe9,1,16,0.74,Verificar Factura,False
5f56f693-5a38-4ca2-96c0-7bba750fc7a6,6,9,7.61,Inicio de la solicitud,False
390714b2-977f-4e5c-bd1e-5f282ff785ef,4,15,4.83,Setup Tecnológico,False
e6edcb81-4782-44f0-af6d-1e9e184c77ba,1,17,3.22,Entrega del Equipo,False
17775f19-8c66-41b3-bd38-919b0fe10b8f,0,11,5.84,Validación de RRHH,False
e6edcb81-4782-44f0-af6d-1e9e184c77ba,3,12,5.51,Iniciar Baja,False
f5ba7581-b2ac-4b3a-830e-64ab112f975a,1,11,7.7,Enviar solicitud de vacaciones,False
5f56f693-5a38-4ca2-96c0-7bba750fc7a6,2,9,1.15,Cerrar Accesos,False
31ece703-f961-4e8e-a5c5-cd5c5b47e3db,1,18,6.08,Instalar Licencia,False
e6edcb81-4782-44f0-af6d-1e9e184c77ba,4,11,5.43,Solicitar Adelanto,False
5fd7b0ae-2619-4038-a52e-26a0576c4819,0,17,2.68,Pago de Liquidación,False
f036cecc-192b-4e1e-bdc2-c95608f24fe9,5,12,7.49,Evaluación Técnica,False
e6edcb81-4782-44f0-af6d-1e9e184c77ba,0,11,7.45,Enviar solicitud de vacaciones,False
17775f19-8c66-41b3-bd38-919b0fe10b8f,2,12,6.97,Revisión Gerencial,False
f5ba7581-b2ac-4b3a-830e-64ab112f975a,5,14,3.12,Autorización Gerencia,False
e6edcb81-4782-44f0-af6d-1e9e184c77ba,4,17,4.45,Registrar Recibos,False
e6edcb81-4782-44f0-af6d-1e9e184c77ba,4,14,7.08,Validar Capacitación,False
5fd7b0ae-2619-4038-a52e-26a0576c4819,6,18,6.63,Setup Tecnológico,False
5fd7b0ae-2619-4038-a52e-26a0576c4819,3,9,3.79,Verificar Factura,False
17775f19-8c66-41b3-bd38-919b0fe10b8f,4,17,2.71,Autorización Gerencia,False
f5ba7581-b2ac-4b3a-830e-64ab112f975a,0,10,3.32,Solicitar Adelanto,False
31ece703-f961-4e8e-a5c5-cd5c5b47e3db,1,17,4.01,Subir Borrador,False
e6edcb81-4782-44f0-af6d-1e9e184c77ba,5,15,4.08,Validación de RRHH,False
f036cecc-192b-4e1e-bdc2-c95608f24fe9,5,9,5.24,Enviar solicitud de vacaciones,False
17775f19-8c66-41b3-bd38-919b0fe10b8f,0,14,7.82,Registrar Recibos,False
f036cecc-192b-4e1e-bdc2-c95608f24fe9,6,16,7.78,Autorización Gerencia,False
5fd7b0ae-2619-4038-a52e-26a0576c4819,4,13,1.65,Reunión Bienvenida,False
17775f19-8c66-41b3-bd38-919b0fe10b8f,6,16,2.28,Autoevaluación,False
390714b2-977f-4e5c-bd1e-5f282ff785ef,0,8,0.64,Consolidar Gastos,False
31ece703-f961-4e8e-a5c5-cd5c5b47e3db,5,8,4.02,Procesar Transferencia,False
5f56f693-5a38-4ca2-96c0-7bba750fc7a6,6,11,7.63,Procesar Transferencia,False
f5ba7581-b2ac-4b3a-830e-64ab112f975a,3,18,3.48,Validar Capacitación,False
17775f19-8c66-41b3-bd38-919b0fe10b8f,0,8,2.48,Consolidación de RRHH,False
5fd7b0ae-2619-4038-a52e-26a0576c4819,6,14,5.06,Aprobación Costos,False
f5ba7581-b2ac-4b3a-830e-64ab112f975a,5,8,6.57,Entrega del Equipo,False
17775f19-8c66-41b3-bd38-919b0fe10b8f,6,9,5.9,Inicio de la solicitud,False
f036cecc-192b-4e1e-bdc2-c95608f24fe9,4,16,3.0,Aprobación Presupuesto,False
390714b2-977f-4e5c-bd1e-5f282ff785ef,5,11,5.87,Inicio de la solicitud,False
31ece703-f961-4e8e-a5c5-cd5c5b47e3db,6,11,1.26,Consolidar Gastos,False
e6edcb81-4782-44f0-af6d-1e9e184c77ba,3,14,3.39,Detallar Curso,False
e6edcb81-4782-44f0-af6d-1e9e184c77ba,0,13,3.53,Dispersión de Fondos,False
31ece703-f961-4e8e-a5c5-cd5c5b47e3db,5,15,0.65,Habilitar Permisos,False
5fd7b0ae-2619-4038-a52e-26a0576c4819,1,8,3.37,Enviar solicitud de vacaciones,False
5fd7b0ae-2619-4038-a52e-26a0576c4819,4,12,4.1,Revisión de Seguridad,False
390714b2-977f-4e5c-bd1e-5f282ff785ef,6,13,0.67,Verificar Stock,False
e6edcb81-4782-44f0-af6d-1e9e184c77ba,6,15,3.68,Habilitar Permisos,False
f5ba7581-b2ac-4b3a-830e-64ab112f975a,3,17,7.68,Instalar Licencia,False
390714b2-977f-4e5c-bd1e-5f282ff785ef,4,14,2.79,Presentar Requerimiento,False
390714b2-977f-4e5c-bd1e-5f282ff785ef,2,14,2.08,Aprobación Presupuesto,False
5f56f693-5a38-4ca2-96c0-7bba750fc7a6,3,15,7.21,Verificar Stock,False
17775f19-8c66-41b3-bd38-919b0fe10b8f,4,14,2.77,Aprobación de Pago,False
5f56f693-5a38-4ca2-96c0-7bba750fc7a6,4,8,2.36,Consolidar Gastos,False
390714b2-977f-4e5c-bd1e-5f282ff785ef,0,11,7.28,Reunión Bienvenida,False
31ece703-f961-4e8e-a5c5-cd5c5b47e3db,1,15,0.93,Autoevaluación,False
5fd7b0ae-2619-4038-a52e-26a0576c4819,6,18,1.31,Pago de Liquidación,False
31ece703-f961-4e8e-a5c5-cd5c5b47e3db,6,11,1.07,Consolidación de RRHH,False
e6edcb81-4782-44f0-af6d-1e9e184c77ba,2,9,7.28,Preparar Firma,False
17775f19-8c66-41b3-bd38-919b0fe10b8f,4,15,0.75,Aprobación del manager,False
e6edcb81-4782-44f0-af6d-1e9e184c77ba,1,13,6.25,Presentar Requerimiento,False
f036cecc-192b-4e1e-bdc2-c95608f24fe9,4,18,5.05,Pago de Liquidación,False
390714b2-977f-4e5c-bd1e-5f282ff785ef,1,17,6.4,Cerrar Accesos,False
5f56f693-5a38-4ca2-96c0-7bba750fc7a6,6,12,7.77,Consolidación de RRHH,False
5f56f693-5a38-4ca2-96c0-7bba750fc7a6,1,8,6.76,Firma Director,False
390714b2-977f-4e5c-bd1e-5f282ff785ef,2,17,3.0,Preparar Firma,False
e6edcb81-4782-44f0-af6d-1e9e184c77ba,2,17,0.64,Solicitar Adelanto,False
f5ba7581-b2ac-4b3a-830e-64ab112f975a,2,17,7.25,Revisión Gerencial,False
5fd7b0ae-2619-4038-a52e-26a0576c4819,0,12,4.61,Procesar Transferencia,False
e6edcb81-4782-44f0-af6d-1e9e184c77ba,3,18,4.94,Inicio del Proceso,False
17775f19-8c66-41b3-bd38-919b0fe10b8f,2,9,2.14,Verificar Stock,False
390714b2-977f-4e5c-bd1e-5f282ff785ef,4,12,3.64,Autoevaluación,False
e6edcb81-4782-44f0-af6d-1e9e184c77ba,0,11,3.64,Registrar Recibos,False
f5ba7581-b2ac-4b3a-830e-64ab112f975a,0,16,6.51,Revisión Gerencial,False
5fd7b0ae-2619-4038-a52e-26a0576c4819,5,10,3.4,Aprobación del manager,False
390714b2-977f-4e5c-bd1e-5f282ff785ef,1,10,1.34,Feedback de Manager,False
390714b2-977f-4e5c-bd1e-5f282ff785ef,6,11,7.59,Pago de Liquidación,False
5fd7b0ae-2619-4038-a52e-26a0576c4819,6,15,5.04,Especificar Licencia,False
5fd7b0ae-2619-4038-a52e-26a0576c4819,6,16,5.58,Revisión Contable,False
31ece703-f961-4e8e-a5c5-cd5c5b47e3db,3,14,6.86,Procesar Transferencia,False
e6edcb81-4782-44f0-af6d-1e9e184c77ba,4,13,6.29,Solicitar Adelanto,False
5f56f693-5a38-4ca2-96c0-7bba750fc7a6,4,11,3.14,Autorización Gerencia,False
f5ba7581-b2ac-4b3a-830e-64ab112f975a,2,12,1.48,Instalar Licencia,False
f5ba7581-b2ac-4b3a-830e-64ab112f975a,6,8,3.07,Aprobar Presupuesto,False
5f56f693-5a38-4ca2-96c0-7bba750fc7a6,2,13,6.35,Cerrar Accesos,False
5f56f693-5a38-4ca2-96c0-7bba750fc7a6,1,9,6.45,Especificar Servidores,False
f036cecc-192b-4e1e-bdc2-c95608f24fe9,1,11,4.55,Revisión de Seguridad,False
5f56f693-5a38-4ca2-96c0-7bba750fc7a6,5,17,0.86,Instalar Licencia,False
390714b2-977f-4e5c-bd1e-5f282ff785ef,2,17,2.03,Consolidar Gastos,False
f5ba7581-b2ac-4b3a-830e-64ab112f975a,6,10,2.59,Revisión Contable,False
31ece703-f961-4e8e-a5c5-cd5c5b47e3db,1,9,6.78,Revisión Contable,False
f5ba7581-b2ac-4b3a-830e-64ab112f975a,6,10,1.64,Enviar solicitud de vacaciones,False
e6edcb81-4782-44f0-af6d-1e9e184c77ba,3,8,1.3,Consolidar Gastos,False
390714b2-977f-4e5c-bd1e-5f282ff785ef,2,12,3.81,Revisión Contable,False
17775f19-8c66-41b3-bd38-919b0fe10b8f,1,16,0.51,Setup Tecnológico,False
17775f19-8c66-41b3-bd38-919b0fe10b8f,2,16,7.52,Inicio del Proceso,False
f036cecc-192b-4e1e-bdc2-c95608f24fe9,3,11,5.39,Consolidar Gastos,False
17775f19-8c66-41b3-bd38-919b0fe10b8f,6,13,3.79,Pago de Liquidación,False
f5ba7581-b2ac-4b3a-830e-64ab112f975a,0,17,3.54,Aprobar Presupuesto,False
f5ba7581-b2ac-4b3a-830e-64ab112f975a,5,12,1.0,Preparar Firma,False
5f56f693-5a38-4ca2-96c0-7bba750fc7a6,0,15,7.57,Especificar Licencia,False
31ece703-f961-4e8e-a5c5-cd5c5b47e3db,1,9,6.45,Entrega del Equipo,False
f036cecc-192b-4e1e-bdc2-c95608f24fe9,6,8,5.86,Verificar Factura,False
f036cecc-192b-4e1e-bdc2-c95608f24fe9,2,12,4.77,Aprobación Costos,False
390714b2-977f-4e5c-bd1e-5f282ff785ef,6,16,1.54,Firma Director,False
5fd7b0ae-2619-4038-a52e-26a0576c4819,6,16,5.45,Aprobar Presupuesto,False
31ece703-f961-4e8e-a5c5-cd5c5b47e3db,5,9,3.45,Aprobar Presupuesto,False
31ece703-f961-4e8e-a5c5-cd5c5b47e3db,5,11,1.5,Preparar Firma,False
5fd7b0ae-2619-4038-a52e-26a0576c4819,6,18,4.11,Cerrar Accesos,False
5fd7b0ae-2619-4038-a52e-26a0576c4819,0,16,6.13,Dispersión de Fondos,False
5fd7b0ae-2619-4038-a52e-26a0576c4819,5,12,7.18,Presentar Requerimiento,False
31ece703-f961-4e8e-a5c5-cd5c5b47e3db,6,13,3.98,Aprobación del manager,False
5fd7b0ae-2619-4038-a52e-26a0576c4819,2,15,0.93,Firma Director,False
390714b2-977f-4e5c-bd1e-5f282ff785ef,2,16,3.49,Validación de RRHH,False
390714b2-977f-4e5c-bd1e-5f282ff785ef,5,11,3.57,Validar Elegibilidad,False
5f56f693-5a38-4ca2-96c0-7bba750fc7a6,5,11,1.17,Cerrar Accesos,False
31ece703-f961-4e8e-a5c5-cd5c5b47e3db,0,14,7.12,Setup Tecnológico,False
17775f19-8c66-41b3-bd38-919b0fe10b8f,4,14,2.73,Validar Elegibilidad,False
17775f19-8c66-41b3-bd38-919b0fe10b8f,3,8,3.73,Validar Comercial,False
5fd7b0ae-2619-4038-a52e-26a0576c4819,6,17,3.33,Habilitar Permisos,False
5fd7b0ae-2619-4038-a52e-26a0576c4819,2,14,5.06,Reunión Bienvenida,False
390714b2-977f-4e5c-bd1e-5f282ff785ef,2,18,3.32,Habilitar Permisos,False
31ece703-f961-4e8e-a5c5-cd5c5b47e3db,3,17,0.94,Pago de Liquidación,False
390714b2-977f-4e5c-bd1e-5f282ff785ef,1,13,7.04,Evaluación Técnica,False
5f56f693-5a38-4ca2-96c0-7bba750fc7a6,3,18,2.62,Inicio del Proceso,False
f5ba7581-b2ac-4b3a-830e-64ab112f975a,0,18,4.44,Aprobación Presupuesto,False
31ece703-f961-4e8e-a5c5-cd5c5b47e3db,3,13,7.35,Evaluación Técnica,False
f5ba7581-b2ac-4b3a-830e-64ab112f975a,3,10,7.64,Autoevaluación,False
f036cecc-192b-4e1e-bdc2-c95608f24fe9,5,16,6.51,Consolidar Gastos,False
5f56f693-5a38-4ca2-96c0-7bba750fc7a6,2,15,2.45,Validar Comercial,False
5f56f693-5a38-4ca2-96c0-7bba750fc7a6,4,12,1.21,Verificar Factura,False
31ece703-f961-4e8e-a5c5-cd5c5b47e3db,6,15,6.91,Firma Director,False
e6edcb81-4782-44f0-af6d-1e9e184c77ba,1,16,7.68,Solicitar Adelanto,False
f036cecc-192b-4e1e-bdc2-c95608f24fe9,2,13,0.52,Iniciar Baja,False
31ece703-f961-4e8e-a5c5-cd5c5b47e3db,0,8,2.96,Aprobar Presupuesto,False
f036cecc-192b-4e1e-bdc2-c95608f24fe9,3,14,2.97,Verificar Stock,False
31ece703-f961-4e8e-a5c5-cd5c5b47e3db,1,18,5.98,Subir Borrador,False
390714b2-977f-4e5c-bd1e-5f282ff785ef,5,11,4.27,Aprobar Presupuesto,False
5fd7b0ae-2619-4038-a52e-26a0576c4819,0,10,6.09,Validar Comercial,False
17775f19-8c66-41b3-bd38-919b0fe10b8f,0,16,1.0,Autorización Gerencia,False
f5ba7581-b2ac-4b3a-830e-64ab112f975a,0,17,3.97,Verificar Factura,False
5fd7b0ae-2619-4038-a52e-26a0576c4819,1,14,5.67,Solicitar Adelanto,False
17775f19-8c66-41b3-bd38-919b0fe10b8f,1,10,3.29,Dispersión de Fondos,False
f036cecc-192b-4e1e-bdc2-c95608f24fe9,1,17,6.36,Revisión Gerencial,False
e6edcb81-4782-44f0-af6d-1e9e184c77ba,2,14,0.68,Especificar Servidores,False
f036cecc-192b-4e1e-bdc2-c95608f24fe9,2,18,1.23,Revisión de Seguridad,False
31ece703-f961-4e8e-a5c5-cd5c5b47e3db,0,17,3.87,Pago de Liquidación,False
390714b2-977f-4e5c-bd1e-5f282ff785ef,3,12,7.81,Reunión Bienvenida,False
f036cecc-192b-4e1e-bdc2-c95608f24fe9,6,11,0.51,Instalar Licencia,False
f5ba7581-b2ac-4b3a-830e-64ab112f975a,0,9,4.53,Validar Capacitación,False
f5ba7581-b2ac-4b3a-830e-64ab112f975a,6,8,6.73,Inicio de la solicitud,False
31ece703-f961-4e8e-a5c5-cd5c5b47e3db,4,9,1.95,Reunión Bienvenida,False
390714b2-977f-4e5c-bd1e-5f282ff785ef,5,18,1.85,Validar Elegibilidad,False
f5ba7581-b2ac-4b3a-830e-64ab112f975a,0,9,3.82,Autoevaluación,False
5fd7b0ae-2619-4038-a52e-26a0576c4819,0,16,1.51,Instalar Licencia,False
5f56f693-5a38-4ca2-96c0-7bba750fc7a6,0,17,7.84,Subir Borrador,False
f5ba7581-b2ac-4b3a-830e-64ab112f975a,0,16,6.01,Solicitar Adelanto,False
5f56f693-5a38-4ca2-96c0-7bba750fc7a6,0,15,7.94,Subir Borrador,False
390714b2-977f-4e5c-bd1e-5f282ff785ef,6,8,3.06,Aprobación de Pago,False
390714b2-977f-4e5c-bd1e-5f282ff785ef,4,14,5.56,Revisión Gerencial,False
5f56f693-5a38-4ca2-96c0-7bba750fc7a6,4,18,4.45,Entrega del Equipo,False
390714b2-977f-4e5c-bd1e-5f282ff785ef,0,8,4.0,Especificar Servidores,False
17775f19-8c66-41b3-bd38-919b0fe10b8f,1,18,1.96,Especificar Licencia,False
17775f19-8c66-41b3-bd38-919b0fe10b8f,0,12,2.24,Detallar Curso,False
17775f19-8c66-41b3-bd38-919b0fe10b8f,2,14,0.83,Aprobar Presupuesto,False
17775f19-8c66-41b3-bd38-919b0fe10b8f,1,9,6.57,Registrar Recibos,False
f5ba7581-b2ac-4b3a-830e-64ab112f975a,3,12,3.88,Preparar Firma,False
5fd7b0ae-2619-4038-a52e-26a0576c4819,1,11,4.12,Iniciar Baja,False
5fd7b0ae-2619-4038-a52e-26a0576c4819,6,11,6.49,Validar Elegibilidad,False
f5ba7581-b2ac-4b3a-830e-64ab112f975a,5,8,5.26,Reunión Bienvenida,False
31ece703-f961-4e8e-a5c5-cd5c5b47e3db,0,14,7.0,Dispersión de Fondos,False
31ece703-f961-4e8e-a5c5-cd5c5b47e3db,4,15,2.78,Aprobación Costos,False
17775f19-8c66-41b3-bd38-919b0fe10b8f,4,12,3.21,Aprobar Presupuesto,False
390714b2-977f-4e5c-bd1e-5f282ff785ef,3,17,3.73,Entrega del Equipo,False
f5ba7581-b2ac-4b3a-830e-64ab112f975a,1,14,2.44,Verificar Stock,False
17775f19-8c66-41b3-bd38-919b0fe10b8f,3,11,7.01,Reunión Bienvenida,False
f5ba7581-b2ac-4b3a-830e-64ab112f975a,4,17,3.1,Aprobación Costos,False
f036cecc-192b-4e1e-bdc2-c95608f24fe9,1,8,3.25,Preparar Firma,False
e6edcb81-4782-44f0-af6d-1e9e184c77ba,1,17,4.28,Revisión Contable,False
e6edcb81-4782-44f0-af6d-1e9e184c77ba,1,18,7.92,Dispersión de Fondos,False
f5ba7581-b2ac-4b3a-830e-64ab112f975a,4,12,3.04,Validación de RRHH,False
f5ba7581-b2ac-4b3a-830e-64ab112f975a,0,13,3.37,Autorización Gerencia,False
5f56f693-5a38-4ca2-96c0-7bba750fc7a6,4,14,7.7,Verificar Stock,False
e6edcb81-4782-44f0-af6d-1e9e184c77ba,0,12,5.32,Aprobación del manager,False
31ece703-f961-4e8e-a5c5-cd5c5b47e3db,6,9,5.83,Autorización Gerencia,False
f5ba7581-b2ac-4b3a-830e-64ab112f975a,0,15,0.9,Consolidación de RRHH,False
390714b2-977f-4e5c-bd1e-5f282ff785ef,0,9,5.25,Especificar Servidores,False
5fd7b0ae-2619-4038-a52e-26a0576c4819,3,16,5.15,Pago de Liquidación,False
5f56f693-5a38-4ca2-96c0-7bba750fc7a6,5,9,2.63,Enviar solicitud de vacaciones,False
5fd7b0ae-2619-4038-a52e-26a0576c4819,6,16,1.97,Autoevaluación,False
f5ba7581-b2ac-4b3a-830e-64ab112f975a,0,18,5.84,Iniciar Baja,False
e6edcb81-4782-44f0-af6d-1e9e184c77ba,3,13,7.89,Procesar Transferencia,False
f036cecc-192b-4e1e-bdc2-c95608f24fe9,1,10,4.26,Aprobación Costos,False
17775f19-8c66-41b3-bd38-919b0fe10b8f,5,11,0.87,Revisión de Seguridad,False
f036cecc-192b-4e1e-bdc2-c95608f24fe9,0,15,4.93,Cerrar Accesos,False
f5ba7581-b2ac-4b3a-830e-64ab112f975a,5,13,7.71,Dispersión de Fondos,False
5f56f693-5a38-4ca2-96c0-7bba750fc7a6,3,15,7.97,Autorización Gerencia,False
5f56f693-5a38-4ca2-96c0-7bba750fc7a6,5,10,1.05,Firma Director,False
17775f19-8c66-41b3-bd38-919b0fe10b8f,5,17,6.97,Reunión Bienvenida,False
5fd7b0ae-2619-4038-a52e-26a0576c4819,6,16,3.92,Registrar Recibos,False
e6edcb81-4782-44f0-af6d-1e9e184c77ba,6,10,2.75,Entrega del Equipo,False
31ece703-f961-4e8e-a5c5-cd5c5b47e3db,3,10,5.25,Validar Elegibilidad,False
f5ba7581-b2ac-4b3a-830e-64ab112f975a,0,12,4.72,Revisión de Seguridad,False
390714b2-977f-4e5c-bd1e-5f282ff785ef,6,13,7.75,Habilitar Permisos,False
f5ba7581-b2ac-4b3a-830e-64ab112f975a,6,10,1.84,Evaluación Técnica,False
e6edcb81-4782-44f0-af6d-1e9e184c77ba,2,12,1.67,Inicio de la solicitud,False
5fd7b0ae-2619-4038-a52e-26a0576c4819,1,14,3.39,Iniciar Baja,False
e6edcb81-4782-44f0-af6d-1e9e184c77ba,1,11,6.46,Inicio del Proceso,False
390714b2-977f-4e5c-bd1e-5f282ff785ef,0,12,6.63,Consolidación de RRHH,False
31ece703-f961-4e8e-a5c5-cd5c5b47e3db,6,13,3.87,Presentar Requerimiento,False
17775f19-8c66-41b3-bd38-919b0fe10b8f,6,12,7.38,Autorización Gerencia,False
f5ba7581-b2ac-4b3a-830e-64ab112f975a,2,10,7.45,Pago de Liquidación,False
5fd7b0ae-2619-4038-a52e-26a0576c4819,5,10,7.42,Iniciar Baja,False
e6edcb81-4782-44f0-af6d-1e9e184c77ba,1,8,6.16,Aprobación de Pago,False
5fd7b0ae-2619-4038-a52e-26a0576c4819,4,18,6.69,Revisión Gerencial,False
17775f19-8c66-41b3-bd38-919b0fe10b8f,5,17,1.94,Dispersión de Fondos,False
31ece703-f961-4e8e-a5c5-cd5c5b47e3db,3,18,2.84,Entrega del Equipo,False
17775f19-8c66-41b3-bd38-919b0fe10b8f,4,8,1.63,Aprobación de Pago,False
5fd7b0ae-2619-4038-a52e-26a0576c4819,1,10,2.96,Pago de Liquidación,False
f036cecc-192b-4e1e-bdc2-c95608f24fe9,4,9,3.03,Aprobación de Pago,False
390714b2-977f-4e5c-bd1e-5f282ff785ef,3,16,3.07,Feedback de Manager,False
390714b2-977f-4e5c-bd1e-5f282ff785ef,0,9,3.41,Reunión Bienvenida,False
f5ba7581-b2ac-4b3a-830e-64ab112f975a,4,13,5.63,Inicio del Proceso,False
e6edcb81-4782-44f0-af6d-1e9e184c77ba,1,10,1.36,Autorización Gerencia,False
f036cecc-192b-4e1e-bdc2-c95608f24fe9,0,15,6.94,Setup Tecnológico,False
17775f19-8c66-41b3-bd38-919b0fe10b8f,6,8,7.36,Revisión Gerencial,False
f036cecc-192b-4e1e-bdc2-c95608f24fe9,3,11,2.68,Pago de Liquidación,False
31ece703-f961-4e8e-a5c5-cd5c5b47e3db,2,15,7.04,Entrega del Equipo,False
e6edcb81-4782-44f0-af6d-1e9e184c77ba,4,18,5.31,Revisión Gerencial,False
5fd7b0ae-2619-4038-a52e-26a0576c4819,5,14,0.86,Inicio de la solicitud,False
31ece703-f961-4e8e-a5c5-cd5c5b47e3db,0,14,3.46,Aprobación del manager,False
e6edcb81-4782-44f0-af6d-1e9e184c77ba,6,18,2.83,Preparar Firma,False
31ece703-f961-4e8e-a5c5-cd5c5b47e3db,5,15,5.73,Solicitar Adelanto,False
390714b2-977f-4e5c-bd1e-5f282ff785ef,6,9,3.18,Revisión Contable,False
5fd7b0ae-2619-4038-a52e-26a0576c4819,3,11,2.71,Validación de RRHH,False
5fd7b0ae-2619-4038-a52e-26a0576c4819,5,13,0.56,Autoevaluación,False
390714b2-977f-4e5c-bd1e-5f282ff785ef,6,17,7.26,Reunión Bienvenida,False
f5ba7581-b2ac-4b3a-830e-64ab112f975a,3,18,5.39,Revisión Contable,False
31ece703-f961-4e8e-a5c5-cd5c5b47e3db,0,16,3.23,Consolidación de RRHH,False
f5ba7581-b2ac-4b3a-830e-64ab112f975a,0,12,7.4,Aprobación Presupuesto,False
17775f19-8c66-41b3-bd38-919b0fe10b8f,3,10,7.94,Consolidación de RRHH,False
5f56f693-5a38-4ca2-96c0-7bba750fc7a6,0,11,7.06,Validación de RRHH,False
5fd7b0ae-2619-4038-a52e-26a0576c4819,0,16,7.31,Procesar Transferencia,False
e6edcb81-4782-44f0-af6d-1e9e184c77ba,3,18,0.85,Presentar Requerimiento,False
31ece703-f961-4e8e-a5c5-cd5c5b47e3db,1,12,2.05,Autorización Gerencia,False
31ece703-f961-4e8e-a5c5-cd5c5b47e3db,4,14,3.95,Instalar Licencia,False
f036cecc-192b-4e1e-bdc2-c95608f24fe9,3,8,7.34,Entrega del Equipo,False
f036cecc-192b-4e1e-bdc2-c95608f24fe9,4,9,4.27,Aprobación del manager,False
17775f19-8c66-41b3-bd38-919b0fe10b8f,1,13,6.84,Aprobación de Pago,False
e6edcb81-4782-44f0-af6d-1e9e184c77ba,3,10,2.93,Instalar Licencia,False
390714b2-977f-4e5c-bd1e-5f282ff785ef,4,17,7.38,Reunión Bienvenida,False
31ece703-f961-4e8e-a5c5-cd5c5b47e3db,0,8,6.29,Inicio del Proceso,False
5f56f693-5a38-4ca2-96c0-7bba750fc7a6,4,16,5.72,Feedback de Manager,False
31ece703-f961-4e8e-a5c5-cd5c5b47e3db,5,14,3.52,Consolidación de RRHH,False
f5ba7581-b2ac-4b3a-830e-64ab112f975a,4,10,5.69,Validación de RRHH,False
5fd7b0ae-2619-4038-a52e-26a0576c4819,6,17,1.88,Firma Director,False
5f56f693-5a38-4ca2-96c0-7bba750fc7a6,2,16,3.01,Aprobación Costos,False
f036cecc-192b-4e1e-bdc2-c95608f24fe9,0,8,7.38,Habilitar Permisos,False
390714b2-977f-4e5c-bd1e-5f282ff785ef,3,14,2.94,Consolidar Gastos,False
5fd7b0ae-2619-4038-a52e-26a0576c4819,0,18,3.24,Setup Tecnológico,False
5f56f693-5a38-4ca2-96c0-7bba750fc7a6,3,15,2.11,Aprobación Presupuesto,False
5fd7b0ae-2619-4038-a52e-26a0576c4819,5,12,4.81,Revisión de Seguridad,False
390714b2-977f-4e5c-bd1e-5f282ff785ef,2,8,3.07,Aprobación del manager,False
31ece703-f961-4e8e-a5c5-cd5c5b47e3db,1,8,4.96,Subir Borrador,False
e6edcb81-4782-44f0-af6d-1e9e184c77ba,1,10,2.76,Validación de RRHH,False
17775f19-8c66-41b3-bd38-919b0fe10b8f,0,15,4.42,Subir Borrador,False
f036cecc-192b-4e1e-bdc2-c95608f24fe9,6,18,2.61,Validar Elegibilidad,False
5fd7b0ae-2619-4038-a52e-26a0576c4819,6,12,0.9,Aprobación Presupuesto,False
f036cecc-192b-4e1e-bdc2-c95608f24fe9,3,9,2.97,Cerrar Accesos,False
390714b2-977f-4e5c-bd1e-5f282ff785ef,2,15,2.1,Setup Tecnológico,False
17775f19-8c66-41b3-bd38-919b0fe10b8f,3,13,5.6,Firma Director,False
e6edcb81-4782-44f0-af6d-1e9e184c77ba,2,15,7.55,Dispersión de Fondos,False
390714b2-977f-4e5c-bd1e-5f282ff785ef,1,16,4.41,Aprobación Presupuesto,False
17775f19-8c66-41b3-bd38-919b0fe10b8f,5,11,7.73,Solicitar Adelanto,False
5fd7b0ae-2619-4038-a52e-26a0576c4819,2,12,2.88,Entrega del Equipo,False
f5ba7581-b2ac-4b3a-830e-64ab112f975a,1,8,3.4,Instalar Licencia,False
17775f19-8c66-41b3-bd38-919b0fe10b8f,1,16,0.69,Procesar Transferencia,False
390714b2-977f-4e5c-bd1e-5f282ff785ef,4,16,5.24,Entrega del Equipo,False
390714b2-977f-4e5c-bd1e-5f282ff785ef,0,17,6.57,Aprobar Presupuesto,False
390714b2-977f-4e5c-bd1e-5f282ff785ef,5,10,1.56,Instalar Licencia,False
f5ba7581-b2ac-4b3a-830e-64ab112f975a,1,17,7.93,Presentar Requerimiento,False
17775f19-8c66-41b3-bd38-919b0fe10b8f,3,11,4.81,Revisión Contable,False
5f56f693-5a38-4ca2-96c0-7bba750fc7a6,6,10,5.35,Inicio del Proceso,False
390714b2-977f-4e5c-bd1e-5f282ff785ef,4,17,5.01,Iniciar Baja,False
31ece703-f961-4e8e-a5c5-cd5c5b47e3db,3,8,3.92,Consolidación de RRHH,False
17775f19-8c66-41b3-bd38-919b0fe10b8f,5,18,6.18,Autoevaluación,False
390714b2-977f-4e5c-bd1e-5f282ff785ef,3,9,6.54,Autoevaluación,False
5fd7b0ae-2619-4038-a52e-26a0576c4819,3,13,6.79,Aprobación del manager,False
17775f19-8c66-41b3-bd38-919b0fe10b8f,1,9,6.59,Entrega del Equipo,False
5fd7b0ae-2619-4038-a52e-26a0576c4819,1,8,3.43,Verificar Stock,False
17775f19-8c66-41b3-bd38-919b0fe10b8f,2,18,7.65,Autoevaluación,False
17775f19-8c66-41b3-bd38-919b0fe10b8f,3,13,6.49,Presentar Requerimiento,False
17775f19-8c66-41b3-bd38-919b0fe10b8f,1,12,3.49,Dispersión de Fondos,False
390714b2-977f-4e5c-bd1e-5f282ff785ef,3,16,4.44,Preparar Firma,False
5fd7b0ae-2619-4038-a52e-26a0576c4819,2,8,1.45,Autoevaluación,False
5f56f693-5a38-4ca2-96c0-7bba750fc7a6,4,13,2.03,Habilitar Permisos,False
e6edcb81-4782-44f0-af6d-1e9e184c77ba,3,16,3.45,Verificar Stock,False
f5ba7581-b2ac-4b3a-830e-64ab112f975a,2,17,1.51,Presentar Requerimiento,False
31ece703-f961-4e8e-a5c5-cd5c5b47e3db,4,8,4.51,Detallar Curso,False
31ece703-f961-4e8e-a5c5-cd5c5b47e3db,4,15,5.59,Aprobación del manager,False
390714b2-977f-4e5c-bd1e-5f282ff785ef,3,8,5.23,Pago de Liquidación,False
5fd7b0ae-2619-4038-a52e-26a0576c4819,0,15,2.35,Preparar Firma,False
e6edcb81-4782-44f0-af6d-1e9e184c77ba,5,14,5.55,Presentar Requerimiento,False
5f56f693-5a38-4ca2-96c0-7bba750fc7a6,3,15,7.0,Feedback de Manager,False
5f56f693-5a38-4ca2-96c0-7bba750fc7a6,0,11,2.64,Aprobación de Pago,False
17775f19-8c66-41b3-bd38-919b0fe10b8f,2,13,4.38,Consolidar Gastos,False
5f56f693-5a38-4ca2-96c0-7bba750fc7a6,2,16,3.76,Verificar Stock,False
f5ba7581-b2ac-4b3a-830e-64ab112f975a,5,8,6.4,Inicio de la solicitud,False
e6edcb81-4782-44f0-af6d-1e9e184c77ba,3,8,7.4,Preparar Firma,False
390714b2-977f-4e5c-bd1e-5f282ff785ef,2,10,5.29,Revisión Gerencial,False
17775f19-8c66-41b3-bd38-919b0fe10b8f,0,13,6.27,Preparar Firma,False
31ece703-f961-4e8e-a5c5-cd5c5b47e3db,1,15,1.13,Revisión de Seguridad,False
390714b2-977f-4e5c-bd1e-5f282ff785ef,2,8,7.88,Revisión de Seguridad,False
5fd7b0ae-2619-4038-a52e-26a0576c4819,1,12,4.3,Revisión Gerencial,False
f036cecc-192b-4e1e-bdc2-c95608f24fe9,1,14,7.73,Feedback de Manager,False
5fd7b0ae-2619-4038-a52e-26a0576c4819,6,12,6.7,Enviar solicitud de vacaciones,False
17775f19-8c66-41b3-bd38-919b0fe10b8f,5,14,6.91,Reunión Bienvenida,False
f036cecc-192b-4e1e-bdc2-c95608f24fe9,4,9,3.18,Especificar Licencia,False
5f56f693-5a38-4ca2-96c0-7bba750fc7a6,3,10,2.75,Validar Elegibilidad,False
f5ba7581-b2ac-4b3a-830e-64ab112f975a,5,11,4.82,Revisión Contable,False
f5ba7581-b2ac-4b3a-830e-64ab112f975a,5,17,2.06,Especificar Servidores,False
f5ba7581-b2ac-4b3a-830e-64ab112f975a,3,14,5.36,Setup Tecnológico,False
f036cecc-192b-4e1e-bdc2-c95608f24fe9,5,16,7.77,Revisión Gerencial,False
e6edcb81-4782-44f0-af6d-1e9e184c77ba,0,10,1.48,Pago de Liquidación,False
31ece703-f961-4e8e-a5c5-cd5c5b47e3db,3,17,7.38,Autoevaluación,False
e6edcb81-4782-44f0-af6d-1e9e184c77ba,4,11,5.57,Autorización Gerencia,False
31ece703-f961-4e8e-a5c5-cd5c5b47e3db,4,18,3.0,Pago de Liquidación,False
f5ba7581-b2ac-4b3a-830e-64ab112f975a,2,18,4.17,Detallar Curso,False
e6edcb81-4782-44f0-af6d-1e9e184c77ba,1,15,6.83,Validar Elegibilidad,False
31ece703-f961-4e8e-a5c5-cd5c5b47e3db,0,12,7.78,Inicio de la solicitud,False
f036cecc-192b-4e1e-bdc2-c95608f24fe9,0,18,4.84,Instalar Licencia,False
e6edcb81-4782-44f0-af6d-1e9e184c77ba,5,14,3.32,Especificar Licencia,False
e6edcb81-4782-44f0-af6d-1e9e184c77ba,2,17,3.18,Aprobación del manager,False
5f56f693-5a38-4ca2-96c0-7bba750fc7a6,0,13,1.73,Aprobación de Pago,False
f5ba7581-b2ac-4b3a-830e-64ab112f975a,4,18,2.85,Revisión Contable,False
f036cecc-192b-4e1e-bdc2-c95608f24fe9,0,18,7.79,Enviar solicitud de vacaciones,False
5fd7b0ae-2619-4038-a52e-26a0576c4819,2,17,4.88,Preparar Firma,False
31ece703-f961-4e8e-a5c5-cd5c5b47e3db,4,15,3.49,Aprobar Presupuesto,False
390714b2-977f-4e5c-bd1e-5f282ff785ef,6,17,7.41,Aprobación Presupuesto,False
17775f19-8c66-41b3-bd38-919b0fe10b8f,4,18,5.75,Consolidación de RRHH,False
390714b2-977f-4e5c-bd1e-5f282ff785ef,0,17,2.36,Aprobación del manager,False
5fd7b0ae-2619-4038-a52e-26a0576c4819,3,18,4.1,Revisión de Seguridad,False
f5ba7581-b2ac-4b3a-830e-64ab112f975a,0,18,3.36,Aprobación Costos,False
31ece703-f961-4e8e-a5c5-cd5c5b47e3db,5,16,7.06,Aprobación Presupuesto,False
e6edcb81-4782-44f0-af6d-1e9e184c77ba,0,18,2.09,Revisión Contable,False
5fd7b0ae-2619-4038-a52e-26a0576c4819,1,8,0.52,Aprobación de Pago,False
390714b2-977f-4e5c-bd1e-5f282ff785ef,1,18,3.51,Feedback de Manager,False
5f56f693-5a38-4ca2-96c0-7bba750fc7a6,4,13,6.45,Reunión Bienvenida,False
e6edcb81-4782-44f0-af6d-1e9e184c77ba,1,13,5.32,Especificar Licencia,False
e6edcb81-4782-44f0-af6d-1e9e184c77ba,2,9,0.74,Setup Tecnológico,False
31ece703-f961-4e8e-a5c5-cd5c5b47e3db,4,13,2.32,Validar Comercial,False
31ece703-f961-4e8e-a5c5-cd5c5b47e3db,3,13,5.49,Habilitar Permisos,False
17775f19-8c66-41b3-bd38-919b0fe10b8f,5,13,4.96,Habilitar Permisos,False
5f56f693-5a38-4ca2-96c0-7bba750fc7a6,0,14,6.96,Setup Tecnológico,False
5f56f693-5a38-4ca2-96c0-7bba750fc7a6,2,15,2.18,Presentar Requerimiento,False
390714b2-977f-4e5c-bd1e-5f282ff785ef,0,10,2.7,Autoevaluación,False
f036cecc-192b-4e1e-bdc2-c95608f24fe9,1,9,4.71,Solicitar Adelanto,False
5f56f693-5a38-4ca2-96c0-7bba750fc7a6,6,9,5.55,Iniciar Baja,False
5fd7b0ae-2619-4038-a52e-26a0576c4819,1,11,7.7,Pago de Liquidación,False
f036cecc-192b-4e1e-bdc2-c95608f24fe9,2,18,6.02,Aprobar Presupuesto,False
31ece703-f961-4e8e-a5c5-cd5c5b47e3db,5,15,3.67,Aprobación Costos,False
17775f19-8c66-41b3-bd38-919b0fe10b8f,6,12,2.7,Pago de Liquidación,False
e6edcb81-4782-44f0-af6d-1e9e184c77ba,2,15,0.87,Pago de Liquidación,False
f036cecc-192b-4e1e-bdc2-c95608f24fe9,0,13,1.64,Detallar Curso,False
f036cecc-192b-4e1e-bdc2-c95608f24fe9,2,15,6.9,Inicio de la solicitud,False
f036cecc-192b-4e1e-bdc2-c95608f24fe9,1,13,2.18,Revisión Gerencial,False
5f56f693-5a38-4ca2-96c0-7bba750fc7a6,0,17,5.83,Autorización Gerencia,False
e6edcb81-4782-44f0-af6d-1e9e184c77ba,3,10,6.51,Reunión Bienvenida,False
390714b2-977f-4e5c-bd1e-5f282ff785ef,1,16,4.66,Aprobación Presupuesto,False
e6edcb81-4782-44f0-af6d-1e9e184c77ba,6,17,6.52,Revisión de Seguridad,False
390714b2-977f-4e5c-bd1e-5f282ff785ef,4,14,1.94,Verificar Stock,False
31ece703-f961-4e8e-a5c5-cd5c5b47e3db,0,13,6.92,Firma Director,False
5f56f693-5a38-4ca2-96c0-7bba750fc7a6,5,18,7.96,Consolidar Gastos,False
5f56f693-5a38-4ca2-96c0-7bba750fc7a6,5,9,5.16,Inicio de la solicitud,False
5f56f693-5a38-4ca2-96c0-7bba750fc7a6,3,9,0.56,Consolidación de RRHH,False
f036cecc-192b-4e1e-bdc2-c95608f24fe9,1,17,1.15,Revisión de Seguridad,False
e6edcb81-4782-44f0-af6d-1e9e184c77ba,4,15,7.13,Consolidar Gastos,False
5f56f693-5a38-4ca2-96c0-7bba750fc7a6,5,14,6.99,Aprobación Presupuesto,False
e6edcb81-4782-44f0-af6d-1e9e184c77ba,2,17,1.26,Pago de Liquidación,False
e6edcb81-4782-44f0-af6d-1e9e184c77ba,1,18,6.75,Especificar Servidores,False
e6edcb81-4782-44f0-af6d-1e9e184c77ba,3,16,2.27,Autoevaluación,False
f5ba7581-b2ac-4b3a-830e-64ab112f975a,2,13,2.33,Validar Comercial,False
f036cecc-192b-4e1e-bdc2-c95608f24fe9,4,15,1.45,Procesar Transferencia,False
e6edcb81-4782-44f0-af6d-1e9e184c77ba,2,16,2.08,Setup Tecnológico,False
f5ba7581-b2ac-4b3a-830e-64ab112f975a,5,17,1.32,Feedback de Manager,False
31ece703-f961-4e8e-a5c5-cd5c5b47e3db,0,8,7.99,Entrega del Equipo,False
e6edcb81-4782-44f0-af6d-1e9e184c77ba,4,11,6.52,Feedback de Manager,False
17775f19-8c66-41b3-bd38-919b0fe10b8f,1,14,4.74,Instalar Licencia,False
5fd7b0ae-2619-4038-a52e-26a0576c4819,2,15,5.09,Autorización Gerencia,False
17775f19-8c66-41b3-bd38-919b0fe10b8f,5,15,4.35,Pago de Liquidación,False
f036cecc-192b-4e1e-bdc2-c95608f24fe9,5,13,1.08,Aprobación Costos,False
390714b2-977f-4e5c-bd1e-5f282ff785ef,2,17,7.71,Feedback de Manager,False
390714b2-977f-4e5c-bd1e-5f282ff785ef,4,8,2.75,Detallar Curso,False
390714b2-977f-4e5c-bd1e-5f282ff785ef,6,15,2.41,Validación de RRHH,False
5fd7b0ae-2619-4038-a52e-26a0576c4819,0,8,1.32,Presentar Requerimiento,False
5f56f693-5a38-4ca2-96c0-7bba750fc7a6,0,13,2.38,Aprobación Presupuesto,False
390714b2-977f-4e5c-bd1e-5f282ff785ef,4,15,3.44,Instalar Licencia,False
17775f19-8c66-41b3-bd38-919b0fe10b8f,6,18,5.33,Consolidar Gastos,False
f5ba7581-b2ac-4b3a-830e-64ab112f975a,3,12,3.37,Presentar Requerimiento,False
5fd7b0ae-2619-4038-a52e-26a0576c4819,5,13,5.01,Verificar Stock,False
390714b2-977f-4e5c-bd1e-5f282ff785ef,6,10,3.03,Verificar Factura,False
31ece703-f961-4e8e-a5c5-cd5c5b47e3db,2,12,5.65,Aprobar Presupuesto,False
5f56f693-5a38-4ca2-96c0-7bba750fc7a6,0,10,4.91,Consolidar Gastos,False
f5ba7581-b2ac-4b3a-830e-64ab112f975a,0,14,2.77,Presentar Requerimiento,False
5fd7b0ae-2619-4038-a52e-26a0576c4819,4,10,2.78,Iniciar Baja,False
17775f19-8c66-41b3-bd38-919b0fe10b8f,5,12,0.81,Aprobación Costos,False
5fd7b0ae-2619-4038-a52e-26a0576c4819,0,11,1.83,Habilitar Permisos,False
31ece703-f961-4e8e-a5c5-cd5c5b47e3db,4,15,6.43,Subir Borrador,False
5fd7b0ae-2619-4038-a52e-26a0576c4819,5,12,7.96,Validar Comercial,False
5f56f693-5a38-4ca2-96c0-7bba750fc7a6,5,16,3.32,Reunión Bienvenida,False
5fd7b0ae-2619-4038-a52e-26a0576c4819,5,12,5.62,Enviar solicitud de vacaciones,False
f5ba7581-b2ac-4b3a-830e-64ab112f975a,4,11,1.2,Procesar Transferencia,False
31ece703-f961-4e8e-a5c5-cd5c5b47e3db,6,12,7.74,Aprobación Costos,False
5fd7b0ae-2619-4038-a52e-26a0576c4819,5,16,2.46,Verificar Factura,False
e6edcb81-4782-44f0-af6d-1e9e184c77ba,5,8,6.2,Aprobación Presupuesto,False
e6edcb81-4782-44f0-af6d-1e9e184c77ba,4,17,2.12,Especificar Servidores,False
f5ba7581-b2ac-4b3a-830e-64ab112f975a,3,12,6.75,Registrar Recibos,False
f5ba7581-b2ac-4b3a-830e-64ab112f975a,4,15,3.22,Revisión Contable,False
390714b2-977f-4e5c-bd1e-5f282ff785ef,2,16,4.02,Especificar Licencia,False
f5ba7581-b2ac-4b3a-830e-64ab112f975a,5,16,4.27,Dispersión de Fondos,False
e6edcb81-4782-44f0-af6d-1e9e184c77ba,0,12,0.97,Reunión Bienvenida,False
f5ba7581-b2ac-4b3a-830e-64ab112f975a,1,12,4.85,Consolidación de RRHH,False
5fd7b0ae-2619-4038-a52e-26a0576c4819,3,11,6.82,Consolidar Gastos,False
31ece703-f961-4e8e-a5c5-cd5c5b47e3db,2,13,7.48,Pago de Liquidación,False
5f56f693-5a38-4ca2-96c0-7bba750fc7a6,6,15,7.47,Revisión Gerencial,False
5f56f693-5a38-4ca2-96c0-7bba750fc7a6,0,10,2.0,Autoevaluación,False
f5ba7581-b2ac-4b3a-830e-64ab112f975a,3,9,5.37,Validar Capacitación,False
f036cecc-192b-4e1e-bdc2-c95608f24fe9,0,11,1.95,Aprobación del manager,False
390714b2-977f-4e5c-bd1e-5f282ff785ef,2,14,1.07,Detallar Curso,False
5fd7b0ae-2619-4038-a52e-26a0576c4819,6,17,0.67,Setup Tecnológico,False
17775f19-8c66-41b3-bd38-919b0fe10b8f,0,9,2.38,Firma Director,False
5fd7b0ae-2619-4038-a52e-26a0576c4819,6,13,1.15,Revisión de Seguridad,False
31ece703-f961-4e8e-a5c5-cd5c5b47e3db,4,13,4.33,Subir Borrador,False
390714b2-977f-4e5c-bd1e-5f282ff785ef,1,9,2.87,Validar Elegibilidad,False
5f56f693-5a38-4ca2-96c0-7bba750fc7a6,4,8,5.36,Validar Capacitación,False
f036cecc-192b-4e1e-bdc2-c95608f24fe9,3,9,1.67,Validar Elegibilidad,False
f5ba7581-b2ac-4b3a-830e-64ab112f975a,6,12,6.25,Procesar Transferencia,False
f036cecc-192b-4e1e-bdc2-c95608f24fe9,4,9,0.96,Revisión Gerencial,False
f5ba7581-b2ac-4b3a-830e-64ab112f975a,4,10,2.88,Procesar Transferencia,False
f036cecc-192b-4e1e-bdc2-c95608f24fe9,1,17,4.27,Inicio del Proceso,False
f5ba7581-b2ac-4b3a-830e-64ab112f975a,4,8,4.75,Validar Capacitación,False
390714b2-977f-4e5c-bd1e-5f282ff785ef,6,11,7.54,Preparar Firma,False
e6edcb81-4782-44f0-af6d-1e9e184c77ba,3,10,5.63,Especificar Servidores,False
e6edcb81-4782-44f0-af6d-1e9e184c77ba,0,11,5.07,Aprobación de Pago,False
5fd7b0ae-2619-4038-a52e-26a0576c4819,3,17,3.32,Especificar Servidores,False
e6edcb81-4782-44f0-af6d-1e9e184c77ba,6,18,7.02,Autorización Gerencia,False
31ece703-f961-4e8e-a5c5-cd5c5b47e3db,3,8,4.52,Evaluación Técnica,False
f5ba7581-b2ac-4b3a-830e-64ab112f975a,2,12,1.02,Iniciar Baja,False
e6edcb81-4782-44f0-af6d-1e9e184c77ba,6,15,6.08,Inicio del Proceso,False
5fd7b0ae-2619-4038-a52e-26a0576c4819,3,18,7.94,Registrar Recibos,False
5fd7b0ae-2619-4038-a52e-26a0576c4819,2,18,1.92,Consolidar Gastos,False
5fd7b0ae-2619-4038-a52e-26a0576c4819,2,18,7.77,Aprobación de Pago,False
f5ba7581-b2ac-4b3a-830e-64ab112f975a,0,16,5.63,Aprobación del manager,False
5f56f693-5a38-4ca2-96c0-7bba750fc7a6,6,15,5.06,Autorización Gerencia,False
e6edcb81-4782-44f0-af6d-1e9e184c77ba,6,9,6.85,Validar Elegibilidad,False
e6edcb81-4782-44f0-af6d-1e9e184c77ba,2,14,4.25,Detallar Curso,False
17775f19-8c66-41b3-bd38-919b0fe10b8f,4,9,1.96,Registrar Recibos,False
31ece703-f961-4e8e-a5c5-cd5c5b47e3db,5,15,7.8,Autorización Gerencia,False
390714b2-977f-4e5c-bd1e-5f282ff785ef,2,14,2.73,Aprobación Costos,False
e6edcb81-4782-44f0-af6d-1e9e184c77ba,6,18,6.23,Instalar Licencia,False
5fd7b0ae-2619-4038-a52e-26a0576c4819,4,16,4.11,Consolidar Gastos,False
5f56f693-5a38-4ca2-96c0-7bba750fc7a6,6,16,3.49,Especificar Servidores,False
f036cecc-192b-4e1e-bdc2-c95608f24fe9,0,16,7.09,Validar Comercial,False
e6edcb81-4782-44f0-af6d-1e9e184c77ba,2,14,6.95,Inicio de la solicitud,False
31ece703-f961-4e8e-a5c5-cd5c5b47e3db,1,16,7.96,Inicio del Proceso,False
f5ba7581-b2ac-4b3a-830e-64ab112f975a,4,11,6.01,Solicitar Adelanto,False
390714b2-977f-4e5c-bd1e-5f282ff785ef,0,8,1.77,Entrega del Equipo,False
f036cecc-192b-4e1e-bdc2-c95608f24fe9,5,14,6.48,Revisión Contable,False
5fd7b0ae-2619-4038-a52e-26a0576c4819,5,13,2.51,Inicio del Proceso,False
31ece703-f961-4e8e-a5c5-cd5c5b47e3db,2,16,3.58,Especificar Licencia,False
390714b2-977f-4e5c-bd1e-5f282ff785ef,1,12,3.3,Setup Tecnológico,False
e6edcb81-4782-44f0-af6d-1e9e184c77ba,3,18,6.97,Subir Borrador,False
f5ba7581-b2ac-4b3a-830e-64ab112f975a,5,15,7.54,Validar Elegibilidad,False
e6edcb81-4782-44f0-af6d-1e9e184c77ba,2,9,6.62,Revisión Gerencial,False
f5ba7581-b2ac-4b3a-830e-64ab112f975a,2,11,3.58,Presentar Requerimiento,False
e6edcb81-4782-44f0-af6d-1e9e184c77ba,0,10,5.15,Especificar Servidores,False
17775f19-8c66-41b3-bd38-919b0fe10b8f,1,18,0.65,Especificar Servidores,False
17775f19-8c66-41b3-bd38-919b0fe10b8f,6,15,7.38,Detallar Curso,False
390714b2-977f-4e5c-bd1e-5f282ff785ef,3,13,7.92,Aprobación de Pago,False
e6edcb81-4782-44f0-af6d-1e9e184c77ba,6,18,2.31,Procesar Transferencia,False
390714b2-977f-4e5c-bd1e-5f282ff785ef,0,13,2.29,Consolidación de RRHH,False
31ece703-f961-4e8e-a5c5-cd5c5b47e3db,4,9,1.89,Validar Capacitación,False
5f56f693-5a38-4ca2-96c0-7bba750fc7a6,0,10,1.52,Revisión Contable,False
17775f19-8c66-41b3-bd38-919b0fe10b8f,1,8,5.36,Verificar Factura,False
e6edcb81-4782-44f0-af6d-1e9e184c77ba,1,18,5.51,Validar Comercial,False
31ece703-f961-4e8e-a5c5-cd5c5b47e3db,6,8,3.7,Autoevaluación,False
17775f19-8c66-41b3-bd38-919b0fe10b8f,2,9,1.3,Consolidar Gastos,False
e6edcb81-4782-44f0-af6d-1e9e184c77ba,6,17,6.7,Consolidación de RRHH,False
31ece703-f961-4e8e-a5c5-cd5c5b47e3db,0,15,2.34,Aprobación de Pago,False
5f56f693-5a38-4ca2-96c0-7bba750fc7a6,2,13,7.62,Iniciar Baja,False
31ece703-f961-4e8e-a5c5-cd5c5b47e3db,2,18,6.96,Aprobación Presupuesto,False
5fd7b0ae-2619-4038-a52e-26a0576c4819,0,16,7.84,Aprobación Presupuesto,False
17775f19-8c66-41b3-bd38-919b0fe10b8f,3,9,1.5,Revisión Contable,False
f036cecc-192b-4e1e-bdc2-c95608f24fe9,5,13,2.16,Validación de RRHH,False
f5ba7581-b2ac-4b3a-830e-64ab112f975a,6,12,0.85,Solicitar Adelanto,False
390714b2-977f-4e5c-bd1e-5f282ff785ef,2,12,4.73,Autoevaluación,False
17775f19-8c66-41b3-bd38-919b0fe10b8f,2,10,4.0,Inicio del Proceso,False
390714b2-977f-4e5c-bd1e-5f282ff785ef,2,14,7.42,Revisión Gerencial,False
e6edcb81-4782-44f0-af6d-1e9e184c77ba,0,18,2.67,Habilitar Permisos,False
5f56f693-5a38-4ca2-96c0-7bba750fc7a6,4,14,3.47,Validación de RRHH,False
5f56f693-5a38-4ca2-96c0-7bba750fc7a6,2,14,3.71,Feedback de Manager,False
f036cecc-192b-4e1e-bdc2-c95608f24fe9,5,16,4.48,Pago de Liquidación,False
f036cecc-192b-4e1e-bdc2-c95608f24fe9,2,16,5.82,Setup Tecnológico,False
5f56f693-5a38-4ca2-96c0-7bba750fc7a6,5,18,1.52,Revisión Contable,False
31ece703-f961-4e8e-a5c5-cd5c5b47e3db,5,13,2.72,Consolidación de RRHH,False
390714b2-977f-4e5c-bd1e-5f282ff785ef,4,18,3.29,Inicio de la solicitud,False
5f56f693-5a38-4ca2-96c0-7bba750fc7a6,4,15,6.36,Aprobación Presupuesto,False
5fd7b0ae-2619-4038-a52e-26a0576c4819,2,11,4.51,Revisión de Seguridad,False
e6edcb81-4782-44f0-af6d-1e9e184c77ba,4,16,7.05,Reunión Bienvenida,False
5fd7b0ae-2619-4038-a52e-26a0576c4819,2,13,1.18,Validar Comercial,False
e6edcb81-4782-44f0-af6d-1e9e184c77ba,4,11,5.71,Feedback de Manager,False
390714b2-977f-4e5c-bd1e-5f282ff785ef,6,13,6.51,Verificar Stock,False
f036cecc-192b-4e1e-bdc2-c95608f24fe9,3,8,2.11,Verificar Stock,False
f5ba7581-b2ac-4b3a-830e-64ab112f975a,2,12,1.68,Evaluación Técnica,False
f036cecc-192b-4e1e-bdc2-c95608f24fe9,4,8,1.25,Autorización Gerencia,False
31ece703-f961-4e8e-a5c5-cd5c5b47e3db,0,14,4.71,Verificar Factura,False
31ece703-f961-4e8e-a5c5-cd5c5b47e3db,0,14,3.92,Verificar Stock,False
31ece703-f961-4e8e-a5c5-cd5c5b47e3db,6,14,6.67,Entrega del Equipo,False
e6edcb81-4782-44f0-af6d-1e9e184c77ba,1,14,3.89,Aprobación Presupuesto,False
17775f19-8c66-41b3-bd38-919b0fe10b8f,4,18,5.31,Inicio del Proceso,False
e6edcb81-4782-44f0-af6d-1e9e184c77ba,3,13,6.07,Validar Elegibilidad,False
31ece703-f961-4e8e-a5c5-cd5c5b47e3db,3,14,7.17,Firma Director,False
5fd7b0ae-2619-4038-a52e-26a0576c4819,3,10,7.25,Consolidación de RRHH,False
e6edcb81-4782-44f0-af6d-1e9e184c77ba,4,9,2.02,Revisión Contable,False
17775f19-8c66-41b3-bd38-919b0fe10b8f,1,14,6.51,Inicio de la solicitud,False
5f56f693-5a38-4ca2-96c0-7bba750fc7a6,1,13,3.4,Iniciar Baja,False
5fd7b0ae-2619-4038-a52e-26a0576c4819,1,18,2.37,Solicitar Adelanto,False
e6edcb81-4782-44f0-af6d-1e9e184c77ba,1,12,7.92,Aprobación Costos,False
f036cecc-192b-4e1e-bdc2-c95608f24fe9,0,16,7.83,Aprobar Presupuesto,False
f036cecc-192b-4e1e-bdc2-c95608f24fe9,3,10,6.79,Iniciar Baja,False
5fd7b0ae-2619-4038-a52e-26a0576c4819,3,11,6.01,Firma Director,False
17775f19-8c66-41b3-bd38-919b0fe10b8f,1,9,3.15,Revisión Gerencial,False
31ece703-f961-4e8e-a5c5-cd5c5b47e3db,1,16,5.85,Validación de RRHH,False
17775f19-8c66-41b3-bd38-919b0fe10b8f,1,10,0.92,Iniciar Baja,False
f036cecc-192b-4e1e-bdc2-c95608f24fe9,2,8,5.12,Firma Director,False
f036cecc-192b-4e1e-bdc2-c95608f24fe9,2,12,6.76,Evaluación Técnica,False
5fd7b0ae-2619-4038-a52e-26a0576c4819,0,16,1.92,Cerrar Accesos,False
e6edcb81-4782-44f0-af6d-1e9e184c77ba,1,12,7.28,Pago de Liquidación,False
31ece703-f961-4e8e-a5c5-cd5c5b47e3db,4,10,4.75,Cerrar Accesos,False
390714b2-977f-4e5c-bd1e-5f282ff785ef,2,12,1.79,Revisión Gerencial,False
31ece703-f961-4e8e-a5c5-cd5c5b47e3db,0,8,2.96,Iniciar Baja,False
f036cecc-192b-4e1e-bdc2-c95608f24fe9,6,13,6.6,Verificar Factura,False
17775f19-8c66-41b3-bd38-919b0fe10b8f,5,13,7.1,Instalar Licencia,False
5f56f693-5a38-4ca2-96c0-7bba750fc7a6,6,11,1.96,Registrar Recibos,False
e6edcb81-4782-44f0-af6d-1e9e184c77ba,0,16,4.5,Firma Director,False
31ece703-f961-4e8e-a5c5-cd5c5b47e3db,6,9,4.7,Dispersión de Fondos,False
5fd7b0ae-2619-4038-a52e-26a0576c4819,6,14,3.17,Verificar Stock,False
17775f19-8c66-41b3-bd38-919b0fe10b8f,2,8,4.09,Instalar Licencia,False
e6edcb81-4782-44f0-af6d-1e9e184c77ba,2,12,6.96,Inicio del Proceso,False
17775f19-8c66-41b3-bd38-919b0fe10b8f,3,9,2.27,Iniciar Baja,False
390714b2-977f-4e5c-bd1e-5f282ff785ef,2,13,6.39,Autorización Gerencia,False
31ece703-f961-4e8e-a5c5-cd5c5b47e3db,0,12,2.78,Autoevaluación,False
5fd7b0ae-2619-4038-a52e-26a0576c4819,1,12,7.01,Especificar Servidores,False
5fd7b0ae-2619-4038-a52e-26a0576c4819,1,18,1.5,Inicio del Proceso,False
390714b2-977f-4e5c-bd1e-5f282ff785ef,3,18,2.11,Aprobación del manager,False
f036cecc-192b-4e1e-bdc2-c95608f24fe9,5,16,6.59,Presentar Requerimiento,False
f5ba7581-b2ac-4b3a-830e-64ab112f975a,4,14,1.58,Revisión de Seguridad,False
f036cecc-192b-4e1e-bdc2-c95608f24fe9,2,11,6.16,Aprobar Presupuesto,False
17775f19-8c66-41b3-bd38-919b0fe10b8f,3,13,2.83,Cerrar Accesos,False
390714b2-977f-4e5c-bd1e-5f282ff785ef,5,17,1.17,Consolidar Gastos,False
31ece703-f961-4e8e-a5c5-cd5c5b47e3db,4,14,2.53,Especificar Servidores,False
17775f19-8c66-41b3-bd38-919b0fe10b8f,3,11,7.8,Especificar Servidores,False
5f56f693-5a38-4ca2-96c0-7bba750fc7a6,2,11,1.23,Detallar Curso,False
f036cecc-192b-4e1e-bdc2-c95608f24fe9,5,15,7.54,Verificar Stock,False
5f56f693-5a38-4ca2-96c0-7bba750fc7a6,3,9,5.39,Evaluación Técnica,False
f036cecc-192b-4e1e-bdc2-c95608f24fe9,6,15,3.71,Verificar Stock,False
31ece703-f961-4e8e-a5c5-cd5c5b47e3db,0,17,7.11,Validar Elegibilidad,False
5f56f693-5a38-4ca2-96c0-7bba750fc7a6,6,18,3.54,Revisión de Seguridad,False
f036cecc-192b-4e1e-bdc2-c95608f24fe9,2,15,0.53,Habilitar Permisos,False
390714b2-977f-4e5c-bd1e-5f282ff785ef,0,12,5.5,Aprobación de Pago,False
f5ba7581-b2ac-4b3a-830e-64ab112f975a,6,10,1.42,Firma Director,False
f036cecc-192b-4e1e-bdc2-c95608f24fe9,1,9,1.41,Preparar Firma,False
390714b2-977f-4e5c-bd1e-5f282ff785ef,0,16,1.15,Iniciar Baja,False
31ece703-f961-4e8e-a5c5-cd5c5b47e3db,6,12,6.27,Entrega del Equipo,False
5fd7b0ae-2619-4038-a52e-26a0576c4819,5,8,5.29,Aprobación Presupuesto,False
5f56f693-5a38-4ca2-96c0-7bba750fc7a6,6,12,3.87,Verificar Factura,False
390714b2-977f-4e5c-bd1e-5f282ff785ef,4,13,6.76,Verificar Stock,False
e6edcb81-4782-44f0-af6d-1e9e184c77ba,3,15,4.95,Aprobación Costos,False
390714b2-977f-4e5c-bd1e-5f282ff785ef,2,10,2.64,Subir Borrador,False
17775f19-8c66-41b3-bd38-919b0fe10b8f,3,10,4.24,Aprobación de Pago,False
31ece703-f961-4e8e-a5c5-cd5c5b47e3db,2,9,3.0,Detallar Curso,False
17775f19-8c66-41b3-bd38-919b0fe10b8f,3,13,6.39,Enviar solicitud de vacaciones,False
5fd7b0ae-2619-4038-a52e-26a0576c4819,2,8,3.64,Evaluación Técnica,False
f5ba7581-b2ac-4b3a-830e-64ab112f975a,6,13,5.79,Consolidar Gastos,False
31ece703-f961-4e8e-a5c5-cd5c5b47e3db,6,13,1.87,Aprobación de Pago,False
390714b2-977f-4e5c-bd1e-5f282ff785ef,0,13,1.25,Revisión de Seguridad,False
5fd7b0ae-2619-4038-a52e-26a0576c4819,4,12,5.8,Iniciar Baja,False
f036cecc-192b-4e1e-bdc2-c95608f24fe9,1,8,1.43,Validación de RRHH,False
5fd7b0ae-2619-4038-a52e-26a0576c4819,2,16,7.49,Aprobación de Pago,False
e6edcb81-4782-44f0-af6d-1e9e184c77ba,6,16,7.36,Aprobación del manager,False
f036cecc-192b-4e1e-bdc2-c95608f24fe9,4,18,2.46,Presentar Requerimiento,False
5f56f693-5a38-4ca2-96c0-7bba750fc7a6,1,18,7.1,Preparar Firma,False
f036cecc-192b-4e1e-bdc2-c95608f24fe9,2,14,2.62,Validar Elegibilidad,False
f5ba7581-b2ac-4b3a-830e-64ab112f975a,3,12,1.58,Evaluación Técnica,False
390714b2-977f-4e5c-bd1e-5f282ff785ef,0,10,6.95,Reunión Bienvenida,False
31ece703-f961-4e8e-a5c5-cd5c5b47e3db,0,15,6.07,Aprobación Presupuesto,False
5f56f693-5a38-4ca2-96c0-7bba750fc7a6,5,14,0.52,Procesar Transferencia,False
17775f19-8c66-41b3-bd38-919b0fe10b8f,4,14,2.92,Consolidar Gastos,False
17775f19-8c66-41b3-bd38-919b0fe10b8f,4,17,3.83,Verificar Stock,False
390714b2-977f-4e5c-bd1e-5f282ff785ef,0,9,5.89,Validación de RRHH,False
f5ba7581-b2ac-4b3a-830e-64ab112f975a,6,9,0.68,Validar Elegibilidad,False
31ece703-f961-4e8e-a5c5-cd5c5b47e3db,2,8,1.5,Detallar Curso,False
5fd7b0ae-2619-4038-a52e-26a0576c4819,3,12,2.83,Presentar Requerimiento,False
e6edcb81-4782-44f0-af6d-1e9e184c77ba,1,18,5.33,Solicitar Adelanto,False
e6edcb81-4782-44f0-af6d-1e9e184c77ba,3,9,5.93,Revisión Gerencial,False
f036cecc-192b-4e1e-bdc2-c95608f24fe9,6,10,6.74,Iniciar Baja,False
e6edcb81-4782-44f0-af6d-1e9e184c77ba,2,18,6.98,Verificar Stock,False
17775f19-8c66-41b3-bd38-919b0fe10b8f,6,12,7.08,Procesar Transferencia,False
f5ba7581-b2ac-4b3a-830e-64ab112f975a,4,11,5.5,Procesar Transferencia,False
17775f19-8c66-41b3-bd38-919b0fe10b8f,4,9,3.2,Aprobación del manager,False
5fd7b0ae-2619-4038-a52e-26a0576c4819,5,15,1.62,Habilitar Permisos,False
f036cecc-192b-4e1e-bdc2-c95608f24fe9,2,13,1.03,Revisión de Seguridad,False
f036cecc-192b-4e1e-bdc2-c95608f24fe9,0,13,7.55,Aprobación Presupuesto,False
17775f19-8c66-41b3-bd38-919b0fe10b8f,5,18,0.62,Detallar Curso,False
31ece703-f961-4e8e-a5c5-cd5c5b47e3db,1,12,2.62,Inicio de la solicitud,False
5fd7b0ae-2619-4038-a52e-26a0576c4819,4,17,1.25,Validación de RRHH,False
e6edcb81-4782-44f0-af6d-1e9e184c77ba,2,11,2.81,Revisión de Seguridad,False
390714b2-977f-4e5c-bd1e-5f282ff785ef,6,18,7.47,Inicio de la solicitud,False
390714b2-977f-4e5c-bd1e-5f282ff785ef,3,9,1.46,Autorización Gerencia,False
390714b2-977f-4e5c-bd1e-5f282ff785ef,3,8,1.53,Autorización Gerencia,False
f5ba7581-b2ac-4b3a-830e-64ab112f975a,1,10,1.57,Enviar solicitud de vacaciones,False
390714b2-977f-4e5c-bd1e-5f282ff785ef,2,10,4.64,Cerrar Accesos,False
5f56f693-5a38-4ca2-96c0-7bba750fc7a6,6,15,1.16,Validar Comercial,False
390714b2-977f-4e5c-bd1e-5f282ff785ef,5,10,1.17,Habilitar Permisos,False
31ece703-f961-4e8e-a5c5-cd5c5b47e3db,2,15,4.66,Revisión de Seguridad,False
5f56f693-5a38-4ca2-96c0-7bba750fc7a6,3,16,4.54,Especificar Licencia,False
390714b2-977f-4e5c-bd1e-5f282ff785ef,0,16,0.73,Validar Comercial,False
17775f19-8c66-41b3-bd38-919b0fe10b8f,0,8,6.66,Presentar Requerimiento,False
f036cecc-192b-4e1e-bdc2-c95608f24fe9,6,10,0.68,Instalar Licencia,False
e6edcb81-4782-44f0-af6d-1e9e184c77ba,0,9,4.32,Revisión de Seguridad,False
5fd7b0ae-2619-4038-a52e-26a0576c4819,6,17,1.83,Enviar solicitud de vacaciones,False
5fd7b0ae-2619-4038-a52e-26a0576c4819,0,8,7.82,Autoevaluación,False
5fd7b0ae-2619-4038-a52e-26a0576c4819,3,8,6.62,Detallar Curso,False
f036cecc-192b-4e1e-bdc2-c95608f24fe9,3,11,3.59,Aprobación Presupuesto,False
f5ba7581-b2ac-4b3a-830e-64ab112f975a,4,12,5.72,Setup Tecnológico,False
f5ba7581-b2ac-4b3a-830e-64ab112f975a,6,17,5.31,Feedback de Manager,False
5fd7b0ae-2619-4038-a52e-26a0576c4819,6,12,5.31,Procesar Transferencia,False
390714b2-977f-4e5c-bd1e-5f282ff785ef,4,17,3.03,Enviar solicitud de vacaciones,False
f5ba7581-b2ac-4b3a-830e-64ab112f975a,2,12,7.93,Validar Comercial,False
f5ba7581-b2ac-4b3a-830e-64ab112f975a,4,15,6.3,Especificar Servidores,False
31ece703-f961-4e8e-a5c5-cd5c5b47e3db,2,11,5.66,Preparar Firma,False
e6edcb81-4782-44f0-af6d-1e9e184c77ba,0,11,1.96,Detallar Curso,False
390714b2-977f-4e5c-bd1e-5f282ff785ef,4,12,4.79,Preparar Firma,False
5fd7b0ae-2619-4038-a52e-26a0576c4819,1,17,1.51,Setup Tecnológico,False
17775f19-8c66-41b3-bd38-919b0fe10b8f,0,18,5.75,Verificar Factura,False
f5ba7581-b2ac-4b3a-830e-64ab112f975a,2,8,1.96,Setup Tecnológico,False
31ece703-f961-4e8e-a5c5-cd5c5b47e3db,2,16,4.74,Aprobación del manager,False
17775f19-8c66-41b3-bd38-919b0fe10b8f,5,8,5.6,Revisión Contable,False
5f56f693-5a38-4ca2-96c0-7bba750fc7a6,5,14,4.65,Solicitar Adelanto,False
31ece703-f961-4e8e-a5c5-cd5c5b47e3db,2,10,4.07,Instalar Licencia,False
f036cecc-192b-4e1e-bdc2-c95608f24fe9,1,13,4.85,Consolidación de RRHH,False
f5ba7581-b2ac-4b3a-830e-64ab112f975a,1,12,4.02,Solicitar Adelanto,False
17775f19-8c66-41b3-bd38-919b0fe10b8f,3,18,4.78,Aprobación de Pago,False
f5ba7581-b2ac-4b3a-830e-64ab112f975a,3,10,3.48,Verificar Stock,False
5f56f693-5a38-4ca2-96c0-7bba750fc7a6,5,16,3.88,Evaluación Técnica,False
5fd7b0ae-2619-4038-a52e-26a0576c4819,2,15,0.88,Iniciar Baja,False
e6edcb81-4782-44f0-af6d-1e9e184c77ba,1,14,4.43,Aprobación del manager,False
f5ba7581-b2ac-4b3a-830e-64ab112f975a,4,11,4.15,Setup Tecnológico,False
5fd7b0ae-2619-4038-a52e-26a0576c4819,2,14,2.81,Cerrar Accesos,False
390714b2-977f-4e5c-bd1e-5f282ff785ef,3,17,5.64,Aprobación Presupuesto,False
5f56f693-5a38-4ca2-96c0-7bba750fc7a6,0,12,0.83,Procesar Transferencia,False
17775f19-8c66-41b3-bd38-919b0fe10b8f,1,11,4.54,Solicitar Adelanto,False
5fd7b0ae-2619-4038-a52e-26a0576c4819,3,15,1.72,Revisión Gerencial,False
e6edcb81-4782-44f0-af6d-1e9e184c77ba,6,15,5.29,Aprobar Presupuesto,False
e6edcb81-4782-44f0-af6d-1e9e184c77ba,1,10,4.54,Iniciar Baja,False
f036cecc-192b-4e1e-bdc2-c95608f24fe9,3,13,6.44,Validar Comercial,False
31ece703-f961-4e8e-a5c5-cd5c5b47e3db,1,9,1.79,Dispersión de Fondos,False
31ece703-f961-4e8e-a5c5-cd5c5b47e3db,4,12,6.6,Solicitar Adelanto,False
17775f19-8c66-41b3-bd38-919b0fe10b8f,5,15,2.52,Consolidación de RRHH,False
5f56f693-5a38-4ca2-96c0-7bba750fc7a6,5,18,1.28,Revisión Gerencial,False
390714b2-977f-4e5c-bd1e-5f282ff785ef,3,16,4.36,Feedback de Manager,False
17775f19-8c66-41b3-bd38-919b0fe10b8f,0,14,2.55,Revisión Contable,False
31ece703-f961-4e8e-a5c5-cd5c5b47e3db,5,14,4.65,Dispersión de Fondos,False
390714b2-977f-4e5c-bd1e-5f282ff785ef,4,9,1.32,Enviar solicitud de vacaciones,False
5fd7b0ae-2619-4038-a52e-26a0576c4819,4,13,6.47,Autoevaluación,False
390714b2-977f-4e5c-bd1e-5f282ff785ef,4,13,5.24,Aprobación del manager,False
e6edcb81-4782-44f0-af6d-1e9e184c77ba,3,14,2.51,Autoevaluación,False
e6edcb81-4782-44f0-af6d-1e9e184c77ba,2,13,2.28,Consolidar Gastos,False
17775f19-8c66-41b3-bd38-919b0fe10b8f,6,15,5.23,Registrar Recibos,False
31ece703-f961-4e8e-a5c5-cd5c5b47e3db,1,9,7.39,Verificar Factura,False
e6edcb81-4782-44f0-af6d-1e9e184c77ba,2,14,1.1,Aprobación de Pago,False
390714b2-977f-4e5c-bd1e-5f282ff785ef,6,11,6.03,Entrega del Equipo,False
5f56f693-5a38-4ca2-96c0-7bba750fc7a6,1,14,4.25,Solicitar Adelanto,False
5fd7b0ae-2619-4038-a52e-26a0576c4819,5,11,6.67,Procesar Transferencia,False
e6edcb81-4782-44f0-af6d-1e9e184c77ba,6,13,5.25,Validar Elegibilidad,False
f036cecc-192b-4e1e-bdc2-c95608f24fe9,4,9,1.97,Revisión Contable,False
f5ba7581-b2ac-4b3a-830e-64ab112f975a,1,15,7.18,Autorización Gerencia,False
31ece703-f961-4e8e-a5c5-cd5c5b47e3db,3,10,7.32,Aprobación Presupuesto,False
f036cecc-192b-4e1e-bdc2-c95608f24fe9,5,17,7.35,Autorización Gerencia,False
390714b2-977f-4e5c-bd1e-5f282ff785ef,0,15,1.64,Revisión Contable,False
17775f19-8c66-41b3-bd38-919b0fe10b8f,1,12,5.98,Revisión Gerencial,False
390714b2-977f-4e5c-bd1e-5f282ff785ef,5,15,2.15,Pago de Liquidación,False
5fd7b0ae-2619-4038-a52e-26a0576c4819,6,16,2.09,Preparar Firma,False
f5ba7581-b2ac-4b3a-830e-64ab112f975a,1,10,4.19,Entrega del Equipo,False
e6edcb81-4782-44f0-af6d-1e9e184c77ba,1,17,7.83,Verificar Factura,False
5f56f693-5a38-4ca2-96c0-7bba750fc7a6,5,9,1.77,Consolidación de RRHH,False
e6edcb81-4782-44f0-af6d-1e9e184c77ba,3,17,6.77,Presentar Requerimiento,False
e6edcb81-4782-44f0-af6d-1e9e184c77ba,1,9,5.75,Habilitar Permisos,False
5fd7b0ae-2619-4038-a52e-26a0576c4819,0,18,7.13,Reunión Bienvenida,False
5fd7b0ae-2619-4038-a52e-26a0576c4819,2,11,3.19,Setup Tecnológico,False
5f56f693-5a38-4ca2-96c0-7bba750fc7a6,2,16,1.9,Registrar Recibos,False
31ece703-f961-4e8e-a5c5-cd5c5b47e3db,4,12,2.38,Verificar Stock,False
5f56f693-5a38-4ca2-96c0-7bba750fc7a6,4,17,4.03,Habilitar Permisos,False
5f56f693-5a38-4ca2-96c0-7bba750fc7a6,2,11,4.36,Aprobación de Pago,False
17775f19-8c66-41b3-bd38-919b0fe10b8f,6,10,7.55,Subir Borrador,False
31ece703-f961-4e8e-a5c5-cd5c5b47e3db,1,16,0.62,Validar Comercial,False
5f56f693-5a38-4ca2-96c0-7bba750fc7a6,0,12,4.33,Autoevaluación,False
5fd7b0ae-2619-4038-a52e-26a0576c4819,4,10,7.85,Consolidación de RRHH,False
31ece703-f961-4e8e-a5c5-cd5c5b47e3db,2,14,1.32,Entrega del Equipo,False
5fd7b0ae-2619-4038-a52e-26a0576c4819,1,14,1.0,Feedback de Manager,False
e6edcb81-4782-44f0-af6d-1e9e184c77ba,3,15,2.66,Revisión Gerencial,False
17775f19-8c66-41b3-bd38-919b0fe10b8f,1,10,6.87,Aprobar Presupuesto,False
31ece703-f961-4e8e-a5c5-cd5c5b47e3db,6,12,6.76,Dispersión de Fondos,False
390714b2-977f-4e5c-bd1e-5f282ff785ef,3,17,6.01,Aprobación Costos,False
f5ba7581-b2ac-4b3a-830e-64ab112f975a,4,13,3.69,Especificar Servidores,False
17775f19-8c66-41b3-bd38-919b0fe10b8f,3,10,3.67,Aprobación Presupuesto,False
390714b2-977f-4e5c-bd1e-5f282ff785ef,4,15,4.83,Dispersión de Fondos,False
5f56f693-5a38-4ca2-96c0-7bba750fc7a6,1,16,3.2,Preparar Firma,False
f5ba7581-b2ac-4b3a-830e-64ab112f975a,3,16,1.57,Especificar Licencia,False
5fd7b0ae-2619-4038-a52e-26a0576c4819,0,8,1.24,Validar Elegibilidad,False
5fd7b0ae-2619-4038-a52e-26a0576c4819,3,11,6.16,Reunión Bienvenida,False
f5ba7581-b2ac-4b3a-830e-64ab112f975a,2,11,2.25,Revisión de Seguridad,False
390714b2-977f-4e5c-bd1e-5f282ff785ef,5,11,6.34,Pago de Liquidación,False
5f56f693-5a38-4ca2-96c0-7bba750fc7a6,3,14,6.34,Verificar Factura,False
390714b2-977f-4e5c-bd1e-5f282ff785ef,6,12,3.62,Inicio del Proceso,False
31ece703-f961-4e8e-a5c5-cd5c5b47e3db,1,12,6.88,Consolidar Gastos,False
f036cecc-192b-4e1e-bdc2-c95608f24fe9,1,12,4.95,Autoevaluación,False
e6edcb81-4782-44f0-af6d-1e9e184c77ba,2,18,7.56,Cerrar Accesos,False
f5ba7581-b2ac-4b3a-830e-64ab112f975a,1,17,6.66,Detallar Curso,False
f036cecc-192b-4e1e-bdc2-c95608f24fe9,3,9,4.57,Aprobar Presupuesto,False
5fd7b0ae-2619-4038-a52e-26a0576c4819,5,14,2.56,Iniciar Baja,False
17775f19-8c66-41b3-bd38-919b0fe10b8f,0,11,6.57,Aprobación Presupuesto,False
390714b2-977f-4e5c-bd1e-5f282ff785ef,1,14,2.29,Solicitar Adelanto,False
f5ba7581-b2ac-4b3a-830e-64ab112f975a,6,18,3.97,Aprobación de Pago,False
5fd7b0ae-2619-4038-a52e-26a0576c4819,1,8,5.08,Preparar Firma,False
5f56f693-5a38-4ca2-96c0-7bba750fc7a6,5,12,1.96,Autorización Gerencia,False
17775f19-8c66-41b3-bd38-919b0fe10b8f,4,18,4.45,Solicitar Adelanto,False
5f56f693-5a38-4ca2-96c0-7bba750fc7a6,6,12,7.99,Detallar Curso,False
5fd7b0ae-2619-4038-a52e-26a0576c4819,1,14,8.0,Instalar Licencia,False
5f56f693-5a38-4ca2-96c0-7bba750fc7a6,0,13,3.95,Revisión Contable,False
31ece703-f961-4e8e-a5c5-cd5c5b47e3db,0,13,5.95,Autoevaluación,False
31ece703-f961-4e8e-a5c5-cd5c5b47e3db,0,15,6.24,Inicio del Proceso,False
f5ba7581-b2ac-4b3a-830e-64ab112f975a,6,15,0.97,Aprobación de Pago,False
e6edcb81-4782-44f0-af6d-1e9e184c77ba,6,11,0.72,Inicio del Proceso,False
f5ba7581-b2ac-4b3a-830e-64ab112f975a,5,14,7.72,Aprobación Presupuesto,False
390714b2-977f-4e5c-bd1e-5f282ff785ef,5,16,2.56,Consolidar Gastos,False
17775f19-8c66-41b3-bd38-919b0fe10b8f,3,16,3.62,Cerrar Accesos,False
f036cecc-192b-4e1e-bdc2-c95608f24fe9,3,16,6.84,Subir Borrador,False
e6edcb81-4782-44f0-af6d-1e9e184c77ba,3,13,5.03,Consolidación de RRHH,False
f5ba7581-b2ac-4b3a-830e-64ab112f975a,2,15,5.29,Revisión Contable,False
5fd7b0ae-2619-4038-a52e-26a0576c4819,2,11,4.78,Aprobación del manager,False
e6edcb81-4782-44f0-af6d-1e9e184c77ba,4,11,7.1,Dispersión de Fondos,False
e6edcb81-4782-44f0-af6d-1e9e184c77ba,1,13,4.6,Habilitar Permisos,False
e6edcb81-4782-44f0-af6d-1e9e184c77ba,2,11,4.61,Aprobar Presupuesto,False
5f56f693-5a38-4ca2-96c0-7bba750fc7a6,0,18,4.53,Consolidación de RRHH,False
f036cecc-192b-4e1e-bdc2-c95608f24fe9,6,11,1.98,Consolidación de RRHH,False
390714b2-977f-4e5c-bd1e-5f282ff785ef,3,13,1.42,Setup Tecnológico,False
390714b2-977f-4e5c-bd1e-5f282ff785ef,6,16,4.57,Solicitar Adelanto,False
31ece703-f961-4e8e-a5c5-cd5c5b47e3db,4,8,5.11,Enviar solicitud de vacaciones,False
5f56f693-5a38-4ca2-96c0-7bba750fc7a6,0,9,1.03,Validación de RRHH,False
e6edcb81-4782-44f0-af6d-1e9e184c77ba,5,9,1.48,Validación de RRHH,False
5f56f693-5a38-4ca2-96c0-7bba750fc7a6,3,9,1.76,Reunión Bienvenida,False
e6edcb81-4782-44f0-af6d-1e9e184c77ba,3,10,5.39,Revisión Contable,False
390714b2-977f-4e5c-bd1e-5f282ff785ef,1,11,6.73,Presentar Requerimiento,False
17775f19-8c66-41b3-bd38-919b0fe10b8f,1,10,3.84,Consolidar Gastos,False
17775f19-8c66-41b3-bd38-919b0fe10b8f,3,8,7.19,Solicitar Adelanto,False
f5ba7581-b2ac-4b3a-830e-64ab112f975a,2,18,5.22,Inicio de la solicitud,False
e6edcb81-4782-44f0-af6d-1e9e184c77ba,0,12,6.9,Presentar Requerimiento,False
f5ba7581-b2ac-4b3a-830e-64ab112f975a,4,18,5.3,Feedback de Manager,False
17775f19-8c66-41b3-bd38-919b0fe10b8f,6,15,4.52,Enviar solicitud de vacaciones,False
390714b2-977f-4e5c-bd1e-5f282ff785ef,5,14,6.59,Especificar Servidores,False
390714b2-977f-4e5c-bd1e-5f282ff785ef,3,12,1.53,Pago de Liquidación,False
31ece703-f961-4e8e-a5c5-cd5c5b47e3db,0,17,0.67,Inicio del Proceso,False
390714b2-977f-4e5c-bd1e-5f282ff785ef,1,11,0.84,Entrega del Equipo,False
5fd7b0ae-2619-4038-a52e-26a0576c4819,5,17,5.96,Preparar Firma,False
f5ba7581-b2ac-4b3a-830e-64ab112f975a,5,8,7.49,Especificar Licencia,False
f036cecc-192b-4e1e-bdc2-c95608f24fe9,3,13,7.44,Solicitar Adelanto,False
e6edcb81-4782-44f0-af6d-1e9e184c77ba,1,17,4.92,Validar Elegibilidad,False
e6edcb81-4782-44f0-af6d-1e9e184c77ba,5,18,6.86,Instalar Licencia,False
5f56f693-5a38-4ca2-96c0-7bba750fc7a6,0,12,7.79,Especificar Licencia,False
5fd7b0ae-2619-4038-a52e-26a0576c4819,3,13,5.69,Setup Tecnológico,False
5fd7b0ae-2619-4038-a52e-26a0576c4819,1,10,7.19,Aprobación del manager,False
31ece703-f961-4e8e-a5c5-cd5c5b47e3db,5,13,2.0,Consolidación de RRHH,False
f5ba7581-b2ac-4b3a-830e-64ab112f975a,3,16,4.86,Especificar Servidores,False
e6edcb81-4782-44f0-af6d-1e9e184c77ba,2,12,0.51,Validar Capacitación,False
5fd7b0ae-2619-4038-a52e-26a0576c4819,6,16,1.77,Consolidación de RRHH,False
5fd7b0ae-2619-4038-a52e-26a0576c4819,2,12,5.91,Aprobar Presupuesto,False
f5ba7581-b2ac-4b3a-830e-64ab112f975a,3,13,3.17,Consolidar Gastos,False
390714b2-977f-4e5c-bd1e-5f282ff785ef,2,10,2.2,Feedback de Manager,False
5fd7b0ae-2619-4038-a52e-26a0576c4819,2,11,1.61,Aprobación Costos,False
f5ba7581-b2ac-4b3a-830e-64ab112f975a,5,9,4.02,Feedback de Manager,False
390714b2-977f-4e5c-bd1e-5f282ff785ef,4,18,7.47,Instalar Licencia,False
17775f19-8c66-41b3-bd38-919b0fe10b8f,6,14,7.91,Firma Director,False
390714b2-977f-4e5c-bd1e-5f282ff785ef,4,17,2.28,Consolidación de RRHH,False
390714b2-977f-4e5c-bd1e-5f282ff785ef,4,11,6.11,Iniciar Baja,False
31ece703-f961-4e8e-a5c5-cd5c5b47e3db,0,17,7.8,Autorización Gerencia,False
17775f19-8c66-41b3-bd38-919b0fe10b8f,3,13,2.03,Iniciar Baja,False
f036cecc-192b-4e1e-bdc2-c95608f24fe9,6,10,5.84,Verificar Stock,False
e6edcb81-4782-44f0-af6d-1e9e184c77ba,6,18,6.49,Autorización Gerencia,False
31ece703-f961-4e8e-a5c5-cd5c5b47e3db,1,14,1.54,Autoevaluación,False
390714b2-977f-4e5c-bd1e-5f282ff785ef,2,14,4.57,Firma Director,False
5fd7b0ae-2619-4038-a52e-26a0576c4819,1,17,0.67,Setup Tecnológico,False
e6edcb81-4782-44f0-af6d-1e9e184c77ba,5,16,2.08,Aprobación de Pago,False
f5ba7581-b2ac-4b3a-830e-64ab112f975a,4,14,6.8,Validar Capacitación,False
f5ba7581-b2ac-4b3a-830e-64ab112f975a,5,15,2.55,Revisión de Seguridad,False
f036cecc-192b-4e1e-bdc2-c95608f24fe9,1,9,1.85,Especificar Servidores,False
f036cecc-192b-4e1e-bdc2-c95608f24fe9,5,14,4.33,Inicio del Proceso,False
5f56f693-5a38-4ca2-96c0-7bba750fc7a6,1,16,0.96,Autorización Gerencia,False
e6edcb81-4782-44f0-af6d-1e9e184c77ba,3,10,3.5,Revisión Gerencial,False
31ece703-f961-4e8e-a5c5-cd5c5b47e3db,0,10,0.84,Subir Borrador,False
5f56f693-5a38-4ca2-96c0-7bba750fc7a6,0,17,2.14,Setup Tecnológico,False
390714b2-977f-4e5c-bd1e-5f282ff785ef,4,18,4.51,Aprobación de Pago,False
31ece703-f961-4e8e-a5c5-cd5c5b47e3db,2,12,5.74,Registrar Recibos,False
390714b2-977f-4e5c-bd1e-5f282ff785ef,2,17,7.09,Revisión Gerencial,False
f5ba7581-b2ac-4b3a-830e-64ab112f975a,1,13,6.71,Aprobación del manager,False
17775f19-8c66-41b3-bd38-919b0fe10b8f,3,12,7.19,Subir Borrador,False
f036cecc-192b-4e1e-bdc2-c95608f24fe9,1,11,3.62,Cerrar Accesos,False
f036cecc-192b-4e1e-bdc2-c95608f24fe9,2,13,2.38,Inicio del Proceso,False
390714b2-977f-4e5c-bd1e-5f282ff785ef,4,13,7.67,Evaluación Técnica,False
f5ba7581-b2ac-4b3a-830e-64ab112f975a,5,9,7.5,Firma Director,False
f5ba7581-b2ac-4b3a-830e-64ab112f975a,3,9,4.8,Aprobación de Pago,False
31ece703-f961-4e8e-a5c5-cd5c5b47e3db,0,13,3.81,Pago de Liquidación,False
e6edcb81-4782-44f0-af6d-1e9e184c77ba,3,10,5.35,Iniciar Baja,False
e6edcb81-4782-44f0-af6d-1e9e184c77ba,4,14,6.04,Detallar Curso,False
f5ba7581-b2ac-4b3a-830e-64ab112f975a,3,11,4.08,Verificar Stock,False
e6edcb81-4782-44f0-af6d-1e9e184c77ba,3,9,4.3,Preparar Firma,False
f5ba7581-b2ac-4b3a-830e-64ab112f975a,1,15,1.65,Presentar Requerimiento,False
f036cecc-192b-4e1e-bdc2-c95608f24fe9,1,11,5.96,Revisión de Seguridad,False
5f56f693-5a38-4ca2-96c0-7bba750fc7a6,5,12,0.86,Validar Elegibilidad,False
e6edcb81-4782-44f0-af6d-1e9e184c77ba,4,15,0.79,Verificar Stock,False
5f56f693-5a38-4ca2-96c0-7bba750fc7a6,4,13,2.76,Iniciar Baja,False
f5ba7581-b2ac-4b3a-830e-64ab112f975a,4,14,5.54,Validar Comercial,False
f5ba7581-b2ac-4b3a-830e-64ab112f975a,0,15,3.52,Habilitar Permisos,False
390714b2-977f-4e5c-bd1e-5f282ff785ef,3,8,4.29,Setup Tecnológico,False
5f56f693-5a38-4ca2-96c0-7bba750fc7a6,4,15,4.08,Revisión de Seguridad,False
f036cecc-192b-4e1e-bdc2-c95608f24fe9,6,17,5.1,Especificar Servidores,False
390714b2-977f-4e5c-bd1e-5f282ff785ef,3,17,7.3,Aprobación Presupuesto,False
17775f19-8c66-41b3-bd38-919b0fe10b8f,5,16,5.02,Revisión de Seguridad,False
e6edcb81-4782-44f0-af6d-1e9e184c77ba,1,9,1.78,Validación de RRHH,False
f036cecc-192b-4e1e-bdc2-c95608f24fe9,3,10,5.0,Iniciar Baja,False
17775f19-8c66-41b3-bd38-919b0fe10b8f,5,10,5.19,Verificar Stock,False
17775f19-8c66-41b3-bd38-919b0fe10b8f,0,8,1.82,Detallar Curso,False
e6edcb81-4782-44f0-af6d-1e9e184c77ba,0,13,7.21,Evaluación Técnica,False
f036cecc-192b-4e1e-bdc2-c95608f24fe9,4,9,6.62,Inicio de la solicitud,False
f036cecc-192b-4e1e-bdc2-c95608f24fe9,0,11,2.86,Aprobación Presupuesto,False
31ece703-f961-4e8e-a5c5-cd5c5b47e3db,6,9,6.57,Dispersión de Fondos,False
f036cecc-192b-4e1e-bdc2-c95608f24fe9,5,14,5.9,Inicio de la solicitud,False
f5ba7581-b2ac-4b3a-830e-64ab112f975a,5,8,1.32,Verificar Stock,False
f036cecc-192b-4e1e-bdc2-c95608f24fe9,0,10,0.75,Validar Capacitación,False
f036cecc-192b-4e1e-bdc2-c95608f24fe9,2,18,5.79,Preparar Firma,False
e6edcb81-4782-44f0-af6d-1e9e184c77ba,6,11,0.55,Aprobar Presupuesto,False
e6edcb81-4782-44f0-af6d-1e9e184c77ba,1,14,3.65,Feedback de Manager,False
5fd7b0ae-2619-4038-a52e-26a0576c4819,0,15,7.1,Detallar Curso,False
390714b2-977f-4e5c-bd1e-5f282ff785ef,3,16,7.71,Evaluación Técnica,False
17775f19-8c66-41b3-bd38-919b0fe10b8f,6,16,4.92,Habilitar Permisos,False
5fd7b0ae-2619-4038-a52e-26a0576c4819,0,11,3.53,Especificar Licencia,False
31ece703-f961-4e8e-a5c5-cd5c5b47e3db,2,17,0.88,Consolidación de RRHH,False
31ece703-f961-4e8e-a5c5-cd5c5b47e3db,6,16,7.46,Registrar Recibos,False
5f56f693-5a38-4ca2-96c0-7bba750fc7a6,4,11,4.11,Especificar Licencia,False
5f56f693-5a38-4ca2-96c0-7bba750fc7a6,0,8,3.59,Dispersión de Fondos,False
17775f19-8c66-41b3-bd38-919b0fe10b8f,2,10,2.42,Subir Borrador,False
31ece703-f961-4e8e-a5c5-cd5c5b47e3db,5,9,6.74,Iniciar Baja,False
f5ba7581-b2ac-4b3a-830e-64ab112f975a,5,18,3.77,Aprobación de Pago,False
e6edcb81-4782-44f0-af6d-1e9e184c77ba,1,15,2.78,Revisión Gerencial,False
390714b2-977f-4e5c-bd1e-5f282ff785ef,3,9,2.67,Instalar Licencia,False
f036cecc-192b-4e1e-bdc2-c95608f24fe9,5,9,6.09,Consolidación de RRHH,False
f5ba7581-b2ac-4b3a-830e-64ab112f975a,6,16,2.2,Subir Borrador,False
390714b2-977f-4e5c-bd1e-5f282ff785ef,0,13,0.62,Autoevaluación,False
17775f19-8c66-41b3-bd38-919b0fe10b8f,5,8,4.32,Verificar Stock,False
17775f19-8c66-41b3-bd38-919b0fe10b8f,4,14,2.28,Setup Tecnológico,False
f036cecc-192b-4e1e-bdc2-c95608f24fe9,3,15,2.09,Solicitar Adelanto,False
f5ba7581-b2ac-4b3a-830e-64ab112f975a,2,14,6.74,Revisión Contable,False
f5ba7581-b2ac-4b3a-830e-64ab112f975a,0,13,2.49,Reunión Bienvenida,False
5fd7b0ae-2619-4038-a52e-26a0576c4819,6,11,6.77,Especificar Servidores,False
390714b2-977f-4e5c-bd1e-5f282ff785ef,4,9,5.21,Especificar Licencia,False
5fd7b0ae-2619-4038-a52e-26a0576c4819,4,16,1.07,Enviar solicitud de vacaciones,False
5f56f693-5a38-4ca2-96c0-7bba750fc7a6,5,8,3.14,Setup Tecnológico,False
17775f19-8c66-41b3-bd38-919b0fe10b8f,2,11,4.16,Especificar Servidores,False
e6edcb81-4782-44f0-af6d-1e9e184c77ba,1,16,7.08,Aprobación Costos,False
e6edcb81-4782-44f0-af6d-1e9e184c77ba,3,10,4.91,Aprobación del manager,False
e6edcb81-4782-44f0-af6d-1e9e184c77ba,1,12,5.62,Verificar Stock,False
5fd7b0ae-2619-4038-a52e-26a0576c4819,3,16,1.67,Reunión Bienvenida,False
31ece703-f961-4e8e-a5c5-cd5c5b47e3db,4,17,2.57,Presentar Requerimiento,False
5fd7b0ae-2619-4038-a52e-26a0576c4819,4,14,6.26,Inicio de la solicitud,False
f5ba7581-b2ac-4b3a-830e-64ab112f975a,5,9,1.93,Reunión Bienvenida,False
17775f19-8c66-41b3-bd38-919b0fe10b8f,6,13,4.49,Revisión Contable,False
5f56f693-5a38-4ca2-96c0-7bba750fc7a6,2,8,1.57,Detallar Curso,False
390714b2-977f-4e5c-bd1e-5f282ff785ef,3,14,3.71,Verificar Stock,False
5fd7b0ae-2619-4038-a52e-26a0576c4819,2,16,5.68,Entrega del Equipo,False
e6edcb81-4782-44f0-af6d-1e9e184c77ba,1,15,2.14,Procesar Transferencia,False
5f56f693-5a38-4ca2-96c0-7bba750fc7a6,5,12,7.42,Inicio de la solicitud,False
5f56f693-5a38-4ca2-96c0-7bba750fc7a6,2,12,7.02,Registrar Recibos,False
5fd7b0ae-2619-4038-a52e-26a0576c4819,3,14,1.97,Habilitar Permisos,False
f5ba7581-b2ac-4b3a-830e-64ab112f975a,1,15,2.6,Presentar Requerimiento,False
5f56f693-5a38-4ca2-96c0-7bba750fc7a6,4,11,1.27,Aprobación del manager,False
17775f19-8c66-41b3-bd38-919b0fe10b8f,3,16,1.38,Evaluación Técnica,False
5f56f693-5a38-4ca2-96c0-7bba750fc7a6,2,14,6.24,Revisión de Seguridad,False
f036cecc-192b-4e1e-bdc2-c95608f24fe9,0,8,6.95,Validar Elegibilidad,False
5f56f693-5a38-4ca2-96c0-7bba750fc7a6,2,18,6.04,Instalar Licencia,False
e6edcb81-4782-44f0-af6d-1e9e184c77ba,3,9,4.46,Aprobación Presupuesto,False
e6edcb81-4782-44f0-af6d-1e9e184c77ba,4,9,5.86,Registrar Recibos,False
e6edcb81-4782-44f0-af6d-1e9e184c77ba,6,15,2.7,Validación de RRHH,False
5fd7b0ae-2619-4038-a52e-26a0576c4819,1,14,0.89,Firma Director,False
f036cecc-192b-4e1e-bdc2-c95608f24fe9,4,11,3.48,Dispersión de Fondos,False
f036cecc-192b-4e1e-bdc2-c95608f24fe9,4,9,7.32,Evaluación Técnica,False
5f56f693-5a38-4ca2-96c0-7bba750fc7a6,0,9,7.61,Verificar Stock,False
5fd7b0ae-2619-4038-a52e-26a0576c4819,4,9,5.58,Validar Elegibilidad,False
390714b2-977f-4e5c-bd1e-5f282ff785ef,1,8,0.81,Aprobación de Pago,False
5fd7b0ae-2619-4038-a52e-26a0576c4819,2,17,5.46,Feedback de Manager,False
5fd7b0ae-2619-4038-a52e-26a0576c4819,4,9,5.93,Especificar Servidores,False
e6edcb81-4782-44f0-af6d-1e9e184c77ba,5,11,3.45,Dispersión de Fondos,False
f5ba7581-b2ac-4b3a-830e-64ab112f975a,1,14,6.78,Aprobación de Pago,False
e6edcb81-4782-44f0-af6d-1e9e184c77ba,1,14,5.23,Aprobación Costos,False
f036cecc-192b-4e1e-bdc2-c95608f24fe9,3,12,1.07,Revisión Gerencial,False
5fd7b0ae-2619-4038-a52e-26a0576c4819,2,12,3.95,Revisión Contable,False
f036cecc-192b-4e1e-bdc2-c95608f24fe9,4,9,7.0,Feedback de Manager,False
5fd7b0ae-2619-4038-a52e-26a0576c4819,6,12,6.81,Preparar Firma,False
5f56f693-5a38-4ca2-96c0-7bba750fc7a6,6,11,6.5,Consolidar Gastos,False
390714b2-977f-4e5c-bd1e-5f282ff785ef,3,15,6.13,Reunión Bienvenida,False
5fd7b0ae-2619-4038-a52e-26a0576c4819,2,14,2.27,Instalar Licencia,False
390714b2-977f-4e5c-bd1e-5f282ff785ef,5,9,1.82,Setup Tecnológico,False
5f56f693-5a38-4ca2-96c0-7bba750fc7a6,2,17,6.48,Autoevaluación,False
5f56f693-5a38-4ca2-96c0-7bba750fc7a6,2,16,6.88,Habilitar Permisos,False
f5ba7581-b2ac-4b3a-830e-64ab112f975a,4,9,5.33,Inicio de la solicitud,False
f036cecc-192b-4e1e-bdc2-c95608f24fe9,4,14,4.93,Preparar Firma,False
5fd7b0ae-2619-4038-a52e-26a0576c4819,3,11,2.06,Setup Tecnológico,False
f5ba7581-b2ac-4b3a-830e-64ab112f975a,4,9,3.62,Registrar Recibos,False
f5ba7581-b2ac-4b3a-830e-64ab112f975a,3,12,3.86,Revisión Contable,False
5f56f693-5a38-4ca2-96c0-7bba750fc7a6,0,18,5.15,Revisión de Seguridad,False
e6edcb81-4782-44f0-af6d-1e9e184c77ba,0,10,0.77,Habilitar Permisos,False
f036cecc-192b-4e1e-bdc2-c95608f24fe9,6,17,7.3,Verificar Stock,False
31ece703-f961-4e8e-a5c5-cd5c5b47e3db,5,11,3.5,Dispersión de Fondos,False
5fd7b0ae-2619-4038-a52e-26a0576c4819,5,17,0.79,Autoevaluación,False
f5ba7581-b2ac-4b3a-830e-64ab112f975a,2,9,7.87,Procesar Transferencia,False
5f56f693-5a38-4ca2-96c0-7bba750fc7a6,6,18,3.95,Reunión Bienvenida,False
f036cecc-192b-4e1e-bdc2-c95608f24fe9,3,14,6.55,Verificar Factura,False
5fd7b0ae-2619-4038-a52e-26a0576c4819,1,16,3.73,Reunión Bienvenida,False
5f56f693-5a38-4ca2-96c0-7bba750fc7a6,6,16,6.98,Revisión Gerencial,False
5f56f693-5a38-4ca2-96c0-7bba750fc7a6,6,9,4.62,Dispersión de Fondos,False
f5ba7581-b2ac-4b3a-830e-64ab112f975a,1,13,0.68,Verificar Factura,False
5f56f693-5a38-4ca2-96c0-7bba750fc7a6,6,10,5.92,Procesar Transferencia,False
e6edcb81-4782-44f0-af6d-1e9e184c77ba,0,13,5.47,Procesar Transferencia,False
f5ba7581-b2ac-4b3a-830e-64ab112f975a,6,13,1.11,Setup Tecnológico,False
17775f19-8c66-41b3-bd38-919b0fe10b8f,2,11,5.69,Subir Borrador,False
f036cecc-192b-4e1e-bdc2-c95608f24fe9,3,13,1.08,Enviar solicitud de vacaciones,False
5fd7b0ae-2619-4038-a52e-26a0576c4819,6,17,1.78,Especificar Servidores,False
31ece703-f961-4e8e-a5c5-cd5c5b47e3db,5,11,2.9,Solicitar Adelanto,False
31ece703-f961-4e8e-a5c5-cd5c5b47e3db,0,11,4.65,Revisión de Seguridad,False
31ece703-f961-4e8e-a5c5-cd5c5b47e3db,6,12,2.91,Procesar Transferencia,False
5f56f693-5a38-4ca2-96c0-7bba750fc7a6,4,15,4.33,Presentar Requerimiento,False
17775f19-8c66-41b3-bd38-919b0fe10b8f,0,10,4.53,Validar Capacitación,False
390714b2-977f-4e5c-bd1e-5f282ff785ef,3,12,5.84,Consolidar Gastos,False
5fd7b0ae-2619-4038-a52e-26a0576c4819,2,10,5.59,Aprobación de Pago,False
5fd7b0ae-2619-4038-a52e-26a0576c4819,0,14,3.2,Iniciar Baja,False
390714b2-977f-4e5c-bd1e-5f282ff785ef,3,9,0.79,Instalar Licencia,False
31ece703-f961-4e8e-a5c5-cd5c5b47e3db,3,14,6.11,Registrar Recibos,False
f036cecc-192b-4e1e-bdc2-c95608f24fe9,5,9,4.08,Validación de RRHH,False
f5ba7581-b2ac-4b3a-830e-64ab112f975a,0,9,6.78,Preparar Firma,False
e6edcb81-4782-44f0-af6d-1e9e184c77ba,6,16,5.13,Verificar Factura,False
f036cecc-192b-4e1e-bdc2-c95608f24fe9,1,11,7.19,Aprobación del manager,False
31ece703-f961-4e8e-a5c5-cd5c5b47e3db,2,15,3.27,Entrega del Equipo,False
390714b2-977f-4e5c-bd1e-5f282ff785ef,4,12,1.65,Presentar Requerimiento,False
31ece703-f961-4e8e-a5c5-cd5c5b47e3db,4,14,4.12,Autoevaluación,False
31ece703-f961-4e8e-a5c5-cd5c5b47e3db,3,14,4.49,Validar Comercial,False
f5ba7581-b2ac-4b3a-830e-64ab112f975a,2,9,1.42,Reunión Bienvenida,False
17775f19-8c66-41b3-bd38-919b0fe10b8f,3,11,1.18,Instalar Licencia,False
17775f19-8c66-41b3-bd38-919b0fe10b8f,4,9,1.62,Validar Capacitación,False
5f56f693-5a38-4ca2-96c0-7bba750fc7a6,2,14,7.31,Dispersión de Fondos,False
17775f19-8c66-41b3-bd38-919b0fe10b8f,1,10,4.34,Aprobación de Pago,False
f036cecc-192b-4e1e-bdc2-c95608f24fe9,2,9,2.96,Setup Tecnológico,False
390714b2-977f-4e5c-bd1e-5f282ff785ef,6,10,7.26,Preparar Firma,False
5f56f693-5a38-4ca2-96c0-7bba750fc7a6,2,13,6.23,Autorización Gerencia,False
f5ba7581-b2ac-4b3a-830e-64ab112f975a,1,14,2.11,Enviar solicitud de vacaciones,False
31ece703-f961-4e8e-a5c5-cd5c5b47e3db,4,11,1.23,Inicio del Proceso,False
17775f19-8c66-41b3-bd38-919b0fe10b8f,3,17,6.08,Validar Elegibilidad,False
f5ba7581-b2ac-4b3a-830e-64ab112f975a,6,16,7.32,Dispersión de Fondos,False
f036cecc-192b-4e1e-bdc2-c95608f24fe9,6,17,7.37,Revisión Contable,False
390714b2-977f-4e5c-bd1e-5f282ff785ef,3,14,2.72,Inicio del Proceso,False
390714b2-977f-4e5c-bd1e-5f282ff785ef,5,18,7.19,Revisión Contable,False
e6edcb81-4782-44f0-af6d-1e9e184c77ba,3,10,3.1,Validación de RRHH,False
17775f19-8c66-41b3-bd38-919b0fe10b8f,4,10,1.05,Validación de RRHH,False
17775f19-8c66-41b3-bd38-919b0fe10b8f,5,18,3.4,Aprobación Presupuesto,False
5fd7b0ae-2619-4038-a52e-26a0576c4819,1,8,6.36,Consolidar Gastos,False
5f56f693-5a38-4ca2-96c0-7bba750fc7a6,4,16,2.84,Especificar Servidores,False
f036cecc-192b-4e1e-bdc2-c95608f24fe9,2,15,5.94,Entrega del Equipo,False
f036cecc-192b-4e1e-bdc2-c95608f24fe9,3,8,0.92,Firma Director,False
f036cecc-192b-4e1e-bdc2-c95608f24fe9,0,14,7.07,Aprobar Presupuesto,False
17775f19-8c66-41b3-bd38-919b0fe10b8f,3,12,3.07,Autorización Gerencia,False
390714b2-977f-4e5c-bd1e-5f282ff785ef,1,11,7.46,Pago de Liquidación,False
5f56f693-5a38-4ca2-96c0-7bba750fc7a6,0,17,7.79,Cerrar Accesos,False
5f56f693-5a38-4ca2-96c0-7bba750fc7a6,4,14,4.8,Enviar solicitud de vacaciones,False
17775f19-8c66-41b3-bd38-919b0fe10b8f,1,11,4.5,Revisión Gerencial,False
31ece703-f961-4e8e-a5c5-cd5c5b47e3db,4,16,5.96,Revisión Gerencial,False
f036cecc-192b-4e1e-bdc2-c95608f24fe9,2,18,5.85,Habilitar Permisos,False
f036cecc-192b-4e1e-bdc2-c95608f24fe9,0,16,6.41,Evaluación Técnica,False
5fd7b0ae-2619-4038-a52e-26a0576c4819,4,17,3.12,Aprobación Costos,False
e6edcb81-4782-44f0-af6d-1e9e184c77ba,3,14,3.83,Autoevaluación,False
5fd7b0ae-2619-4038-a52e-26a0576c4819,6,13,4.79,Consolidar Gastos,False
5fd7b0ae-2619-4038-a52e-26a0576c4819,0,9,4.48,Cerrar Accesos,False
31ece703-f961-4e8e-a5c5-cd5c5b47e3db,4,18,1.71,Aprobación del manager,False
f036cecc-192b-4e1e-bdc2-c95608f24fe9,5,11,6.29,Aprobar Presupuesto,False
f5ba7581-b2ac-4b3a-830e-64ab112f975a,3,16,6.3,Aprobar Presupuesto,False
5fd7b0ae-2619-4038-a52e-26a0576c4819,2,10,5.15,Inicio del Proceso,False
5fd7b0ae-2619-4038-a52e-26a0576c4819,4,14,1.0,Verificar Stock,False
17775f19-8c66-41b3-bd38-919b0fe10b8f,2,13,1.93,Verificar Stock,False
17775f19-8c66-41b3-bd38-919b0fe10b8f,0,13,5.91,Aprobación de Pago,False
5f56f693-5a38-4ca2-96c0-7bba750fc7a6,1,18,5.41,Revisión de Seguridad,False
390714b2-977f-4e5c-bd1e-5f282ff785ef,3,17,1.75,Instalar Licencia,False
f5ba7581-b2ac-4b3a-830e-64ab112f975a,1,14,3.24,Inicio de la solicitud,False
f5ba7581-b2ac-4b3a-830e-64ab112f975a,2,18,5.43,Autoevaluación,False
17775f19-8c66-41b3-bd38-919b0fe10b8f,4,16,7.85,Especificar Servidores,False
f036cecc-192b-4e1e-bdc2-c95608f24fe9,0,12,1.85,Validar Comercial,False
5fd7b0ae-2619-4038-a52e-26a0576c4819,1,13,7.89,Inicio del Proceso,False
f5ba7581-b2ac-4b3a-830e-64ab112f975a,0,14,4.64,Especificar Licencia,False
f036cecc-192b-4e1e-bdc2-c95608f24fe9,5,11,0.99,Autoevaluación,False
e6edcb81-4782-44f0-af6d-1e9e184c77ba,1,13,6.25,Aprobación del manager,False
5f56f693-5a38-4ca2-96c0-7bba750fc7a6,0,17,6.65,Entrega del Equipo,False
f5ba7581-b2ac-4b3a-830e-64ab112f975a,2,12,7.8,Especificar Servidores,False
f5ba7581-b2ac-4b3a-830e-64ab112f975a,0,11,1.19,Consolidación de RRHH,False
e6edcb81-4782-44f0-af6d-1e9e184c77ba,2,12,3.39,Revisión de Seguridad,False
17775f19-8c66-41b3-bd38-919b0fe10b8f,1,12,3.24,Validación de RRHH,False
e6edcb81-4782-44f0-af6d-1e9e184c77ba,1,16,2.75,Evaluación Técnica,False
390714b2-977f-4e5c-bd1e-5f282ff785ef,4,12,3.98,Inicio del Proceso,False
e6edcb81-4782-44f0-af6d-1e9e184c77ba,5,11,6.33,Consolidar Gastos,False
e6edcb81-4782-44f0-af6d-1e9e184c77ba,0,14,7.18,Autoevaluación,False
e6edcb81-4782-44f0-af6d-1e9e184c77ba,1,12,6.86,Subir Borrador,False
f036cecc-192b-4e1e-bdc2-c95608f24fe9,5,12,5.89,Aprobación de Pago,False
f5ba7581-b2ac-4b3a-830e-64ab112f975a,6,13,1.29,Validar Comercial,False
5f56f693-5a38-4ca2-96c0-7bba750fc7a6,3,17,7.77,Consolidación de RRHH,False
17775f19-8c66-41b3-bd38-919b0fe10b8f,3,10,7.56,Autorización Gerencia,False
17775f19-8c66-41b3-bd38-919b0fe10b8f,5,13,1.71,Detallar Curso,False
390714b2-977f-4e5c-bd1e-5f282ff785ef,2,15,2.44,Enviar solicitud de vacaciones,False
5fd7b0ae-2619-4038-a52e-26a0576c4819,4,13,5.76,Revisión Gerencial,False
5fd7b0ae-2619-4038-a52e-26a0576c4819,2,18,3.86,Registrar Recibos,False
f5ba7581-b2ac-4b3a-830e-64ab112f975a,1,10,7.98,Subir Borrador,False
f5ba7581-b2ac-4b3a-830e-64ab112f975a,5,9,4.67,Validación de RRHH,False
5fd7b0ae-2619-4038-a52e-26a0576c4819,0,17,7.11,Inicio del Proceso,False
390714b2-977f-4e5c-bd1e-5f282ff785ef,5,17,5.58,Inicio del Proceso,False
5f56f693-5a38-4ca2-96c0-7bba750fc7a6,6,16,7.25,Autoevaluación,False
5f56f693-5a38-4ca2-96c0-7bba750fc7a6,6,12,0.62,Aprobación Presupuesto,False
f036cecc-192b-4e1e-bdc2-c95608f24fe9,1,14,0.64,Pago de Liquidación,False
17775f19-8c66-41b3-bd38-919b0fe10b8f,1,11,1.06,Setup Tecnológico,False
390714b2-977f-4e5c-bd1e-5f282ff785ef,3,12,4.67,Aprobación Costos,False
f036cecc-192b-4e1e-bdc2-c95608f24fe9,6,8,7.58,Autorización Gerencia,False
17775f19-8c66-41b3-bd38-919b0fe10b8f,2,16,5.55,Aprobación de Pago,False
17775f19-8c66-41b3-bd38-919b0fe10b8f,2,16,5.17,Validar Elegibilidad,False
e6edcb81-4782-44f0-af6d-1e9e184c77ba,5,12,3.56,Iniciar Baja,False
f5ba7581-b2ac-4b3a-830e-64ab112f975a,2,17,2.83,Feedback de Manager,False
31ece703-f961-4e8e-a5c5-cd5c5b47e3db,1,10,7.88,Revisión Contable,False
5fd7b0ae-2619-4038-a52e-26a0576c4819,5,17,3.34,Aprobación Costos,False
390714b2-977f-4e5c-bd1e-5f282ff785ef,4,8,6.98,Validación de RRHH,False
f036cecc-192b-4e1e-bdc2-c95608f24fe9,3,10,1.04,Revisión Contable,False
390714b2-977f-4e5c-bd1e-5f282ff785ef,2,8,5.86,Validar Comercial,False
f036cecc-192b-4e1e-bdc2-c95608f24fe9,6,18,5.51,Registrar Recibos,False
390714b2-977f-4e5c-bd1e-5f282ff785ef,4,9,7.34,Consolidar Gastos,False
f5ba7581-b2ac-4b3a-830e-64ab112f975a,6,17,7.74,Aprobación de Pago,False
31ece703-f961-4e8e-a5c5-cd5c5b47e3db,1,11,7.41,Solicitar Adelanto,False
5fd7b0ae-2619-4038-a52e-26a0576c4819,1,18,3.15,Firma Director,False
f036cecc-192b-4e1e-bdc2-c95608f24fe9,4,11,5.1,Verificar Factura,False
e6edcb81-4782-44f0-af6d-1e9e184c77ba,3,16,5.56,Revisión Contable,False
f036cecc-192b-4e1e-bdc2-c95608f24fe9,3,9,6.41,Verificar Stock,False
5f56f693-5a38-4ca2-96c0-7bba750fc7a6,3,9,7.26,Autoevaluación,False
f5ba7581-b2ac-4b3a-830e-64ab112f975a,6,18,0.57,Habilitar Permisos,False
e6edcb81-4782-44f0-af6d-1e9e184c77ba,4,18,1.54,Presentar Requerimiento,False
17775f19-8c66-41b3-bd38-919b0fe10b8f,4,9,4.48,Subir Borrador,False
5f56f693-5a38-4ca2-96c0-7bba750fc7a6,0,11,0.54,Aprobación Costos,False
31ece703-f961-4e8e-a5c5-cd5c5b47e3db,1,10,7.47,Validar Capacitación,False
31ece703-f961-4e8e-a5c5-cd5c5b47e3db,2,11,4.4,Aprobación Costos,False
e6edcb81-4782-44f0-af6d-1e9e184c77ba,5,13,1.45,Aprobación del manager,False
f036cecc-192b-4e1e-bdc2-c95608f24fe9,6,9,3.14,Aprobación Costos,False
390714b2-977f-4e5c-bd1e-5f282ff785ef,6,14,2.0,Cerrar Accesos,False
5f56f693-5a38-4ca2-96c0-7bba750fc7a6,5,17,0.78,Cerrar Accesos,False
17775f19-8c66-41b3-bd38-919b0fe10b8f,4,8,2.63,Procesar Transferencia,False
5fd7b0ae-2619-4038-a52e-26a0576c4819,3,8,4.84,Evaluación Técnica,False
f036cecc-192b-4e1e-bdc2-c95608f24fe9,2,11,4.33,Cerrar Accesos,False
5f56f693-5a38-4ca2-96c0-7bba750fc7a6,2,9,0.85,Registrar Recibos,False
5f56f693-5a38-4ca2-96c0-7bba750fc7a6,3,16,2.06,Subir Borrador,False
5fd7b0ae-2619-4038-a52e-26a0576c4819,5,11,7.96,Detallar Curso,False
390714b2-977f-4e5c-bd1e-5f282ff785ef,1,13,2.78,Habilitar Permisos,False
f5ba7581-b2ac-4b3a-830e-64ab112f975a,3,8,5.03,Firma Director,False
31ece703-f961-4e8e-a5c5-cd5c5b47e3db,1,12,7.22,Autorización Gerencia,False
f036cecc-192b-4e1e-bdc2-c95608f24fe9,5,17,5.95,Aprobación Presupuesto,False
f036cecc-192b-4e1e-bdc2-c95608f24fe9,6,18,4.79,Dispersión de Fondos,False
390714b2-977f-4e5c-bd1e-5f282ff785ef,6,13,6.84,Inicio de la solicitud,False
e6edcb81-4782-44f0-af6d-1e9e184c77ba,5,11,4.11,Verificar Factura,False
f5ba7581-b2ac-4b3a-830e-64ab112f975a,6,14,2.88,Aprobación Presupuesto,False
31ece703-f961-4e8e-a5c5-cd5c5b47e3db,6,11,7.69,Habilitar Permisos,False
390714b2-977f-4e5c-bd1e-5f282ff785ef,5,16,3.66,Procesar Transferencia,False
17775f19-8c66-41b3-bd38-919b0fe10b8f,4,13,5.96,Validar Elegibilidad,False
5f56f693-5a38-4ca2-96c0-7bba750fc7a6,2,10,0.56,Habilitar Permisos,False
e6edcb81-4782-44f0-af6d-1e9e184c77ba,3,9,1.74,Autorización Gerencia,False
5f56f693-5a38-4ca2-96c0-7bba750fc7a6,6,17,6.48,Especificar Servidores,False
5fd7b0ae-2619-4038-a52e-26a0576c4819,1,17,6.0,Autoevaluación,False
390714b2-977f-4e5c-bd1e-5f282ff785ef,5,10,3.12,Aprobación Costos,False
5fd7b0ae-2619-4038-a52e-26a0576c4819,2,14,2.82,Consolidar Gastos,False
5f56f693-5a38-4ca2-96c0-7bba750fc7a6,1,13,1.95,Cerrar Accesos,False
e6edcb81-4782-44f0-af6d-1e9e184c77ba,3,18,2.75,Aprobación del manager,False
5fd7b0ae-2619-4038-a52e-26a0576c4819,0,17,5.64,Entrega del Equipo,False
f5ba7581-b2ac-4b3a-830e-64ab112f975a,4,13,4.13,Instalar Licencia,False
f036cecc-192b-4e1e-bdc2-c95608f24fe9,2,11,4.65,Validar Elegibilidad,False
31ece703-f961-4e8e-a5c5-cd5c5b47e3db,0,11,4.73,Aprobación Presupuesto,False
f5ba7581-b2ac-4b3a-830e-64ab112f975a,5,9,4.83,Setup Tecnológico,False
5fd7b0ae-2619-4038-a52e-26a0576c4819,1,14,5.34,Enviar solicitud de vacaciones,False
f036cecc-192b-4e1e-bdc2-c95608f24fe9,3,8,3.3,Solicitar Adelanto,False
e6edcb81-4782-44f0-af6d-1e9e184c77ba,1,18,6.06,Habilitar Permisos,False
5fd7b0ae-2619-4038-a52e-26a0576c4819,0,14,0.93,Registrar Recibos,False
390714b2-977f-4e5c-bd1e-5f282ff785ef,2,18,1.03,Validar Elegibilidad,False
17775f19-8c66-41b3-bd38-919b0fe10b8f,2,11,2.11,Dispersión de Fondos,False
f036cecc-192b-4e1e-bdc2-c95608f24fe9,1,17,1.77,Validar Comercial,False
31ece703-f961-4e8e-a5c5-cd5c5b47e3db,2,8,1.0,Aprobación Costos,False
5fd7b0ae-2619-4038-a52e-26a0576c4819,3,11,2.34,Firma Director,False
e6edcb81-4782-44f0-af6d-1e9e184c77ba,1,14,3.4,Revisión Gerencial,False
5f56f693-5a38-4ca2-96c0-7bba750fc7a6,3,17,7.0,Inicio de la solicitud,False
f5ba7581-b2ac-4b3a-830e-64ab112f975a,1,12,1.5,Registrar Recibos,False
31ece703-f961-4e8e-a5c5-cd5c5b47e3db,1,11,6.06,Inicio del Proceso,False
31ece703-f961-4e8e-a5c5-cd5c5b47e3db,1,14,6.64,Procesar Transferencia,False
e6edcb81-4782-44f0-af6d-1e9e184c77ba,5,18,1.35,Feedback de Manager,False
5fd7b0ae-2619-4038-a52e-26a0576c4819,6,17,3.87,Evaluación Técnica,False
5f56f693-5a38-4ca2-96c0-7bba750fc7a6,3,13,4.33,Especificar Licencia,False
17775f19-8c66-41b3-bd38-919b0fe10b8f,6,10,2.31,Aprobación Presupuesto,False
31ece703-f961-4e8e-a5c5-cd5c5b47e3db,5,18,3.62,Subir Borrador,False
390714b2-977f-4e5c-bd1e-5f282ff785ef,1,18,4.03,Evaluación Técnica,False
5fd7b0ae-2619-4038-a52e-26a0576c4819,1,13,2.17,Setup Tecnológico,False
31ece703-f961-4e8e-a5c5-cd5c5b47e3db,3,15,5.55,Registrar Recibos,False
31ece703-f961-4e8e-a5c5-cd5c5b47e3db,4,11,3.57,Aprobación Presupuesto,False
31ece703-f961-4e8e-a5c5-cd5c5b47e3db,5,13,7.34,Autoevaluación,False
17775f19-8c66-41b3-bd38-919b0fe10b8f,3,15,7.97,Firma Director,False
17775f19-8c66-41b3-bd38-919b0fe10b8f,0,18,5.07,Setup Tecnológico,False
e6edcb81-4782-44f0-af6d-1e9e184c77ba,5,8,1.45,Dispersión de Fondos,False
390714b2-977f-4e5c-bd1e-5f282ff785ef,4,10,3.81,Validar Elegibilidad,False
31ece703-f961-4e8e-a5c5-cd5c5b47e3db,1,9,5.92,Subir Borrador,False
5f56f693-5a38-4ca2-96c0-7bba750fc7a6,4,12,7.16,Autorización Gerencia,False
390714b2-977f-4e5c-bd1e-5f282ff785ef,1,12,1.08,Detallar Curso,False
e6edcb81-4782-44f0-af6d-1e9e184c77ba,1,14,0.94,Consolidación de RRHH,False
e6edcb81-4782-44f0-af6d-1e9e184c77ba,0,17,5.91,Subir Borrador,False
e6edcb81-4782-44f0-af6d-1e9e184c77ba,0,16,3.08,Revisión Contable,False
17775f19-8c66-41b3-bd38-919b0fe10b8f,5,11,1.33,Validar Capacitación,False
5fd7b0ae-2619-4038-a52e-26a0576c4819,0,9,1.24,Setup Tecnológico,False
5f56f693-5a38-4ca2-96c0-7bba750fc7a6,3,15,6.15,Verificar Stock,False
e6edcb81-4782-44f0-af6d-1e9e184c77ba,6,17,2.82,Autoevaluación,False
5fd7b0ae-2619-4038-a52e-26a0576c4819,3,11,2.81,Autorización Gerencia,False
390714b2-977f-4e5c-bd1e-5f282ff785ef,6,8,4.14,Feedback de Manager,False
e6edcb81-4782-44f0-af6d-1e9e184c77ba,4,17,6.96,Validación de RRHH,False
31ece703-f961-4e8e-a5c5-cd5c5b47e3db,0,10,5.87,Presentar Requerimiento,False
f5ba7581-b2ac-4b3a-830e-64ab112f975a,6,8,7.61,Validación de RRHH,False
f5ba7581-b2ac-4b3a-830e-64ab112f975a,5,8,5.25,Validar Elegibilidad,False
f036cecc-192b-4e1e-bdc2-c95608f24fe9,3,13,6.5,Subir Borrador,False
31ece703-f961-4e8e-a5c5-cd5c5b47e3db,1,17,3.95,Cerrar Accesos,False
17775f19-8c66-41b3-bd38-919b0fe10b8f,6,13,3.49,Habilitar Permisos,False
f036cecc-192b-4e1e-bdc2-c95608f24fe9,3,14,5.23,Especificar Servidores,False
5fd7b0ae-2619-4038-a52e-26a0576c4819,4,9,4.09,Verificar Factura,False
5f56f693-5a38-4ca2-96c0-7bba750fc7a6,1,17,3.04,Feedback de Manager,False
31ece703-f961-4e8e-a5c5-cd5c5b47e3db,4,15,7.08,Cerrar Accesos,False
f036cecc-192b-4e1e-bdc2-c95608f24fe9,6,13,5.13,Enviar solicitud de vacaciones,False
f036cecc-192b-4e1e-bdc2-c95608f24fe9,3,16,6.86,Registrar Recibos,False
f5ba7581-b2ac-4b3a-830e-64ab112f975a,0,18,4.07,Validación de RRHH,False
5fd7b0ae-2619-4038-a52e-26a0576c4819,3,16,7.2,Registrar Recibos,False
5fd7b0ae-2619-4038-a52e-26a0576c4819,6,9,0.71,Especificar Licencia,False
f036cecc-192b-4e1e-bdc2-c95608f24fe9,6,13,3.97,Aprobar Presupuesto,False
5f56f693-5a38-4ca2-96c0-7bba750fc7a6,0,12,3.55,Registrar Recibos,False
31ece703-f961-4e8e-a5c5-cd5c5b47e3db,0,13,2.36,Entrega del Equipo,False
e6edcb81-4782-44f0-af6d-1e9e184c77ba,5,10,7.2,Pago de Liquidación,False
31ece703-f961-4e8e-a5c5-cd5c5b47e3db,3,14,1.9,Entrega del Equipo,False
17775f19-8c66-41b3-bd38-919b0fe10b8f,2,10,2.76,Aprobar Presupuesto,False
5fd7b0ae-2619-4038-a52e-26a0576c4819,6,11,5.51,Aprobar Presupuesto,False
17775f19-8c66-41b3-bd38-919b0fe10b8f,2,12,4.15,Validar Elegibilidad,False
5fd7b0ae-2619-4038-a52e-26a0576c4819,5,16,2.18,Aprobar Presupuesto,False
5fd7b0ae-2619-4038-a52e-26a0576c4819,6,15,3.8,Iniciar Baja,False
f036cecc-192b-4e1e-bdc2-c95608f24fe9,0,11,6.96,Iniciar Baja,False
e6edcb81-4782-44f0-af6d-1e9e184c77ba,0,13,4.1,Aprobar Presupuesto,False
5fd7b0ae-2619-4038-a52e-26a0576c4819,0,8,1.75,Inicio del Proceso,False
390714b2-977f-4e5c-bd1e-5f282ff785ef,1,18,4.75,Especificar Licencia,False
31ece703-f961-4e8e-a5c5-cd5c5b47e3db,5,15,3.35,Dispersión de Fondos,False
f036cecc-192b-4e1e-bdc2-c95608f24fe9,2,11,6.6,Subir Borrador,False
390714b2-977f-4e5c-bd1e-5f282ff785ef,1,16,1.26,Registrar Recibos,False
31ece703-f961-4e8e-a5c5-cd5c5b47e3db,1,12,1.49,Instalar Licencia,False
17775f19-8c66-41b3-bd38-919b0fe10b8f,0,16,8.0,Evaluación Técnica,False
5fd7b0ae-2619-4038-a52e-26a0576c4819,0,10,5.54,Procesar Transferencia,False
f036cecc-192b-4e1e-bdc2-c95608f24fe9,3,9,2.38,Revisión Contable,False
f036cecc-192b-4e1e-bdc2-c95608f24fe9,4,18,3.64,Especificar Licencia,False
31ece703-f961-4e8e-a5c5-cd5c5b47e3db,1,12,6.41,Validar Comercial,False
17775f19-8c66-41b3-bd38-919b0fe10b8f,6,17,4.98,Firma Director,False
17775f19-8c66-41b3-bd38-919b0fe10b8f,5,15,0.99,Registrar Recibos,False
17775f19-8c66-41b3-bd38-919b0fe10b8f,5,17,0.89,Aprobación del manager,False
f036cecc-192b-4e1e-bdc2-c95608f24fe9,1,12,1.9,Habilitar Permisos,False
390714b2-977f-4e5c-bd1e-5f282ff785ef,3,18,1.01,Revisión Contable,False
5fd7b0ae-2619-4038-a52e-26a0576c4819,3,12,3.3,Procesar Transferencia,False
f036cecc-192b-4e1e-bdc2-c95608f24fe9,5,13,6.43,Firma Director,False
f036cecc-192b-4e1e-bdc2-c95608f24fe9,0,9,1.42,Setup Tecnológico,False
5fd7b0ae-2619-4038-a52e-26a0576c4819,4,17,2.25,Dispersión de Fondos,False
31ece703-f961-4e8e-a5c5-cd5c5b47e3db,0,11,5.82,Cerrar Accesos,False
390714b2-977f-4e5c-bd1e-5f282ff785ef,4,16,2.73,Aprobación de Pago,False
31ece703-f961-4e8e-a5c5-cd5c5b47e3db,4,8,1.34,Revisión Contable,False
5f56f693-5a38-4ca2-96c0-7bba750fc7a6,4,16,5.98,Consolidación de RRHH,False
17775f19-8c66-41b3-bd38-919b0fe10b8f,3,10,0.53,Feedback de Manager,False
17775f19-8c66-41b3-bd38-919b0fe10b8f,0,10,1.55,Instalar Licencia,False
f036cecc-192b-4e1e-bdc2-c95608f24fe9,4,14,2.71,Preparar Firma,False
e6edcb81-4782-44f0-af6d-1e9e184c77ba,5,13,3.12,Especificar Servidores,False
5fd7b0ae-2619-4038-a52e-26a0576c4819,2,9,7.9,Preparar Firma,False
e6edcb81-4782-44f0-af6d-1e9e184c77ba,5,16,6.76,Validar Comercial,False
31ece703-f961-4e8e-a5c5-cd5c5b47e3db,4,11,4.69,Pago de Liquidación,False
390714b2-977f-4e5c-bd1e-5f282ff785ef,1,12,7.88,Inicio de la solicitud,False
f5ba7581-b2ac-4b3a-830e-64ab112f975a,4,13,6.38,Consolidación de RRHH,False
5fd7b0ae-2619-4038-a52e-26a0576c4819,6,9,3.74,Aprobación del manager,False
31ece703-f961-4e8e-a5c5-cd5c5b47e3db,4,9,7.09,Aprobación Presupuesto,False
f036cecc-192b-4e1e-bdc2-c95608f24fe9,1,8,3.32,Revisión Gerencial,False
31ece703-f961-4e8e-a5c5-cd5c5b47e3db,6,11,5.62,Solicitar Adelanto,False
17775f19-8c66-41b3-bd38-919b0fe10b8f,6,14,7.79,Aprobación del manager,False
17775f19-8c66-41b3-bd38-919b0fe10b8f,3,18,4.82,Consolidación de RRHH,False
5f56f693-5a38-4ca2-96c0-7bba750fc7a6,4,11,7.38,Enviar solicitud de vacaciones,False
390714b2-977f-4e5c-bd1e-5f282ff785ef,5,10,5.77,Subir Borrador,False
f036cecc-192b-4e1e-bdc2-c95608f24fe9,2,10,5.67,Especificar Servidores,False
f036cecc-192b-4e1e-bdc2-c95608f24fe9,2,18,5.45,Entrega del Equipo,False
5f56f693-5a38-4ca2-96c0-7bba750fc7a6,0,17,4.42,Validar Capacitación,False
390714b2-977f-4e5c-bd1e-5f282ff785ef,6,8,4.13,Validar Capacitación,False
5fd7b0ae-2619-4038-a52e-26a0576c4819,5,17,2.85,Setup Tecnológico,False
f036cecc-192b-4e1e-bdc2-c95608f24fe9,5,13,0.57,Especificar Licencia,False
31ece703-f961-4e8e-a5c5-cd5c5b47e3db,4,15,7.88,Feedback de Manager,False
f036cecc-192b-4e1e-bdc2-c95608f24fe9,3,18,6.03,Iniciar Baja,False
f036cecc-192b-4e1e-bdc2-c95608f24fe9,4,11,3.87,Detallar Curso,False
f036cecc-192b-4e1e-bdc2-c95608f24fe9,4,10,2.29,Habilitar Permisos,False
17775f19-8c66-41b3-bd38-919b0fe10b8f,4,9,1.23,Revisión Contable,False
5f56f693-5a38-4ca2-96c0-7bba750fc7a6,3,10,0.74,Aprobar Presupuesto,False
31ece703-f961-4e8e-a5c5-cd5c5b47e3db,3,10,5.95,Validar Capacitación,False
17775f19-8c66-41b3-bd38-919b0fe10b8f,6,17,5.98,Iniciar Baja,False
f036cecc-192b-4e1e-bdc2-c95608f24fe9,0,15,1.37,Verificar Stock,False
f5ba7581-b2ac-4b3a-830e-64ab112f975a,4,16,1.31,Aprobación Presupuesto,False
5fd7b0ae-2619-4038-a52e-26a0576c4819,2,14,5.39,Pago de Liquidación,False
5fd7b0ae-2619-4038-a52e-26a0576c4819,4,12,3.9,Reunión Bienvenida,False
f036cecc-192b-4e1e-bdc2-c95608f24fe9,3,14,1.16,Setup Tecnológico,False
31ece703-f961-4e8e-a5c5-cd5c5b47e3db,3,18,5.43,Solicitar Adelanto,False
5f56f693-5a38-4ca2-96c0-7bba750fc7a6,4,17,4.23,Consolidar Gastos,False
e6edcb81-4782-44f0-af6d-1e9e184c77ba,1,13,6.25,Aprobar Presupuesto,False
390714b2-977f-4e5c-bd1e-5f282ff785ef,3,14,5.66,Revisión Gerencial,False
5fd7b0ae-2619-4038-a52e-26a0576c4819,3,18,1.33,Detallar Curso,False
e6edcb81-4782-44f0-af6d-1e9e184c77ba,1,8,0.67,Especificar Licencia,False
e6edcb81-4782-44f0-af6d-1e9e184c77ba,6,9,7.09,Aprobar Presupuesto,False
31ece703-f961-4e8e-a5c5-cd5c5b47e3db,2,14,7.44,Aprobación Costos,False
17775f19-8c66-41b3-bd38-919b0fe10b8f,3,17,2.24,Verificar Factura,False
5fd7b0ae-2619-4038-a52e-26a0576c4819,4,12,3.94,Cerrar Accesos,False
5fd7b0ae-2619-4038-a52e-26a0576c4819,5,14,1.78,Entrega del Equipo,False
f036cecc-192b-4e1e-bdc2-c95608f24fe9,6,18,5.11,Validar Capacitación,False
390714b2-977f-4e5c-bd1e-5f282ff785ef,5,13,4.98,Habilitar Permisos,False
f036cecc-192b-4e1e-bdc2-c95608f24fe9,4,10,7.26,Verificar Stock,False
f036cecc-192b-4e1e-bdc2-c95608f24fe9,0,10,1.93,Inicio del Proceso,False
5f56f693-5a38-4ca2-96c0-7bba750fc7a6,5,17,1.18,Especificar Licencia,False
17775f19-8c66-41b3-bd38-919b0fe10b8f,0,17,7.72,Especificar Licencia,False
390714b2-977f-4e5c-bd1e-5f282ff785ef,5,15,6.68,Setup Tecnológico,False
f036cecc-192b-4e1e-bdc2-c95608f24fe9,4,11,3.78,Validar Capacitación,False
31ece703-f961-4e8e-a5c5-cd5c5b47e3db,0,16,7.75,Enviar solicitud de vacaciones,False
f036cecc-192b-4e1e-bdc2-c95608f24fe9,1,13,6.52,Iniciar Baja,False
e6edcb81-4782-44f0-af6d-1e9e184c77ba,2,9,5.06,Pago de Liquidación,False
5f56f693-5a38-4ca2-96c0-7bba750fc7a6,2,9,6.44,Pago de Liquidación,False
5f56f693-5a38-4ca2-96c0-7bba750fc7a6,4,9,2.54,Pago de Liquidación,False
f036cecc-192b-4e1e-bdc2-c95608f24fe9,1,11,5.41,Reunión Bienvenida,False
17775f19-8c66-41b3-bd38-919b0fe10b8f,2,14,4.3,Revisión Gerencial,False
f036cecc-192b-4e1e-bdc2-c95608f24fe9,1,13,6.92,Aprobación del manager,False
31ece703-f961-4e8e-a5c5-cd5c5b47e3db,5,14,7.0,Evaluación Técnica,False
f036cecc-192b-4e1e-bdc2-c95608f24fe9,5,18,5.2,Aprobación del manager,False
f036cecc-192b-4e1e-bdc2-c95608f24fe9,6,14,0.82,Aprobación del manager,False
f5ba7581-b2ac-4b3a-830e-64ab112f975a,3,14,2.95,Evaluación Técnica,False
5fd7b0ae-2619-4038-a52e-26a0576c4819,3,12,1.22,Firma Director,False
17775f19-8c66-41b3-bd38-919b0fe10b8f,5,18,6.31,Aprobación Presupuesto,False
f5ba7581-b2ac-4b3a-830e-64ab112f975a,4,14,2.35,Aprobación de Pago,False
17775f19-8c66-41b3-bd38-919b0fe10b8f,1,18,0.89,Aprobación de Pago,False
e6edcb81-4782-44f0-af6d-1e9e184c77ba,0,12,7.25,Consolidar Gastos,False
5f56f693-5a38-4ca2-96c0-7bba750fc7a6,0,18,1.35,Evaluación Técnica,False
5fd7b0ae-2619-4038-a52e-26a0576c4819,1,8,5.54,Consolidar Gastos,False
e6edcb81-4782-44f0-af6d-1e9e184c77ba,2,15,0.65,Subir Borrador,False
17775f19-8c66-41b3-bd38-919b0fe10b8f,2,8,1.43,Inicio de la solicitud,False
f5ba7581-b2ac-4b3a-830e-64ab112f975a,4,10,3.57,Consolidación de RRHH,False
f5ba7581-b2ac-4b3a-830e-64ab112f975a,5,15,6.96,Autoevaluación,False
5f56f693-5a38-4ca2-96c0-7bba750fc7a6,3,18,4.36,Revisión de Seguridad,False
17775f19-8c66-41b3-bd38-919b0fe10b8f,6,11,7.75,Validar Comercial,False
f5ba7581-b2ac-4b3a-830e-64ab112f975a,2,12,3.09,Detallar Curso,False
390714b2-977f-4e5c-bd1e-5f282ff785ef,1,10,5.24,Pago de Liquidación,False
e6edcb81-4782-44f0-af6d-1e9e184c77ba,0,14,1.53,Verificar Factura,False
f036cecc-192b-4e1e-bdc2-c95608f24fe9,5,12,5.14,Preparar Firma,False
5f56f693-5a38-4ca2-96c0-7bba750fc7a6,6,14,6.27,Detallar Curso,False
f036cecc-192b-4e1e-bdc2-c95608f24fe9,3,11,2.98,Iniciar Baja,False
17775f19-8c66-41b3-bd38-919b0fe10b8f,6,10,4.64,Pago de Liquidación,False
f5ba7581-b2ac-4b3a-830e-64ab112f975a,1,13,2.04,Setup Tecnológico,False
5f56f693-5a38-4ca2-96c0-7bba750fc7a6,5,9,6.01,Autorización Gerencia,False
31ece703-f961-4e8e-a5c5-cd5c5b47e3db,4,14,1.17,Especificar Servidores,False
5f56f693-5a38-4ca2-96c0-7bba750fc7a6,0,8,3.19,Revisión de Seguridad,False
5fd7b0ae-2619-4038-a52e-26a0576c4819,1,18,2.7,Validar Capacitación,False
f5ba7581-b2ac-4b3a-830e-64ab112f975a,3,12,7.21,Instalar Licencia,False
f036cecc-192b-4e1e-bdc2-c95608f24fe9,3,14,5.79,Verificar Stock,False
5f56f693-5a38-4ca2-96c0-7bba750fc7a6,2,18,2.55,Verificar Factura,False
5f56f693-5a38-4ca2-96c0-7bba750fc7a6,4,15,1.47,Reunión Bienvenida,False
31ece703-f961-4e8e-a5c5-cd5c5b47e3db,1,13,6.96,Validación de RRHH,False
31ece703-f961-4e8e-a5c5-cd5c5b47e3db,0,11,4.47,Cerrar Accesos,False
e6edcb81-4782-44f0-af6d-1e9e184c77ba,0,16,2.68,Validar Capacitación,False
17775f19-8c66-41b3-bd38-919b0fe10b8f,3,17,2.49,Enviar solicitud de vacaciones,False
e6edcb81-4782-44f0-af6d-1e9e184c77ba,4,13,2.33,Solicitar Adelanto,False
390714b2-977f-4e5c-bd1e-5f282ff785ef,1,13,4.3,Entrega del Equipo,False
5fd7b0ae-2619-4038-a52e-26a0576c4819,1,9,6.29,Subir Borrador,False
5f56f693-5a38-4ca2-96c0-7bba750fc7a6,1,11,4.51,Validar Capacitación,False
f036cecc-192b-4e1e-bdc2-c95608f24fe9,0,18,4.43,Evaluación Técnica,False
f036cecc-192b-4e1e-bdc2-c95608f24fe9,1,8,3.21,Inicio del Proceso,False
5fd7b0ae-2619-4038-a52e-26a0576c4819,6,9,7.36,Dispersión de Fondos,False
f5ba7581-b2ac-4b3a-830e-64ab112f975a,5,16,4.92,Aprobación del manager,False
390714b2-977f-4e5c-bd1e-5f282ff785ef,3,9,2.68,Dispersión de Fondos,False
390714b2-977f-4e5c-bd1e-5f282ff785ef,3,13,1.15,Validación de RRHH,False
17775f19-8c66-41b3-bd38-919b0fe10b8f,2,14,0.81,Procesar Transferencia,False
f036cecc-192b-4e1e-bdc2-c95608f24fe9,5,13,1.07,Procesar Transferencia,False
5fd7b0ae-2619-4038-a52e-26a0576c4819,0,18,5.59,Solicitar Adelanto,False
f036cecc-192b-4e1e-bdc2-c95608f24fe9,4,12,7.03,Aprobación Presupuesto,False
5f56f693-5a38-4ca2-96c0-7bba750fc7a6,4,8,7.62,Validación de RRHH,False
5fd7b0ae-2619-4038-a52e-26a0576c4819,6,14,2.42,Inicio del Proceso,False
31ece703-f961-4e8e-a5c5-cd5c5b47e3db,1,15,7.5,Autoevaluación,False
5f56f693-5a38-4ca2-96c0-7bba750fc7a6,1,8,5.0,Aprobar Presupuesto,False
31ece703-f961-4e8e-a5c5-cd5c5b47e3db,3,11,6.6,Instalar Licencia,False
5f56f693-5a38-4ca2-96c0-7bba750fc7a6,6,16,1.93,Dispersión de Fondos,False
390714b2-977f-4e5c-bd1e-5f282ff785ef,2,12,3.38,Reunión Bienvenida,False
31ece703-f961-4e8e-a5c5-cd5c5b47e3db,2,12,6.41,Revisión Contable,False
f5ba7581-b2ac-4b3a-830e-64ab112f975a,5,10,4.92,Feedback de Manager,False
f036cecc-192b-4e1e-bdc2-c95608f24fe9,1,15,3.96,Iniciar Baja,False
f5ba7581-b2ac-4b3a-830e-64ab112f975a,5,17,2.41,Inicio del Proceso,False
f036cecc-192b-4e1e-bdc2-c95608f24fe9,0,14,4.9,Aprobación Costos,False
5f56f693-5a38-4ca2-96c0-7bba750fc7a6,1,12,7.63,Inicio de la solicitud,False
f5ba7581-b2ac-4b3a-830e-64ab112f975a,0,15,7.15,Inicio del Proceso,False
f5ba7581-b2ac-4b3a-830e-64ab112f975a,5,12,3.42,Habilitar Permisos,False
5f56f693-5a38-4ca2-96c0-7bba750fc7a6,3,11,3.34,Validación de RRHH,False
17775f19-8c66-41b3-bd38-919b0fe10b8f,3,9,2.01,Autoevaluación,False
5fd7b0ae-2619-4038-a52e-26a0576c4819,1,14,2.47,Cerrar Accesos,False
f036cecc-192b-4e1e-bdc2-c95608f24fe9,6,16,7.69,Reunión Bienvenida,False
31ece703-f961-4e8e-a5c5-cd5c5b47e3db,2,18,1.27,Enviar solicitud de vacaciones,False
390714b2-977f-4e5c-bd1e-5f282ff785ef,6,11,6.46,Entrega del Equipo,False
17775f19-8c66-41b3-bd38-919b0fe10b8f,3,9,4.79,Instalar Licencia,False
f036cecc-192b-4e1e-bdc2-c95608f24fe9,0,15,5.36,Aprobación Presupuesto,False
31ece703-f961-4e8e-a5c5-cd5c5b47e3db,3,8,2.51,Revisión Gerencial,False
31ece703-f961-4e8e-a5c5-cd5c5b47e3db,6,13,3.76,Aprobación de Pago,False
f5ba7581-b2ac-4b3a-830e-64ab112f975a,6,17,1.4,Inicio del Proceso,False
e6edcb81-4782-44f0-af6d-1e9e184c77ba,2,17,5.87,Consolidación de RRHH,False
17775f19-8c66-41b3-bd38-919b0fe10b8f,2,13,4.11,Preparar Firma,False
5f56f693-5a38-4ca2-96c0-7bba750fc7a6,1,15,4.41,Solicitar Adelanto,False
390714b2-977f-4e5c-bd1e-5f282ff785ef,0,14,6.61,Iniciar Baja,False
f036cecc-192b-4e1e-bdc2-c95608f24fe9,5,10,3.66,Feedback de Manager,False
17775f19-8c66-41b3-bd38-919b0fe10b8f,4,12,7.61,Setup Tecnológico,False
f5ba7581-b2ac-4b3a-830e-64ab112f975a,1,14,6.87,Especificar Licencia,False
5fd7b0ae-2619-4038-a52e-26a0576c4819,4,8,6.44,Iniciar Baja,False
390714b2-977f-4e5c-bd1e-5f282ff785ef,0,8,6.84,Validación de RRHH,False
f5ba7581-b2ac-4b3a-830e-64ab112f975a,1,14,4.76,Inicio del Proceso,False
5f56f693-5a38-4ca2-96c0-7bba750fc7a6,6,11,1.31,Feedback de Manager,False
5f56f693-5a38-4ca2-96c0-7bba750fc7a6,4,18,6.81,Aprobar Presupuesto,False
390714b2-977f-4e5c-bd1e-5f282ff785ef,5,16,1.74,Pago de Liquidación,False
5fd7b0ae-2619-4038-a52e-26a0576c4819,0,8,6.45,Presentar Requerimiento,False
31ece703-f961-4e8e-a5c5-cd5c5b47e3db,0,15,6.6,Verificar Stock,False
f036cecc-192b-4e1e-bdc2-c95608f24fe9,0,10,6.36,Aprobación de Pago,False
390714b2-977f-4e5c-bd1e-5f282ff785ef,0,13,6.11,Instalar Licencia,False
f5ba7581-b2ac-4b3a-830e-64ab112f975a,2,16,5.29,Presentar Requerimiento,False
f5ba7581-b2ac-4b3a-830e-64ab112f975a,5,10,0.8,Presentar Requerimiento,False
31ece703-f961-4e8e-a5c5-cd5c5b47e3db,4,9,4.19,Validar Elegibilidad,False
5f56f693-5a38-4ca2-96c0-7bba750fc7a6,4,11,7.2,Revisión Contable,False
f5ba7581-b2ac-4b3a-830e-64ab112f975a,0,15,6.59,Validar Capacitación,False
e6edcb81-4782-44f0-af6d-1e9e184c77ba,6,17,2.45,Especificar Licencia,False
5f56f693-5a38-4ca2-96c0-7bba750fc7a6,2,14,2.29,Reunión Bienvenida,False
f5ba7581-b2ac-4b3a-830e-64ab112f975a,0,18,2.79,Autoevaluación,False
17775f19-8c66-41b3-bd38-919b0fe10b8f,0,17,4.96,Consolidación de RRHH,False
f036cecc-192b-4e1e-bdc2-c95608f24fe9,3,16,1.52,Detallar Curso,False
17775f19-8c66-41b3-bd38-919b0fe10b8f,0,15,4.18,Verificar Stock,False
390714b2-977f-4e5c-bd1e-5f282ff785ef,2,10,7.7,Revisión Contable,False
5f56f693-5a38-4ca2-96c0-7bba750fc7a6,4,18,7.79,Solicitar Adelanto,False
e6edcb81-4782-44f0-af6d-1e9e184c77ba,6,15,3.05,Aprobación del manager,False
f036cecc-192b-4e1e-bdc2-c95608f24fe9,6,12,7.07,Especificar Servidores,False
390714b2-977f-4e5c-bd1e-5f282ff785ef,5,11,5.35,Revisión Gerencial,False
5fd7b0ae-2619-4038-a52e-26a0576c4819,1,8,3.93,Consolidar Gastos,False
5f56f693-5a38-4ca2-96c0-7bba750fc7a6,5,16,7.96,Autorización Gerencia,False
e6edcb81-4782-44f0-af6d-1e9e184c77ba,1,8,5.03,Consolidar Gastos,False
f036cecc-192b-4e1e-bdc2-c95608f24fe9,1,12,2.63,Verificar Stock,False
17775f19-8c66-41b3-bd38-919b0fe10b8f,3,15,6.32,Autoevaluación,False
31ece703-f961-4e8e-a5c5-cd5c5b47e3db,6,15,2.37,Aprobación Presupuesto,False
f036cecc-192b-4e1e-bdc2-c95608f24fe9,1,14,6.96,Aprobación Presupuesto,False
17775f19-8c66-41b3-bd38-919b0fe10b8f,0,16,5.41,Firma Director,False
31ece703-f961-4e8e-a5c5-cd5c5b47e3db,0,11,1.9,Aprobación del manager,False
f5ba7581-b2ac-4b3a-830e-64ab112f975a,5,14,4.52,Solicitar Adelanto,False
f5ba7581-b2ac-4b3a-830e-64ab112f975a,1,18,6.87,Validación de RRHH,False
17775f19-8c66-41b3-bd38-919b0fe10b8f,3,13,5.94,Reunión Bienvenida,False
f036cecc-192b-4e1e-bdc2-c95608f24fe9,1,10,6.91,Dispersión de Fondos,False
17775f19-8c66-41b3-bd38-919b0fe10b8f,3,11,7.74,Setup Tecnológico,False
17775f19-8c66-41b3-bd38-919b0fe10b8f,1,12,1.74,Iniciar Baja,False
390714b2-977f-4e5c-bd1e-5f282ff785ef,3,15,3.16,Consolidación de RRHH,False
5fd7b0ae-2619-4038-a52e-26a0576c4819,2,15,4.38,Setup Tecnológico,False
5fd7b0ae-2619-4038-a52e-26a0576c4819,2,12,5.0,Reunión Bienvenida,False
5fd7b0ae-2619-4038-a52e-26a0576c4819,2,8,1.18,Especificar Licencia,False
f5ba7581-b2ac-4b3a-830e-64ab112f975a,4,15,4.84,Feedback de Manager,False
5f56f693-5a38-4ca2-96c0-7bba750fc7a6,5,8,8.0,Habilitar Permisos,False
f5ba7581-b2ac-4b3a-830e-64ab112f975a,2,17,6.35,Reunión Bienvenida,False
5f56f693-5a38-4ca2-96c0-7bba750fc7a6,1,16,4.69,Inicio del Proceso,False
f5ba7581-b2ac-4b3a-830e-64ab112f975a,3,13,1.78,Procesar Transferencia,False
17775f19-8c66-41b3-bd38-919b0fe10b8f,1,10,2.56,Entrega del Equipo,False
f036cecc-192b-4e1e-bdc2-c95608f24fe9,4,9,4.61,Setup Tecnológico,False
31ece703-f961-4e8e-a5c5-cd5c5b47e3db,0,15,5.62,Iniciar Baja,False
5f56f693-5a38-4ca2-96c0-7bba750fc7a6,5,10,3.15,Detallar Curso,False
5f56f693-5a38-4ca2-96c0-7bba750fc7a6,4,13,3.47,Revisión Contable,False
e6edcb81-4782-44f0-af6d-1e9e184c77ba,2,12,7.97,Feedback de Manager,False
17775f19-8c66-41b3-bd38-919b0fe10b8f,1,11,3.29,Inicio de la solicitud,False
17775f19-8c66-41b3-bd38-919b0fe10b8f,6,10,3.16,Dispersión de Fondos,False
5fd7b0ae-2619-4038-a52e-26a0576c4819,5,8,6.19,Revisión de Seguridad,False
17775f19-8c66-41b3-bd38-919b0fe10b8f,1,11,3.58,Especificar Licencia,False
5fd7b0ae-2619-4038-a52e-26a0576c4819,1,14,3.92,Cerrar Accesos,False
f036cecc-192b-4e1e-bdc2-c95608f24fe9,4,18,1.31,Entrega del Equipo,False
f5ba7581-b2ac-4b3a-830e-64ab112f975a,6,10,0.75,Feedback de Manager,False
390714b2-977f-4e5c-bd1e-5f282ff785ef,4,15,2.24,Revisión Contable,False
31ece703-f961-4e8e-a5c5-cd5c5b47e3db,1,15,3.51,Preparar Firma,False
e6edcb81-4782-44f0-af6d-1e9e184c77ba,5,10,7.16,Reunión Bienvenida,False
5fd7b0ae-2619-4038-a52e-26a0576c4819,2,10,3.52,Enviar solicitud de vacaciones,False
5f56f693-5a38-4ca2-96c0-7bba750fc7a6,3,18,6.55,Verificar Factura,False
31ece703-f961-4e8e-a5c5-cd5c5b47e3db,0,11,7.26,Inicio de la solicitud,False
e6edcb81-4782-44f0-af6d-1e9e184c77ba,2,15,2.48,Pago de Liquidación,False
5f56f693-5a38-4ca2-96c0-7bba750fc7a6,1,8,1.88,Iniciar Baja,False
5f56f693-5a38-4ca2-96c0-7bba750fc7a6,5,14,7.59,Setup Tecnológico,False
17775f19-8c66-41b3-bd38-919b0fe10b8f,3,9,1.18,Aprobación del manager,False
390714b2-977f-4e5c-bd1e-5f282ff785ef,5,14,7.67,Autoevaluación,False
31ece703-f961-4e8e-a5c5-cd5c5b47e3db,4,14,6.92,Reunión Bienvenida,False
31ece703-f961-4e8e-a5c5-cd5c5b47e3db,4,8,7.09,Consolidar Gastos,False
e6edcb81-4782-44f0-af6d-1e9e184c77ba,6,8,1.12,Autorización Gerencia,False
f5ba7581-b2ac-4b3a-830e-64ab112f975a,2,15,0.8,Validar Comercial,False
f5ba7581-b2ac-4b3a-830e-64ab112f975a,3,10,1.19,Presentar Requerimiento,False
5f56f693-5a38-4ca2-96c0-7bba750fc7a6,4,10,2.89,Validar Capacitación,False
5fd7b0ae-2619-4038-a52e-26a0576c4819,4,16,2.15,Evaluación Técnica,False
e6edcb81-4782-44f0-af6d-1e9e184c77ba,1,8,3.0,Pago de Liquidación,False
f5ba7581-b2ac-4b3a-830e-64ab112f975a,0,12,4.8,Detallar Curso,False
e6edcb81-4782-44f0-af6d-1e9e184c77ba,5,12,5.66,Enviar solicitud de vacaciones,False
31ece703-f961-4e8e-a5c5-cd5c5b47e3db,2,8,5.23,Revisión de Seguridad,False
5fd7b0ae-2619-4038-a52e-26a0576c4819,6,13,1.21,Subir Borrador,False
f036cecc-192b-4e1e-bdc2-c95608f24fe9,2,10,3.76,Enviar solicitud de vacaciones,False
31ece703-f961-4e8e-a5c5-cd5c5b47e3db,1,14,5.79,Aprobación del manager,False
f036cecc-192b-4e1e-bdc2-c95608f24fe9,1,9,4.82,Validar Comercial,False
5f56f693-5a38-4ca2-96c0-7bba750fc7a6,6,14,1.89,Enviar solicitud de vacaciones,False
f5ba7581-b2ac-4b3a-830e-64ab112f975a,6,9,4.97,Validación de RRHH,False
5f56f693-5a38-4ca2-96c0-7bba750fc7a6,3,18,5.5,Autoevaluación,False
f5ba7581-b2ac-4b3a-830e-64ab112f975a,3,11,4.09,Verificar Stock,False
5fd7b0ae-2619-4038-a52e-26a0576c4819,1,17,1.97,Solicitar Adelanto,False
31ece703-f961-4e8e-a5c5-cd5c5b47e3db,6,13,1.77,Enviar solicitud de vacaciones,False
5fd7b0ae-2619-4038-a52e-26a0576c4819,4,9,5.35,Pago de Liquidación,False
390714b2-977f-4e5c-bd1e-5f282ff785ef,0,10,1.37,Especificar Licencia,False
e6edcb81-4782-44f0-af6d-1e9e184c77ba,4,13,7.35,Aprobación del manager,False
f5ba7581-b2ac-4b3a-830e-64ab112f975a,6,18,6.37,Autoevaluación,False
5fd7b0ae-2619-4038-a52e-26a0576c4819,6,17,4.14,Evaluación Técnica,False
31ece703-f961-4e8e-a5c5-cd5c5b47e3db,0,12,4.05,Revisión Contable,False
31ece703-f961-4e8e-a5c5-cd5c5b47e3db,6,16,3.85,Procesar Transferencia,False
5f56f693-5a38-4ca2-96c0-7bba750fc7a6,1,10,7.56,Setup Tecnológico,False
5fd7b0ae-2619-4038-a52e-26a0576c4819,2,17,0.5,Especificar Servidores,False
17775f19-8c66-41b3-bd38-919b0fe10b8f,4,17,5.61,Verificar Factura,False
17775f19-8c66-41b3-bd38-919b0fe10b8f,1,16,4.07,Solicitar Adelanto,False
31ece703-f961-4e8e-a5c5-cd5c5b47e3db,3,14,1.13,Consolidación de RRHH,False
e6edcb81-4782-44f0-af6d-1e9e184c77ba,4,10,6.32,Instalar Licencia,False
17775f19-8c66-41b3-bd38-919b0fe10b8f,5,17,1.31,Feedback de Manager,False
f036cecc-192b-4e1e-bdc2-c95608f24fe9,5,10,7.82,Detallar Curso,False
e6edcb81-4782-44f0-af6d-1e9e184c77ba,4,15,6.24,Aprobación Presupuesto,False
17775f19-8c66-41b3-bd38-919b0fe10b8f,5,15,4.22,Instalar Licencia,False
390714b2-977f-4e5c-bd1e-5f282ff785ef,6,11,3.06,Revisión de Seguridad,False
5f56f693-5a38-4ca2-96c0-7bba750fc7a6,3,13,0.82,Aprobación del manager,False
31ece703-f961-4e8e-a5c5-cd5c5b47e3db,5,10,6.55,Presentar Requerimiento,False
5f56f693-5a38-4ca2-96c0-7bba750fc7a6,5,11,1.38,Validar Capacitación,False
31ece703-f961-4e8e-a5c5-cd5c5b47e3db,6,10,7.32,Revisión de Seguridad,False
31ece703-f961-4e8e-a5c5-cd5c5b47e3db,4,9,4.36,Setup Tecnológico,False
31ece703-f961-4e8e-a5c5-cd5c5b47e3db,5,15,7.8,Autorización Gerencia,False
f5ba7581-b2ac-4b3a-830e-64ab112f975a,3,11,2.51,Revisión Contable,False
5fd7b0ae-2619-4038-a52e-26a0576c4819,5,13,4.33,Validar Capacitación,False
f5ba7581-b2ac-4b3a-830e-64ab112f975a,3,18,3.51,Aprobación del manager,False
5fd7b0ae-2619-4038-a52e-26a0576c4819,1,16,5.55,Validación de RRHH,False
17775f19-8c66-41b3-bd38-919b0fe10b8f,2,16,5.39,Validación de RRHH,False
f036cecc-192b-4e1e-bdc2-c95608f24fe9,3,11,3.76,Pago de Liquidación,False
17775f19-8c66-41b3-bd38-919b0fe10b8f,6,13,0.56,Cerrar Accesos,False
f5ba7581-b2ac-4b3a-830e-64ab112f975a,0,14,3.73,Autorización Gerencia,False
f5ba7581-b2ac-4b3a-830e-64ab112f975a,3,9,4.0,Habilitar Permisos,False
5fd7b0ae-2619-4038-a52e-26a0576c4819,3,16,5.56,Validación de RRHH,False
e6edcb81-4782-44f0-af6d-1e9e184c77ba,2,8,6.11,Subir Borrador,False
17775f19-8c66-41b3-bd38-919b0fe10b8f,6,17,7.95,Revisión de Seguridad,False
17775f19-8c66-41b3-bd38-919b0fe10b8f,2,15,5.95,Validar Capacitación,False
f036cecc-192b-4e1e-bdc2-c95608f24fe9,3,17,0.59,Validar Capacitación,False
f036cecc-192b-4e1e-bdc2-c95608f24fe9,1,10,3.58,Verificar Stock,False
390714b2-977f-4e5c-bd1e-5f282ff785ef,5,8,5.61,Autorización Gerencia,False
390714b2-977f-4e5c-bd1e-5f282ff785ef,4,14,6.95,Revisión de Seguridad,False
31ece703-f961-4e8e-a5c5-cd5c5b47e3db,6,14,7.34,Cerrar Accesos,False
390714b2-977f-4e5c-bd1e-5f282ff785ef,5,8,2.92,Setup Tecnológico,False
390714b2-977f-4e5c-bd1e-5f282ff785ef,3,10,4.61,Setup Tecnológico,False
f5ba7581-b2ac-4b3a-830e-64ab112f975a,3,15,3.31,Preparar Firma,False
5f56f693-5a38-4ca2-96c0-7bba750fc7a6,0,14,6.49,Especificar Licencia,False
17775f19-8c66-41b3-bd38-919b0fe10b8f,6,18,7.26,Setup Tecnológico,False
5f56f693-5a38-4ca2-96c0-7bba750fc7a6,3,14,6.05,Solicitar Adelanto,False
5f56f693-5a38-4ca2-96c0-7bba750fc7a6,5,16,6.83,Detallar Curso,False
17775f19-8c66-41b3-bd38-919b0fe10b8f,2,13,1.77,Especificar Licencia,False
390714b2-977f-4e5c-bd1e-5f282ff785ef,3,8,5.48,Solicitar Adelanto,False
f036cecc-192b-4e1e-bdc2-c95608f24fe9,6,15,2.59,Consolidación de RRHH,False
e6edcb81-4782-44f0-af6d-1e9e184c77ba,6,10,7.22,Evaluación Técnica,False
390714b2-977f-4e5c-bd1e-5f282ff785ef,2,17,5.33,Especificar Servidores,False
f036cecc-192b-4e1e-bdc2-c95608f24fe9,6,10,0.57,Feedback de Manager,False
5fd7b0ae-2619-4038-a52e-26a0576c4819,3,12,6.05,Aprobación de Pago,False
f5ba7581-b2ac-4b3a-830e-64ab112f975a,5,8,4.8,Evaluación Técnica,False
e6edcb81-4782-44f0-af6d-1e9e184c77ba,1,14,3.52,Revisión de Seguridad,False
f036cecc-192b-4e1e-bdc2-c95608f24fe9,3,15,2.86,Detallar Curso,False
31ece703-f961-4e8e-a5c5-cd5c5b47e3db,5,11,1.7,Aprobar Presupuesto,False
f036cecc-192b-4e1e-bdc2-c95608f24fe9,3,14,7.47,Aprobación de Pago,False
390714b2-977f-4e5c-bd1e-5f282ff785ef,4,17,5.14,Instalar Licencia,False
390714b2-977f-4e5c-bd1e-5f282ff785ef,0,15,1.91,Aprobación del manager,False
17775f19-8c66-41b3-bd38-919b0fe10b8f,3,17,7.5,Verificar Factura,False
5f56f693-5a38-4ca2-96c0-7bba750fc7a6,3,11,6.95,Preparar Firma,False
390714b2-977f-4e5c-bd1e-5f282ff785ef,0,14,6.66,Registrar Recibos,False
f036cecc-192b-4e1e-bdc2-c95608f24fe9,4,18,7.27,Pago de Liquidación,False
f036cecc-192b-4e1e-bdc2-c95608f24fe9,6,8,1.59,Subir Borrador,False
f5ba7581-b2ac-4b3a-830e-64ab112f975a,6,10,5.74,Registrar Recibos,False
17775f19-8c66-41b3-bd38-919b0fe10b8f,0,10,5.39,Validar Capacitación,False
390714b2-977f-4e5c-bd1e-5f282ff785ef,2,16,2.86,Entrega del Equipo,False
31ece703-f961-4e8e-a5c5-cd5c5b47e3db,4,8,7.34,Instalar Licencia,False
5f56f693-5a38-4ca2-96c0-7bba750fc7a6,2,13,1.99,Revisión Gerencial,False
e6edcb81-4782-44f0-af6d-1e9e184c77ba,1,10,5.41,Especificar Licencia,False
31ece703-f961-4e8e-a5c5-cd5c5b47e3db,5,9,3.94,Solicitar Adelanto,False
f5ba7581-b2ac-4b3a-830e-64ab112f975a,2,16,5.7,Presentar Requerimiento,False
f036cecc-192b-4e1e-bdc2-c95608f24fe9,0,17,2.78,Consolidación de RRHH,False
5f56f693-5a38-4ca2-96c0-7bba750fc7a6,2,13,7.23,Consolidar Gastos,False
5f56f693-5a38-4ca2-96c0-7bba750fc7a6,0,13,3.62,Aprobación Costos,False
e6edcb81-4782-44f0-af6d-1e9e184c77ba,1,15,1.32,Dispersión de Fondos,False
e6edcb81-4782-44f0-af6d-1e9e184c77ba,6,17,6.59,Solicitar Adelanto,False
390714b2-977f-4e5c-bd1e-5f282ff785ef,0,15,5.4,Pago de Liquidación,False
17775f19-8c66-41b3-bd38-919b0fe10b8f,0,13,7.87,Iniciar Baja,False
f036cecc-192b-4e1e-bdc2-c95608f24fe9,0,16,5.53,Entrega del Equipo,False
390714b2-977f-4e5c-bd1e-5f282ff785ef,4,10,7.83,Autorización Gerencia,False
e6edcb81-4782-44f0-af6d-1e9e184c77ba,6,9,0.86,Firma Director,False
f5ba7581-b2ac-4b3a-830e-64ab112f975a,0,8,6.69,Instalar Licencia,False
5fd7b0ae-2619-4038-a52e-26a0576c4819,0,8,7.51,Verificar Stock,False
e6edcb81-4782-44f0-af6d-1e9e184c77ba,4,10,7.77,Enviar solicitud de vacaciones,False
17775f19-8c66-41b3-bd38-919b0fe10b8f,1,9,1.63,Revisión Gerencial,False
17775f19-8c66-41b3-bd38-919b0fe10b8f,0,8,1.14,Validar Comercial,False
5fd7b0ae-2619-4038-a52e-26a0576c4819,6,12,1.22,Revisión Gerencial,False
31ece703-f961-4e8e-a5c5-cd5c5b47e3db,5,9,2.94,Consolidar Gastos,False
f5ba7581-b2ac-4b3a-830e-64ab112f975a,1,14,5.08,Verificar Stock,False
31ece703-f961-4e8e-a5c5-cd5c5b47e3db,0,9,7.62,Feedback de Manager,False
5fd7b0ae-2619-4038-a52e-26a0576c4819,2,14,2.28,Validar Capacitación,False
f036cecc-192b-4e1e-bdc2-c95608f24fe9,2,9,7.41,Detallar Curso,False
31ece703-f961-4e8e-a5c5-cd5c5b47e3db,2,15,5.9,Pago de Liquidación,False
e6edcb81-4782-44f0-af6d-1e9e184c77ba,5,12,1.11,Especificar Servidores,False
f036cecc-192b-4e1e-bdc2-c95608f24fe9,3,15,2.67,Autorización Gerencia,False
390714b2-977f-4e5c-bd1e-5f282ff785ef,5,10,6.58,Aprobación Costos,False
5fd7b0ae-2619-4038-a52e-26a0576c4819,5,11,6.43,Consolidar Gastos,False
f5ba7581-b2ac-4b3a-830e-64ab112f975a,6,16,1.74,Cerrar Accesos,False
5f56f693-5a38-4ca2-96c0-7bba750fc7a6,2,13,4.97,Especificar Licencia,False
5fd7b0ae-2619-4038-a52e-26a0576c4819,1,13,2.05,Verificar Stock,False
17775f19-8c66-41b3-bd38-919b0fe10b8f,0,17,2.61,Especificar Servidores,False
e6edcb81-4782-44f0-af6d-1e9e184c77ba,3,14,4.07,Dispersión de Fondos,False
f5ba7581-b2ac-4b3a-830e-64ab112f975a,5,18,5.28,Evaluación Técnica,False
f036cecc-192b-4e1e-bdc2-c95608f24fe9,0,8,5.12,Procesar Transferencia,False
5f56f693-5a38-4ca2-96c0-7bba750fc7a6,6,15,7.81,Entrega del Equipo,False
390714b2-977f-4e5c-bd1e-5f282ff785ef,3,11,0.79,Revisión Contable,False
390714b2-977f-4e5c-bd1e-5f282ff785ef,6,18,1.38,Presentar Requerimiento,False
e6edcb81-4782-44f0-af6d-1e9e184c77ba,0,14,5.39,Reunión Bienvenida,False
17775f19-8c66-41b3-bd38-919b0fe10b8f,6,12,3.11,Preparar Firma,False
f5ba7581-b2ac-4b3a-830e-64ab112f975a,4,13,0.53,Dispersión de Fondos,False
390714b2-977f-4e5c-bd1e-5f282ff785ef,2,17,1.47,Validar Elegibilidad,False
5f56f693-5a38-4ca2-96c0-7bba750fc7a6,4,11,7.19,Presentar Requerimiento,False
5f56f693-5a38-4ca2-96c0-7bba750fc7a6,4,15,3.94,Verificar Stock,False
e6edcb81-4782-44f0-af6d-1e9e184c77ba,0,18,2.21,Revisión Contable,False
e6edcb81-4782-44f0-af6d-1e9e184c77ba,5,18,6.1,Feedback de Manager,False
f5ba7581-b2ac-4b3a-830e-64ab112f975a,0,10,5.91,Registrar Recibos,False
31ece703-f961-4e8e-a5c5-cd5c5b47e3db,1,13,6.23,Cerrar Accesos,False
f036cecc-192b-4e1e-bdc2-c95608f24fe9,3,17,1.85,Aprobación Costos,False
e6edcb81-4782-44f0-af6d-1e9e184c77ba,4,17,3.65,Especificar Servidores,False
31ece703-f961-4e8e-a5c5-cd5c5b47e3db,2,15,2.54,Aprobar Presupuesto,False
17775f19-8c66-41b3-bd38-919b0fe10b8f,4,14,5.16,Especificar Servidores,False
5f56f693-5a38-4ca2-96c0-7bba750fc7a6,4,12,5.43,Habilitar Permisos,False
5fd7b0ae-2619-4038-a52e-26a0576c4819,6,16,1.87,Detallar Curso,False
5fd7b0ae-2619-4038-a52e-26a0576c4819,3,15,2.53,Validación de RRHH,False
f5ba7581-b2ac-4b3a-830e-64ab112f975a,5,15,0.99,Revisión de Seguridad,False
e6edcb81-4782-44f0-af6d-1e9e184c77ba,5,13,1.29,Evaluación Técnica,False
390714b2-977f-4e5c-bd1e-5f282ff785ef,6,8,4.97,Verificar Stock,False
e6edcb81-4782-44f0-af6d-1e9e184c77ba,4,10,2.92,Preparar Firma,False
31ece703-f961-4e8e-a5c5-cd5c5b47e3db,5,8,1.23,Dispersión de Fondos,False
17775f19-8c66-41b3-bd38-919b0fe10b8f,0,8,3.2,Setup Tecnológico,False
e6edcb81-4782-44f0-af6d-1e9e184c77ba,1,9,2.93,Verificar Factura,False
390714b2-977f-4e5c-bd1e-5f282ff785ef,4,14,3.43,Subir Borrador,False
390714b2-977f-4e5c-bd1e-5f282ff785ef,2,18,6.53,Preparar Firma,False
f5ba7581-b2ac-4b3a-830e-64ab112f975a,0,10,0.96,Entrega del Equipo,False
17775f19-8c66-41b3-bd38-919b0fe10b8f,0,18,3.63,Validar Capacitación,False
5f56f693-5a38-4ca2-96c0-7bba750fc7a6,0,8,0.79,Solicitar Adelanto,False
390714b2-977f-4e5c-bd1e-5f282ff785ef,1,9,5.11,Entrega del Equipo,False
e6edcb81-4782-44f0-af6d-1e9e184c77ba,5,13,7.85,Solicitar Adelanto,False
f036cecc-192b-4e1e-bdc2-c95608f24fe9,4,11,3.76,Especificar Servidores,False
f5ba7581-b2ac-4b3a-830e-64ab112f975a,4,9,4.62,Procesar Transferencia,False
e6edcb81-4782-44f0-af6d-1e9e184c77ba,2,15,2.03,Validar Comercial,False
5fd7b0ae-2619-4038-a52e-26a0576c4819,0,8,3.71,Instalar Licencia,False
31ece703-f961-4e8e-a5c5-cd5c5b47e3db,3,13,3.95,Iniciar Baja,False
390714b2-977f-4e5c-bd1e-5f282ff785ef,3,9,1.07,Iniciar Baja,False
f036cecc-192b-4e1e-bdc2-c95608f24fe9,6,11,6.0,Instalar Licencia,False
f036cecc-192b-4e1e-bdc2-c95608f24fe9,2,14,4.04,Validar Comercial,False
5fd7b0ae-2619-4038-a52e-26a0576c4819,1,9,3.03,Dispersión de Fondos,False
31ece703-f961-4e8e-a5c5-cd5c5b47e3db,2,8,2.17,Firma Director,False
390714b2-977f-4e5c-bd1e-5f282ff785ef,0,13,5.2,Procesar Transferencia,False
31ece703-f961-4e8e-a5c5-cd5c5b47e3db,5,16,7.83,Iniciar Baja,False
31ece703-f961-4e8e-a5c5-cd5c5b47e3db,3,8,7.2,Aprobación del manager,False
e6edcb81-4782-44f0-af6d-1e9e184c77ba,3,17,7.98,Aprobación del manager,False
5fd7b0ae-2619-4038-a52e-26a0576c4819,2,10,5.06,Especificar Licencia,False
e6edcb81-4782-44f0-af6d-1e9e184c77ba,6,18,0.66,Firma Director,False
e6edcb81-4782-44f0-af6d-1e9e184c77ba,2,18,6.81,Aprobación Presupuesto,False
e6edcb81-4782-44f0-af6d-1e9e184c77ba,1,11,0.75,Verificar Stock,False
31ece703-f961-4e8e-a5c5-cd5c5b47e3db,5,18,4.8,Iniciar Baja,False
f5ba7581-b2ac-4b3a-830e-64ab112f975a,2,12,1.51,Subir Borrador,False
5fd7b0ae-2619-4038-a52e-26a0576c4819,5,18,5.59,Especificar Licencia,False
390714b2-977f-4e5c-bd1e-5f282ff785ef,6,16,3.63,Revisión Contable,False
31ece703-f961-4e8e-a5c5-cd5c5b47e3db,4,18,6.52,Aprobación Presupuesto,False
390714b2-977f-4e5c-bd1e-5f282ff785ef,4,10,5.77,Iniciar Baja,False
390714b2-977f-4e5c-bd1e-5f282ff785ef,1,12,7.77,Inicio del Proceso,False
f036cecc-192b-4e1e-bdc2-c95608f24fe9,4,9,6.43,Aprobar Presupuesto,False
e6edcb81-4782-44f0-af6d-1e9e184c77ba,6,15,5.97,Inicio del Proceso,False
5f56f693-5a38-4ca2-96c0-7bba750fc7a6,2,12,7.93,Verificar Factura,False
f5ba7581-b2ac-4b3a-830e-64ab112f975a,2,10,4.02,Verificar Factura,False
e6edcb81-4782-44f0-af6d-1e9e184c77ba,5,14,4.62,Entrega del Equipo,False
e6edcb81-4782-44f0-af6d-1e9e184c77ba,5,11,7.81,Validar Elegibilidad,False
390714b2-977f-4e5c-bd1e-5f282ff785ef,4,16,6.29,Iniciar Baja,False
390714b2-977f-4e5c-bd1e-5f282ff785ef,3,10,3.53,Cerrar Accesos,False
31ece703-f961-4e8e-a5c5-cd5c5b47e3db,1,18,4.99,Inicio de la solicitud,False
f036cecc-192b-4e1e-bdc2-c95608f24fe9,0,11,4.81,Validar Elegibilidad,False
e6edcb81-4782-44f0-af6d-1e9e184c77ba,1,12,2.43,Habilitar Permisos,False
5f56f693-5a38-4ca2-96c0-7bba750fc7a6,0,14,2.74,Aprobación Costos,False
31ece703-f961-4e8e-a5c5-cd5c5b47e3db,5,15,5.9,Solicitar Adelanto,False
f5ba7581-b2ac-4b3a-830e-64ab112f975a,0,18,6.53,Validar Comercial,False
31ece703-f961-4e8e-a5c5-cd5c5b47e3db,1,12,5.09,Aprobación de Pago,False
31ece703-f961-4e8e-a5c5-cd5c5b47e3db,2,18,7.36,Especificar Licencia,False
5f56f693-5a38-4ca2-96c0-7bba750fc7a6,0,15,2.39,Consolidar Gastos,False
f5ba7581-b2ac-4b3a-830e-64ab112f975a,3,18,4.85,Revisión de Seguridad,False
390714b2-977f-4e5c-bd1e-5f282ff785ef,6,9,1.4,Evaluación Técnica,False
31ece703-f961-4e8e-a5c5-cd5c5b47e3db,0,8,0.59,Aprobación del manager,False
f5ba7581-b2ac-4b3a-830e-64ab112f975a,2,9,4.67,Validar Comercial,False
5f56f693-5a38-4ca2-96c0-7bba750fc7a6,4,14,4.12,Validación de RRHH,False
5fd7b0ae-2619-4038-a52e-26a0576c4819,4,8,3.4,Consolidación de RRHH,False
390714b2-977f-4e5c-bd1e-5f282ff785ef,5,18,1.97,Cerrar Accesos,False
31ece703-f961-4e8e-a5c5-cd5c5b47e3db,6,10,7.86,Validación de RRHH,False
5fd7b0ae-2619-4038-a52e-26a0576c4819,6,11,3.74,Revisión de Seguridad,False
17775f19-8c66-41b3-bd38-919b0fe10b8f,5,16,4.94,Habilitar Permisos,False
31ece703-f961-4e8e-a5c5-cd5c5b47e3db,4,12,2.1,Dispersión de Fondos,False
17775f19-8c66-41b3-bd38-919b0fe10b8f,0,12,1.86,Revisión de Seguridad,False
31ece703-f961-4e8e-a5c5-cd5c5b47e3db,0,8,6.11,Instalar Licencia,False
f5ba7581-b2ac-4b3a-830e-64ab112f975a,0,16,1.37,Consolidación de RRHH,False
5f56f693-5a38-4ca2-96c0-7bba750fc7a6,0,10,7.52,Solicitar Adelanto,False
e6edcb81-4782-44f0-af6d-1e9e184c77ba,3,12,6.36,Aprobación Presupuesto,False
e6edcb81-4782-44f0-af6d-1e9e184c77ba,3,11,5.33,Aprobar Presupuesto,False
f036cecc-192b-4e1e-bdc2-c95608f24fe9,2,13,4.11,Verificar Factura,False
f5ba7581-b2ac-4b3a-830e-64ab112f975a,3,11,1.09,Validar Comercial,False
5f56f693-5a38-4ca2-96c0-7bba750fc7a6,1,18,5.18,Preparar Firma,False
f5ba7581-b2ac-4b3a-830e-64ab112f975a,3,15,7.65,Aprobar Presupuesto,False
f036cecc-192b-4e1e-bdc2-c95608f24fe9,6,14,1.36,Aprobar Presupuesto,False
f5ba7581-b2ac-4b3a-830e-64ab112f975a,2,16,4.48,Pago de Liquidación,False
390714b2-977f-4e5c-bd1e-5f282ff785ef,3,17,4.6,Autorización Gerencia,False
f5ba7581-b2ac-4b3a-830e-64ab112f975a,5,9,3.39,Consolidación de RRHH,False
31ece703-f961-4e8e-a5c5-cd5c5b47e3db,5,11,5.55,Inicio del Proceso,False
f5ba7581-b2ac-4b3a-830e-64ab112f975a,5,18,6.2,Especificar Servidores,False
390714b2-977f-4e5c-bd1e-5f282ff785ef,6,13,2.31,Revisión Gerencial,False
17775f19-8c66-41b3-bd38-919b0fe10b8f,1,13,3.77,Cerrar Accesos,False
f036cecc-192b-4e1e-bdc2-c95608f24fe9,4,12,1.64,Aprobación Presupuesto,False
31ece703-f961-4e8e-a5c5-cd5c5b47e3db,2,16,4.33,Pago de Liquidación,False
f036cecc-192b-4e1e-bdc2-c95608f24fe9,0,9,2.05,Iniciar Baja,False
17775f19-8c66-41b3-bd38-919b0fe10b8f,6,16,7.63,Inicio de la solicitud,False
e6edcb81-4782-44f0-af6d-1e9e184c77ba,6,17,6.67,Especificar Servidores,False
e6edcb81-4782-44f0-af6d-1e9e184c77ba,0,11,1.83,Revisión Gerencial,False
f036cecc-192b-4e1e-bdc2-c95608f24fe9,6,16,1.11,Firma Director,False
390714b2-977f-4e5c-bd1e-5f282ff785ef,5,18,6.32,Subir Borrador,False
17775f19-8c66-41b3-bd38-919b0fe10b8f,6,18,1.66,Pago de Liquidación,False
f5ba7581-b2ac-4b3a-830e-64ab112f975a,2,10,2.3,Validar Elegibilidad,False
5f56f693-5a38-4ca2-96c0-7bba750fc7a6,1,11,5.84,Verificar Stock,False
17775f19-8c66-41b3-bd38-919b0fe10b8f,4,17,1.01,Reunión Bienvenida,False
17775f19-8c66-41b3-bd38-919b0fe10b8f,0,12,4.08,Validar Capacitación,False
5f56f693-5a38-4ca2-96c0-7bba750fc7a6,2,14,5.91,Aprobación Presupuesto,False
f5ba7581-b2ac-4b3a-830e-64ab112f975a,2,13,3.69,Subir Borrador,False
17775f19-8c66-41b3-bd38-919b0fe10b8f,4,14,6.58,Aprobación Presupuesto,False
e6edcb81-4782-44f0-af6d-1e9e184c77ba,6,14,1.12,Validar Elegibilidad,False
390714b2-977f-4e5c-bd1e-5f282ff785ef,3,18,3.64,Registrar Recibos,False
5fd7b0ae-2619-4038-a52e-26a0576c4819,3,10,6.19,Validar Elegibilidad,False
17775f19-8c66-41b3-bd38-919b0fe10b8f,4,16,6.9,Reunión Bienvenida,False
5f56f693-5a38-4ca2-96c0-7bba750fc7a6,4,17,1.33,Presentar Requerimiento,False
5f56f693-5a38-4ca2-96c0-7bba750fc7a6,5,14,6.11,Validar Comercial,False
31ece703-f961-4e8e-a5c5-cd5c5b47e3db,6,17,5.67,Inicio de la solicitud,False
f036cecc-192b-4e1e-bdc2-c95608f24fe9,6,15,2.96,Detallar Curso,False
31ece703-f961-4e8e-a5c5-cd5c5b47e3db,3,10,2.88,Revisión Contable,False
f5ba7581-b2ac-4b3a-830e-64ab112f975a,5,15,4.25,Verificar Stock,False
f5ba7581-b2ac-4b3a-830e-64ab112f975a,6,9,6.71,Revisión Gerencial,False
f5ba7581-b2ac-4b3a-830e-64ab112f975a,2,8,5.65,Verificar Stock,False
390714b2-977f-4e5c-bd1e-5f282ff785ef,6,8,2.85,Aprobar Presupuesto,False
390714b2-977f-4e5c-bd1e-5f282ff785ef,3,14,1.39,Solicitar Adelanto,False
17775f19-8c66-41b3-bd38-919b0fe10b8f,0,12,1.59,Enviar solicitud de vacaciones,False
5fd7b0ae-2619-4038-a52e-26a0576c4819,3,10,1.61,Habilitar Permisos,False
17775f19-8c66-41b3-bd38-919b0fe10b8f,0,11,5.13,Detallar Curso,False
390714b2-977f-4e5c-bd1e-5f282ff785ef,4,9,1.88,Inicio de la solicitud,False
390714b2-977f-4e5c-bd1e-5f282ff785ef,5,11,6.3,Cerrar Accesos,False
f5ba7581-b2ac-4b3a-830e-64ab112f975a,0,18,7.1,Revisión de Seguridad,False
f036cecc-192b-4e1e-bdc2-c95608f24fe9,5,15,5.67,Validar Comercial,False
f036cecc-192b-4e1e-bdc2-c95608f24fe9,3,9,4.1,Reunión Bienvenida,False
f5ba7581-b2ac-4b3a-830e-64ab112f975a,6,13,7.01,Reunión Bienvenida,False
e6edcb81-4782-44f0-af6d-1e9e184c77ba,4,15,7.09,Validación de RRHH,False
31ece703-f961-4e8e-a5c5-cd5c5b47e3db,1,17,1.79,Verificar Stock,False
e6edcb81-4782-44f0-af6d-1e9e184c77ba,5,15,5.31,Inicio del Proceso,False
5fd7b0ae-2619-4038-a52e-26a0576c4819,2,8,5.98,Consolidar Gastos,False
f036cecc-192b-4e1e-bdc2-c95608f24fe9,4,16,2.0,Aprobación Costos,False
390714b2-977f-4e5c-bd1e-5f282ff785ef,6,18,7.35,Presentar Requerimiento,False
17775f19-8c66-41b3-bd38-919b0fe10b8f,1,11,5.18,Reunión Bienvenida,False
e6edcb81-4782-44f0-af6d-1e9e184c77ba,6,15,3.8,Verificar Stock,False
5fd7b0ae-2619-4038-a52e-26a0576c4819,6,17,1.92,Enviar solicitud de vacaciones,False
17775f19-8c66-41b3-bd38-919b0fe10b8f,3,13,5.75,Validar Elegibilidad,False
17775f19-8c66-41b3-bd38-919b0fe10b8f,0,10,5.89,Autoevaluación,False
31ece703-f961-4e8e-a5c5-cd5c5b47e3db,0,18,6.94,Especificar Servidores,False
5fd7b0ae-2619-4038-a52e-26a0576c4819,0,17,4.69,Habilitar Permisos,False
390714b2-977f-4e5c-bd1e-5f282ff785ef,5,15,6.18,Revisión de Seguridad,False
f5ba7581-b2ac-4b3a-830e-64ab112f975a,0,11,5.24,Validar Capacitación,False
390714b2-977f-4e5c-bd1e-5f282ff785ef,1,16,2.4,Especificar Licencia,False
390714b2-977f-4e5c-bd1e-5f282ff785ef,3,17,7.02,Revisión de Seguridad,False
31ece703-f961-4e8e-a5c5-cd5c5b47e3db,6,9,2.97,Detallar Curso,False
5f56f693-5a38-4ca2-96c0-7bba750fc7a6,4,16,3.01,Entrega del Equipo,False
f036cecc-192b-4e1e-bdc2-c95608f24fe9,6,9,1.0,Aprobación de Pago,False
31ece703-f961-4e8e-a5c5-cd5c5b47e3db,5,12,3.18,Setup Tecnológico,False
f5ba7581-b2ac-4b3a-830e-64ab112f975a,0,8,7.35,Evaluación Técnica,False
5fd7b0ae-2619-4038-a52e-26a0576c4819,4,16,1.2,Verificar Factura,False
5f56f693-5a38-4ca2-96c0-7bba750fc7a6,1,11,2.64,Feedback de Manager,False
5fd7b0ae-2619-4038-a52e-26a0576c4819,2,17,4.38,Inicio de la solicitud,False
f5ba7581-b2ac-4b3a-830e-64ab112f975a,3,12,5.87,Especificar Licencia,False
17775f19-8c66-41b3-bd38-919b0fe10b8f,4,18,5.11,Registrar Recibos,False
17775f19-8c66-41b3-bd38-919b0fe10b8f,1,17,3.69,Revisión de Seguridad,False
f036cecc-192b-4e1e-bdc2-c95608f24fe9,1,17,5.12,Aprobación de Pago,False
5f56f693-5a38-4ca2-96c0-7bba750fc7a6,5,10,2.15,Verificar Stock,False
5fd7b0ae-2619-4038-a52e-26a0576c4819,4,15,5.29,Aprobar Presupuesto,False
31ece703-f961-4e8e-a5c5-cd5c5b47e3db,6,11,6.41,Solicitar Adelanto,False
e6edcb81-4782-44f0-af6d-1e9e184c77ba,4,18,6.38,Subir Borrador,False
17775f19-8c66-41b3-bd38-919b0fe10b8f,1,10,1.63,Pago de Liquidación,False
f5ba7581-b2ac-4b3a-830e-64ab112f975a,1,11,0.63,Subir Borrador,False
f5ba7581-b2ac-4b3a-830e-64ab112f975a,6,18,3.47,Verificar Stock,False
31ece703-f961-4e8e-a5c5-cd5c5b47e3db,4,16,2.3,Cerrar Accesos,False
390714b2-977f-4e5c-bd1e-5f282ff785ef,6,14,4.48,Cerrar Accesos,False
5fd7b0ae-2619-4038-a52e-26a0576c4819,4,17,4.78,Procesar Transferencia,False
390714b2-977f-4e5c-bd1e-5f282ff785ef,5,10,2.47,Entrega del Equipo,False
17775f19-8c66-41b3-bd38-919b0fe10b8f,2,16,2.2,Revisión Contable,False
31ece703-f961-4e8e-a5c5-cd5c5b47e3db,2,11,3.74,Solicitar Adelanto,False
e6edcb81-4782-44f0-af6d-1e9e184c77ba,6,15,4.71,Enviar solicitud de vacaciones,False
f5ba7581-b2ac-4b3a-830e-64ab112f975a,3,11,7.78,Pago de Liquidación,False
31ece703-f961-4e8e-a5c5-cd5c5b47e3db,2,10,1.57,Especificar Licencia,False
31ece703-f961-4e8e-a5c5-cd5c5b47e3db,6,8,7.35,Subir Borrador,False
5f56f693-5a38-4ca2-96c0-7bba750fc7a6,6,8,3.87,Verificar Factura,False
5fd7b0ae-2619-4038-a52e-26a0576c4819,4,9,7.1,Inicio de la solicitud,False
17775f19-8c66-41b3-bd38-919b0fe10b8f,2,8,1.01,Validación de RRHH,False
5fd7b0ae-2619-4038-a52e-26a0576c4819,2,17,7.24,Iniciar Baja,False
f036cecc-192b-4e1e-bdc2-c95608f24fe9,4,13,3.99,Solicitar Adelanto,False
17775f19-8c66-41b3-bd38-919b0fe10b8f,0,14,4.38,Revisión Gerencial,False
390714b2-977f-4e5c-bd1e-5f282ff785ef,6,11,7.62,Entrega del Equipo,False
5fd7b0ae-2619-4038-a52e-26a0576c4819,0,13,4.11,Reunión Bienvenida,False
e6edcb81-4782-44f0-af6d-1e9e184c77ba,5,16,0.6,Validar Capacitación,False
5fd7b0ae-2619-4038-a52e-26a0576c4819,0,8,7.24,Subir Borrador,False
17775f19-8c66-41b3-bd38-919b0fe10b8f,6,10,5.28,Autorización Gerencia,False
f036cecc-192b-4e1e-bdc2-c95608f24fe9,5,8,5.54,Preparar Firma,False
f036cecc-192b-4e1e-bdc2-c95608f24fe9,3,10,1.75,Presentar Requerimiento,False
e6edcb81-4782-44f0-af6d-1e9e184c77ba,2,12,5.6,Consolidar Gastos,False
f5ba7581-b2ac-4b3a-830e-64ab112f975a,6,14,3.65,Presentar Requerimiento,False
e6edcb81-4782-44f0-af6d-1e9e184c77ba,5,15,7.31,Pago de Liquidación,False
5f56f693-5a38-4ca2-96c0-7bba750fc7a6,2,16,1.64,Dispersión de Fondos,False
5fd7b0ae-2619-4038-a52e-26a0576c4819,5,8,1.96,Enviar solicitud de vacaciones,False
31ece703-f961-4e8e-a5c5-cd5c5b47e3db,4,17,6.61,Evaluación Técnica,False
e6edcb81-4782-44f0-af6d-1e9e184c77ba,1,17,7.33,Validación de RRHH,False
17775f19-8c66-41b3-bd38-919b0fe10b8f,4,16,5.77,Procesar Transferencia,False
31ece703-f961-4e8e-a5c5-cd5c5b47e3db,1,12,2.51,Aprobación de Pago,False
5fd7b0ae-2619-4038-a52e-26a0576c4819,3,10,2.8,Dispersión de Fondos,False
390714b2-977f-4e5c-bd1e-5f282ff785ef,0,10,3.17,Aprobación Costos,False
5fd7b0ae-2619-4038-a52e-26a0576c4819,4,16,3.25,Especificar Servidores,False
31ece703-f961-4e8e-a5c5-cd5c5b47e3db,5,9,4.56,Aprobación del manager,False
f5ba7581-b2ac-4b3a-830e-64ab112f975a,3,12,0.92,Firma Director,False
390714b2-977f-4e5c-bd1e-5f282ff785ef,2,17,3.34,Aprobación Presupuesto,False
f5ba7581-b2ac-4b3a-830e-64ab112f975a,3,15,5.74,Verificar Stock,False
390714b2-977f-4e5c-bd1e-5f282ff785ef,4,14,6.65,Iniciar Baja,False
17775f19-8c66-41b3-bd38-919b0fe10b8f,6,15,2.98,Habilitar Permisos,False
390714b2-977f-4e5c-bd1e-5f282ff785ef,4,10,1.21,Aprobación Presupuesto,False
f5ba7581-b2ac-4b3a-830e-64ab112f975a,2,10,1.44,Preparar Firma,False
f036cecc-192b-4e1e-bdc2-c95608f24fe9,4,13,3.95,Aprobación del manager,False
390714b2-977f-4e5c-bd1e-5f282ff785ef,6,10,6.34,Autorización Gerencia,False
390714b2-977f-4e5c-bd1e-5f282ff785ef,2,9,7.04,Inicio de la solicitud,False
390714b2-977f-4e5c-bd1e-5f282ff785ef,4,14,3.88,Subir Borrador,False
17775f19-8c66-41b3-bd38-919b0fe10b8f,5,10,3.93,Entrega del Equipo,False
f5ba7581-b2ac-4b3a-830e-64ab112f975a,2,16,2.21,Presentar Requerimiento,False
5fd7b0ae-2619-4038-a52e-26a0576c4819,6,15,3.32,Aprobación de Pago,False
f5ba7581-b2ac-4b3a-830e-64ab112f975a,2,13,5.49,Aprobación del manager,False
17775f19-8c66-41b3-bd38-919b0fe10b8f,2,9,3.81,Solicitar Adelanto,False
5fd7b0ae-2619-4038-a52e-26a0576c4819,0,17,5.17,Verificar Stock,False
31ece703-f961-4e8e-a5c5-cd5c5b47e3db,4,18,1.38,Autoevaluación,False
31ece703-f961-4e8e-a5c5-cd5c5b47e3db,0,18,4.26,Setup Tecnológico,False
390714b2-977f-4e5c-bd1e-5f282ff785ef,2,15,5.4,Autoevaluación,False
f5ba7581-b2ac-4b3a-830e-64ab112f975a,0,10,6.76,Enviar solicitud de vacaciones,False
390714b2-977f-4e5c-bd1e-5f282ff785ef,3,9,2.0,Registrar Recibos,False
390714b2-977f-4e5c-bd1e-5f282ff785ef,0,16,6.92,Detallar Curso,False
17775f19-8c66-41b3-bd38-919b0fe10b8f,4,9,6.96,Dispersión de Fondos,False
e6edcb81-4782-44f0-af6d-1e9e184c77ba,6,17,4.36,Especificar Licencia,False
f036cecc-192b-4e1e-bdc2-c95608f24fe9,0,15,5.4,Aprobación Costos,False
5f56f693-5a38-4ca2-96c0-7bba750fc7a6,0,14,1.57,Habilitar Permisos,False
f036cecc-192b-4e1e-bdc2-c95608f24fe9,3,15,5.89,Entrega del Equipo,False
f5ba7581-b2ac-4b3a-830e-64ab112f975a,6,8,3.92,Revisión Contable,False
17775f19-8c66-41b3-bd38-919b0fe10b8f,0,18,0.95,Subir Borrador,False
e6edcb81-4782-44f0-af6d-1e9e184c77ba,3,14,5.39,Aprobación Costos,False
5f56f693-5a38-4ca2-96c0-7bba750fc7a6,4,14,7.7,Presentar Requerimiento,False
5f56f693-5a38-4ca2-96c0-7bba750fc7a6,1,13,2.51,Verificar Stock,False
f036cecc-192b-4e1e-bdc2-c95608f24fe9,2,16,6.88,Detallar Curso,False
f036cecc-192b-4e1e-bdc2-c95608f24fe9,0,16,1.13,Aprobación Presupuesto,False
390714b2-977f-4e5c-bd1e-5f282ff785ef,2,18,4.19,Solicitar Adelanto,False
5fd7b0ae-2619-4038-a52e-26a0576c4819,1,9,1.63,Enviar solicitud de vacaciones,False
5f56f693-5a38-4ca2-96c0-7bba750fc7a6,2,16,2.24,Revisión Contable,False
390714b2-977f-4e5c-bd1e-5f282ff785ef,4,9,0.51,Especificar Servidores,False
5fd7b0ae-2619-4038-a52e-26a0576c4819,6,17,5.97,Feedback de Manager,False
5fd7b0ae-2619-4038-a52e-26a0576c4819,6,15,6.03,Revisión Gerencial,False
17775f19-8c66-41b3-bd38-919b0fe10b8f,5,14,4.08,Autoevaluación,False
31ece703-f961-4e8e-a5c5-cd5c5b47e3db,5,14,2.79,Iniciar Baja,False
17775f19-8c66-41b3-bd38-919b0fe10b8f,5,11,4.0,Solicitar Adelanto,False
17775f19-8c66-41b3-bd38-919b0fe10b8f,1,18,3.18,Aprobación del manager,False
5f56f693-5a38-4ca2-96c0-7bba750fc7a6,0,15,2.19,Dispersión de Fondos,False
17775f19-8c66-41b3-bd38-919b0fe10b8f,1,13,5.7,Inicio de la solicitud,False
5f56f693-5a38-4ca2-96c0-7bba750fc7a6,2,14,5.92,Presentar Requerimiento,False
f036cecc-192b-4e1e-bdc2-c95608f24fe9,3,18,5.82,Especificar Licencia,False
390714b2-977f-4e5c-bd1e-5f282ff785ef,5,16,1.94,Firma Director,False
f5ba7581-b2ac-4b3a-830e-64ab112f975a,4,14,6.62,Aprobación Presupuesto,False
17775f19-8c66-41b3-bd38-919b0fe10b8f,0,10,7.78,Especificar Servidores,False
5f56f693-5a38-4ca2-96c0-7bba750fc7a6,5,13,2.46,Dispersión de Fondos,False
5fd7b0ae-2619-4038-a52e-26a0576c4819,0,12,1.69,Evaluación Técnica,False
5fd7b0ae-2619-4038-a52e-26a0576c4819,4,15,5.46,Especificar Servidores,False
e6edcb81-4782-44f0-af6d-1e9e184c77ba,6,9,5.35,Aprobación Presupuesto,False
f5ba7581-b2ac-4b3a-830e-64ab112f975a,2,15,4.07,Subir Borrador,False
17775f19-8c66-41b3-bd38-919b0fe10b8f,2,14,5.16,Verificar Factura,False
e6edcb81-4782-44f0-af6d-1e9e184c77ba,5,9,7.52,Setup Tecnológico,False
e6edcb81-4782-44f0-af6d-1e9e184c77ba,5,12,3.86,Revisión Contable,False
17775f19-8c66-41b3-bd38-919b0fe10b8f,6,12,3.16,Revisión de Seguridad,False
f036cecc-192b-4e1e-bdc2-c95608f24fe9,0,12,1.85,Feedback de Manager,False
5fd7b0ae-2619-4038-a52e-26a0576c4819,4,12,1.11,Aprobar Presupuesto,False
31ece703-f961-4e8e-a5c5-cd5c5b47e3db,5,16,1.39,Enviar solicitud de vacaciones,False
e6edcb81-4782-44f0-af6d-1e9e184c77ba,2,17,2.46,Autoevaluación,False
31ece703-f961-4e8e-a5c5-cd5c5b47e3db,3,10,7.71,Evaluación Técnica,False
5fd7b0ae-2619-4038-a52e-26a0576c4819,4,15,4.03,Registrar Recibos,False
5f56f693-5a38-4ca2-96c0-7bba750fc7a6,1,17,3.62,Validar Elegibilidad,False
390714b2-977f-4e5c-bd1e-5f282ff785ef,4,16,1.83,Habilitar Permisos,False
5fd7b0ae-2619-4038-a52e-26a0576c4819,5,13,4.95,Revisión Contable,False
390714b2-977f-4e5c-bd1e-5f282ff785ef,6,9,7.58,Aprobación del manager,False
390714b2-977f-4e5c-bd1e-5f282ff785ef,4,13,7.79,Inicio del Proceso,False
e6edcb81-4782-44f0-af6d-1e9e184c77ba,3,18,2.35,Verificar Stock,False
390714b2-977f-4e5c-bd1e-5f282ff785ef,1,8,7.22,Detallar Curso,False
5f56f693-5a38-4ca2-96c0-7bba750fc7a6,4,9,5.77,Detallar Curso,False
e6edcb81-4782-44f0-af6d-1e9e184c77ba,4,9,1.06,Verificar Stock,False
5fd7b0ae-2619-4038-a52e-26a0576c4819,1,11,7.79,Iniciar Baja,False
f036cecc-192b-4e1e-bdc2-c95608f24fe9,3,17,1.87,Autoevaluación,False
e6edcb81-4782-44f0-af6d-1e9e184c77ba,0,18,0.8,Revisión Gerencial,False
f5ba7581-b2ac-4b3a-830e-64ab112f975a,4,13,6.57,Setup Tecnológico,False
17775f19-8c66-41b3-bd38-919b0fe10b8f,2,18,4.32,Revisión Gerencial,False
e6edcb81-4782-44f0-af6d-1e9e184c77ba,1,18,1.11,Setup Tecnológico,False
5fd7b0ae-2619-4038-a52e-26a0576c4819,6,16,2.91,Aprobación Presupuesto,False
390714b2-977f-4e5c-bd1e-5f282ff785ef,5,8,7.59,Validar Comercial,False
e6edcb81-4782-44f0-af6d-1e9e184c77ba,3,18,1.46,Autoevaluación,False
e6edcb81-4782-44f0-af6d-1e9e184c77ba,6,14,2.1,Revisión de Seguridad,False
5f56f693-5a38-4ca2-96c0-7bba750fc7a6,1,8,0.69,Revisión Gerencial,False
f5ba7581-b2ac-4b3a-830e-64ab112f975a,4,8,3.67,Reunión Bienvenida,False
5fd7b0ae-2619-4038-a52e-26a0576c4819,6,10,3.62,Iniciar Baja,False
390714b2-977f-4e5c-bd1e-5f282ff785ef,0,10,1.74,Consolidación de RRHH,False
e6edcb81-4782-44f0-af6d-1e9e184c77ba,5,15,6.61,Dispersión de Fondos,False
5f56f693-5a38-4ca2-96c0-7bba750fc7a6,6,16,5.36,Validación de RRHH,False
31ece703-f961-4e8e-a5c5-cd5c5b47e3db,2,12,2.73,Firma Director,False
e6edcb81-4782-44f0-af6d-1e9e184c77ba,1,10,1.24,Autoevaluación,False
e6edcb81-4782-44f0-af6d-1e9e184c77ba,4,18,1.41,Habilitar Permisos,False
390714b2-977f-4e5c-bd1e-5f282ff785ef,3,15,2.96,Feedback de Manager,False
17775f19-8c66-41b3-bd38-919b0fe10b8f,0,15,4.68,Verificar Factura,False
f5ba7581-b2ac-4b3a-830e-64ab112f975a,3,18,4.75,Iniciar Baja,False
31ece703-f961-4e8e-a5c5-cd5c5b47e3db,0,15,3.92,Reunión Bienvenida,False
f036cecc-192b-4e1e-bdc2-c95608f24fe9,6,14,3.17,Verificar Factura,False
5fd7b0ae-2619-4038-a52e-26a0576c4819,3,14,4.25,Entrega del Equipo,False
390714b2-977f-4e5c-bd1e-5f282ff785ef,4,18,7.23,Subir Borrador,False
5f56f693-5a38-4ca2-96c0-7bba750fc7a6,3,9,5.45,Setup Tecnológico,False
31ece703-f961-4e8e-a5c5-cd5c5b47e3db,4,18,4.35,Consolidar Gastos,False
390714b2-977f-4e5c-bd1e-5f282ff785ef,2,14,7.58,Verificar Factura,False
f5ba7581-b2ac-4b3a-830e-64ab112f975a,1,15,4.68,Subir Borrador,False
5f56f693-5a38-4ca2-96c0-7bba750fc7a6,2,8,2.1,Consolidación de RRHH,False
5f56f693-5a38-4ca2-96c0-7bba750fc7a6,5,12,1.12,Entrega del Equipo,False
390714b2-977f-4e5c-bd1e-5f282ff785ef,1,15,1.05,Especificar Servidores,False
390714b2-977f-4e5c-bd1e-5f282ff785ef,2,15,2.99,Enviar solicitud de vacaciones,False
5fd7b0ae-2619-4038-a52e-26a0576c4819,1,9,5.22,Revisión de Seguridad,False
5f56f693-5a38-4ca2-96c0-7bba750fc7a6,6,15,0.81,Aprobación Presupuesto,False
5f56f693-5a38-4ca2-96c0-7bba750fc7a6,2,10,2.75,Detallar Curso,False
f5ba7581-b2ac-4b3a-830e-64ab112f975a,1,11,6.44,Evaluación Técnica,False
5f56f693-5a38-4ca2-96c0-7bba750fc7a6,5,15,7.21,Entrega del Equipo,False
5fd7b0ae-2619-4038-a52e-26a0576c4819,2,14,3.05,Procesar Transferencia,False
17775f19-8c66-41b3-bd38-919b0fe10b8f,0,13,6.74,Cerrar Accesos,False
e6edcb81-4782-44f0-af6d-1e9e184c77ba,1,14,7.64,Presentar Requerimiento,False
17775f19-8c66-41b3-bd38-919b0fe10b8f,4,14,2.46,Validar Elegibilidad,False
31ece703-f961-4e8e-a5c5-cd5c5b47e3db,3,13,0.59,Enviar solicitud de vacaciones,False
f5ba7581-b2ac-4b3a-830e-64ab112f975a,4,13,3.1,Solicitar Adelanto,False
5fd7b0ae-2619-4038-a52e-26a0576c4819,2,9,1.62,Consolidar Gastos,False
390714b2-977f-4e5c-bd1e-5f282ff785ef,3,12,0.78,Subir Borrador,False
f036cecc-192b-4e1e-bdc2-c95608f24fe9,5,13,0.64,Aprobación Presupuesto,False
f5ba7581-b2ac-4b3a-830e-64ab112f975a,5,17,2.22,Revisión Contable,False
5f56f693-5a38-4ca2-96c0-7bba750fc7a6,0,13,3.14,Entrega del Equipo,False
17775f19-8c66-41b3-bd38-919b0fe10b8f,5,18,1.14,Setup Tecnológico,False
f036cecc-192b-4e1e-bdc2-c95608f24fe9,3,9,1.85,Habilitar Permisos,False
e6edcb81-4782-44f0-af6d-1e9e184c77ba,2,17,0.61,Revisión Gerencial,False
e6edcb81-4782-44f0-af6d-1e9e184c77ba,3,13,2.18,Autoevaluación,False
390714b2-977f-4e5c-bd1e-5f282ff785ef,2,10,3.6,Consolidación de RRHH,False
f5ba7581-b2ac-4b3a-830e-64ab112f975a,2,10,2.89,Habilitar Permisos,False
e6edcb81-4782-44f0-af6d-1e9e184c77ba,0,14,2.5,Verificar Stock,False
f036cecc-192b-4e1e-bdc2-c95608f24fe9,4,11,7.57,Especificar Licencia,False
e6edcb81-4782-44f0-af6d-1e9e184c77ba,1,8,5.26,Firma Director,False
f036cecc-192b-4e1e-bdc2-c95608f24fe9,4,14,4.65,Aprobar Presupuesto,False
17775f19-8c66-41b3-bd38-919b0fe10b8f,0,14,1.56,Revisión Gerencial,False
5f56f693-5a38-4ca2-96c0-7bba750fc7a6,6,14,6.96,Evaluación Técnica,False
17775f19-8c66-41b3-bd38-919b0fe10b8f,6,12,6.77,Verificar Factura,False
31ece703-f961-4e8e-a5c5-cd5c5b47e3db,1,14,2.36,Cerrar Accesos,False
f5ba7581-b2ac-4b3a-830e-64ab112f975a,5,15,1.78,Iniciar Baja,False
e6edcb81-4782-44f0-af6d-1e9e184c77ba,3,12,4.9,Revisión de Seguridad,False
f036cecc-192b-4e1e-bdc2-c95608f24fe9,0,13,4.44,Aprobación de Pago,False
f5ba7581-b2ac-4b3a-830e-64ab112f975a,1,9,3.7,Reunión Bienvenida,False
5f56f693-5a38-4ca2-96c0-7bba750fc7a6,0,8,1.93,Firma Director,False
f036cecc-192b-4e1e-bdc2-c95608f24fe9,0,18,7.91,Setup Tecnológico,False
f036cecc-192b-4e1e-bdc2-c95608f24fe9,1,18,6.57,Revisión de Seguridad,False
31ece703-f961-4e8e-a5c5-cd5c5b47e3db,3,16,7.26,Instalar Licencia,False
5fd7b0ae-2619-4038-a52e-26a0576c4819,5,10,3.49,Especificar Licencia,False
f036cecc-192b-4e1e-bdc2-c95608f24fe9,0,12,2.9,Presentar Requerimiento,False
390714b2-977f-4e5c-bd1e-5f282ff785ef,0,14,3.59,Preparar Firma,False
390714b2-977f-4e5c-bd1e-5f282ff785ef,1,18,5.86,Revisión de Seguridad,False
17775f19-8c66-41b3-bd38-919b0fe10b8f,6,8,1.28,Feedback de Manager,False
390714b2-977f-4e5c-bd1e-5f282ff785ef,2,12,4.77,Detallar Curso,False
31ece703-f961-4e8e-a5c5-cd5c5b47e3db,5,11,5.42,Solicitar Adelanto,False
f036cecc-192b-4e1e-bdc2-c95608f24fe9,4,16,5.79,Consolidar Gastos,False
f036cecc-192b-4e1e-bdc2-c95608f24fe9,3,10,2.13,Solicitar Adelanto,False
5fd7b0ae-2619-4038-a52e-26a0576c4819,5,16,1.03,Aprobación del manager,False
31ece703-f961-4e8e-a5c5-cd5c5b47e3db,2,10,6.98,Firma Director,False
5fd7b0ae-2619-4038-a52e-26a0576c4819,2,8,7.43,Aprobar Presupuesto,False
390714b2-977f-4e5c-bd1e-5f282ff785ef,6,9,7.26,Feedback de Manager,False
e6edcb81-4782-44f0-af6d-1e9e184c77ba,6,9,3.2,Validar Capacitación,False
17775f19-8c66-41b3-bd38-919b0fe10b8f,2,10,7.98,Feedback de Manager,False
17775f19-8c66-41b3-bd38-919b0fe10b8f,6,9,1.06,Entrega del Equipo,False
31ece703-f961-4e8e-a5c5-cd5c5b47e3db,3,14,5.81,Feedback de Manager,False
e6edcb81-4782-44f0-af6d-1e9e184c77ba,4,12,5.89,Enviar solicitud de vacaciones,False
17775f19-8c66-41b3-bd38-919b0fe10b8f,5,18,3.94,Detallar Curso,False
31ece703-f961-4e8e-a5c5-cd5c5b47e3db,4,9,2.14,Instalar Licencia,False
f5ba7581-b2ac-4b3a-830e-64ab112f975a,6,10,2.64,Procesar Transferencia,False
f5ba7581-b2ac-4b3a-830e-64ab112f975a,2,15,5.92,Procesar Transferencia,False
17775f19-8c66-41b3-bd38-919b0fe10b8f,1,16,7.02,Verificar Stock,False
5fd7b0ae-2619-4038-a52e-26a0576c4819,4,15,7.22,Aprobación de Pago,False
31ece703-f961-4e8e-a5c5-cd5c5b47e3db,1,16,2.92,Evaluación Técnica,False
e6edcb81-4782-44f0-af6d-1e9e184c77ba,0,13,7.96,Revisión Gerencial,False
390714b2-977f-4e5c-bd1e-5f282ff785ef,4,14,3.73,Dispersión de Fondos,False
5fd7b0ae-2619-4038-a52e-26a0576c4819,4,11,0.55,Aprobación Costos,False
e6edcb81-4782-44f0-af6d-1e9e184c77ba,6,17,2.21,Revisión Gerencial,False
31ece703-f961-4e8e-a5c5-cd5c5b47e3db,4,13,7.76,Aprobar Presupuesto,False
f5ba7581-b2ac-4b3a-830e-64ab112f975a,3,16,5.05,Consolidación de RRHH,False
f5ba7581-b2ac-4b3a-830e-64ab112f975a,1,15,1.77,Aprobación del manager,False
5f56f693-5a38-4ca2-96c0-7bba750fc7a6,4,18,0.82,Revisión Contable,False
f036cecc-192b-4e1e-bdc2-c95608f24fe9,2,11,1.39,Instalar Licencia,False
31ece703-f961-4e8e-a5c5-cd5c5b47e3db,6,11,1.16,Entrega del Equipo,False
f036cecc-192b-4e1e-bdc2-c95608f24fe9,1,11,6.65,Procesar Transferencia,False
31ece703-f961-4e8e-a5c5-cd5c5b47e3db,2,8,5.8,Aprobación Costos,False
f036cecc-192b-4e1e-bdc2-c95608f24fe9,2,15,2.79,Validar Capacitación,False
390714b2-977f-4e5c-bd1e-5f282ff785ef,2,8,0.8,Validación de RRHH,False
e6edcb81-4782-44f0-af6d-1e9e184c77ba,6,17,6.62,Pago de Liquidación,False
390714b2-977f-4e5c-bd1e-5f282ff785ef,3,11,0.55,Revisión Gerencial,False
17775f19-8c66-41b3-bd38-919b0fe10b8f,5,15,2.5,Inicio del Proceso,False
f036cecc-192b-4e1e-bdc2-c95608f24fe9,3,9,0.97,Aprobación del manager,False
31ece703-f961-4e8e-a5c5-cd5c5b47e3db,2,10,3.56,Solicitar Adelanto,False
390714b2-977f-4e5c-bd1e-5f282ff785ef,2,16,2.04,Feedback de Manager,False
e6edcb81-4782-44f0-af6d-1e9e184c77ba,4,11,6.36,Pago de Liquidación,False
e6edcb81-4782-44f0-af6d-1e9e184c77ba,1,18,3.25,Especificar Licencia,False
f5ba7581-b2ac-4b3a-830e-64ab112f975a,6,16,3.94,Firma Director,False
e6edcb81-4782-44f0-af6d-1e9e184c77ba,3,18,3.0,Entrega del Equipo,False
31ece703-f961-4e8e-a5c5-cd5c5b47e3db,3,17,6.86,Habilitar Permisos,False
31ece703-f961-4e8e-a5c5-cd5c5b47e3db,5,17,6.94,Inicio del Proceso,False
390714b2-977f-4e5c-bd1e-5f282ff785ef,0,10,0.84,Enviar solicitud de vacaciones,False
5f56f693-5a38-4ca2-96c0-7bba750fc7a6,2,17,7.4,Validación de RRHH,False
390714b2-977f-4e5c-bd1e-5f282ff785ef,6,17,4.1,Validación de RRHH,False
5fd7b0ae-2619-4038-a52e-26a0576c4819,1,9,7.76,Registrar Recibos,False
17775f19-8c66-41b3-bd38-919b0fe10b8f,1,8,0.64,Procesar Transferencia,False
e6edcb81-4782-44f0-af6d-1e9e184c77ba,0,15,6.4,Evaluación Técnica,False
31ece703-f961-4e8e-a5c5-cd5c5b47e3db,1,13,2.22,Enviar solicitud de vacaciones,False
e6edcb81-4782-44f0-af6d-1e9e184c77ba,0,17,5.83,Cerrar Accesos,False
f036cecc-192b-4e1e-bdc2-c95608f24fe9,5,13,2.47,Autoevaluación,False
f5ba7581-b2ac-4b3a-830e-64ab112f975a,5,10,3.91,Validar Elegibilidad,False
5f56f693-5a38-4ca2-96c0-7bba750fc7a6,1,15,2.12,Autoevaluación,False
17775f19-8c66-41b3-bd38-919b0fe10b8f,5,8,3.92,Validar Comercial,False
f5ba7581-b2ac-4b3a-830e-64ab112f975a,5,17,1.1,Inicio de la solicitud,False
17775f19-8c66-41b3-bd38-919b0fe10b8f,2,16,2.66,Revisión Contable,False
5fd7b0ae-2619-4038-a52e-26a0576c4819,2,9,6.33,Reunión Bienvenida,False
f036cecc-192b-4e1e-bdc2-c95608f24fe9,0,18,1.24,Aprobación Presupuesto,False
17775f19-8c66-41b3-bd38-919b0fe10b8f,2,15,5.52,Validar Elegibilidad,False
390714b2-977f-4e5c-bd1e-5f282ff785ef,5,12,1.78,Procesar Transferencia,False
17775f19-8c66-41b3-bd38-919b0fe10b8f,0,18,1.84,Inicio del Proceso,False
f5ba7581-b2ac-4b3a-830e-64ab112f975a,6,13,4.11,Especificar Licencia,False
f5ba7581-b2ac-4b3a-830e-64ab112f975a,2,10,6.33,Aprobación Presupuesto,False
f5ba7581-b2ac-4b3a-830e-64ab112f975a,4,10,4.43,Aprobación del manager,False
390714b2-977f-4e5c-bd1e-5f282ff785ef,1,8,7.78,Revisión Contable,False
390714b2-977f-4e5c-bd1e-5f282ff785ef,5,17,6.25,Validación de RRHH,False
e6edcb81-4782-44f0-af6d-1e9e184c77ba,0,13,2.44,Verificar Factura,False
e6edcb81-4782-44f0-af6d-1e9e184c77ba,3,14,3.46,Revisión Contable,False
e6edcb81-4782-44f0-af6d-1e9e184c77ba,6,18,7.81,Aprobación Presupuesto,False
5f56f693-5a38-4ca2-96c0-7bba750fc7a6,0,8,4.36,Verificar Stock,False
17775f19-8c66-41b3-bd38-919b0fe10b8f,1,15,1.96,Consolidación de RRHH,False
390714b2-977f-4e5c-bd1e-5f282ff785ef,1,14,7.14,Evaluación Técnica,False
31ece703-f961-4e8e-a5c5-cd5c5b47e3db,2,12,7.47,Inicio de la solicitud,False
5fd7b0ae-2619-4038-a52e-26a0576c4819,1,15,2.02,Verificar Stock,False
5f56f693-5a38-4ca2-96c0-7bba750fc7a6,0,14,0.58,Aprobación Presupuesto,False
5fd7b0ae-2619-4038-a52e-26a0576c4819,4,15,2.74,Instalar Licencia,False
390714b2-977f-4e5c-bd1e-5f282ff785ef,6,12,6.34,Especificar Servidores,False
f5ba7581-b2ac-4b3a-830e-64ab112f975a,4,15,7.02,Evaluación Técnica,False
f5ba7581-b2ac-4b3a-830e-64ab112f975a,5,10,2.05,Revisión Contable,False
31ece703-f961-4e8e-a5c5-cd5c5b47e3db,6,18,2.01,Solicitar Adelanto,False
f5ba7581-b2ac-4b3a-830e-64ab112f975a,5,10,7.67,Especificar Servidores,False
f036cecc-192b-4e1e-bdc2-c95608f24fe9,2,13,5.54,Verificar Stock,False
5f56f693-5a38-4ca2-96c0-7bba750fc7a6,0,18,3.31,Solicitar Adelanto,False
5f56f693-5a38-4ca2-96c0-7bba750fc7a6,1,18,2.8,Especificar Servidores,False
5f56f693-5a38-4ca2-96c0-7bba750fc7a6,3,10,1.82,Aprobación Costos,False
5f56f693-5a38-4ca2-96c0-7bba750fc7a6,2,17,0.63,Reunión Bienvenida,False
e6edcb81-4782-44f0-af6d-1e9e184c77ba,5,17,4.78,Subir Borrador,False
f036cecc-192b-4e1e-bdc2-c95608f24fe9,2,16,1.79,Evaluación Técnica,False
31ece703-f961-4e8e-a5c5-cd5c5b47e3db,3,18,4.16,Aprobación Costos,False
f5ba7581-b2ac-4b3a-830e-64ab112f975a,4,14,4.17,Aprobación Presupuesto,False
f5ba7581-b2ac-4b3a-830e-64ab112f975a,6,16,6.43,Pago de Liquidación,False
f036cecc-192b-4e1e-bdc2-c95608f24fe9,5,14,6.68,Enviar solicitud de vacaciones,False
e6edcb81-4782-44f0-af6d-1e9e184c77ba,1,8,3.49,Feedback de Manager,False
e6edcb81-4782-44f0-af6d-1e9e184c77ba,4,14,4.96,Revisión de Seguridad,False
f036cecc-192b-4e1e-bdc2-c95608f24fe9,3,18,6.05,Procesar Transferencia,False
f5ba7581-b2ac-4b3a-830e-64ab112f975a,3,18,4.62,Consolidar Gastos,False
e6edcb81-4782-44f0-af6d-1e9e184c77ba,6,18,2.52,Inicio del Proceso,False
390714b2-977f-4e5c-bd1e-5f282ff785ef,4,8,3.01,Verificar Stock,False
e6edcb81-4782-44f0-af6d-1e9e184c77ba,4,14,5.35,Revisión de Seguridad,False
f5ba7581-b2ac-4b3a-830e-64ab112f975a,3,15,4.54,Revisión Gerencial,False
5f56f693-5a38-4ca2-96c0-7bba750fc7a6,4,13,5.72,Procesar Transferencia,False
e6edcb81-4782-44f0-af6d-1e9e184c77ba,0,12,3.79,Especificar Servidores,False
5fd7b0ae-2619-4038-a52e-26a0576c4819,1,13,7.47,Inicio de la solicitud,False
5f56f693-5a38-4ca2-96c0-7bba750fc7a6,6,17,3.28,Subir Borrador,False
390714b2-977f-4e5c-bd1e-5f282ff785ef,1,17,6.58,Dispersión de Fondos,False
f5ba7581-b2ac-4b3a-830e-64ab112f975a,1,16,6.86,Habilitar Permisos,False
31ece703-f961-4e8e-a5c5-cd5c5b47e3db,2,15,7.43,Revisión de Seguridad,False
e6edcb81-4782-44f0-af6d-1e9e184c77ba,6,15,5.06,Cerrar Accesos,False
17775f19-8c66-41b3-bd38-919b0fe10b8f,3,10,1.44,Entrega del Equipo,False
f5ba7581-b2ac-4b3a-830e-64ab112f975a,5,8,6.8,Especificar Servidores,False
31ece703-f961-4e8e-a5c5-cd5c5b47e3db,1,15,0.78,Iniciar Baja,False
f036cecc-192b-4e1e-bdc2-c95608f24fe9,4,14,6.5,Aprobación de Pago,False
5fd7b0ae-2619-4038-a52e-26a0576c4819,1,10,6.99,Instalar Licencia,False
e6edcb81-4782-44f0-af6d-1e9e184c77ba,0,18,4.55,Presentar Requerimiento,False
390714b2-977f-4e5c-bd1e-5f282ff785ef,6,15,6.99,Procesar Transferencia,False
5fd7b0ae-2619-4038-a52e-26a0576c4819,2,10,4.6,Consolidar Gastos,False
f5ba7581-b2ac-4b3a-830e-64ab112f975a,5,18,5.48,Pago de Liquidación,False
390714b2-977f-4e5c-bd1e-5f282ff785ef,6,17,3.7,Habilitar Permisos,False
31ece703-f961-4e8e-a5c5-cd5c5b47e3db,1,10,0.69,Entrega del Equipo,False
31ece703-f961-4e8e-a5c5-cd5c5b47e3db,0,18,3.53,Solicitar Adelanto,False
f036cecc-192b-4e1e-bdc2-c95608f24fe9,6,8,4.52,Especificar Licencia,False
31ece703-f961-4e8e-a5c5-cd5c5b47e3db,0,16,4.62,Subir Borrador,False
f036cecc-192b-4e1e-bdc2-c95608f24fe9,3,18,3.15,Autorización Gerencia,False
f5ba7581-b2ac-4b3a-830e-64ab112f975a,5,11,3.25,Aprobación del manager,False
17775f19-8c66-41b3-bd38-919b0fe10b8f,2,10,7.75,Especificar Servidores,False
17775f19-8c66-41b3-bd38-919b0fe10b8f,5,16,1.79,Aprobación Costos,False
390714b2-977f-4e5c-bd1e-5f282ff785ef,5,8,1.01,Aprobación Costos,False
f5ba7581-b2ac-4b3a-830e-64ab112f975a,6,10,6.94,Reunión Bienvenida,False
17775f19-8c66-41b3-bd38-919b0fe10b8f,3,18,7.1,Firma Director,False
5fd7b0ae-2619-4038-a52e-26a0576c4819,4,14,5.11,Aprobación Costos,False
f5ba7581-b2ac-4b3a-830e-64ab112f975a,2,17,3.56,Feedback de Manager,False
390714b2-977f-4e5c-bd1e-5f282ff785ef,5,8,7.86,Dispersión de Fondos,False
5f56f693-5a38-4ca2-96c0-7bba750fc7a6,4,10,2.99,Dispersión de Fondos,False
f036cecc-192b-4e1e-bdc2-c95608f24fe9,6,10,7.84,Reunión Bienvenida,False
f036cecc-192b-4e1e-bdc2-c95608f24fe9,2,12,4.78,Aprobación del manager,False
5fd7b0ae-2619-4038-a52e-26a0576c4819,6,13,5.22,Revisión de Seguridad,False
5f56f693-5a38-4ca2-96c0-7bba750fc7a6,3,18,4.94,Inicio de la solicitud,False
e6edcb81-4782-44f0-af6d-1e9e184c77ba,4,18,4.69,Validación de RRHH,False
f036cecc-192b-4e1e-bdc2-c95608f24fe9,3,9,4.45,Revisión de Seguridad,False
31ece703-f961-4e8e-a5c5-cd5c5b47e3db,6,18,6.85,Preparar Firma,False
17775f19-8c66-41b3-bd38-919b0fe10b8f,5,11,0.67,Pago de Liquidación,False
e6edcb81-4782-44f0-af6d-1e9e184c77ba,5,17,5.46,Validar Capacitación,False
f036cecc-192b-4e1e-bdc2-c95608f24fe9,4,10,5.16,Autoevaluación,False
e6edcb81-4782-44f0-af6d-1e9e184c77ba,5,9,7.6,Aprobación de Pago,False
5fd7b0ae-2619-4038-a52e-26a0576c4819,2,14,2.02,Consolidación de RRHH,False
390714b2-977f-4e5c-bd1e-5f282ff785ef,1,8,3.32,Cerrar Accesos,False
f036cecc-192b-4e1e-bdc2-c95608f24fe9,2,13,4.49,Firma Director,False
17775f19-8c66-41b3-bd38-919b0fe10b8f,6,16,4.59,Verificar Stock,False
31ece703-f961-4e8e-a5c5-cd5c5b47e3db,1,12,4.0,Iniciar Baja,False
5f56f693-5a38-4ca2-96c0-7bba750fc7a6,6,13,2.87,Dispersión de Fondos,False
5f56f693-5a38-4ca2-96c0-7bba750fc7a6,2,8,2.53,Solicitar Adelanto,False
5f56f693-5a38-4ca2-96c0-7bba750fc7a6,4,13,3.06,Revisión de Seguridad,False
e6edcb81-4782-44f0-af6d-1e9e184c77ba,1,18,6.65,Revisión Contable,False
f036cecc-192b-4e1e-bdc2-c95608f24fe9,4,10,1.22,Aprobación del manager,False
f036cecc-192b-4e1e-bdc2-c95608f24fe9,2,16,2.59,Firma Director,False
f5ba7581-b2ac-4b3a-830e-64ab112f975a,4,17,4.22,Revisión Gerencial,False
5fd7b0ae-2619-4038-a52e-26a0576c4819,5,11,6.6,Consolidar Gastos,False
31ece703-f961-4e8e-a5c5-cd5c5b47e3db,5,8,7.53,Aprobación Presupuesto,False
e6edcb81-4782-44f0-af6d-1e9e184c77ba,0,16,5.83,Entrega del Equipo,False
5fd7b0ae-2619-4038-a52e-26a0576c4819,4,18,4.22,Evaluación Técnica,False
f5ba7581-b2ac-4b3a-830e-64ab112f975a,0,17,3.46,Aprobar Presupuesto,False
5f56f693-5a38-4ca2-96c0-7bba750fc7a6,6,16,4.69,Dispersión de Fondos,False
17775f19-8c66-41b3-bd38-919b0fe10b8f,5,10,2.23,Especificar Licencia,False
f036cecc-192b-4e1e-bdc2-c95608f24fe9,6,8,4.83,Consolidar Gastos,False
f036cecc-192b-4e1e-bdc2-c95608f24fe9,4,13,2.12,Verificar Stock,False
5f56f693-5a38-4ca2-96c0-7bba750fc7a6,3,17,4.41,Preparar Firma,False
31ece703-f961-4e8e-a5c5-cd5c5b47e3db,6,8,7.96,Revisión Gerencial,False
5f56f693-5a38-4ca2-96c0-7bba750fc7a6,4,11,6.41,Inicio de la solicitud,False
17775f19-8c66-41b3-bd38-919b0fe10b8f,5,15,1.76,Preparar Firma,False
f036cecc-192b-4e1e-bdc2-c95608f24fe9,2,9,3.02,Revisión Contable,False
31ece703-f961-4e8e-a5c5-cd5c5b47e3db,5,15,4.92,Especificar Servidores,False
5fd7b0ae-2619-4038-a52e-26a0576c4819,2,17,1.32,Validar Capacitación,False
31ece703-f961-4e8e-a5c5-cd5c5b47e3db,0,8,1.99,Validación de RRHH,False
5fd7b0ae-2619-4038-a52e-26a0576c4819,0,8,5.89,Feedback de Manager,False
5fd7b0ae-2619-4038-a52e-26a0576c4819,0,11,5.86,Entrega del Equipo,False
5f56f693-5a38-4ca2-96c0-7bba750fc7a6,3,13,5.33,Revisión de Seguridad,False
390714b2-977f-4e5c-bd1e-5f282ff785ef,0,9,5.68,Aprobación del manager,False
5fd7b0ae-2619-4038-a52e-26a0576c4819,3,17,4.25,Autoevaluación,False
f5ba7581-b2ac-4b3a-830e-64ab112f975a,5,18,5.18,Revisión Gerencial,False
5f56f693-5a38-4ca2-96c0-7bba750fc7a6,5,9,3.85,Consolidación de RRHH,False
31ece703-f961-4e8e-a5c5-cd5c5b47e3db,2,15,2.55,Dispersión de Fondos,False
f036cecc-192b-4e1e-bdc2-c95608f24fe9,1,10,4.46,Aprobación Presupuesto,False
e6edcb81-4782-44f0-af6d-1e9e184c77ba,6,8,5.48,Validación de RRHH,False
5fd7b0ae-2619-4038-a52e-26a0576c4819,1,15,2.49,Validación de RRHH,False
f5ba7581-b2ac-4b3a-830e-64ab112f975a,0,13,3.43,Presentar Requerimiento,False
390714b2-977f-4e5c-bd1e-5f282ff785ef,5,18,3.64,Aprobación Presupuesto,False
5fd7b0ae-2619-4038-a52e-26a0576c4819,2,9,0.97,Verificar Factura,False
31ece703-f961-4e8e-a5c5-cd5c5b47e3db,4,9,4.4,Validar Comercial,False
17775f19-8c66-41b3-bd38-919b0fe10b8f,0,16,2.51,Validar Comercial,False
f5ba7581-b2ac-4b3a-830e-64ab112f975a,3,8,6.82,Revisión de Seguridad,False
31ece703-f961-4e8e-a5c5-cd5c5b47e3db,3,18,4.32,Detallar Curso,False
5f56f693-5a38-4ca2-96c0-7bba750fc7a6,0,11,7.1,Validación de RRHH,False
31ece703-f961-4e8e-a5c5-cd5c5b47e3db,0,12,0.58,Firma Director,False
e6edcb81-4782-44f0-af6d-1e9e184c77ba,1,10,4.26,Validar Capacitación,False
e6edcb81-4782-44f0-af6d-1e9e184c77ba,1,11,3.61,Iniciar Baja,False
17775f19-8c66-41b3-bd38-919b0fe10b8f,6,9,4.32,Presentar Requerimiento,False
5fd7b0ae-2619-4038-a52e-26a0576c4819,6,10,0.75,Firma Director,False
17775f19-8c66-41b3-bd38-919b0fe10b8f,1,16,5.98,Dispersión de Fondos,False
5fd7b0ae-2619-4038-a52e-26a0576c4819,6,9,5.68,Validar Comercial,False
5f56f693-5a38-4ca2-96c0-7bba750fc7a6,6,17,1.42,Entrega del Equipo,False
5fd7b0ae-2619-4038-a52e-26a0576c4819,5,14,5.67,Revisión de Seguridad,False
17775f19-8c66-41b3-bd38-919b0fe10b8f,6,13,0.85,Aprobación Costos,False
390714b2-977f-4e5c-bd1e-5f282ff785ef,4,12,3.39,Aprobar Presupuesto,False
31ece703-f961-4e8e-a5c5-cd5c5b47e3db,5,11,2.67,Habilitar Permisos,False
f036cecc-192b-4e1e-bdc2-c95608f24fe9,4,10,1.01,Verificar Factura,False
f5ba7581-b2ac-4b3a-830e-64ab112f975a,3,9,5.27,Consolidar Gastos,False
5f56f693-5a38-4ca2-96c0-7bba750fc7a6,3,16,0.93,Registrar Recibos,False
f036cecc-192b-4e1e-bdc2-c95608f24fe9,2,8,2.95,Autoevaluación,False
5fd7b0ae-2619-4038-a52e-26a0576c4819,0,9,5.92,Aprobación del manager,False
5f56f693-5a38-4ca2-96c0-7bba750fc7a6,3,18,2.77,Aprobar Presupuesto,False
31ece703-f961-4e8e-a5c5-cd5c5b47e3db,1,10,4.07,Validar Elegibilidad,False
390714b2-977f-4e5c-bd1e-5f282ff785ef,5,16,3.26,Consolidación de RRHH,False
390714b2-977f-4e5c-bd1e-5f282ff785ef,6,15,3.12,Aprobación del manager,False
17775f19-8c66-41b3-bd38-919b0fe10b8f,6,9,5.67,Enviar solicitud de vacaciones,False
5f56f693-5a38-4ca2-96c0-7bba750fc7a6,3,15,6.17,Enviar solicitud de vacaciones,False
f036cecc-192b-4e1e-bdc2-c95608f24fe9,6,18,3.86,Aprobación Presupuesto,False
5fd7b0ae-2619-4038-a52e-26a0576c4819,3,10,6.8,Iniciar Baja,False
31ece703-f961-4e8e-a5c5-cd5c5b47e3db,6,9,1.85,Preparar Firma,False
5fd7b0ae-2619-4038-a52e-26a0576c4819,2,14,4.23,Validar Elegibilidad,False
17775f19-8c66-41b3-bd38-919b0fe10b8f,2,8,4.86,Instalar Licencia,False
5f56f693-5a38-4ca2-96c0-7bba750fc7a6,3,15,5.88,Registrar Recibos,False
390714b2-977f-4e5c-bd1e-5f282ff785ef,4,10,1.96,Consolidar Gastos,False
f036cecc-192b-4e1e-bdc2-c95608f24fe9,6,17,3.34,Habilitar Permisos,False
390714b2-977f-4e5c-bd1e-5f282ff785ef,1,8,2.55,Revisión de Seguridad,False
5fd7b0ae-2619-4038-a52e-26a0576c4819,3,18,1.2,Habilitar Permisos,False
f5ba7581-b2ac-4b3a-830e-64ab112f975a,1,13,6.01,Dispersión de Fondos,False
31ece703-f961-4e8e-a5c5-cd5c5b47e3db,0,8,2.96,Verificar Factura,False
e6edcb81-4782-44f0-af6d-1e9e184c77ba,1,15,7.7,Procesar Transferencia,False
5fd7b0ae-2619-4038-a52e-26a0576c4819,2,12,3.51,Firma Director,False
5f56f693-5a38-4ca2-96c0-7bba750fc7a6,3,16,6.35,Aprobación Presupuesto,False
390714b2-977f-4e5c-bd1e-5f282ff785ef,2,8,3.49,Consolidación de RRHH,False
5f56f693-5a38-4ca2-96c0-7bba750fc7a6,5,11,5.92,Dispersión de Fondos,False
e6edcb81-4782-44f0-af6d-1e9e184c77ba,6,8,4.8,Solicitar Adelanto,False
17775f19-8c66-41b3-bd38-919b0fe10b8f,0,18,6.95,Especificar Licencia,False
390714b2-977f-4e5c-bd1e-5f282ff785ef,5,9,5.85,Reunión Bienvenida,False
390714b2-977f-4e5c-bd1e-5f282ff785ef,0,16,6.13,Aprobación Presupuesto,False
e6edcb81-4782-44f0-af6d-1e9e184c77ba,4,8,6.46,Solicitar Adelanto,False
e6edcb81-4782-44f0-af6d-1e9e184c77ba,3,16,6.54,Verificar Factura,False
5f56f693-5a38-4ca2-96c0-7bba750fc7a6,5,8,0.83,Evaluación Técnica,False
f036cecc-192b-4e1e-bdc2-c95608f24fe9,3,14,5.59,Aprobar Presupuesto,False
f036cecc-192b-4e1e-bdc2-c95608f24fe9,3,9,7.88,Consolidación de RRHH,False
f5ba7581-b2ac-4b3a-830e-64ab112f975a,4,14,5.37,Validar Elegibilidad,False
5fd7b0ae-2619-4038-a52e-26a0576c4819,6,18,3.25,Reunión Bienvenida,False
f5ba7581-b2ac-4b3a-830e-64ab112f975a,0,16,7.03,Aprobación Costos,False
390714b2-977f-4e5c-bd1e-5f282ff785ef,1,16,7.26,Inicio del Proceso,False
e6edcb81-4782-44f0-af6d-1e9e184c77ba,5,17,5.39,Autoevaluación,False
31ece703-f961-4e8e-a5c5-cd5c5b47e3db,6,15,1.4,Iniciar Baja,False
390714b2-977f-4e5c-bd1e-5f282ff785ef,2,15,6.7,Registrar Recibos,False
f036cecc-192b-4e1e-bdc2-c95608f24fe9,0,16,6.4,Revisión Gerencial,False
e6edcb81-4782-44f0-af6d-1e9e184c77ba,1,10,3.53,Iniciar Baja,False
17775f19-8c66-41b3-bd38-919b0fe10b8f,2,10,3.14,Autoevaluación,False
e6edcb81-4782-44f0-af6d-1e9e184c77ba,6,11,2.81,Preparar Firma,False
5fd7b0ae-2619-4038-a52e-26a0576c4819,4,13,2.21,Detallar Curso,False
5fd7b0ae-2619-4038-a52e-26a0576c4819,5,14,7.38,Aprobación del manager,False
e6edcb81-4782-44f0-af6d-1e9e184c77ba,3,18,5.77,Feedback de Manager,False
390714b2-977f-4e5c-bd1e-5f282ff785ef,2,16,0.71,Validar Comercial,False
5f56f693-5a38-4ca2-96c0-7bba750fc7a6,0,18,0.58,Aprobación Presupuesto,False
e6edcb81-4782-44f0-af6d-1e9e184c77ba,1,11,1.61,Subir Borrador,False
e6edcb81-4782-44f0-af6d-1e9e184c77ba,2,14,7.62,Cerrar Accesos,False
e6edcb81-4782-44f0-af6d-1e9e184c77ba,0,15,3.65,Especificar Servidores,False
e6edcb81-4782-44f0-af6d-1e9e184c77ba,4,13,4.41,Reunión Bienvenida,False
17775f19-8c66-41b3-bd38-919b0fe10b8f,2,8,7.27,Verificar Factura,False
f036cecc-192b-4e1e-bdc2-c95608f24fe9,5,17,6.57,Validar Capacitación,False
17775f19-8c66-41b3-bd38-919b0fe10b8f,2,14,3.69,Firma Director,False
390714b2-977f-4e5c-bd1e-5f282ff785ef,0,8,3.71,Aprobar Presupuesto,False
31ece703-f961-4e8e-a5c5-cd5c5b47e3db,4,17,5.27,Verificar Factura,False
17775f19-8c66-41b3-bd38-919b0fe10b8f,2,8,5.9,Autorización Gerencia,False
f5ba7581-b2ac-4b3a-830e-64ab112f975a,0,14,1.08,Aprobar Presupuesto,False
f036cecc-192b-4e1e-bdc2-c95608f24fe9,0,11,0.63,Preparar Firma,False
17775f19-8c66-41b3-bd38-919b0fe10b8f,1,15,4.58,Validar Elegibilidad,False
31ece703-f961-4e8e-a5c5-cd5c5b47e3db,4,13,1.51,Instalar Licencia,False
5fd7b0ae-2619-4038-a52e-26a0576c4819,0,17,1.73,Solicitar Adelanto,False
f5ba7581-b2ac-4b3a-830e-64ab112f975a,5,9,3.12,Registrar Recibos,False
390714b2-977f-4e5c-bd1e-5f282ff785ef,2,18,2.64,Evaluación Técnica,False
f036cecc-192b-4e1e-bdc2-c95608f24fe9,1,13,3.64,Entrega del Equipo,False
f036cecc-192b-4e1e-bdc2-c95608f24fe9,1,17,4.36,Procesar Transferencia,False
5f56f693-5a38-4ca2-96c0-7bba750fc7a6,5,10,2.31,Pago de Liquidación,False
e6edcb81-4782-44f0-af6d-1e9e184c77ba,0,14,5.67,Firma Director,False
5fd7b0ae-2619-4038-a52e-26a0576c4819,6,14,3.63,Cerrar Accesos,False
5f56f693-5a38-4ca2-96c0-7bba750fc7a6,3,16,3.59,Entrega del Equipo,False
5f56f693-5a38-4ca2-96c0-7bba750fc7a6,4,17,5.77,Revisión Gerencial,False
f036cecc-192b-4e1e-bdc2-c95608f24fe9,2,18,6.02,Entrega del Equipo,False
17775f19-8c66-41b3-bd38-919b0fe10b8f,6,18,6.65,Pago de Liquidación,False
31ece703-f961-4e8e-a5c5-cd5c5b47e3db,4,13,7.21,Registrar Recibos,False
f5ba7581-b2ac-4b3a-830e-64ab112f975a,4,17,1.7,Validar Comercial,False
f036cecc-192b-4e1e-bdc2-c95608f24fe9,2,15,0.63,Pago de Liquidación,False
390714b2-977f-4e5c-bd1e-5f282ff785ef,1,10,6.15,Aprobación Costos,False
5fd7b0ae-2619-4038-a52e-26a0576c4819,1,17,4.38,Aprobar Presupuesto,False
f036cecc-192b-4e1e-bdc2-c95608f24fe9,2,14,2.38,Inicio del Proceso,False
f036cecc-192b-4e1e-bdc2-c95608f24fe9,5,18,7.84,Solicitar Adelanto,False
17775f19-8c66-41b3-bd38-919b0fe10b8f,6,8,6.2,Verificar Stock,False
f036cecc-192b-4e1e-bdc2-c95608f24fe9,1,17,3.1,Consolidación de RRHH,False
17775f19-8c66-41b3-bd38-919b0fe10b8f,1,9,5.63,Especificar Servidores,False
e6edcb81-4782-44f0-af6d-1e9e184c77ba,5,15,4.88,Aprobación del manager,False
390714b2-977f-4e5c-bd1e-5f282ff785ef,2,12,6.99,Especificar Licencia,False
5f56f693-5a38-4ca2-96c0-7bba750fc7a6,5,18,3.36,Aprobación Costos,False
5fd7b0ae-2619-4038-a52e-26a0576c4819,5,17,3.1,Setup Tecnológico,False
390714b2-977f-4e5c-bd1e-5f282ff785ef,0,11,1.41,Iniciar Baja,False
f5ba7581-b2ac-4b3a-830e-64ab112f975a,6,14,4.78,Habilitar Permisos,False
f5ba7581-b2ac-4b3a-830e-64ab112f975a,0,12,1.26,Habilitar Permisos,False
390714b2-977f-4e5c-bd1e-5f282ff785ef,5,16,1.73,Revisión Contable,False
5fd7b0ae-2619-4038-a52e-26a0576c4819,6,16,4.76,Habilitar Permisos,False
17775f19-8c66-41b3-bd38-919b0fe10b8f,5,8,1.62,Inicio del Proceso,False
5fd7b0ae-2619-4038-a52e-26a0576c4819,4,14,3.21,Feedback de Manager,False
f036cecc-192b-4e1e-bdc2-c95608f24fe9,5,10,7.29,Procesar Transferencia,False
31ece703-f961-4e8e-a5c5-cd5c5b47e3db,0,14,4.02,Procesar Transferencia,False
31ece703-f961-4e8e-a5c5-cd5c5b47e3db,6,17,3.48,Especificar Servidores,False
e6edcb81-4782-44f0-af6d-1e9e184c77ba,2,15,3.73,Reunión Bienvenida,False
5f56f693-5a38-4ca2-96c0-7bba750fc7a6,3,11,6.11,Especificar Servidores,False
f036cecc-192b-4e1e-bdc2-c95608f24fe9,0,16,4.18,Validación de RRHH,False
390714b2-977f-4e5c-bd1e-5f282ff785ef,5,14,5.16,Presentar Requerimiento,False
f036cecc-192b-4e1e-bdc2-c95608f24fe9,4,11,2.19,Enviar solicitud de vacaciones,False
f036cecc-192b-4e1e-bdc2-c95608f24fe9,2,11,3.18,Cerrar Accesos,False
31ece703-f961-4e8e-a5c5-cd5c5b47e3db,4,14,0.98,Evaluación Técnica,False
390714b2-977f-4e5c-bd1e-5f282ff785ef,6,15,5.26,Cerrar Accesos,False
31ece703-f961-4e8e-a5c5-cd5c5b47e3db,0,16,1.43,Registrar Recibos,False
31ece703-f961-4e8e-a5c5-cd5c5b47e3db,4,8,3.9,Revisión Gerencial,False
e6edcb81-4782-44f0-af6d-1e9e184c77ba,2,10,5.62,Revisión Contable,False
390714b2-977f-4e5c-bd1e-5f282ff785ef,4,8,7.84,Aprobación de Pago,False
f5ba7581-b2ac-4b3a-830e-64ab112f975a,5,16,5.0,Iniciar Baja,False
17775f19-8c66-41b3-bd38-919b0fe10b8f,6,8,1.0,Verificar Factura,False
390714b2-977f-4e5c-bd1e-5f282ff785ef,6,17,1.04,Revisión de Seguridad,False
390714b2-977f-4e5c-bd1e-5f282ff785ef,3,17,4.84,Solicitar Adelanto,False
f5ba7581-b2ac-4b3a-830e-64ab112f975a,2,14,2.96,Enviar solicitud de vacaciones,False
5fd7b0ae-2619-4038-a52e-26a0576c4819,1,8,1.91,Dispersión de Fondos,False
5f56f693-5a38-4ca2-96c0-7bba750fc7a6,5,10,0.67,Procesar Transferencia,False
5fd7b0ae-2619-4038-a52e-26a0576c4819,6,14,4.27,Dispersión de Fondos,False
e6edcb81-4782-44f0-af6d-1e9e184c77ba,6,14,1.75,Consolidar Gastos,False
f5ba7581-b2ac-4b3a-830e-64ab112f975a,5,9,5.0,Autorización Gerencia,False
e6edcb81-4782-44f0-af6d-1e9e184c77ba,0,10,1.22,Registrar Recibos,False
390714b2-977f-4e5c-bd1e-5f282ff785ef,2,18,2.85,Registrar Recibos,False
17775f19-8c66-41b3-bd38-919b0fe10b8f,1,13,7.62,Revisión Contable,False
31ece703-f961-4e8e-a5c5-cd5c5b47e3db,6,8,5.13,Especificar Servidores,False
31ece703-f961-4e8e-a5c5-cd5c5b47e3db,6,10,3.85,Validar Comercial,False
f5ba7581-b2ac-4b3a-830e-64ab112f975a,3,8,3.82,Consolidación de RRHH,False
5fd7b0ae-2619-4038-a52e-26a0576c4819,0,18,6.34,Preparar Firma,False
31ece703-f961-4e8e-a5c5-cd5c5b47e3db,1,11,6.64,Aprobación Costos,False
e6edcb81-4782-44f0-af6d-1e9e184c77ba,4,17,2.0,Consolidar Gastos,False
31ece703-f961-4e8e-a5c5-cd5c5b47e3db,0,9,2.72,Subir Borrador,False
31ece703-f961-4e8e-a5c5-cd5c5b47e3db,4,15,5.75,Enviar solicitud de vacaciones,False
f036cecc-192b-4e1e-bdc2-c95608f24fe9,0,18,6.01,Feedback de Manager,False
31ece703-f961-4e8e-a5c5-cd5c5b47e3db,1,18,6.68,Dispersión de Fondos,False
f5ba7581-b2ac-4b3a-830e-64ab112f975a,5,13,6.03,Presentar Requerimiento,False
f5ba7581-b2ac-4b3a-830e-64ab112f975a,2,9,6.26,Validar Elegibilidad,False
f5ba7581-b2ac-4b3a-830e-64ab112f975a,6,16,4.06,Aprobación del manager,False
5fd7b0ae-2619-4038-a52e-26a0576c4819,0,11,7.44,Consolidación de RRHH,False
5fd7b0ae-2619-4038-a52e-26a0576c4819,4,16,5.83,Reunión Bienvenida,False
31ece703-f961-4e8e-a5c5-cd5c5b47e3db,2,12,0.56,Aprobación Presupuesto,False
17775f19-8c66-41b3-bd38-919b0fe10b8f,4,17,2.21,Verificar Factura,False
5fd7b0ae-2619-4038-a52e-26a0576c4819,1,12,1.75,Aprobación Presupuesto,False
17775f19-8c66-41b3-bd38-919b0fe10b8f,1,12,5.96,Consolidación de RRHH,False
e6edcb81-4782-44f0-af6d-1e9e184c77ba,1,17,3.03,Inicio de la solicitud,False
f036cecc-192b-4e1e-bdc2-c95608f24fe9,5,8,6.98,Reunión Bienvenida,False
5fd7b0ae-2619-4038-a52e-26a0576c4819,0,10,6.38,Subir Borrador,False
e6edcb81-4782-44f0-af6d-1e9e184c77ba,1,8,7.73,Dispersión de Fondos,False
f5ba7581-b2ac-4b3a-830e-64ab112f975a,6,9,2.03,Aprobar Presupuesto,False
5f56f693-5a38-4ca2-96c0-7bba750fc7a6,1,11,2.7,Validar Capacitación,False
f036cecc-192b-4e1e-bdc2-c95608f24fe9,1,17,3.94,Feedback de Manager,False
f5ba7581-b2ac-4b3a-830e-64ab112f975a,0,16,3.91,Validar Comercial,False
17775f19-8c66-41b3-bd38-919b0fe10b8f,6,17,2.93,Preparar Firma,False
f5ba7581-b2ac-4b3a-830e-64ab112f975a,3,10,7.43,Detallar Curso,False
f5ba7581-b2ac-4b3a-830e-64ab112f975a,6,16,7.47,Validar Elegibilidad,False
17775f19-8c66-41b3-bd38-919b0fe10b8f,1,10,1.93,Aprobación Presupuesto,False
17775f19-8c66-41b3-bd38-919b0fe10b8f,3,12,4.64,Subir Borrador,False
17775f19-8c66-41b3-bd38-919b0fe10b8f,2,12,5.12,Autorización Gerencia,False
f5ba7581-b2ac-4b3a-830e-64ab112f975a,4,14,7.63,Presentar Requerimiento,False
17775f19-8c66-41b3-bd38-919b0fe10b8f,1,13,3.37,Evaluación Técnica,False
31ece703-f961-4e8e-a5c5-cd5c5b47e3db,3,13,6.96,Aprobación de Pago,False
17775f19-8c66-41b3-bd38-919b0fe10b8f,4,15,1.9,Revisión Contable,False
17775f19-8c66-41b3-bd38-919b0fe10b8f,5,15,5.81,Aprobación del manager,False
5f56f693-5a38-4ca2-96c0-7bba750fc7a6,4,17,3.06,Evaluación Técnica,False
31ece703-f961-4e8e-a5c5-cd5c5b47e3db,1,14,2.92,Habilitar Permisos,False
5fd7b0ae-2619-4038-a52e-26a0576c4819,2,18,1.81,Verificar Stock,False
5f56f693-5a38-4ca2-96c0-7bba750fc7a6,3,15,3.83,Inicio del Proceso,False
5f56f693-5a38-4ca2-96c0-7bba750fc7a6,6,14,0.78,Enviar solicitud de vacaciones,False
31ece703-f961-4e8e-a5c5-cd5c5b47e3db,5,8,2.69,Presentar Requerimiento,False
390714b2-977f-4e5c-bd1e-5f282ff785ef,6,9,7.81,Revisión Contable,False
5f56f693-5a38-4ca2-96c0-7bba750fc7a6,1,11,0.63,Entrega del Equipo,False
31ece703-f961-4e8e-a5c5-cd5c5b47e3db,5,13,2.04,Habilitar Permisos,False
e6edcb81-4782-44f0-af6d-1e9e184c77ba,3,13,3.19,Subir Borrador,False
5f56f693-5a38-4ca2-96c0-7bba750fc7a6,2,10,2.49,Aprobar Presupuesto,False
390714b2-977f-4e5c-bd1e-5f282ff785ef,2,18,4.77,Cerrar Accesos,False
5fd7b0ae-2619-4038-a52e-26a0576c4819,3,11,0.78,Revisión de Seguridad,False
17775f19-8c66-41b3-bd38-919b0fe10b8f,4,17,1.58,Validación de RRHH,False
f5ba7581-b2ac-4b3a-830e-64ab112f975a,4,12,2.73,Iniciar Baja,False
f036cecc-192b-4e1e-bdc2-c95608f24fe9,3,8,7.52,Consolidar Gastos,False
e6edcb81-4782-44f0-af6d-1e9e184c77ba,3,17,0.77,Validar Comercial,False
e6edcb81-4782-44f0-af6d-1e9e184c77ba,1,16,7.66,Preparar Firma,False
17775f19-8c66-41b3-bd38-919b0fe10b8f,2,16,1.1,Instalar Licencia,False
31ece703-f961-4e8e-a5c5-cd5c5b47e3db,5,13,5.15,Revisión de Seguridad,False
f5ba7581-b2ac-4b3a-830e-64ab112f975a,6,8,4.03,Revisión Gerencial,False
390714b2-977f-4e5c-bd1e-5f282ff785ef,5,13,0.74,Aprobación de Pago,False
f5ba7581-b2ac-4b3a-830e-64ab112f975a,3,10,2.97,Procesar Transferencia,False
5f56f693-5a38-4ca2-96c0-7bba750fc7a6,1,11,6.16,Instalar Licencia,False
e6edcb81-4782-44f0-af6d-1e9e184c77ba,2,12,1.81,Procesar Transferencia,False
f036cecc-192b-4e1e-bdc2-c95608f24fe9,3,17,7.04,Subir Borrador,False
e6edcb81-4782-44f0-af6d-1e9e184c77ba,2,18,6.26,Inicio de la solicitud,False
390714b2-977f-4e5c-bd1e-5f282ff785ef,6,18,4.69,Aprobación Presupuesto,False
5fd7b0ae-2619-4038-a52e-26a0576c4819,6,11,6.09,Aprobación Presupuesto,False
17775f19-8c66-41b3-bd38-919b0fe10b8f,5,17,1.68,Aprobación Presupuesto,False
5fd7b0ae-2619-4038-a52e-26a0576c4819,4,12,1.74,Inicio del Proceso,False
5fd7b0ae-2619-4038-a52e-26a0576c4819,4,12,1.35,Aprobar Presupuesto,False
5f56f693-5a38-4ca2-96c0-7bba750fc7a6,0,9,4.32,Preparar Firma,False
5f56f693-5a38-4ca2-96c0-7bba750fc7a6,2,8,6.51,Procesar Transferencia,False
f036cecc-192b-4e1e-bdc2-c95608f24fe9,5,17,7.4,Aprobación de Pago,False
5fd7b0ae-2619-4038-a52e-26a0576c4819,4,8,1.77,Preparar Firma,False
390714b2-977f-4e5c-bd1e-5f282ff785ef,3,16,0.68,Instalar Licencia,False
390714b2-977f-4e5c-bd1e-5f282ff785ef,3,12,3.67,Revisión Gerencial,False
f036cecc-192b-4e1e-bdc2-c95608f24fe9,4,8,1.66,Firma Director,False
31ece703-f961-4e8e-a5c5-cd5c5b47e3db,2,10,5.41,Detallar Curso,False
e6edcb81-4782-44f0-af6d-1e9e184c77ba,6,10,3.97,Revisión de Seguridad,False
390714b2-977f-4e5c-bd1e-5f282ff785ef,6,11,7.52,Inicio del Proceso,False
f5ba7581-b2ac-4b3a-830e-64ab112f975a,0,9,4.49,Consolidar Gastos,False
e6edcb81-4782-44f0-af6d-1e9e184c77ba,6,15,2.56,Pago de Liquidación,False
f036cecc-192b-4e1e-bdc2-c95608f24fe9,2,10,5.59,Revisión de Seguridad,False
e6edcb81-4782-44f0-af6d-1e9e184c77ba,6,11,6.88,Aprobación Costos,False
5fd7b0ae-2619-4038-a52e-26a0576c4819,6,11,2.87,Verificar Factura,False
5fd7b0ae-2619-4038-a52e-26a0576c4819,0,17,6.75,Consolidar Gastos,False
e6edcb81-4782-44f0-af6d-1e9e184c77ba,2,17,3.62,Consolidar Gastos,False
17775f19-8c66-41b3-bd38-919b0fe10b8f,1,8,4.98,Registrar Recibos,False
17775f19-8c66-41b3-bd38-919b0fe10b8f,6,17,2.16,Entrega del Equipo,False
17775f19-8c66-41b3-bd38-919b0fe10b8f,3,11,1.23,Iniciar Baja,False
31ece703-f961-4e8e-a5c5-cd5c5b47e3db,2,15,6.59,Presentar Requerimiento,False
390714b2-977f-4e5c-bd1e-5f282ff785ef,5,13,4.86,Firma Director,False
390714b2-977f-4e5c-bd1e-5f282ff785ef,1,10,4.27,Inicio del Proceso,False
f5ba7581-b2ac-4b3a-830e-64ab112f975a,5,9,7.64,Dispersión de Fondos,False
e6edcb81-4782-44f0-af6d-1e9e184c77ba,5,14,2.85,Validar Comercial,False
390714b2-977f-4e5c-bd1e-5f282ff785ef,6,12,3.23,Especificar Licencia,False
17775f19-8c66-41b3-bd38-919b0fe10b8f,6,13,6.42,Presentar Requerimiento,False
5fd7b0ae-2619-4038-a52e-26a0576c4819,4,9,7.92,Consolidar Gastos,False
17775f19-8c66-41b3-bd38-919b0fe10b8f,2,17,2.59,Dispersión de Fondos,False
5fd7b0ae-2619-4038-a52e-26a0576c4819,3,16,6.96,Especificar Servidores,False
f5ba7581-b2ac-4b3a-830e-64ab112f975a,0,15,7.25,Aprobación de Pago,False
5fd7b0ae-2619-4038-a52e-26a0576c4819,1,14,1.31,Subir Borrador,False
f5ba7581-b2ac-4b3a-830e-64ab112f975a,4,14,0.59,Revisión de Seguridad,False
e6edcb81-4782-44f0-af6d-1e9e184c77ba,4,13,5.17,Verificar Factura,False
17775f19-8c66-41b3-bd38-919b0fe10b8f,5,10,2.25,Aprobación de Pago,False
390714b2-977f-4e5c-bd1e-5f282ff785ef,1,12,3.86,Procesar Transferencia,False
f036cecc-192b-4e1e-bdc2-c95608f24fe9,2,14,5.27,Subir Borrador,False
f5ba7581-b2ac-4b3a-830e-64ab112f975a,3,10,0.53,Especificar Licencia,False
31ece703-f961-4e8e-a5c5-cd5c5b47e3db,1,10,7.55,Detallar Curso,False
5fd7b0ae-2619-4038-a52e-26a0576c4819,6,16,1.86,Aprobación Presupuesto,False
5fd7b0ae-2619-4038-a52e-26a0576c4819,6,18,4.8,Aprobación Presupuesto,False
f5ba7581-b2ac-4b3a-830e-64ab112f975a,0,17,2.14,Aprobación Costos,False
f036cecc-192b-4e1e-bdc2-c95608f24fe9,6,15,2.54,Especificar Servidores,False
f036cecc-192b-4e1e-bdc2-c95608f24fe9,3,17,2.82,Entrega del Equipo,False
f036cecc-192b-4e1e-bdc2-c95608f24fe9,0,10,2.74,Consolidar Gastos,False
17775f19-8c66-41b3-bd38-919b0fe10b8f,5,16,7.63,Preparar Firma,False
e6edcb81-4782-44f0-af6d-1e9e184c77ba,0,17,5.46,Validar Comercial,False
e6edcb81-4782-44f0-af6d-1e9e184c77ba,4,17,5.05,Aprobación de Pago,False
31ece703-f961-4e8e-a5c5-cd5c5b47e3db,4,11,5.93,Entrega del Equipo,False
5fd7b0ae-2619-4038-a52e-26a0576c4819,0,12,6.39,Cerrar Accesos,False
e6edcb81-4782-44f0-af6d-1e9e184c77ba,5,10,2.69,Aprobación del manager,False
5f56f693-5a38-4ca2-96c0-7bba750fc7a6,3,10,6.51,Feedback de Manager,False
17775f19-8c66-41b3-bd38-919b0fe10b8f,2,14,6.86,Cerrar Accesos,False
f5ba7581-b2ac-4b3a-830e-64ab112f975a,0,17,3.61,Detallar Curso,False
5fd7b0ae-2619-4038-a52e-26a0576c4819,1,9,2.68,Especificar Licencia,False
f5ba7581-b2ac-4b3a-830e-64ab112f975a,6,9,1.46,Verificar Stock,False
5fd7b0ae-2619-4038-a52e-26a0576c4819,3,14,0.79,Validar Comercial,False
e6edcb81-4782-44f0-af6d-1e9e184c77ba,3,13,1.68,Aprobación Costos,False
31ece703-f961-4e8e-a5c5-cd5c5b47e3db,5,13,3.59,Detallar Curso,False
f036cecc-192b-4e1e-bdc2-c95608f24fe9,3,14,5.16,Reunión Bienvenida,False
31ece703-f961-4e8e-a5c5-cd5c5b47e3db,4,9,7.47,Revisión Contable,False
f5ba7581-b2ac-4b3a-830e-64ab112f975a,6,17,7.97,Autorización Gerencia,False
f5ba7581-b2ac-4b3a-830e-64ab112f975a,0,8,0.71,Aprobar Presupuesto,False
17775f19-8c66-41b3-bd38-919b0fe10b8f,3,18,5.62,Validar Capacitación,False
5f56f693-5a38-4ca2-96c0-7bba750fc7a6,5,12,5.17,Registrar Recibos,False
f036cecc-192b-4e1e-bdc2-c95608f24fe9,5,18,6.16,Pago de Liquidación,False
f5ba7581-b2ac-4b3a-830e-64ab112f975a,6,17,2.36,Detallar Curso,False
e6edcb81-4782-44f0-af6d-1e9e184c77ba,1,18,3.99,Feedback de Manager,False
390714b2-977f-4e5c-bd1e-5f282ff785ef,4,15,7.94,Habilitar Permisos,False
f5ba7581-b2ac-4b3a-830e-64ab112f975a,6,12,5.84,Presentar Requerimiento,False
17775f19-8c66-41b3-bd38-919b0fe10b8f,6,11,1.24,Evaluación Técnica,False
5f56f693-5a38-4ca2-96c0-7bba750fc7a6,2,17,0.56,Procesar Transferencia,False
390714b2-977f-4e5c-bd1e-5f282ff785ef,5,8,6.63,Consolidar Gastos,False
f5ba7581-b2ac-4b3a-830e-64ab112f975a,6,18,3.33,Validar Capacitación,False
e6edcb81-4782-44f0-af6d-1e9e184c77ba,5,13,3.95,Firma Director,False
5f56f693-5a38-4ca2-96c0-7bba750fc7a6,3,14,3.18,Validar Capacitación,False
e6edcb81-4782-44f0-af6d-1e9e184c77ba,1,16,1.25,Inicio del Proceso,False
e6edcb81-4782-44f0-af6d-1e9e184c77ba,6,15,2.71,Especificar Licencia,False
390714b2-977f-4e5c-bd1e-5f282ff785ef,0,10,0.69,Inicio de la solicitud,False
f5ba7581-b2ac-4b3a-830e-64ab112f975a,5,8,3.41,Instalar Licencia,False
17775f19-8c66-41b3-bd38-919b0fe10b8f,4,16,5.02,Consolidar Gastos,False
31ece703-f961-4e8e-a5c5-cd5c5b47e3db,1,17,6.13,Setup Tecnológico,False
5f56f693-5a38-4ca2-96c0-7bba750fc7a6,0,13,2.58,Aprobación Costos,False
390714b2-977f-4e5c-bd1e-5f282ff785ef,2,10,7.3,Validar Comercial,False
e6edcb81-4782-44f0-af6d-1e9e184c77ba,4,17,6.95,Validación de RRHH,False
f036cecc-192b-4e1e-bdc2-c95608f24fe9,1,10,1.48,Feedback de Manager,False
390714b2-977f-4e5c-bd1e-5f282ff785ef,1,11,3.73,Verificar Factura,False
17775f19-8c66-41b3-bd38-919b0fe10b8f,5,13,1.25,Reunión Bienvenida,False
f5ba7581-b2ac-4b3a-830e-64ab112f975a,4,16,1.63,Aprobación del manager,False
390714b2-977f-4e5c-bd1e-5f282ff785ef,6,14,3.57,Aprobación Costos,False
5fd7b0ae-2619-4038-a52e-26a0576c4819,5,14,7.26,Reunión Bienvenida,False
5fd7b0ae-2619-4038-a52e-26a0576c4819,1,10,5.85,Enviar solicitud de vacaciones,False
390714b2-977f-4e5c-bd1e-5f282ff785ef,0,16,7.72,Consolidación de RRHH,False
f5ba7581-b2ac-4b3a-830e-64ab112f975a,1,14,1.31,Instalar Licencia,False
f036cecc-192b-4e1e-bdc2-c95608f24fe9,0,8,3.11,Autorización Gerencia,False
5fd7b0ae-2619-4038-a52e-26a0576c4819,4,13,5.54,Consolidar Gastos,False
31ece703-f961-4e8e-a5c5-cd5c5b47e3db,5,11,2.67,Revisión Contable,False
390714b2-977f-4e5c-bd1e-5f282ff785ef,0,15,4.73,Validar Capacitación,False
31ece703-f961-4e8e-a5c5-cd5c5b47e3db,0,11,0.62,Aprobar Presupuesto,False
5f56f693-5a38-4ca2-96c0-7bba750fc7a6,1,15,2.07,Validar Elegibilidad,False
f5ba7581-b2ac-4b3a-830e-64ab112f975a,1,15,6.26,Validar Capacitación,False
17775f19-8c66-41b3-bd38-919b0fe10b8f,4,14,1.17,Aprobación Costos,False
5fd7b0ae-2619-4038-a52e-26a0576c4819,4,9,5.96,Cerrar Accesos,False
f036cecc-192b-4e1e-bdc2-c95608f24fe9,4,17,7.09,Revisión Gerencial,False
f036cecc-192b-4e1e-bdc2-c95608f24fe9,1,9,1.77,Enviar solicitud de vacaciones,False
5fd7b0ae-2619-4038-a52e-26a0576c4819,4,11,2.89,Solicitar Adelanto,False
5f56f693-5a38-4ca2-96c0-7bba750fc7a6,6,18,6.4,Firma Director,False
5f56f693-5a38-4ca2-96c0-7bba750fc7a6,3,17,3.23,Registrar Recibos,False
f5ba7581-b2ac-4b3a-830e-64ab112f975a,5,12,0.6,Autorización Gerencia,False
31ece703-f961-4e8e-a5c5-cd5c5b47e3db,6,17,2.32,Instalar Licencia,False
5fd7b0ae-2619-4038-a52e-26a0576c4819,4,9,5.52,Presentar Requerimiento,False
390714b2-977f-4e5c-bd1e-5f282ff785ef,1,8,2.17,Consolidación de RRHH,False
e6edcb81-4782-44f0-af6d-1e9e184c77ba,3,13,4.96,Presentar Requerimiento,False
5f56f693-5a38-4ca2-96c0-7bba750fc7a6,2,8,6.9,Autorización Gerencia,False
5f56f693-5a38-4ca2-96c0-7bba750fc7a6,3,11,7.56,Consolidación de RRHH,False
e6edcb81-4782-44f0-af6d-1e9e184c77ba,2,9,3.1,Preparar Firma,False
5fd7b0ae-2619-4038-a52e-26a0576c4819,1,18,6.79,Validación de RRHH,False
f5ba7581-b2ac-4b3a-830e-64ab112f975a,4,16,5.49,Validar Elegibilidad,False
f5ba7581-b2ac-4b3a-830e-64ab112f975a,3,9,7.41,Revisión Contable,False
e6edcb81-4782-44f0-af6d-1e9e184c77ba,3,9,2.63,Aprobación Costos,False
e6edcb81-4782-44f0-af6d-1e9e184c77ba,3,16,1.09,Autoevaluación,False
5fd7b0ae-2619-4038-a52e-26a0576c4819,5,12,5.17,Subir Borrador,False
f036cecc-192b-4e1e-bdc2-c95608f24fe9,0,8,2.2,Revisión Contable,False
5fd7b0ae-2619-4038-a52e-26a0576c4819,5,11,3.77,Dispersión de Fondos,False
31ece703-f961-4e8e-a5c5-cd5c5b47e3db,5,15,7.58,Entrega del Equipo,False
5fd7b0ae-2619-4038-a52e-26a0576c4819,5,9,4.14,Habilitar Permisos,False
390714b2-977f-4e5c-bd1e-5f282ff785ef,1,14,0.84,Validación de RRHH,False
17775f19-8c66-41b3-bd38-919b0fe10b8f,6,17,6.36,Aprobación del manager,False
17775f19-8c66-41b3-bd38-919b0fe10b8f,2,13,7.51,Validar Elegibilidad,False
390714b2-977f-4e5c-bd1e-5f282ff785ef,3,9,7.09,Dispersión de Fondos,False
e6edcb81-4782-44f0-af6d-1e9e184c77ba,4,12,2.45,Preparar Firma,False
f036cecc-192b-4e1e-bdc2-c95608f24fe9,4,11,3.19,Procesar Transferencia,False
17775f19-8c66-41b3-bd38-919b0fe10b8f,0,10,5.2,Verificar Stock,False
390714b2-977f-4e5c-bd1e-5f282ff785ef,2,17,2.31,Aprobación Costos,False
e6edcb81-4782-44f0-af6d-1e9e184c77ba,5,12,2.9,Especificar Licencia,False
5f56f693-5a38-4ca2-96c0-7bba750fc7a6,6,18,1.7,Revisión de Seguridad,False
17775f19-8c66-41b3-bd38-919b0fe10b8f,0,13,0.63,Validar Comercial,False
31ece703-f961-4e8e-a5c5-cd5c5b47e3db,2,13,6.56,Inicio de la solicitud,False
31ece703-f961-4e8e-a5c5-cd5c5b47e3db,5,12,4.29,Enviar solicitud de vacaciones,False
f036cecc-192b-4e1e-bdc2-c95608f24fe9,1,10,2.74,Validación de RRHH,False
f5ba7581-b2ac-4b3a-830e-64ab112f975a,4,18,6.97,Reunión Bienvenida,False
390714b2-977f-4e5c-bd1e-5f282ff785ef,1,18,1.72,Preparar Firma,False
e6edcb81-4782-44f0-af6d-1e9e184c77ba,4,11,7.45,Reunión Bienvenida,False
f5ba7581-b2ac-4b3a-830e-64ab112f975a,5,13,7.3,Aprobación Presupuesto,False
390714b2-977f-4e5c-bd1e-5f282ff785ef,3,8,3.13,Detallar Curso,False
5f56f693-5a38-4ca2-96c0-7bba750fc7a6,0,13,7.74,Validación de RRHH,False
31ece703-f961-4e8e-a5c5-cd5c5b47e3db,0,15,7.27,Revisión Contable,False
5f56f693-5a38-4ca2-96c0-7bba750fc7a6,0,18,7.21,Aprobación del manager,False
f5ba7581-b2ac-4b3a-830e-64ab112f975a,1,17,1.06,Firma Director,False
f036cecc-192b-4e1e-bdc2-c95608f24fe9,4,18,2.64,Detallar Curso,False
31ece703-f961-4e8e-a5c5-cd5c5b47e3db,1,15,4.22,Especificar Licencia,False
31ece703-f961-4e8e-a5c5-cd5c5b47e3db,2,10,5.36,Enviar solicitud de vacaciones,False
e6edcb81-4782-44f0-af6d-1e9e184c77ba,4,17,1.73,Inicio de la solicitud,False
390714b2-977f-4e5c-bd1e-5f282ff785ef,2,10,6.56,Aprobar Presupuesto,False
e6edcb81-4782-44f0-af6d-1e9e184c77ba,0,9,7.72,Validar Capacitación,False
f036cecc-192b-4e1e-bdc2-c95608f24fe9,2,14,5.52,Firma Director,False
31ece703-f961-4e8e-a5c5-cd5c5b47e3db,1,17,5.76,Feedback de Manager,False
e6edcb81-4782-44f0-af6d-1e9e184c77ba,2,14,5.46,Aprobación de Pago,False
31ece703-f961-4e8e-a5c5-cd5c5b47e3db,4,15,5.53,Detallar Curso,False
17775f19-8c66-41b3-bd38-919b0fe10b8f,0,12,1.59,Revisión de Seguridad,False
5fd7b0ae-2619-4038-a52e-26a0576c4819,4,16,1.45,Verificar Factura,False
5fd7b0ae-2619-4038-a52e-26a0576c4819,0,18,1.64,Consolidar Gastos,False
31ece703-f961-4e8e-a5c5-cd5c5b47e3db,5,10,0.91,Aprobación de Pago,False
17775f19-8c66-41b3-bd38-919b0fe10b8f,1,9,5.93,Especificar Licencia,False
31ece703-f961-4e8e-a5c5-cd5c5b47e3db,1,16,3.44,Revisión Gerencial,False
17775f19-8c66-41b3-bd38-919b0fe10b8f,1,13,6.19,Aprobación Presupuesto,False
5f56f693-5a38-4ca2-96c0-7bba750fc7a6,3,16,0.97,Presentar Requerimiento,False
31ece703-f961-4e8e-a5c5-cd5c5b47e3db,2,17,3.01,Enviar solicitud de vacaciones,False
f036cecc-192b-4e1e-bdc2-c95608f24fe9,3,16,2.16,Validar Elegibilidad,False
5f56f693-5a38-4ca2-96c0-7bba750fc7a6,2,11,6.85,Aprobación Costos,False
f036cecc-192b-4e1e-bdc2-c95608f24fe9,3,14,5.16,Especificar Servidores,False
5f56f693-5a38-4ca2-96c0-7bba750fc7a6,2,8,3.3,Consolidar Gastos,False
f036cecc-192b-4e1e-bdc2-c95608f24fe9,4,15,2.59,Revisión Gerencial,False
17775f19-8c66-41b3-bd38-919b0fe10b8f,3,11,2.76,Cerrar Accesos,False
e6edcb81-4782-44f0-af6d-1e9e184c77ba,2,15,3.49,Inicio del Proceso,False
390714b2-977f-4e5c-bd1e-5f282ff785ef,2,18,1.39,Consolidación de RRHH,False
f036cecc-192b-4e1e-bdc2-c95608f24fe9,4,12,2.83,Pago de Liquidación,False
17775f19-8c66-41b3-bd38-919b0fe10b8f,5,16,6.16,Validar Elegibilidad,False
f5ba7581-b2ac-4b3a-830e-64ab112f975a,6,18,2.57,Instalar Licencia,False
f036cecc-192b-4e1e-bdc2-c95608f24fe9,2,8,5.1,Revisión Gerencial,False
f036cecc-192b-4e1e-bdc2-c95608f24fe9,4,17,3.69,Entrega del Equipo,False
390714b2-977f-4e5c-bd1e-5f282ff785ef,0,11,7.17,Consolidar Gastos,False
17775f19-8c66-41b3-bd38-919b0fe10b8f,0,14,2.58,Iniciar Baja,False
5fd7b0ae-2619-4038-a52e-26a0576c4819,2,16,2.52,Autoevaluación,False
31ece703-f961-4e8e-a5c5-cd5c5b47e3db,5,15,7.98,Instalar Licencia,False
390714b2-977f-4e5c-bd1e-5f282ff785ef,1,12,7.32,Setup Tecnológico,False
f036cecc-192b-4e1e-bdc2-c95608f24fe9,3,8,1.04,Procesar Transferencia,False
f036cecc-192b-4e1e-bdc2-c95608f24fe9,1,9,3.96,Aprobación Presupuesto,False
17775f19-8c66-41b3-bd38-919b0fe10b8f,3,9,1.32,Entrega del Equipo,False
5f56f693-5a38-4ca2-96c0-7bba750fc7a6,4,13,5.02,Solicitar Adelanto,False
f036cecc-192b-4e1e-bdc2-c95608f24fe9,2,12,0.96,Registrar Recibos,False
17775f19-8c66-41b3-bd38-919b0fe10b8f,5,8,3.62,Revisión de Seguridad,False
390714b2-977f-4e5c-bd1e-5f282ff785ef,6,18,4.79,Setup Tecnológico,False
31ece703-f961-4e8e-a5c5-cd5c5b47e3db,3,10,2.34,Validar Elegibilidad,False
5f56f693-5a38-4ca2-96c0-7bba750fc7a6,1,13,4.25,Aprobar Presupuesto,False
390714b2-977f-4e5c-bd1e-5f282ff785ef,3,14,6.8,Reunión Bienvenida,False
17775f19-8c66-41b3-bd38-919b0fe10b8f,4,8,3.89,Reunión Bienvenida,False
5f56f693-5a38-4ca2-96c0-7bba750fc7a6,1,9,4.95,Aprobación Costos,False
5fd7b0ae-2619-4038-a52e-26a0576c4819,0,10,2.16,Setup Tecnológico,False
f036cecc-192b-4e1e-bdc2-c95608f24fe9,0,18,3.67,Feedback de Manager,False
17775f19-8c66-41b3-bd38-919b0fe10b8f,3,12,4.6,Aprobación Presupuesto,False
5fd7b0ae-2619-4038-a52e-26a0576c4819,5,8,1.47,Verificar Stock,False
31ece703-f961-4e8e-a5c5-cd5c5b47e3db,3,14,6.67,Aprobación de Pago,False
e6edcb81-4782-44f0-af6d-1e9e184c77ba,5,15,1.5,Iniciar Baja,False
17775f19-8c66-41b3-bd38-919b0fe10b8f,2,9,1.88,Procesar Transferencia,False
f5ba7581-b2ac-4b3a-830e-64ab112f975a,3,9,7.59,Iniciar Baja,False
17775f19-8c66-41b3-bd38-919b0fe10b8f,3,11,4.74,Inicio de la solicitud,False
f5ba7581-b2ac-4b3a-830e-64ab112f975a,6,14,2.59,Entrega del Equipo,False
e6edcb81-4782-44f0-af6d-1e9e184c77ba,2,14,4.8,Revisión Gerencial,False
f5ba7581-b2ac-4b3a-830e-64ab112f975a,3,11,5.28,Aprobación Presupuesto,False
5fd7b0ae-2619-4038-a52e-26a0576c4819,1,8,1.1,Aprobación de Pago,False
17775f19-8c66-41b3-bd38-919b0fe10b8f,5,12,7.11,Habilitar Permisos,False
5fd7b0ae-2619-4038-a52e-26a0576c4819,4,15,6.89,Inicio del Proceso,False
17775f19-8c66-41b3-bd38-919b0fe10b8f,2,18,2.13,Enviar solicitud de vacaciones,False
390714b2-977f-4e5c-bd1e-5f282ff785ef,3,18,2.89,Revisión Contable,False
5f56f693-5a38-4ca2-96c0-7bba750fc7a6,5,16,4.21,Especificar Licencia,False
390714b2-977f-4e5c-bd1e-5f282ff785ef,3,9,4.59,Procesar Transferencia,False
f5ba7581-b2ac-4b3a-830e-64ab112f975a,1,17,4.71,Subir Borrador,False
5fd7b0ae-2619-4038-a52e-26a0576c4819,3,16,7.51,Setup Tecnológico,False
390714b2-977f-4e5c-bd1e-5f282ff785ef,6,11,3.35,Solicitar Adelanto,False
f036cecc-192b-4e1e-bdc2-c95608f24fe9,1,17,3.53,Enviar solicitud de vacaciones,False
f5ba7581-b2ac-4b3a-830e-64ab112f975a,4,11,3.32,Aprobar Presupuesto,False
5f56f693-5a38-4ca2-96c0-7bba750fc7a6,1,17,1.28,Dispersión de Fondos,False
390714b2-977f-4e5c-bd1e-5f282ff785ef,6,16,2.04,Aprobación Presupuesto,False
31ece703-f961-4e8e-a5c5-cd5c5b47e3db,3,16,7.18,Verificar Factura,False
f5ba7581-b2ac-4b3a-830e-64ab112f975a,2,8,1.42,Detallar Curso,False
31ece703-f961-4e8e-a5c5-cd5c5b47e3db,6,13,3.98,Firma Director,False
17775f19-8c66-41b3-bd38-919b0fe10b8f,6,18,1.87,Dispersión de Fondos,False
f036cecc-192b-4e1e-bdc2-c95608f24fe9,6,10,6.06,Feedback de Manager,False
f5ba7581-b2ac-4b3a-830e-64ab112f975a,3,14,3.69,Aprobar Presupuesto,False
f5ba7581-b2ac-4b3a-830e-64ab112f975a,3,15,6.05,Inicio del Proceso,False
5f56f693-5a38-4ca2-96c0-7bba750fc7a6,0,9,1.95,Entrega del Equipo,False
f036cecc-192b-4e1e-bdc2-c95608f24fe9,6,9,2.62,Feedback de Manager,False
f5ba7581-b2ac-4b3a-830e-64ab112f975a,4,14,5.85,Revisión Gerencial,False
5f56f693-5a38-4ca2-96c0-7bba750fc7a6,3,13,3.27,Feedback de Manager,False
f5ba7581-b2ac-4b3a-830e-64ab112f975a,4,15,2.53,Registrar Recibos,False
e6edcb81-4782-44f0-af6d-1e9e184c77ba,3,14,6.55,Entrega del Equipo,False
f036cecc-192b-4e1e-bdc2-c95608f24fe9,6,11,2.16,Aprobación de Pago,False
31ece703-f961-4e8e-a5c5-cd5c5b47e3db,1,16,7.68,Presentar Requerimiento,False
5fd7b0ae-2619-4038-a52e-26a0576c4819,1,17,6.73,Setup Tecnológico,False
390714b2-977f-4e5c-bd1e-5f282ff785ef,5,16,5.94,Setup Tecnológico,False
390714b2-977f-4e5c-bd1e-5f282ff785ef,3,10,6.61,Inicio de la solicitud,False
f5ba7581-b2ac-4b3a-830e-64ab112f975a,5,11,4.64,Cerrar Accesos,False
390714b2-977f-4e5c-bd1e-5f282ff785ef,4,10,0.57,Validar Elegibilidad,False
31ece703-f961-4e8e-a5c5-cd5c5b47e3db,2,17,0.99,Subir Borrador,False
17775f19-8c66-41b3-bd38-919b0fe10b8f,5,14,2.35,Consolidar Gastos,False
31ece703-f961-4e8e-a5c5-cd5c5b47e3db,1,12,0.95,Especificar Servidores,False
5f56f693-5a38-4ca2-96c0-7bba750fc7a6,5,17,4.13,Inicio del Proceso,False
f5ba7581-b2ac-4b3a-830e-64ab112f975a,6,10,1.76,Feedback de Manager,False
f036cecc-192b-4e1e-bdc2-c95608f24fe9,6,12,2.0,Especificar Licencia,False
390714b2-977f-4e5c-bd1e-5f282ff785ef,2,17,4.7,Iniciar Baja,False
5f56f693-5a38-4ca2-96c0-7bba750fc7a6,4,10,2.11,Enviar solicitud de vacaciones,False
f036cecc-192b-4e1e-bdc2-c95608f24fe9,5,14,2.62,Solicitar Adelanto,False
f036cecc-192b-4e1e-bdc2-c95608f24fe9,0,14,3.28,Autoevaluación,False
f036cecc-192b-4e1e-bdc2-c95608f24fe9,1,13,0.9,Procesar Transferencia,False
e6edcb81-4782-44f0-af6d-1e9e184c77ba,4,10,7.26,Aprobación Costos,False
5fd7b0ae-2619-4038-a52e-26a0576c4819,2,8,5.24,Verificar Stock,False
17775f19-8c66-41b3-bd38-919b0fe10b8f,3,11,1.26,Revisión de Seguridad,False
5f56f693-5a38-4ca2-96c0-7bba750fc7a6,6,17,5.45,Aprobación Presupuesto,False
31ece703-f961-4e8e-a5c5-cd5c5b47e3db,1,17,2.73,Aprobación Presupuesto,False
f5ba7581-b2ac-4b3a-830e-64ab112f975a,6,12,1.47,Aprobación del manager,False
5f56f693-5a38-4ca2-96c0-7bba750fc7a6,0,13,0.52,Firma Director,False
5fd7b0ae-2619-4038-a52e-26a0576c4819,0,18,4.72,Dispersión de Fondos,False
f036cecc-192b-4e1e-bdc2-c95608f24fe9,2,14,0.66,Validar Comercial,False
5f56f693-5a38-4ca2-96c0-7bba750fc7a6,1,9,3.69,Habilitar Permisos,False
5f56f693-5a38-4ca2-96c0-7bba750fc7a6,2,15,6.92,Solicitar Adelanto,False
390714b2-977f-4e5c-bd1e-5f282ff785ef,5,10,6.16,Revisión Gerencial,False
f036cecc-192b-4e1e-bdc2-c95608f24fe9,4,17,5.17,Setup Tecnológico,False
5fd7b0ae-2619-4038-a52e-26a0576c4819,3,14,5.18,Feedback de Manager,False
f5ba7581-b2ac-4b3a-830e-64ab112f975a,2,14,7.4,Habilitar Permisos,False
17775f19-8c66-41b3-bd38-919b0fe10b8f,6,8,6.94,Evaluación Técnica,False
5f56f693-5a38-4ca2-96c0-7bba750fc7a6,5,9,6.26,Enviar solicitud de vacaciones,False
f5ba7581-b2ac-4b3a-830e-64ab112f975a,6,15,5.78,Verificar Factura,False
e6edcb81-4782-44f0-af6d-1e9e184c77ba,3,10,7.1,Iniciar Baja,False
f5ba7581-b2ac-4b3a-830e-64ab112f975a,3,9,2.49,Preparar Firma,False
e6edcb81-4782-44f0-af6d-1e9e184c77ba,0,10,2.44,Consolidación de RRHH,False
e6edcb81-4782-44f0-af6d-1e9e184c77ba,5,17,0.7,Solicitar Adelanto,False
5fd7b0ae-2619-4038-a52e-26a0576c4819,3,11,6.67,Aprobación Costos,False
5f56f693-5a38-4ca2-96c0-7bba750fc7a6,1,8,1.43,Entrega del Equipo,False
f036cecc-192b-4e1e-bdc2-c95608f24fe9,2,15,2.48,Validar Comercial,False
390714b2-977f-4e5c-bd1e-5f282ff785ef,5,15,3.96,Validar Comercial,False
f036cecc-192b-4e1e-bdc2-c95608f24fe9,2,17,1.87,Verificar Stock,False
f5ba7581-b2ac-4b3a-830e-64ab112f975a,4,8,5.36,Validación de RRHH,False
390714b2-977f-4e5c-bd1e-5f282ff785ef,2,16,3.75,Consolidación de RRHH,False
17775f19-8c66-41b3-bd38-919b0fe10b8f,0,14,4.7,Aprobación Costos,False
5fd7b0ae-2619-4038-a52e-26a0576c4819,5,15,7.5,Validar Capacitación,False
390714b2-977f-4e5c-bd1e-5f282ff785ef,6,10,1.41,Validación de RRHH,False
e6edcb81-4782-44f0-af6d-1e9e184c77ba,5,8,2.73,Procesar Transferencia,False
5fd7b0ae-2619-4038-a52e-26a0576c4819,1,16,3.77,Feedback de Manager,False
390714b2-977f-4e5c-bd1e-5f282ff785ef,1,14,0.93,Revisión de Seguridad,False
5fd7b0ae-2619-4038-a52e-26a0576c4819,2,11,3.37,Habilitar Permisos,False
31ece703-f961-4e8e-a5c5-cd5c5b47e3db,2,15,0.98,Dispersión de Fondos,False
e6edcb81-4782-44f0-af6d-1e9e184c77ba,3,9,3.2,Feedback de Manager,False
31ece703-f961-4e8e-a5c5-cd5c5b47e3db,3,17,0.6,Habilitar Permisos,False
e6edcb81-4782-44f0-af6d-1e9e184c77ba,5,16,6.61,Feedback de Manager,False
31ece703-f961-4e8e-a5c5-cd5c5b47e3db,1,15,5.36,Instalar Licencia,False
390714b2-977f-4e5c-bd1e-5f282ff785ef,4,14,4.85,Solicitar Adelanto,False
17775f19-8c66-41b3-bd38-919b0fe10b8f,4,11,1.03,Subir Borrador,False
f5ba7581-b2ac-4b3a-830e-64ab112f975a,1,18,3.58,Validación de RRHH,False
17775f19-8c66-41b3-bd38-919b0fe10b8f,0,12,0.92,Consolidar Gastos,False
5f56f693-5a38-4ca2-96c0-7bba750fc7a6,4,10,0.85,Autorización Gerencia,False
17775f19-8c66-41b3-bd38-919b0fe10b8f,2,14,2.44,Subir Borrador,False
17775f19-8c66-41b3-bd38-919b0fe10b8f,2,10,5.67,Consolidación de RRHH,False
e6edcb81-4782-44f0-af6d-1e9e184c77ba,6,10,6.59,Feedback de Manager,False
5f56f693-5a38-4ca2-96c0-7bba750fc7a6,0,17,5.02,Verificar Stock,False
390714b2-977f-4e5c-bd1e-5f282ff785ef,1,15,6.55,Firma Director,False
390714b2-977f-4e5c-bd1e-5f282ff785ef,1,8,7.45,Presentar Requerimiento,False
390714b2-977f-4e5c-bd1e-5f282ff785ef,6,10,2.34,Iniciar Baja,False
f5ba7581-b2ac-4b3a-830e-64ab112f975a,1,12,3.45,Entrega del Equipo,False
f5ba7581-b2ac-4b3a-830e-64ab112f975a,0,13,6.33,Solicitar Adelanto,False
5f56f693-5a38-4ca2-96c0-7bba750fc7a6,1,17,3.53,Validar Elegibilidad,False
f036cecc-192b-4e1e-bdc2-c95608f24fe9,0,11,2.13,Autorización Gerencia,False
f036cecc-192b-4e1e-bdc2-c95608f24fe9,2,16,5.41,Procesar Transferencia,False
e6edcb81-4782-44f0-af6d-1e9e184c77ba,2,12,3.05,Autorización Gerencia,False
31ece703-f961-4e8e-a5c5-cd5c5b47e3db,3,10,7.36,Procesar Transferencia,False
e6edcb81-4782-44f0-af6d-1e9e184c77ba,6,13,6.02,Consolidar Gastos,False
e6edcb81-4782-44f0-af6d-1e9e184c77ba,5,8,5.73,Registrar Recibos,False
31ece703-f961-4e8e-a5c5-cd5c5b47e3db,6,8,1.67,Reunión Bienvenida,False
f036cecc-192b-4e1e-bdc2-c95608f24fe9,3,10,1.17,Detallar Curso,False
5fd7b0ae-2619-4038-a52e-26a0576c4819,3,16,5.26,Dispersión de Fondos,False
5fd7b0ae-2619-4038-a52e-26a0576c4819,0,9,4.08,Revisión Gerencial,False
31ece703-f961-4e8e-a5c5-cd5c5b47e3db,4,17,5.52,Consolidar Gastos,False
f5ba7581-b2ac-4b3a-830e-64ab112f975a,1,14,7.86,Instalar Licencia,False
5fd7b0ae-2619-4038-a52e-26a0576c4819,1,17,7.05,Aprobar Presupuesto,False
5f56f693-5a38-4ca2-96c0-7bba750fc7a6,5,18,1.97,Subir Borrador,False
17775f19-8c66-41b3-bd38-919b0fe10b8f,0,14,6.57,Firma Director,False
f5ba7581-b2ac-4b3a-830e-64ab112f975a,0,13,4.98,Habilitar Permisos,False
f5ba7581-b2ac-4b3a-830e-64ab112f975a,5,11,3.56,Setup Tecnológico,False
17775f19-8c66-41b3-bd38-919b0fe10b8f,4,13,4.32,Aprobación Presupuesto,False
e6edcb81-4782-44f0-af6d-1e9e184c77ba,4,18,1.38,Autorización Gerencia,False
390714b2-977f-4e5c-bd1e-5f282ff785ef,4,11,3.68,Validar Comercial,False
5fd7b0ae-2619-4038-a52e-26a0576c4819,2,15,7.66,Validar Elegibilidad,False
e6edcb81-4782-44f0-af6d-1e9e184c77ba,1,18,7.11,Iniciar Baja,False
5f56f693-5a38-4ca2-96c0-7bba750fc7a6,6,17,6.2,Dispersión de Fondos,False
17775f19-8c66-41b3-bd38-919b0fe10b8f,3,8,5.51,Detallar Curso,False
5f56f693-5a38-4ca2-96c0-7bba750fc7a6,6,11,6.16,Registrar Recibos,False
17775f19-8c66-41b3-bd38-919b0fe10b8f,2,13,7.73,Validar Elegibilidad,False
390714b2-977f-4e5c-bd1e-5f282ff785ef,2,15,1.42,Aprobación Costos,False
390714b2-977f-4e5c-bd1e-5f282ff785ef,3,17,3.76,Aprobación del manager,False
5fd7b0ae-2619-4038-a52e-26a0576c4819,0,17,6.97,Aprobación del manager,False
17775f19-8c66-41b3-bd38-919b0fe10b8f,1,15,1.86,Solicitar Adelanto,False
390714b2-977f-4e5c-bd1e-5f282ff785ef,4,15,7.4,Aprobación del manager,False
5f56f693-5a38-4ca2-96c0-7bba750fc7a6,5,15,5.53,Consolidar Gastos,False
e6edcb81-4782-44f0-af6d-1e9e184c77ba,1,13,4.8,Verificar Stock,False
5fd7b0ae-2619-4038-a52e-26a0576c4819,5,17,5.81,Validar Comercial,False
5fd7b0ae-2619-4038-a52e-26a0576c4819,5,17,4.38,Setup Tecnológico,False
17775f19-8c66-41b3-bd38-919b0fe10b8f,4,17,2.95,Firma Director,False
17775f19-8c66-41b3-bd38-919b0fe10b8f,1,14,4.28,Aprobación Presupuesto,False
390714b2-977f-4e5c-bd1e-5f282ff785ef,1,11,0.88,Pago de Liquidación,False
e6edcb81-4782-44f0-af6d-1e9e184c77ba,2,15,2.84,Validación de RRHH,False
31ece703-f961-4e8e-a5c5-cd5c5b47e3db,4,10,3.16,Habilitar Permisos,False
5f56f693-5a38-4ca2-96c0-7bba750fc7a6,0,12,5.04,Solicitar Adelanto,False
17775f19-8c66-41b3-bd38-919b0fe10b8f,1,18,3.02,Validación de RRHH,False
5f56f693-5a38-4ca2-96c0-7bba750fc7a6,4,11,7.6,Cerrar Accesos,False
5fd7b0ae-2619-4038-a52e-26a0576c4819,6,8,4.2,Solicitar Adelanto,False
f5ba7581-b2ac-4b3a-830e-64ab112f975a,0,9,6.93,Validar Comercial,False
5f56f693-5a38-4ca2-96c0-7bba750fc7a6,1,10,1.71,Validar Capacitación,False
e6edcb81-4782-44f0-af6d-1e9e184c77ba,0,12,2.47,Aprobación Costos,False
31ece703-f961-4e8e-a5c5-cd5c5b47e3db,2,16,4.67,Solicitar Adelanto,False
17775f19-8c66-41b3-bd38-919b0fe10b8f,4,10,2.79,Revisión Contable,False
5f56f693-5a38-4ca2-96c0-7bba750fc7a6,4,13,7.58,Registrar Recibos,False
31ece703-f961-4e8e-a5c5-cd5c5b47e3db,2,18,4.02,Verificar Factura,False
390714b2-977f-4e5c-bd1e-5f282ff785ef,1,16,0.67,Inicio del Proceso,False
f5ba7581-b2ac-4b3a-830e-64ab112f975a,5,16,1.34,Entrega del Equipo,False
5f56f693-5a38-4ca2-96c0-7bba750fc7a6,4,10,0.66,Aprobación del manager,False
5fd7b0ae-2619-4038-a52e-26a0576c4819,0,18,5.85,Habilitar Permisos,False
31ece703-f961-4e8e-a5c5-cd5c5b47e3db,1,17,5.94,Entrega del Equipo,False
5fd7b0ae-2619-4038-a52e-26a0576c4819,5,16,2.96,Presentar Requerimiento,False
f036cecc-192b-4e1e-bdc2-c95608f24fe9,0,13,6.92,Revisión Gerencial,False
f036cecc-192b-4e1e-bdc2-c95608f24fe9,0,8,1.57,Solicitar Adelanto,False
390714b2-977f-4e5c-bd1e-5f282ff785ef,0,9,5.63,Habilitar Permisos,False
e6edcb81-4782-44f0-af6d-1e9e184c77ba,4,13,3.55,Aprobación del manager,False
17775f19-8c66-41b3-bd38-919b0fe10b8f,4,10,7.33,Aprobación Presupuesto,False
5f56f693-5a38-4ca2-96c0-7bba750fc7a6,4,15,2.12,Registrar Recibos,False
5f56f693-5a38-4ca2-96c0-7bba750fc7a6,4,8,5.17,Validar Comercial,False
5f56f693-5a38-4ca2-96c0-7bba750fc7a6,3,16,6.11,Autorización Gerencia,False
390714b2-977f-4e5c-bd1e-5f282ff785ef,5,15,3.35,Validación de RRHH,False
f036cecc-192b-4e1e-bdc2-c95608f24fe9,6,17,7.45,Procesar Transferencia,False
f5ba7581-b2ac-4b3a-830e-64ab112f975a,5,13,2.75,Revisión de Seguridad,False
390714b2-977f-4e5c-bd1e-5f282ff785ef,6,17,0.94,Aprobación del manager,False
f036cecc-192b-4e1e-bdc2-c95608f24fe9,4,14,2.25,Inicio de la solicitud,False
e6edcb81-4782-44f0-af6d-1e9e184c77ba,0,10,6.88,Autorización Gerencia,False
f5ba7581-b2ac-4b3a-830e-64ab112f975a,2,10,5.79,Habilitar Permisos,False
17775f19-8c66-41b3-bd38-919b0fe10b8f,4,18,1.35,Entrega del Equipo,False
17775f19-8c66-41b3-bd38-919b0fe10b8f,1,17,7.02,Aprobación del manager,False
17775f19-8c66-41b3-bd38-919b0fe10b8f,6,10,0.87,Habilitar Permisos,False
5fd7b0ae-2619-4038-a52e-26a0576c4819,1,9,0.61,Inicio de la solicitud,False
31ece703-f961-4e8e-a5c5-cd5c5b47e3db,3,13,2.55,Consolidación de RRHH,False
e6edcb81-4782-44f0-af6d-1e9e184c77ba,6,13,5.09,Verificar Factura,False
5f56f693-5a38-4ca2-96c0-7bba750fc7a6,6,8,5.52,Revisión Gerencial,False
31ece703-f961-4e8e-a5c5-cd5c5b47e3db,6,18,6.32,Inicio del Proceso,False
e6edcb81-4782-44f0-af6d-1e9e184c77ba,5,17,6.7,Feedback de Manager,False
5fd7b0ae-2619-4038-a52e-26a0576c4819,0,9,2.03,Consolidación de RRHH,False
f036cecc-192b-4e1e-bdc2-c95608f24fe9,3,10,2.53,Verificar Factura,False
f036cecc-192b-4e1e-bdc2-c95608f24fe9,6,15,4.52,Reunión Bienvenida,False
17775f19-8c66-41b3-bd38-919b0fe10b8f,0,8,2.61,Setup Tecnológico,False
17775f19-8c66-41b3-bd38-919b0fe10b8f,1,9,7.82,Aprobación Presupuesto,False
f036cecc-192b-4e1e-bdc2-c95608f24fe9,0,10,0.96,Dispersión de Fondos,False
f5ba7581-b2ac-4b3a-830e-64ab112f975a,4,9,4.46,Validar Capacitación,False
390714b2-977f-4e5c-bd1e-5f282ff785ef,0,16,1.51,Solicitar Adelanto,False
5fd7b0ae-2619-4038-a52e-26a0576c4819,3,8,1.54,Revisión Gerencial,False
e6edcb81-4782-44f0-af6d-1e9e184c77ba,6,18,4.1,Feedback de Manager,False
f036cecc-192b-4e1e-bdc2-c95608f24fe9,6,16,6.71,Inicio de la solicitud,False
5fd7b0ae-2619-4038-a52e-26a0576c4819,2,12,6.15,Procesar Transferencia,False
f036cecc-192b-4e1e-bdc2-c95608f24fe9,5,15,1.3,Validar Elegibilidad,False
17775f19-8c66-41b3-bd38-919b0fe10b8f,1,9,4.87,Instalar Licencia,False
f5ba7581-b2ac-4b3a-830e-64ab112f975a,2,14,5.14,Consolidación de RRHH,False
f036cecc-192b-4e1e-bdc2-c95608f24fe9,4,14,7.48,Especificar Licencia,False
5f56f693-5a38-4ca2-96c0-7bba750fc7a6,4,14,7.97,Evaluación Técnica,False
f5ba7581-b2ac-4b3a-830e-64ab112f975a,4,8,6.75,Iniciar Baja,False
31ece703-f961-4e8e-a5c5-cd5c5b47e3db,1,9,3.71,Habilitar Permisos,False
f5ba7581-b2ac-4b3a-830e-64ab112f975a,0,13,3.02,Revisión Contable,False
17775f19-8c66-41b3-bd38-919b0fe10b8f,0,15,5.79,Verificar Stock,False
f036cecc-192b-4e1e-bdc2-c95608f24fe9,3,15,2.59,Inicio del Proceso,False
5fd7b0ae-2619-4038-a52e-26a0576c4819,5,15,2.12,Cerrar Accesos,False
f036cecc-192b-4e1e-bdc2-c95608f24fe9,4,14,2.05,Validar Capacitación,False
5f56f693-5a38-4ca2-96c0-7bba750fc7a6,2,10,5.59,Registrar Recibos,False
f036cecc-192b-4e1e-bdc2-c95608f24fe9,2,18,4.78,Verificar Stock,False
5fd7b0ae-2619-4038-a52e-26a0576c4819,2,8,7.55,Presentar Requerimiento,False
31ece703-f961-4e8e-a5c5-cd5c5b47e3db,6,14,5.24,Dispersión de Fondos,False
31ece703-f961-4e8e-a5c5-cd5c5b47e3db,3,15,3.65,Validar Capacitación,False
31ece703-f961-4e8e-a5c5-cd5c5b47e3db,0,17,6.42,Consolidación de RRHH,False
5fd7b0ae-2619-4038-a52e-26a0576c4819,0,13,6.91,Pago de Liquidación,False
f036cecc-192b-4e1e-bdc2-c95608f24fe9,6,16,2.19,Solicitar Adelanto,False
5fd7b0ae-2619-4038-a52e-26a0576c4819,6,9,5.01,Autorización Gerencia,False
17775f19-8c66-41b3-bd38-919b0fe10b8f,0,18,2.47,Setup Tecnológico,False
e6edcb81-4782-44f0-af6d-1e9e184c77ba,6,12,6.31,Inicio de la solicitud,False
31ece703-f961-4e8e-a5c5-cd5c5b47e3db,3,9,2.99,Presentar Requerimiento,False
e6edcb81-4782-44f0-af6d-1e9e184c77ba,3,13,7.34,Inicio de la solicitud,False
17775f19-8c66-41b3-bd38-919b0fe10b8f,1,15,5.52,Aprobar Presupuesto,False
e6edcb81-4782-44f0-af6d-1e9e184c77ba,6,12,5.78,Aprobación Costos,False
f036cecc-192b-4e1e-bdc2-c95608f24fe9,1,10,3.11,Cerrar Accesos,False
e6edcb81-4782-44f0-af6d-1e9e184c77ba,2,10,3.92,Entrega del Equipo,False
f5ba7581-b2ac-4b3a-830e-64ab112f975a,6,18,2.7,Feedback de Manager,False
390714b2-977f-4e5c-bd1e-5f282ff785ef,1,10,5.96,Dispersión de Fondos,False
31ece703-f961-4e8e-a5c5-cd5c5b47e3db,4,13,6.49,Entrega del Equipo,False
17775f19-8c66-41b3-bd38-919b0fe10b8f,2,16,7.78,Validar Comercial,False
5f56f693-5a38-4ca2-96c0-7bba750fc7a6,3,12,7.11,Verificar Factura,False
e6edcb81-4782-44f0-af6d-1e9e184c77ba,6,17,4.6,Enviar solicitud de vacaciones,False
5fd7b0ae-2619-4038-a52e-26a0576c4819,2,17,3.43,Verificar Factura,False
390714b2-977f-4e5c-bd1e-5f282ff785ef,0,18,5.74,Dispersión de Fondos,False
390714b2-977f-4e5c-bd1e-5f282ff785ef,3,14,4.8,Iniciar Baja,False
f5ba7581-b2ac-4b3a-830e-64ab112f975a,6,8,3.85,Procesar Transferencia,False
390714b2-977f-4e5c-bd1e-5f282ff785ef,0,16,5.69,Autorización Gerencia,False
390714b2-977f-4e5c-bd1e-5f282ff785ef,4,12,3.84,Registrar Recibos,False
f5ba7581-b2ac-4b3a-830e-64ab112f975a,0,13,6.5,Detallar Curso,False
5fd7b0ae-2619-4038-a52e-26a0576c4819,6,17,1.72,Registrar Recibos,False
31ece703-f961-4e8e-a5c5-cd5c5b47e3db,0,15,1.41,Presentar Requerimiento,False
31ece703-f961-4e8e-a5c5-cd5c5b47e3db,5,15,5.17,Autoevaluación,False
31ece703-f961-4e8e-a5c5-cd5c5b47e3db,6,9,5.98,Inicio de la solicitud,False
5f56f693-5a38-4ca2-96c0-7bba750fc7a6,5,11,4.0,Especificar Servidores,False
e6edcb81-4782-44f0-af6d-1e9e184c77ba,6,9,5.51,Aprobar Presupuesto,False
5fd7b0ae-2619-4038-a52e-26a0576c4819,1,8,5.45,Preparar Firma,False
5f56f693-5a38-4ca2-96c0-7bba750fc7a6,5,17,2.5,Verificar Factura,False
5f56f693-5a38-4ca2-96c0-7bba750fc7a6,2,12,6.78,Feedback de Manager,False
e6edcb81-4782-44f0-af6d-1e9e184c77ba,5,11,2.94,Revisión de Seguridad,False
17775f19-8c66-41b3-bd38-919b0fe10b8f,3,13,6.59,Reunión Bienvenida,False
f036cecc-192b-4e1e-bdc2-c95608f24fe9,6,11,4.23,Aprobación del manager,False
17775f19-8c66-41b3-bd38-919b0fe10b8f,5,12,7.34,Registrar Recibos,False
5fd7b0ae-2619-4038-a52e-26a0576c4819,3,12,7.03,Reunión Bienvenida,False
17775f19-8c66-41b3-bd38-919b0fe10b8f,2,11,5.11,Firma Director,False
17775f19-8c66-41b3-bd38-919b0fe10b8f,2,17,7.8,Setup Tecnológico,False
390714b2-977f-4e5c-bd1e-5f282ff785ef,4,17,7.54,Feedback de Manager,False
f5ba7581-b2ac-4b3a-830e-64ab112f975a,6,15,6.48,Especificar Licencia,False
5f56f693-5a38-4ca2-96c0-7bba750fc7a6,6,14,4.0,Entrega del Equipo,False
5f56f693-5a38-4ca2-96c0-7bba750fc7a6,6,13,3.68,Entrega del Equipo,False
f036cecc-192b-4e1e-bdc2-c95608f24fe9,2,18,6.81,Cerrar Accesos,False
5fd7b0ae-2619-4038-a52e-26a0576c4819,1,13,5.39,Setup Tecnológico,False
390714b2-977f-4e5c-bd1e-5f282ff785ef,1,17,3.35,Revisión de Seguridad,False
5f56f693-5a38-4ca2-96c0-7bba750fc7a6,3,12,0.97,Feedback de Manager,False
390714b2-977f-4e5c-bd1e-5f282ff785ef,2,12,2.53,Presentar Requerimiento,False
f5ba7581-b2ac-4b3a-830e-64ab112f975a,4,8,2.77,Consolidación de RRHH,False
5fd7b0ae-2619-4038-a52e-26a0576c4819,6,9,6.27,Preparar Firma,False
31ece703-f961-4e8e-a5c5-cd5c5b47e3db,6,15,3.67,Inicio del Proceso,False
390714b2-977f-4e5c-bd1e-5f282ff785ef,6,14,7.5,Dispersión de Fondos,False
e6edcb81-4782-44f0-af6d-1e9e184c77ba,0,8,4.4,Pago de Liquidación,False
31ece703-f961-4e8e-a5c5-cd5c5b47e3db,2,11,7.97,Pago de Liquidación,False
e6edcb81-4782-44f0-af6d-1e9e184c77ba,0,14,2.18,Revisión de Seguridad,False
f036cecc-192b-4e1e-bdc2-c95608f24fe9,3,15,7.14,Reunión Bienvenida,False
5fd7b0ae-2619-4038-a52e-26a0576c4819,1,17,6.81,Dispersión de Fondos,False
5f56f693-5a38-4ca2-96c0-7bba750fc7a6,2,8,3.96,Detallar Curso,False
17775f19-8c66-41b3-bd38-919b0fe10b8f,0,18,4.75,Procesar Transferencia,False
390714b2-977f-4e5c-bd1e-5f282ff785ef,0,10,5.47,Preparar Firma,False
f036cecc-192b-4e1e-bdc2-c95608f24fe9,1,13,5.85,Autoevaluación,False
31ece703-f961-4e8e-a5c5-cd5c5b47e3db,6,18,3.4,Pago de Liquidación,False
17775f19-8c66-41b3-bd38-919b0fe10b8f,3,13,4.64,Aprobación Costos,False
5fd7b0ae-2619-4038-a52e-26a0576c4819,6,16,3.5,Autorización Gerencia,False
f036cecc-192b-4e1e-bdc2-c95608f24fe9,5,16,5.92,Cerrar Accesos,False
5fd7b0ae-2619-4038-a52e-26a0576c4819,1,15,3.16,Habilitar Permisos,False
390714b2-977f-4e5c-bd1e-5f282ff785ef,6,17,7.48,Validar Elegibilidad,False
5fd7b0ae-2619-4038-a52e-26a0576c4819,5,9,2.38,Firma Director,False
f5ba7581-b2ac-4b3a-830e-64ab112f975a,6,15,4.91,Aprobar Presupuesto,False
f036cecc-192b-4e1e-bdc2-c95608f24fe9,6,9,2.42,Iniciar Baja,False
5f56f693-5a38-4ca2-96c0-7bba750fc7a6,6,13,2.27,Iniciar Baja,False
e6edcb81-4782-44f0-af6d-1e9e184c77ba,6,8,1.87,Reunión Bienvenida,False
5fd7b0ae-2619-4038-a52e-26a0576c4819,6,8,5.3,Consolidación de RRHH,False
f036cecc-192b-4e1e-bdc2-c95608f24fe9,3,11,4.14,Aprobación Presupuesto,False
e6edcb81-4782-44f0-af6d-1e9e184c77ba,1,8,0.97,Cerrar Accesos,False
390714b2-977f-4e5c-bd1e-5f282ff785ef,0,9,2.38,Subir Borrador,False
f036cecc-192b-4e1e-bdc2-c95608f24fe9,1,13,1.09,Entrega del Equipo,False
5fd7b0ae-2619-4038-a52e-26a0576c4819,1,8,0.74,Evaluación Técnica,False
f5ba7581-b2ac-4b3a-830e-64ab112f975a,1,17,6.68,Feedback de Manager,False
e6edcb81-4782-44f0-af6d-1e9e184c77ba,6,8,6.38,Pago de Liquidación,False
17775f19-8c66-41b3-bd38-919b0fe10b8f,3,10,0.54,Consolidación de RRHH,False
390714b2-977f-4e5c-bd1e-5f282ff785ef,3,18,2.62,Habilitar Permisos,False
17775f19-8c66-41b3-bd38-919b0fe10b8f,3,9,6.55,Revisión Contable,False
390714b2-977f-4e5c-bd1e-5f282ff785ef,3,14,7.91,Instalar Licencia,False
5fd7b0ae-2619-4038-a52e-26a0576c4819,2,13,2.18,Evaluación Técnica,False
f5ba7581-b2ac-4b3a-830e-64ab112f975a,1,9,3.29,Dispersión de Fondos,False
5fd7b0ae-2619-4038-a52e-26a0576c4819,1,18,4.59,Preparar Firma,False
e6edcb81-4782-44f0-af6d-1e9e184c77ba,1,18,0.71,Inicio del Proceso,False
e6edcb81-4782-44f0-af6d-1e9e184c77ba,5,9,0.76,Especificar Servidores,False
f5ba7581-b2ac-4b3a-830e-64ab112f975a,1,11,3.86,Verificar Factura,False
e6edcb81-4782-44f0-af6d-1e9e184c77ba,0,10,3.13,Reunión Bienvenida,False
390714b2-977f-4e5c-bd1e-5f282ff785ef,4,15,2.55,Presentar Requerimiento,False
17775f19-8c66-41b3-bd38-919b0fe10b8f,6,9,4.45,Feedback de Manager,False
5f56f693-5a38-4ca2-96c0-7bba750fc7a6,5,12,1.09,Enviar solicitud de vacaciones,False
5f56f693-5a38-4ca2-96c0-7bba750fc7a6,1,13,1.34,Presentar Requerimiento,False
f036cecc-192b-4e1e-bdc2-c95608f24fe9,2,9,3.33,Aprobar Presupuesto,False
31ece703-f961-4e8e-a5c5-cd5c5b47e3db,1,13,4.26,Especificar Servidores,False
f036cecc-192b-4e1e-bdc2-c95608f24fe9,3,11,4.0,Validación de RRHH,False
e6edcb81-4782-44f0-af6d-1e9e184c77ba,5,8,1.54,Habilitar Permisos,False
f5ba7581-b2ac-4b3a-830e-64ab112f975a,0,16,2.35,Reunión Bienvenida,False
5fd7b0ae-2619-4038-a52e-26a0576c4819,1,17,2.47,Dispersión de Fondos,False
5f56f693-5a38-4ca2-96c0-7bba750fc7a6,2,16,7.37,Entrega del Equipo,False
f036cecc-192b-4e1e-bdc2-c95608f24fe9,6,16,6.47,Verificar Stock,False
390714b2-977f-4e5c-bd1e-5f282ff785ef,0,9,2.33,Feedback de Manager,False
31ece703-f961-4e8e-a5c5-cd5c5b47e3db,4,15,3.83,Validar Capacitación,False
5f56f693-5a38-4ca2-96c0-7bba750fc7a6,2,10,1.33,Aprobar Presupuesto,False
5f56f693-5a38-4ca2-96c0-7bba750fc7a6,0,9,6.27,Aprobar Presupuesto,False
f036cecc-192b-4e1e-bdc2-c95608f24fe9,2,17,4.19,Reunión Bienvenida,False
f036cecc-192b-4e1e-bdc2-c95608f24fe9,4,17,7.42,Autorización Gerencia,False
390714b2-977f-4e5c-bd1e-5f282ff785ef,6,12,7.32,Validación de RRHH,False
390714b2-977f-4e5c-bd1e-5f282ff785ef,4,18,1.84,Validar Capacitación,False
e6edcb81-4782-44f0-af6d-1e9e184c77ba,3,14,2.74,Consolidación de RRHH,False
31ece703-f961-4e8e-a5c5-cd5c5b47e3db,0,14,2.59,Subir Borrador,False
5f56f693-5a38-4ca2-96c0-7bba750fc7a6,4,13,3.81,Procesar Transferencia,False
5fd7b0ae-2619-4038-a52e-26a0576c4819,4,16,1.96,Especificar Servidores,False
5f56f693-5a38-4ca2-96c0-7bba750fc7a6,1,12,7.7,Verificar Stock,False
f036cecc-192b-4e1e-bdc2-c95608f24fe9,5,11,1.56,Subir Borrador,False
31ece703-f961-4e8e-a5c5-cd5c5b47e3db,2,11,1.56,Aprobar Presupuesto,False
5fd7b0ae-2619-4038-a52e-26a0576c4819,6,16,1.04,Verificar Factura,False
390714b2-977f-4e5c-bd1e-5f282ff785ef,5,17,4.39,Habilitar Permisos,False
17775f19-8c66-41b3-bd38-919b0fe10b8f,4,17,1.52,Cerrar Accesos,False
f036cecc-192b-4e1e-bdc2-c95608f24fe9,0,16,3.42,Verificar Stock,False
17775f19-8c66-41b3-bd38-919b0fe10b8f,2,16,2.5,Validar Capacitación,False
f036cecc-192b-4e1e-bdc2-c95608f24fe9,2,13,6.2,Instalar Licencia,False
31ece703-f961-4e8e-a5c5-cd5c5b47e3db,3,15,6.32,Verificar Stock,False
17775f19-8c66-41b3-bd38-919b0fe10b8f,3,15,3.81,Dispersión de Fondos,False
f036cecc-192b-4e1e-bdc2-c95608f24fe9,2,12,3.87,Autorización Gerencia,False
5fd7b0ae-2619-4038-a52e-26a0576c4819,4,9,3.74,Evaluación Técnica,False
f036cecc-192b-4e1e-bdc2-c95608f24fe9,2,14,7.36,Reunión Bienvenida,False
e6edcb81-4782-44f0-af6d-1e9e184c77ba,1,17,7.5,Feedback de Manager,False
5fd7b0ae-2619-4038-a52e-26a0576c4819,2,15,3.85,Detallar Curso,False
f036cecc-192b-4e1e-bdc2-c95608f24fe9,1,8,5.47,Subir Borrador,False
5fd7b0ae-2619-4038-a52e-26a0576c4819,0,18,0.63,Consolidación de RRHH,False
f036cecc-192b-4e1e-bdc2-c95608f24fe9,3,11,1.19,Instalar Licencia,False
f5ba7581-b2ac-4b3a-830e-64ab112f975a,0,8,2.48,Validación de RRHH,False
31ece703-f961-4e8e-a5c5-cd5c5b47e3db,6,11,0.77,Inicio de la solicitud,False
5fd7b0ae-2619-4038-a52e-26a0576c4819,4,9,4.3,Preparar Firma,False
390714b2-977f-4e5c-bd1e-5f282ff785ef,3,17,2.93,Detallar Curso,False
f5ba7581-b2ac-4b3a-830e-64ab112f975a,6,13,1.84,Inicio de la solicitud,False
17775f19-8c66-41b3-bd38-919b0fe10b8f,1,9,3.64,Subir Borrador,False
31ece703-f961-4e8e-a5c5-cd5c5b47e3db,4,13,5.55,Autoevaluación,False
31ece703-f961-4e8e-a5c5-cd5c5b47e3db,6,16,5.11,Aprobación de Pago,False
5f56f693-5a38-4ca2-96c0-7bba750fc7a6,5,17,4.31,Validación de RRHH,False
5fd7b0ae-2619-4038-a52e-26a0576c4819,2,13,4.58,Dispersión de Fondos,False
f036cecc-192b-4e1e-bdc2-c95608f24fe9,4,8,5.43,Subir Borrador,False
17775f19-8c66-41b3-bd38-919b0fe10b8f,4,16,7.05,Aprobación de Pago,False
e6edcb81-4782-44f0-af6d-1e9e184c77ba,6,11,0.73,Revisión de Seguridad,False
17775f19-8c66-41b3-bd38-919b0fe10b8f,2,12,1.34,Validar Comercial,False
17775f19-8c66-41b3-bd38-919b0fe10b8f,0,16,6.09,Consolidación de RRHH,False
f036cecc-192b-4e1e-bdc2-c95608f24fe9,6,9,2.84,Entrega del Equipo,False
e6edcb81-4782-44f0-af6d-1e9e184c77ba,0,18,4.97,Subir Borrador,False
5f56f693-5a38-4ca2-96c0-7bba750fc7a6,2,8,1.97,Evaluación Técnica,False
f5ba7581-b2ac-4b3a-830e-64ab112f975a,2,13,4.54,Evaluación Técnica,False
31ece703-f961-4e8e-a5c5-cd5c5b47e3db,0,17,6.35,Inicio del Proceso,False
31ece703-f961-4e8e-a5c5-cd5c5b47e3db,5,14,4.62,Aprobar Presupuesto,False
31ece703-f961-4e8e-a5c5-cd5c5b47e3db,2,16,2.67,Evaluación Técnica,False
31ece703-f961-4e8e-a5c5-cd5c5b47e3db,2,12,1.32,Feedback de Manager,False
f036cecc-192b-4e1e-bdc2-c95608f24fe9,4,16,5.65,Autoevaluación,False
31ece703-f961-4e8e-a5c5-cd5c5b47e3db,6,12,3.87,Evaluación Técnica,False
f036cecc-192b-4e1e-bdc2-c95608f24fe9,4,14,0.96,Setup Tecnológico,False
f5ba7581-b2ac-4b3a-830e-64ab112f975a,2,9,4.85,Aprobación Costos,False
5fd7b0ae-2619-4038-a52e-26a0576c4819,2,8,2.2,Inicio del Proceso,False
390714b2-977f-4e5c-bd1e-5f282ff785ef,0,16,2.24,Pago de Liquidación,False
17775f19-8c66-41b3-bd38-919b0fe10b8f,2,16,2.62,Validar Comercial,False
5fd7b0ae-2619-4038-a52e-26a0576c4819,2,14,3.86,Registrar Recibos,False
5fd7b0ae-2619-4038-a52e-26a0576c4819,6,18,4.02,Setup Tecnológico,False
390714b2-977f-4e5c-bd1e-5f282ff785ef,0,15,1.37,Validar Capacitación,False
e6edcb81-4782-44f0-af6d-1e9e184c77ba,0,9,6.66,Habilitar Permisos,False
5fd7b0ae-2619-4038-a52e-26a0576c4819,4,17,6.36,Iniciar Baja,False
5fd7b0ae-2619-4038-a52e-26a0576c4819,4,13,4.76,Autorización Gerencia,False
f036cecc-192b-4e1e-bdc2-c95608f24fe9,2,14,6.07,Inicio del Proceso,False
f036cecc-192b-4e1e-bdc2-c95608f24fe9,5,8,4.4,Presentar Requerimiento,False
5fd7b0ae-2619-4038-a52e-26a0576c4819,6,12,2.13,Instalar Licencia,False
5f56f693-5a38-4ca2-96c0-7bba750fc7a6,1,10,3.73,Autoevaluación,False
e6edcb81-4782-44f0-af6d-1e9e184c77ba,3,18,1.02,Setup Tecnológico,False
f5ba7581-b2ac-4b3a-830e-64ab112f975a,2,9,2.76,Validación de RRHH,False
390714b2-977f-4e5c-bd1e-5f282ff785ef,3,18,5.98,Habilitar Permisos,False
31ece703-f961-4e8e-a5c5-cd5c5b47e3db,0,12,6.67,Habilitar Permisos,False
f5ba7581-b2ac-4b3a-830e-64ab112f975a,6,15,4.77,Iniciar Baja,False
5fd7b0ae-2619-4038-a52e-26a0576c4819,4,10,4.72,Dispersión de Fondos,False
f5ba7581-b2ac-4b3a-830e-64ab112f975a,3,11,0.77,Firma Director,False
f5ba7581-b2ac-4b3a-830e-64ab112f975a,6,13,1.35,Verificar Factura,False
e6edcb81-4782-44f0-af6d-1e9e184c77ba,3,9,1.59,Aprobación Presupuesto,False
f036cecc-192b-4e1e-bdc2-c95608f24fe9,4,15,4.15,Autorización Gerencia,False
17775f19-8c66-41b3-bd38-919b0fe10b8f,5,13,1.25,Dispersión de Fondos,False
5f56f693-5a38-4ca2-96c0-7bba750fc7a6,2,11,5.66,Autoevaluación,False
17775f19-8c66-41b3-bd38-919b0fe10b8f,5,15,4.55,Especificar Licencia,False
5fd7b0ae-2619-4038-a52e-26a0576c4819,1,11,2.71,Pago de Liquidación,False
e6edcb81-4782-44f0-af6d-1e9e184c77ba,0,17,1.65,Dispersión de Fondos,False
17775f19-8c66-41b3-bd38-919b0fe10b8f,0,13,4.16,Consolidar Gastos,False
f036cecc-192b-4e1e-bdc2-c95608f24fe9,0,18,1.62,Revisión Gerencial,False
f036cecc-192b-4e1e-bdc2-c95608f24fe9,0,15,2.06,Iniciar Baja,False
17775f19-8c66-41b3-bd38-919b0fe10b8f,2,17,3.1,Revisión Contable,False
e6edcb81-4782-44f0-af6d-1e9e184c77ba,5,10,6.47,Detallar Curso,False
f036cecc-192b-4e1e-bdc2-c95608f24fe9,6,13,1.47,Autorización Gerencia,False
e6edcb81-4782-44f0-af6d-1e9e184c77ba,0,18,1.45,Revisión Contable,False
e6edcb81-4782-44f0-af6d-1e9e184c77ba,0,14,5.8,Consolidar Gastos,False
31ece703-f961-4e8e-a5c5-cd5c5b47e3db,2,16,2.96,Aprobación de Pago,False
17775f19-8c66-41b3-bd38-919b0fe10b8f,1,10,6.57,Instalar Licencia,False
e6edcb81-4782-44f0-af6d-1e9e184c77ba,3,12,3.71,Instalar Licencia,False
31ece703-f961-4e8e-a5c5-cd5c5b47e3db,4,16,3.28,Inicio del Proceso,False
390714b2-977f-4e5c-bd1e-5f282ff785ef,6,8,3.92,Enviar solicitud de vacaciones,False
390714b2-977f-4e5c-bd1e-5f282ff785ef,1,9,6.42,Revisión de Seguridad,False
17775f19-8c66-41b3-bd38-919b0fe10b8f,4,8,5.35,Setup Tecnológico,False
390714b2-977f-4e5c-bd1e-5f282ff785ef,5,17,2.82,Aprobación Costos,False
f5ba7581-b2ac-4b3a-830e-64ab112f975a,3,14,5.62,Setup Tecnológico,False
e6edcb81-4782-44f0-af6d-1e9e184c77ba,1,16,2.47,Consolidar Gastos,False
390714b2-977f-4e5c-bd1e-5f282ff785ef,2,16,7.33,Verificar Stock,False
17775f19-8c66-41b3-bd38-919b0fe10b8f,0,17,2.06,Pago de Liquidación,False
e6edcb81-4782-44f0-af6d-1e9e184c77ba,5,14,0.66,Autorización Gerencia,False
5f56f693-5a38-4ca2-96c0-7bba750fc7a6,5,17,0.62,Entrega del Equipo,False
e6edcb81-4782-44f0-af6d-1e9e184c77ba,4,14,2.41,Aprobar Presupuesto,False
5f56f693-5a38-4ca2-96c0-7bba750fc7a6,2,18,6.05,Autoevaluación,False
390714b2-977f-4e5c-bd1e-5f282ff785ef,1,8,0.68,Revisión Contable,False
f5ba7581-b2ac-4b3a-830e-64ab112f975a,2,16,1.27,Evaluación Técnica,False
5fd7b0ae-2619-4038-a52e-26a0576c4819,4,16,7.37,Instalar Licencia,False
e6edcb81-4782-44f0-af6d-1e9e184c77ba,0,15,4.03,Verificar Factura,False
5f56f693-5a38-4ca2-96c0-7bba750fc7a6,4,13,4.14,Inicio de la solicitud,False
390714b2-977f-4e5c-bd1e-5f282ff785ef,3,14,0.57,Validar Capacitación,False
5f56f693-5a38-4ca2-96c0-7bba750fc7a6,5,10,5.81,Consolidar Gastos,False
e6edcb81-4782-44f0-af6d-1e9e184c77ba,3,8,1.0,Inicio del Proceso,False
390714b2-977f-4e5c-bd1e-5f282ff785ef,2,16,0.59,Aprobación Presupuesto,False
5f56f693-5a38-4ca2-96c0-7bba750fc7a6,3,16,7.79,Iniciar Baja,False
5fd7b0ae-2619-4038-a52e-26a0576c4819,4,9,5.88,Firma Director,False
f036cecc-192b-4e1e-bdc2-c95608f24fe9,6,18,7.1,Autoevaluación,False
e6edcb81-4782-44f0-af6d-1e9e184c77ba,0,15,3.4,Aprobación del manager,False
17775f19-8c66-41b3-bd38-919b0fe10b8f,0,8,5.45,Verificar Stock,False
17775f19-8c66-41b3-bd38-919b0fe10b8f,4,11,6.06,Evaluación Técnica,False
31ece703-f961-4e8e-a5c5-cd5c5b47e3db,5,18,6.21,Iniciar Baja,False
f5ba7581-b2ac-4b3a-830e-64ab112f975a,1,12,0.65,Subir Borrador,False
5fd7b0ae-2619-4038-a52e-26a0576c4819,5,10,4.12,Evaluación Técnica,False
e6edcb81-4782-44f0-af6d-1e9e184c77ba,0,16,5.7,Iniciar Baja,False
5f56f693-5a38-4ca2-96c0-7bba750fc7a6,0,9,3.53,Reunión Bienvenida,False
f5ba7581-b2ac-4b3a-830e-64ab112f975a,3,18,6.66,Consolidación de RRHH,False
5f56f693-5a38-4ca2-96c0-7bba750fc7a6,6,10,7.19,Autoevaluación,False
17775f19-8c66-41b3-bd38-919b0fe10b8f,3,8,5.63,Enviar solicitud de vacaciones,False
e6edcb81-4782-44f0-af6d-1e9e184c77ba,2,17,7.8,Preparar Firma,False
17775f19-8c66-41b3-bd38-919b0fe10b8f,1,10,2.78,Consolidación de RRHH,False
5fd7b0ae-2619-4038-a52e-26a0576c4819,6,12,2.58,Setup Tecnológico,False
f5ba7581-b2ac-4b3a-830e-64ab112f975a,4,11,1.01,Enviar solicitud de vacaciones,False
390714b2-977f-4e5c-bd1e-5f282ff785ef,0,11,6.54,Aprobación de Pago,False
31ece703-f961-4e8e-a5c5-cd5c5b47e3db,4,10,2.54,Consolidar Gastos,False
5f56f693-5a38-4ca2-96c0-7bba750fc7a6,2,17,1.33,Registrar Recibos,False
f036cecc-192b-4e1e-bdc2-c95608f24fe9,5,18,3.52,Inicio de la solicitud,False
5fd7b0ae-2619-4038-a52e-26a0576c4819,4,17,6.77,Aprobación Costos,False
e6edcb81-4782-44f0-af6d-1e9e184c77ba,3,11,2.68,Solicitar Adelanto,False
31ece703-f961-4e8e-a5c5-cd5c5b47e3db,6,9,4.92,Inicio de la solicitud,False
31ece703-f961-4e8e-a5c5-cd5c5b47e3db,5,10,4.04,Validación de RRHH,False
f5ba7581-b2ac-4b3a-830e-64ab112f975a,4,11,4.3,Revisión Gerencial,False
5f56f693-5a38-4ca2-96c0-7bba750fc7a6,0,12,1.36,Preparar Firma,False
e6edcb81-4782-44f0-af6d-1e9e184c77ba,2,10,6.69,Preparar Firma,False
f036cecc-192b-4e1e-bdc2-c95608f24fe9,5,10,4.74,Validar Elegibilidad,False
31ece703-f961-4e8e-a5c5-cd5c5b47e3db,3,9,3.38,Validación de RRHH,False
5fd7b0ae-2619-4038-a52e-26a0576c4819,4,13,1.67,Enviar solicitud de vacaciones,False
5fd7b0ae-2619-4038-a52e-26a0576c4819,2,14,7.59,Enviar solicitud de vacaciones,False
17775f19-8c66-41b3-bd38-919b0fe10b8f,2,11,6.72,Revisión de Seguridad,False
e6edcb81-4782-44f0-af6d-1e9e184c77ba,4,18,2.07,Validar Capacitación,False
f036cecc-192b-4e1e-bdc2-c95608f24fe9,1,11,7.52,Evaluación Técnica,False
17775f19-8c66-41b3-bd38-919b0fe10b8f,6,17,6.77,Setup Tecnológico,False
17775f19-8c66-41b3-bd38-919b0fe10b8f,4,17,6.35,Validar Comercial,False
5fd7b0ae-2619-4038-a52e-26a0576c4819,5,13,3.7,Registrar Recibos,False
390714b2-977f-4e5c-bd1e-5f282ff785ef,1,13,4.92,Aprobación del manager,False
f5ba7581-b2ac-4b3a-830e-64ab112f975a,3,14,7.67,Verificar Factura,False
390714b2-977f-4e5c-bd1e-5f282ff785ef,5,8,5.9,Firma Director,False
5f56f693-5a38-4ca2-96c0-7bba750fc7a6,5,18,5.74,Inicio del Proceso,False
5f56f693-5a38-4ca2-96c0-7bba750fc7a6,6,9,5.87,Aprobar Presupuesto,False
f036cecc-192b-4e1e-bdc2-c95608f24fe9,0,10,6.85,Aprobación Presupuesto,False
17775f19-8c66-41b3-bd38-919b0fe10b8f,3,10,4.47,Procesar Transferencia,False
31ece703-f961-4e8e-a5c5-cd5c5b47e3db,3,13,4.21,Cerrar Accesos,False
17775f19-8c66-41b3-bd38-919b0fe10b8f,0,15,5.16,Especificar Licencia,False
f5ba7581-b2ac-4b3a-830e-64ab112f975a,0,16,3.66,Registrar Recibos,False
5fd7b0ae-2619-4038-a52e-26a0576c4819,5,8,6.06,Subir Borrador,False
390714b2-977f-4e5c-bd1e-5f282ff785ef,3,14,3.69,Aprobación Presupuesto,False
f5ba7581-b2ac-4b3a-830e-64ab112f975a,4,11,6.47,Detallar Curso,False
f5ba7581-b2ac-4b3a-830e-64ab112f975a,1,9,4.89,Subir Borrador,False
5f56f693-5a38-4ca2-96c0-7bba750fc7a6,1,17,3.24,Enviar solicitud de vacaciones,False
390714b2-977f-4e5c-bd1e-5f282ff785ef,2,10,1.04,Reunión Bienvenida,False
390714b2-977f-4e5c-bd1e-5f282ff785ef,0,11,3.51,Firma Director,False
31ece703-f961-4e8e-a5c5-cd5c5b47e3db,3,10,3.86,Iniciar Baja,False
f036cecc-192b-4e1e-bdc2-c95608f24fe9,1,17,5.41,Validar Elegibilidad,False
390714b2-977f-4e5c-bd1e-5f282ff785ef,5,8,3.73,Feedback de Manager,False
390714b2-977f-4e5c-bd1e-5f282ff785ef,1,10,4.83,Revisión Gerencial,False
31ece703-f961-4e8e-a5c5-cd5c5b47e3db,5,11,7.3,Habilitar Permisos,False
17775f19-8c66-41b3-bd38-919b0fe10b8f,0,18,7.49,Reunión Bienvenida,False
5f56f693-5a38-4ca2-96c0-7bba750fc7a6,2,9,4.46,Enviar solicitud de vacaciones,False
17775f19-8c66-41b3-bd38-919b0fe10b8f,5,17,3.07,Validar Comercial,False
31ece703-f961-4e8e-a5c5-cd5c5b47e3db,0,18,6.56,Pago de Liquidación,False
f036cecc-192b-4e1e-bdc2-c95608f24fe9,4,9,2.65,Presentar Requerimiento,False
17775f19-8c66-41b3-bd38-919b0fe10b8f,4,8,1.93,Validar Elegibilidad,False
390714b2-977f-4e5c-bd1e-5f282ff785ef,0,18,1.14,Enviar solicitud de vacaciones,False
31ece703-f961-4e8e-a5c5-cd5c5b47e3db,1,13,1.1,Consolidar Gastos,False
390714b2-977f-4e5c-bd1e-5f282ff785ef,3,16,6.05,Especificar Licencia,False
f5ba7581-b2ac-4b3a-830e-64ab112f975a,6,12,1.43,Especificar Servidores,False
390714b2-977f-4e5c-bd1e-5f282ff785ef,3,9,4.91,Iniciar Baja,False
5fd7b0ae-2619-4038-a52e-26a0576c4819,5,8,3.7,Entrega del Equipo,False
390714b2-977f-4e5c-bd1e-5f282ff785ef,0,17,0.83,Subir Borrador,False
31ece703-f961-4e8e-a5c5-cd5c5b47e3db,5,16,5.66,Solicitar Adelanto,False
5f56f693-5a38-4ca2-96c0-7bba750fc7a6,6,18,7.45,Feedback de Manager,False
e6edcb81-4782-44f0-af6d-1e9e184c77ba,2,13,5.14,Procesar Transferencia,False
390714b2-977f-4e5c-bd1e-5f282ff785ef,1,16,7.53,Revisión Gerencial,False
f5ba7581-b2ac-4b3a-830e-64ab112f975a,6,9,1.79,Habilitar Permisos,False
390714b2-977f-4e5c-bd1e-5f282ff785ef,4,17,2.62,Reunión Bienvenida,False
5f56f693-5a38-4ca2-96c0-7bba750fc7a6,6,16,4.0,Verificar Factura,False
31ece703-f961-4e8e-a5c5-cd5c5b47e3db,3,13,4.72,Aprobación del manager,False
31ece703-f961-4e8e-a5c5-cd5c5b47e3db,3,13,6.6,Registrar Recibos,False
5fd7b0ae-2619-4038-a52e-26a0576c4819,3,8,1.85,Detallar Curso,False
17775f19-8c66-41b3-bd38-919b0fe10b8f,0,14,1.1,Detallar Curso,False
390714b2-977f-4e5c-bd1e-5f282ff785ef,1,9,6.99,Validar Elegibilidad,False
390714b2-977f-4e5c-bd1e-5f282ff785ef,4,16,1.49,Iniciar Baja,False
e6edcb81-4782-44f0-af6d-1e9e184c77ba,5,11,6.1,Reunión Bienvenida,False
f5ba7581-b2ac-4b3a-830e-64ab112f975a,0,15,3.84,Entrega del Equipo,False
e6edcb81-4782-44f0-af6d-1e9e184c77ba,3,10,6.8,Autorización Gerencia,False
17775f19-8c66-41b3-bd38-919b0fe10b8f,5,15,1.8,Aprobación del manager,False
5f56f693-5a38-4ca2-96c0-7bba750fc7a6,2,12,3.2,Especificar Licencia,False
5fd7b0ae-2619-4038-a52e-26a0576c4819,1,12,2.52,Consolidar Gastos,False
e6edcb81-4782-44f0-af6d-1e9e184c77ba,2,8,4.68,Aprobación Presupuesto,False
390714b2-977f-4e5c-bd1e-5f282ff785ef,5,10,6.73,Pago de Liquidación,False
31ece703-f961-4e8e-a5c5-cd5c5b47e3db,2,14,2.19,Inicio del Proceso,False
f5ba7581-b2ac-4b3a-830e-64ab112f975a,3,8,2.22,Registrar Recibos,False
e6edcb81-4782-44f0-af6d-1e9e184c77ba,2,9,2.71,Autoevaluación,False
e6edcb81-4782-44f0-af6d-1e9e184c77ba,2,17,2.53,Inicio de la solicitud,False
31ece703-f961-4e8e-a5c5-cd5c5b47e3db,5,10,1.14,Iniciar Baja,False
f5ba7581-b2ac-4b3a-830e-64ab112f975a,1,10,6.93,Verificar Factura,False
390714b2-977f-4e5c-bd1e-5f282ff785ef,1,18,7.84,Validación de RRHH,False
17775f19-8c66-41b3-bd38-919b0fe10b8f,0,15,1.3,Instalar Licencia,False
31ece703-f961-4e8e-a5c5-cd5c5b47e3db,0,10,3.19,Dispersión de Fondos,False
31ece703-f961-4e8e-a5c5-cd5c5b47e3db,3,16,5.41,Cerrar Accesos,False
5fd7b0ae-2619-4038-a52e-26a0576c4819,3,17,2.89,Aprobación Costos,False
5fd7b0ae-2619-4038-a52e-26a0576c4819,4,18,1.12,Aprobación de Pago,False
5f56f693-5a38-4ca2-96c0-7bba750fc7a6,6,17,3.16,Evaluación Técnica,False
5fd7b0ae-2619-4038-a52e-26a0576c4819,4,16,2.13,Validar Elegibilidad,False
17775f19-8c66-41b3-bd38-919b0fe10b8f,4,17,6.58,Verificar Factura,False
f036cecc-192b-4e1e-bdc2-c95608f24fe9,5,9,6.64,Inicio de la solicitud,False
5fd7b0ae-2619-4038-a52e-26a0576c4819,4,14,5.2,Subir Borrador,False
5f56f693-5a38-4ca2-96c0-7bba750fc7a6,3,14,6.56,Especificar Servidores,False
f5ba7581-b2ac-4b3a-830e-64ab112f975a,3,8,2.64,Evaluación Técnica,False
f036cecc-192b-4e1e-bdc2-c95608f24fe9,4,18,4.09,Autoevaluación,False
17775f19-8c66-41b3-bd38-919b0fe10b8f,6,11,5.02,Especificar Licencia,False
e6edcb81-4782-44f0-af6d-1e9e184c77ba,1,18,4.43,Inicio del Proceso,False
f036cecc-192b-4e1e-bdc2-c95608f24fe9,1,13,5.69,Validación de RRHH,False
31ece703-f961-4e8e-a5c5-cd5c5b47e3db,2,12,3.27,Pago de Liquidación,False
390714b2-977f-4e5c-bd1e-5f282ff785ef,0,17,4.87,Aprobación de Pago,False
31ece703-f961-4e8e-a5c5-cd5c5b47e3db,2,17,5.66,Especificar Licencia,False
f5ba7581-b2ac-4b3a-830e-64ab112f975a,0,16,2.1,Subir Borrador,False
17775f19-8c66-41b3-bd38-919b0fe10b8f,2,12,0.92,Aprobar Presupuesto,False
e6edcb81-4782-44f0-af6d-1e9e184c77ba,0,9,7.3,Consolidar Gastos,False
5f56f693-5a38-4ca2-96c0-7bba750fc7a6,2,11,4.9,Procesar Transferencia,False
e6edcb81-4782-44f0-af6d-1e9e184c77ba,2,10,5.26,Evaluación Técnica,False
5fd7b0ae-2619-4038-a52e-26a0576c4819,5,9,2.72,Autorización Gerencia,False
390714b2-977f-4e5c-bd1e-5f282ff785ef,0,15,7.51,Aprobar Presupuesto,False
17775f19-8c66-41b3-bd38-919b0fe10b8f,2,18,2.18,Iniciar Baja,False
e6edcb81-4782-44f0-af6d-1e9e184c77ba,0,11,4.6,Validar Capacitación,False
f036cecc-192b-4e1e-bdc2-c95608f24fe9,5,10,2.78,Instalar Licencia,False
f036cecc-192b-4e1e-bdc2-c95608f24fe9,1,8,3.79,Evaluación Técnica,False
17775f19-8c66-41b3-bd38-919b0fe10b8f,3,18,6.22,Especificar Licencia,False
5f56f693-5a38-4ca2-96c0-7bba750fc7a6,2,11,1.95,Inicio del Proceso,False
f036cecc-192b-4e1e-bdc2-c95608f24fe9,5,9,5.36,Aprobación de Pago,False
f036cecc-192b-4e1e-bdc2-c95608f24fe9,0,8,2.58,Verificar Stock,False
5fd7b0ae-2619-4038-a52e-26a0576c4819,2,9,6.67,Subir Borrador,False
e6edcb81-4782-44f0-af6d-1e9e184c77ba,5,17,1.43,Inicio del Proceso,False
17775f19-8c66-41b3-bd38-919b0fe10b8f,1,15,7.78,Autorización Gerencia,False
f5ba7581-b2ac-4b3a-830e-64ab112f975a,6,8,5.06,Registrar Recibos,False
e6edcb81-4782-44f0-af6d-1e9e184c77ba,0,9,2.27,Entrega del Equipo,False
31ece703-f961-4e8e-a5c5-cd5c5b47e3db,6,14,7.36,Revisión Gerencial,False
390714b2-977f-4e5c-bd1e-5f282ff785ef,4,18,3.88,Aprobación Costos,False
e6edcb81-4782-44f0-af6d-1e9e184c77ba,4,12,5.83,Entrega del Equipo,False
e6edcb81-4782-44f0-af6d-1e9e184c77ba,2,16,3.4,Validar Comercial,False
f036cecc-192b-4e1e-bdc2-c95608f24fe9,6,17,2.8,Subir Borrador,False
31ece703-f961-4e8e-a5c5-cd5c5b47e3db,0,17,5.21,Setup Tecnológico,False
31ece703-f961-4e8e-a5c5-cd5c5b47e3db,4,11,5.23,Revisión Contable,False
390714b2-977f-4e5c-bd1e-5f282ff785ef,3,18,6.67,Subir Borrador,False
17775f19-8c66-41b3-bd38-919b0fe10b8f,6,18,4.81,Verificar Stock,False
5fd7b0ae-2619-4038-a52e-26a0576c4819,6,18,2.78,Validación de RRHH,False
5fd7b0ae-2619-4038-a52e-26a0576c4819,2,14,7.36,Validar Elegibilidad,False
390714b2-977f-4e5c-bd1e-5f282ff785ef,4,8,5.56,Feedback de Manager,False
31ece703-f961-4e8e-a5c5-cd5c5b47e3db,1,10,3.87,Validar Capacitación,False
390714b2-977f-4e5c-bd1e-5f282ff785ef,1,14,4.7,Firma Director,False
f036cecc-192b-4e1e-bdc2-c95608f24fe9,1,8,1.19,Especificar Licencia,False
5fd7b0ae-2619-4038-a52e-26a0576c4819,1,18,0.68,Validar Comercial,False
e6edcb81-4782-44f0-af6d-1e9e184c77ba,0,10,7.39,Presentar Requerimiento,False
f5ba7581-b2ac-4b3a-830e-64ab112f975a,1,18,5.12,Aprobación Costos,False
5fd7b0ae-2619-4038-a52e-26a0576c4819,4,15,4.65,Pago de Liquidación,False
e6edcb81-4782-44f0-af6d-1e9e184c77ba,5,16,2.88,Aprobación de Pago,False
390714b2-977f-4e5c-bd1e-5f282ff785ef,0,16,5.56,Aprobación de Pago,False
5f56f693-5a38-4ca2-96c0-7bba750fc7a6,5,11,6.17,Solicitar Adelanto,False
390714b2-977f-4e5c-bd1e-5f282ff785ef,4,12,1.23,Pago de Liquidación,False
5f56f693-5a38-4ca2-96c0-7bba750fc7a6,1,17,5.11,Revisión de Seguridad,False
f036cecc-192b-4e1e-bdc2-c95608f24fe9,0,13,5.26,Enviar solicitud de vacaciones,False
5fd7b0ae-2619-4038-a52e-26a0576c4819,1,9,7.71,Evaluación Técnica,False
f5ba7581-b2ac-4b3a-830e-64ab112f975a,2,16,7.73,Validación de RRHH,False
31ece703-f961-4e8e-a5c5-cd5c5b47e3db,5,17,4.31,Aprobar Presupuesto,False
17775f19-8c66-41b3-bd38-919b0fe10b8f,4,14,3.52,Aprobación del manager,False
31ece703-f961-4e8e-a5c5-cd5c5b47e3db,1,15,6.87,Revisión Contable,False
5f56f693-5a38-4ca2-96c0-7bba750fc7a6,0,17,0.84,Aprobar Presupuesto,False
f036cecc-192b-4e1e-bdc2-c95608f24fe9,4,18,3.31,Firma Director,False
5f56f693-5a38-4ca2-96c0-7bba750fc7a6,5,8,7.34,Procesar Transferencia,False
5fd7b0ae-2619-4038-a52e-26a0576c4819,4,13,7.95,Instalar Licencia,False
390714b2-977f-4e5c-bd1e-5f282ff785ef,6,17,6.86,Entrega del Equipo,False
e6edcb81-4782-44f0-af6d-1e9e184c77ba,0,8,4.85,Procesar Transferencia,False
5fd7b0ae-2619-4038-a52e-26a0576c4819,3,16,7.08,Feedback de Manager,False
31ece703-f961-4e8e-a5c5-cd5c5b47e3db,0,12,1.77,Consolidar Gastos,False
5f56f693-5a38-4ca2-96c0-7bba750fc7a6,3,9,1.35,Iniciar Baja,False
5fd7b0ae-2619-4038-a52e-26a0576c4819,4,16,7.55,Subir Borrador,False
5f56f693-5a38-4ca2-96c0-7bba750fc7a6,5,11,4.63,Solicitar Adelanto,False
f5ba7581-b2ac-4b3a-830e-64ab112f975a,6,11,6.92,Aprobar Presupuesto,False
17775f19-8c66-41b3-bd38-919b0fe10b8f,2,10,7.83,Dispersión de Fondos,False
31ece703-f961-4e8e-a5c5-cd5c5b47e3db,0,8,4.59,Aprobación del manager,False
31ece703-f961-4e8e-a5c5-cd5c5b47e3db,0,8,7.29,Revisión Gerencial,False
e6edcb81-4782-44f0-af6d-1e9e184c77ba,1,16,4.37,Preparar Firma,False
5f56f693-5a38-4ca2-96c0-7bba750fc7a6,0,14,5.12,Registrar Recibos,False
31ece703-f961-4e8e-a5c5-cd5c5b47e3db,2,10,6.15,Solicitar Adelanto,False
17775f19-8c66-41b3-bd38-919b0fe10b8f,4,14,5.2,Inicio de la solicitud,False
31ece703-f961-4e8e-a5c5-cd5c5b47e3db,0,14,4.13,Validar Capacitación,False
17775f19-8c66-41b3-bd38-919b0fe10b8f,6,17,4.02,Entrega del Equipo,False
5f56f693-5a38-4ca2-96c0-7bba750fc7a6,2,10,7.04,Validar Elegibilidad,False
17775f19-8c66-41b3-bd38-919b0fe10b8f,2,18,6.19,Revisión Gerencial,False
390714b2-977f-4e5c-bd1e-5f282ff785ef,5,9,2.19,Validación de RRHH,False
31ece703-f961-4e8e-a5c5-cd5c5b47e3db,5,8,3.76,Revisión Gerencial,False
f036cecc-192b-4e1e-bdc2-c95608f24fe9,5,17,5.18,Evaluación Técnica,False
f5ba7581-b2ac-4b3a-830e-64ab112f975a,3,10,6.58,Especificar Servidores,False
5f56f693-5a38-4ca2-96c0-7bba750fc7a6,1,12,0.98,Autorización Gerencia,False
e6edcb81-4782-44f0-af6d-1e9e184c77ba,6,12,6.47,Enviar solicitud de vacaciones,False
17775f19-8c66-41b3-bd38-919b0fe10b8f,0,10,4.43,Reunión Bienvenida,False
31ece703-f961-4e8e-a5c5-cd5c5b47e3db,1,15,3.12,Subir Borrador,False
5fd7b0ae-2619-4038-a52e-26a0576c4819,2,16,2.53,Dispersión de Fondos,False
e6edcb81-4782-44f0-af6d-1e9e184c77ba,2,10,2.54,Entrega del Equipo,False
f036cecc-192b-4e1e-bdc2-c95608f24fe9,5,17,2.71,Presentar Requerimiento,False
5fd7b0ae-2619-4038-a52e-26a0576c4819,5,17,6.76,Cerrar Accesos,False
f5ba7581-b2ac-4b3a-830e-64ab112f975a,1,11,2.96,Revisión Contable,False
31ece703-f961-4e8e-a5c5-cd5c5b47e3db,6,18,6.48,Validar Capacitación,False
e6edcb81-4782-44f0-af6d-1e9e184c77ba,6,13,7.9,Validar Capacitación,False
390714b2-977f-4e5c-bd1e-5f282ff785ef,4,10,7.26,Presentar Requerimiento,False
e6edcb81-4782-44f0-af6d-1e9e184c77ba,1,11,4.62,Especificar Servidores,False
e6edcb81-4782-44f0-af6d-1e9e184c77ba,5,16,0.89,Autorización Gerencia,False
e6edcb81-4782-44f0-af6d-1e9e184c77ba,6,8,7.18,Verificar Factura,False
e6edcb81-4782-44f0-af6d-1e9e184c77ba,1,10,3.27,Validar Comercial,False
390714b2-977f-4e5c-bd1e-5f282ff785ef,1,11,5.58,Validar Elegibilidad,False
390714b2-977f-4e5c-bd1e-5f282ff785ef,3,11,3.21,Reunión Bienvenida,False
f036cecc-192b-4e1e-bdc2-c95608f24fe9,6,16,3.51,Evaluación Técnica,False
17775f19-8c66-41b3-bd38-919b0fe10b8f,4,18,7.98,Feedback de Manager,False
f5ba7581-b2ac-4b3a-830e-64ab112f975a,2,16,4.99,Especificar Licencia,False
31ece703-f961-4e8e-a5c5-cd5c5b47e3db,1,8,4.15,Consolidación de RRHH,False
31ece703-f961-4e8e-a5c5-cd5c5b47e3db,6,16,7.48,Detallar Curso,False
f5ba7581-b2ac-4b3a-830e-64ab112f975a,6,18,2.29,Inicio de la solicitud,False
5fd7b0ae-2619-4038-a52e-26a0576c4819,6,9,4.58,Procesar Transferencia,False
31ece703-f961-4e8e-a5c5-cd5c5b47e3db,2,15,6.76,Evaluación Técnica,False
17775f19-8c66-41b3-bd38-919b0fe10b8f,1,14,3.56,Aprobación Costos,False
e6edcb81-4782-44f0-af6d-1e9e184c77ba,0,9,3.29,Aprobar Presupuesto,False
5fd7b0ae-2619-4038-a52e-26a0576c4819,1,10,0.64,Aprobación del manager,False
f036cecc-192b-4e1e-bdc2-c95608f24fe9,5,13,1.96,Aprobación Costos,False
e6edcb81-4782-44f0-af6d-1e9e184c77ba,3,14,6.22,Aprobación de Pago,False
31ece703-f961-4e8e-a5c5-cd5c5b47e3db,4,18,4.92,Enviar solicitud de vacaciones,False
f5ba7581-b2ac-4b3a-830e-64ab112f975a,5,16,7.13,Autoevaluación,False
e6edcb81-4782-44f0-af6d-1e9e184c77ba,2,14,7.62,Reunión Bienvenida,False
17775f19-8c66-41b3-bd38-919b0fe10b8f,0,18,4.89,Setup Tecnológico,False
e6edcb81-4782-44f0-af6d-1e9e184c77ba,5,15,6.22,Validación de RRHH,False
390714b2-977f-4e5c-bd1e-5f282ff785ef,2,18,3.74,Firma Director,False
f5ba7581-b2ac-4b3a-830e-64ab112f975a,2,12,6.89,Habilitar Permisos,False
f036cecc-192b-4e1e-bdc2-c95608f24fe9,2,9,5.98,Revisión de Seguridad,False
31ece703-f961-4e8e-a5c5-cd5c5b47e3db,2,8,5.15,Subir Borrador,False
390714b2-977f-4e5c-bd1e-5f282ff785ef,6,13,3.94,Aprobación de Pago,False
f036cecc-192b-4e1e-bdc2-c95608f24fe9,4,9,6.78,Iniciar Baja,False
5f56f693-5a38-4ca2-96c0-7bba750fc7a6,2,9,2.0,Verificar Factura,False
390714b2-977f-4e5c-bd1e-5f282ff785ef,3,18,1.89,Subir Borrador,False
5fd7b0ae-2619-4038-a52e-26a0576c4819,1,15,0.98,Especificar Licencia,False
390714b2-977f-4e5c-bd1e-5f282ff785ef,2,15,3.18,Solicitar Adelanto,False
390714b2-977f-4e5c-bd1e-5f282ff785ef,0,13,4.76,Consolidación de RRHH,False
5f56f693-5a38-4ca2-96c0-7bba750fc7a6,6,9,5.74,Reunión Bienvenida,False
390714b2-977f-4e5c-bd1e-5f282ff785ef,2,13,5.35,Procesar Transferencia,False
e6edcb81-4782-44f0-af6d-1e9e184c77ba,3,13,1.39,Inicio de la solicitud,False
5fd7b0ae-2619-4038-a52e-26a0576c4819,5,14,3.14,Aprobación de Pago,False
31ece703-f961-4e8e-a5c5-cd5c5b47e3db,1,16,6.73,Aprobación Presupuesto,False
f036cecc-192b-4e1e-bdc2-c95608f24fe9,2,15,3.7,Pago de Liquidación,False
f5ba7581-b2ac-4b3a-830e-64ab112f975a,1,10,3.99,Consolidar Gastos,False
e6edcb81-4782-44f0-af6d-1e9e184c77ba,1,12,6.09,Instalar Licencia,False
5fd7b0ae-2619-4038-a52e-26a0576c4819,0,12,6.91,Enviar solicitud de vacaciones,False
17775f19-8c66-41b3-bd38-919b0fe10b8f,6,11,7.96,Aprobación de Pago,False
31ece703-f961-4e8e-a5c5-cd5c5b47e3db,2,10,7.63,Autorización Gerencia,False
17775f19-8c66-41b3-bd38-919b0fe10b8f,6,15,0.82,Subir Borrador,False
17775f19-8c66-41b3-bd38-919b0fe10b8f,5,18,0.73,Dispersión de Fondos,False
f5ba7581-b2ac-4b3a-830e-64ab112f975a,5,14,0.66,Procesar Transferencia,False
f036cecc-192b-4e1e-bdc2-c95608f24fe9,1,18,0.96,Aprobación del manager,False
f5ba7581-b2ac-4b3a-830e-64ab112f975a,2,11,2.66,Subir Borrador,False
f036cecc-192b-4e1e-bdc2-c95608f24fe9,5,12,7.3,Reunión Bienvenida,False
5f56f693-5a38-4ca2-96c0-7bba750fc7a6,4,8,7.23,Aprobar Presupuesto,False
31ece703-f961-4e8e-a5c5-cd5c5b47e3db,5,13,6.22,Revisión Gerencial,False
f5ba7581-b2ac-4b3a-830e-64ab112f975a,1,15,1.34,Setup Tecnológico,False
5f56f693-5a38-4ca2-96c0-7bba750fc7a6,3,10,0.9,Registrar Recibos,False
f036cecc-192b-4e1e-bdc2-c95608f24fe9,3,12,0.57,Feedback de Manager,False
31ece703-f961-4e8e-a5c5-cd5c5b47e3db,6,15,0.68,Verificar Factura,False
5f56f693-5a38-4ca2-96c0-7bba750fc7a6,1,8,5.36,Aprobar Presupuesto,False
f036cecc-192b-4e1e-bdc2-c95608f24fe9,6,11,3.93,Subir Borrador,False
31ece703-f961-4e8e-a5c5-cd5c5b47e3db,0,18,3.98,Dispersión de Fondos,False
f036cecc-192b-4e1e-bdc2-c95608f24fe9,1,14,1.79,Verificar Stock,False
390714b2-977f-4e5c-bd1e-5f282ff785ef,5,15,6.14,Preparar Firma,False
31ece703-f961-4e8e-a5c5-cd5c5b47e3db,2,15,4.65,Enviar solicitud de vacaciones,False
e6edcb81-4782-44f0-af6d-1e9e184c77ba,6,12,6.96,Evaluación Técnica,False
390714b2-977f-4e5c-bd1e-5f282ff785ef,4,14,0.82,Revisión Gerencial,False
e6edcb81-4782-44f0-af6d-1e9e184c77ba,5,12,3.64,Dispersión de Fondos,False
f036cecc-192b-4e1e-bdc2-c95608f24fe9,5,14,2.39,Aprobación del manager,False
f036cecc-192b-4e1e-bdc2-c95608f24fe9,4,14,2.41,Evaluación Técnica,False
f036cecc-192b-4e1e-bdc2-c95608f24fe9,3,10,2.25,Evaluación Técnica,False
17775f19-8c66-41b3-bd38-919b0fe10b8f,6,11,4.22,Validar Comercial,False
e6edcb81-4782-44f0-af6d-1e9e184c77ba,6,18,6.08,Entrega del Equipo,False
e6edcb81-4782-44f0-af6d-1e9e184c77ba,6,10,6.4,Subir Borrador,False
390714b2-977f-4e5c-bd1e-5f282ff785ef,4,15,1.17,Inicio del Proceso,False
390714b2-977f-4e5c-bd1e-5f282ff785ef,5,17,2.73,Pago de Liquidación,False
e6edcb81-4782-44f0-af6d-1e9e184c77ba,5,10,7.68,Procesar Transferencia,False
e6edcb81-4782-44f0-af6d-1e9e184c77ba,1,9,2.05,Presentar Requerimiento,False
17775f19-8c66-41b3-bd38-919b0fe10b8f,1,18,3.11,Detallar Curso,False
5f56f693-5a38-4ca2-96c0-7bba750fc7a6,2,13,5.87,Enviar solicitud de vacaciones,False
390714b2-977f-4e5c-bd1e-5f282ff785ef,1,11,5.27,Evaluación Técnica,False
390714b2-977f-4e5c-bd1e-5f282ff785ef,6,15,0.98,Detallar Curso,False
5fd7b0ae-2619-4038-a52e-26a0576c4819,4,11,1.97,Preparar Firma,False
f036cecc-192b-4e1e-bdc2-c95608f24fe9,5,11,2.48,Revisión Contable,False
f5ba7581-b2ac-4b3a-830e-64ab112f975a,0,9,1.42,Revisión Gerencial,False
f036cecc-192b-4e1e-bdc2-c95608f24fe9,4,15,2.04,Procesar Transferencia,False
f036cecc-192b-4e1e-bdc2-c95608f24fe9,1,15,4.9,Dispersión de Fondos,False
390714b2-977f-4e5c-bd1e-5f282ff785ef,0,10,4.74,Validar Elegibilidad,False
e6edcb81-4782-44f0-af6d-1e9e184c77ba,2,9,0.95,Registrar Recibos,False
f5ba7581-b2ac-4b3a-830e-64ab112f975a,4,12,6.03,Presentar Requerimiento,False
31ece703-f961-4e8e-a5c5-cd5c5b47e3db,4,17,2.16,Solicitar Adelanto,False
f5ba7581-b2ac-4b3a-830e-64ab112f975a,2,17,1.45,Validar Capacitación,False
e6edcb81-4782-44f0-af6d-1e9e184c77ba,1,17,7.36,Revisión de Seguridad,False
17775f19-8c66-41b3-bd38-919b0fe10b8f,5,17,2.1,Aprobación Presupuesto,False
390714b2-977f-4e5c-bd1e-5f282ff785ef,0,16,3.86,Especificar Licencia,False
f036cecc-192b-4e1e-bdc2-c95608f24fe9,6,16,7.53,Enviar solicitud de vacaciones,False
5f56f693-5a38-4ca2-96c0-7bba750fc7a6,4,17,4.95,Aprobación del manager,False
f036cecc-192b-4e1e-bdc2-c95608f24fe9,0,16,7.54,Verificar Factura,False
5f56f693-5a38-4ca2-96c0-7bba750fc7a6,1,17,7.1,Revisión Contable,False
17775f19-8c66-41b3-bd38-919b0fe10b8f,0,15,2.49,Revisión Gerencial,False
f5ba7581-b2ac-4b3a-830e-64ab112f975a,0,16,6.59,Presentar Requerimiento,False
31ece703-f961-4e8e-a5c5-cd5c5b47e3db,6,10,5.91,Aprobación de Pago,False
5fd7b0ae-2619-4038-a52e-26a0576c4819,3,9,3.16,Enviar solicitud de vacaciones,False
e6edcb81-4782-44f0-af6d-1e9e184c77ba,1,16,4.1,Verificar Factura,False
31ece703-f961-4e8e-a5c5-cd5c5b47e3db,3,10,5.78,Revisión de Seguridad,False
f5ba7581-b2ac-4b3a-830e-64ab112f975a,6,16,7.72,Validar Comercial,False
f5ba7581-b2ac-4b3a-830e-64ab112f975a,5,18,0.73,Habilitar Permisos,False
e6edcb81-4782-44f0-af6d-1e9e184c77ba,5,10,7.85,Habilitar Permisos,False
31ece703-f961-4e8e-a5c5-cd5c5b47e3db,3,15,5.43,Aprobar Presupuesto,False
390714b2-977f-4e5c-bd1e-5f282ff785ef,3,12,2.76,Autorización Gerencia,False
390714b2-977f-4e5c-bd1e-5f282ff785ef,2,14,3.0,Solicitar Adelanto,False
5f56f693-5a38-4ca2-96c0-7bba750fc7a6,6,18,7.09,Consolidación de RRHH,False
17775f19-8c66-41b3-bd38-919b0fe10b8f,3,9,1.23,Preparar Firma,False
390714b2-977f-4e5c-bd1e-5f282ff785ef,4,17,2.69,Pago de Liquidación,False
e6edcb81-4782-44f0-af6d-1e9e184c77ba,4,8,7.33,Verificar Stock,False
f5ba7581-b2ac-4b3a-830e-64ab112f975a,4,17,4.04,Habilitar Permisos,False
31ece703-f961-4e8e-a5c5-cd5c5b47e3db,5,10,2.58,Inicio del Proceso,False
e6edcb81-4782-44f0-af6d-1e9e184c77ba,3,13,7.16,Instalar Licencia,False
f036cecc-192b-4e1e-bdc2-c95608f24fe9,4,9,3.4,Solicitar Adelanto,False
390714b2-977f-4e5c-bd1e-5f282ff785ef,0,16,2.41,Enviar solicitud de vacaciones,False
f5ba7581-b2ac-4b3a-830e-64ab112f975a,0,15,1.53,Pago de Liquidación,False
17775f19-8c66-41b3-bd38-919b0fe10b8f,4,8,2.03,Iniciar Baja,False
17775f19-8c66-41b3-bd38-919b0fe10b8f,0,16,3.73,Detallar Curso,False
e6edcb81-4782-44f0-af6d-1e9e184c77ba,2,12,6.27,Inicio del Proceso,False
17775f19-8c66-41b3-bd38-919b0fe10b8f,0,15,7.32,Validar Elegibilidad,False
e6edcb81-4782-44f0-af6d-1e9e184c77ba,6,9,0.95,Aprobación Presupuesto,False
f5ba7581-b2ac-4b3a-830e-64ab112f975a,6,11,2.86,Verificar Stock,False
e6edcb81-4782-44f0-af6d-1e9e184c77ba,5,10,4.31,Inicio de la solicitud,False
17775f19-8c66-41b3-bd38-919b0fe10b8f,1,8,3.35,Revisión Contable,False
5f56f693-5a38-4ca2-96c0-7bba750fc7a6,6,15,0.54,Procesar Transferencia,False
f036cecc-192b-4e1e-bdc2-c95608f24fe9,4,16,3.14,Firma Director,False
17775f19-8c66-41b3-bd38-919b0fe10b8f,4,8,2.39,Presentar Requerimiento,False
e6edcb81-4782-44f0-af6d-1e9e184c77ba,2,14,1.82,Especificar Servidores,False
e6edcb81-4782-44f0-af6d-1e9e184c77ba,1,9,7.74,Presentar Requerimiento,False
5fd7b0ae-2619-4038-a52e-26a0576c4819,5,18,4.51,Especificar Servidores,False
31ece703-f961-4e8e-a5c5-cd5c5b47e3db,2,14,4.15,Inicio del Proceso,False
f036cecc-192b-4e1e-bdc2-c95608f24fe9,1,9,7.0,Consolidación de RRHH,False
31ece703-f961-4e8e-a5c5-cd5c5b47e3db,2,15,2.15,Validar Comercial,False
31ece703-f961-4e8e-a5c5-cd5c5b47e3db,3,17,5.56,Validar Capacitación,False
f036cecc-192b-4e1e-bdc2-c95608f24fe9,5,14,3.91,Dispersión de Fondos,False
e6edcb81-4782-44f0-af6d-1e9e184c77ba,5,18,6.1,Pago de Liquidación,False
e6edcb81-4782-44f0-af6d-1e9e184c77ba,1,11,6.8,Validación de RRHH,False
f5ba7581-b2ac-4b3a-830e-64ab112f975a,5,10,6.72,Enviar solicitud de vacaciones,False
f5ba7581-b2ac-4b3a-830e-64ab112f975a,3,11,3.04,Validar Elegibilidad,False
f036cecc-192b-4e1e-bdc2-c95608f24fe9,0,11,1.92,Validación de RRHH,False
f5ba7581-b2ac-4b3a-830e-64ab112f975a,0,12,1.67,Iniciar Baja,False
f036cecc-192b-4e1e-bdc2-c95608f24fe9,4,13,1.9,Registrar Recibos,False
f036cecc-192b-4e1e-bdc2-c95608f24fe9,6,13,6.73,Procesar Transferencia,False
5f56f693-5a38-4ca2-96c0-7bba750fc7a6,4,13,1.99,Procesar Transferencia,False
5f56f693-5a38-4ca2-96c0-7bba750fc7a6,5,9,4.9,Instalar Licencia,False
f036cecc-192b-4e1e-bdc2-c95608f24fe9,4,17,4.65,Validar Capacitación,False
31ece703-f961-4e8e-a5c5-cd5c5b47e3db,1,15,7.64,Consolidar Gastos,False
31ece703-f961-4e8e-a5c5-cd5c5b47e3db,5,8,7.95,Aprobación Presupuesto,False
f5ba7581-b2ac-4b3a-830e-64ab112f975a,0,13,1.11,Aprobación Costos,False
31ece703-f961-4e8e-a5c5-cd5c5b47e3db,5,16,4.48,Registrar Recibos,False
5f56f693-5a38-4ca2-96c0-7bba750fc7a6,3,13,3.1,Instalar Licencia,False
31ece703-f961-4e8e-a5c5-cd5c5b47e3db,2,12,2.81,Procesar Transferencia,False
f036cecc-192b-4e1e-bdc2-c95608f24fe9,4,8,2.58,Validar Elegibilidad,False
f5ba7581-b2ac-4b3a-830e-64ab112f975a,2,18,6.22,Setup Tecnológico,False
31ece703-f961-4e8e-a5c5-cd5c5b47e3db,2,10,6.38,Validación de RRHH,False
390714b2-977f-4e5c-bd1e-5f282ff785ef,5,12,2.51,Revisión Gerencial,False
390714b2-977f-4e5c-bd1e-5f282ff785ef,0,14,2.16,Registrar Recibos,False
17775f19-8c66-41b3-bd38-919b0fe10b8f,0,16,3.66,Enviar solicitud de vacaciones,False
5f56f693-5a38-4ca2-96c0-7bba750fc7a6,1,11,3.66,Solicitar Adelanto,False
f5ba7581-b2ac-4b3a-830e-64ab112f975a,1,8,6.93,Presentar Requerimiento,False
f036cecc-192b-4e1e-bdc2-c95608f24fe9,6,12,1.36,Evaluación Técnica,False
e6edcb81-4782-44f0-af6d-1e9e184c77ba,1,15,5.97,Autorización Gerencia,False
31ece703-f961-4e8e-a5c5-cd5c5b47e3db,5,9,7.92,Revisión Gerencial,False
5fd7b0ae-2619-4038-a52e-26a0576c4819,3,15,0.65,Reunión Bienvenida,False
f036cecc-192b-4e1e-bdc2-c95608f24fe9,0,9,3.07,Setup Tecnológico,False
5f56f693-5a38-4ca2-96c0-7bba750fc7a6,5,12,6.69,Revisión Gerencial,False
17775f19-8c66-41b3-bd38-919b0fe10b8f,0,8,5.03,Iniciar Baja,False
f036cecc-192b-4e1e-bdc2-c95608f24fe9,5,11,2.54,Subir Borrador,False
17775f19-8c66-41b3-bd38-919b0fe10b8f,5,9,3.89,Aprobación del manager,False
31ece703-f961-4e8e-a5c5-cd5c5b47e3db,2,9,3.56,Verificar Stock,False
f5ba7581-b2ac-4b3a-830e-64ab112f975a,5,9,5.9,Setup Tecnológico,False
f036cecc-192b-4e1e-bdc2-c95608f24fe9,3,17,6.35,Aprobación Costos,False
17775f19-8c66-41b3-bd38-919b0fe10b8f,2,13,3.04,Aprobación de Pago,False
e6edcb81-4782-44f0-af6d-1e9e184c77ba,1,16,7.69,Dispersión de Fondos,False
5f56f693-5a38-4ca2-96c0-7bba750fc7a6,6,15,3.11,Revisión Contable,False
17775f19-8c66-41b3-bd38-919b0fe10b8f,3,16,0.64,Aprobación Presupuesto,False
5f56f693-5a38-4ca2-96c0-7bba750fc7a6,0,13,7.28,Habilitar Permisos,False
5f56f693-5a38-4ca2-96c0-7bba750fc7a6,5,12,7.33,Preparar Firma,False
e6edcb81-4782-44f0-af6d-1e9e184c77ba,3,10,5.12,Habilitar Permisos,False
5f56f693-5a38-4ca2-96c0-7bba750fc7a6,6,12,7.76,Setup Tecnológico,False
17775f19-8c66-41b3-bd38-919b0fe10b8f,5,18,2.69,Instalar Licencia,False
5fd7b0ae-2619-4038-a52e-26a0576c4819,0,15,2.18,Validar Elegibilidad,False
f5ba7581-b2ac-4b3a-830e-64ab112f975a,2,16,0.99,Habilitar Permisos,False
5f56f693-5a38-4ca2-96c0-7bba750fc7a6,2,12,7.5,Dispersión de Fondos,False
f036cecc-192b-4e1e-bdc2-c95608f24fe9,2,9,1.21,Preparar Firma,False
5f56f693-5a38-4ca2-96c0-7bba750fc7a6,0,12,7.89,Preparar Firma,False
17775f19-8c66-41b3-bd38-919b0fe10b8f,4,10,3.6,Presentar Requerimiento,False
390714b2-977f-4e5c-bd1e-5f282ff785ef,6,9,3.05,Dispersión de Fondos,False
17775f19-8c66-41b3-bd38-919b0fe10b8f,1,10,3.78,Aprobación Costos,False
5fd7b0ae-2619-4038-a52e-26a0576c4819,4,10,6.19,Detallar Curso,False
5fd7b0ae-2619-4038-a52e-26a0576c4819,6,10,3.17,Iniciar Baja,False
5f56f693-5a38-4ca2-96c0-7bba750fc7a6,3,14,3.21,Validación de RRHH,False
17775f19-8c66-41b3-bd38-919b0fe10b8f,2,11,4.75,Autoevaluación,False
f5ba7581-b2ac-4b3a-830e-64ab112f975a,3,17,1.36,Consolidar Gastos,False
5f56f693-5a38-4ca2-96c0-7bba750fc7a6,4,9,1.36,Firma Director,False
31ece703-f961-4e8e-a5c5-cd5c5b47e3db,0,11,6.59,Inicio de la solicitud,False
f5ba7581-b2ac-4b3a-830e-64ab112f975a,1,12,5.26,Consolidar Gastos,False
f5ba7581-b2ac-4b3a-830e-64ab112f975a,0,9,1.37,Autorización Gerencia,False
f5ba7581-b2ac-4b3a-830e-64ab112f975a,5,14,2.77,Consolidar Gastos,False
e6edcb81-4782-44f0-af6d-1e9e184c77ba,0,14,3.15,Validación de RRHH,False
e6edcb81-4782-44f0-af6d-1e9e184c77ba,0,15,1.29,Habilitar Permisos,False
17775f19-8c66-41b3-bd38-919b0fe10b8f,5,18,3.35,Revisión de Seguridad,False
17775f19-8c66-41b3-bd38-919b0fe10b8f,6,16,7.04,Validar Capacitación,False
e6edcb81-4782-44f0-af6d-1e9e184c77ba,4,9,4.52,Iniciar Baja,False
5f56f693-5a38-4ca2-96c0-7bba750fc7a6,5,18,5.41,Aprobar Presupuesto,False
31ece703-f961-4e8e-a5c5-cd5c5b47e3db,4,14,2.9,Feedback de Manager,False
31ece703-f961-4e8e-a5c5-cd5c5b47e3db,6,9,7.08,Validar Comercial,False
e6edcb81-4782-44f0-af6d-1e9e184c77ba,5,15,0.7,Solicitar Adelanto,False
17775f19-8c66-41b3-bd38-919b0fe10b8f,2,8,0.85,Habilitar Permisos,False
f5ba7581-b2ac-4b3a-830e-64ab112f975a,3,13,3.29,Validar Capacitación,False
f5ba7581-b2ac-4b3a-830e-64ab112f975a,2,18,4.62,Aprobación Presupuesto,False
5f56f693-5a38-4ca2-96c0-7bba750fc7a6,4,18,4.45,Detallar Curso,False
f5ba7581-b2ac-4b3a-830e-64ab112f975a,3,10,5.39,Cerrar Accesos,False
f5ba7581-b2ac-4b3a-830e-64ab112f975a,3,10,1.74,Especificar Servidores,False
17775f19-8c66-41b3-bd38-919b0fe10b8f,1,13,2.32,Solicitar Adelanto,False
5fd7b0ae-2619-4038-a52e-26a0576c4819,6,8,5.28,Revisión de Seguridad,False
5f56f693-5a38-4ca2-96c0-7bba750fc7a6,3,11,6.34,Validar Comercial,False
31ece703-f961-4e8e-a5c5-cd5c5b47e3db,5,16,5.16,Aprobación Presupuesto,False
390714b2-977f-4e5c-bd1e-5f282ff785ef,3,13,0.68,Verificar Stock,False
390714b2-977f-4e5c-bd1e-5f282ff785ef,0,11,5.75,Presentar Requerimiento,False
5fd7b0ae-2619-4038-a52e-26a0576c4819,5,9,6.11,Cerrar Accesos,False
390714b2-977f-4e5c-bd1e-5f282ff785ef,2,15,0.53,Validar Capacitación,False
f036cecc-192b-4e1e-bdc2-c95608f24fe9,2,17,6.09,Consolidar Gastos,False
f036cecc-192b-4e1e-bdc2-c95608f24fe9,2,15,5.49,Inicio de la solicitud,False
17775f19-8c66-41b3-bd38-919b0fe10b8f,3,12,1.98,Inicio del Proceso,False
5f56f693-5a38-4ca2-96c0-7bba750fc7a6,1,10,4.39,Firma Director,False
f5ba7581-b2ac-4b3a-830e-64ab112f975a,6,15,7.59,Autoevaluación,False
5fd7b0ae-2619-4038-a52e-26a0576c4819,5,16,4.07,Validar Capacitación,False
e6edcb81-4782-44f0-af6d-1e9e184c77ba,0,17,6.41,Aprobación de Pago,False
f036cecc-192b-4e1e-bdc2-c95608f24fe9,2,12,7.79,Evaluación Técnica,False
17775f19-8c66-41b3-bd38-919b0fe10b8f,2,14,6.55,Cerrar Accesos,False
31ece703-f961-4e8e-a5c5-cd5c5b47e3db,6,18,5.93,Inicio de la solicitud,False
e6edcb81-4782-44f0-af6d-1e9e184c77ba,3,10,3.35,Revisión Contable,False
390714b2-977f-4e5c-bd1e-5f282ff785ef,0,14,1.35,Enviar solicitud de vacaciones,False
f5ba7581-b2ac-4b3a-830e-64ab112f975a,2,8,5.44,Consolidación de RRHH,False
390714b2-977f-4e5c-bd1e-5f282ff785ef,4,8,0.88,Especificar Servidores,False
17775f19-8c66-41b3-bd38-919b0fe10b8f,6,12,4.71,Detallar Curso,False
f036cecc-192b-4e1e-bdc2-c95608f24fe9,2,14,5.95,Consolidar Gastos,False
e6edcb81-4782-44f0-af6d-1e9e184c77ba,6,16,5.86,Iniciar Baja,False
31ece703-f961-4e8e-a5c5-cd5c5b47e3db,3,15,7.91,Presentar Requerimiento,False
390714b2-977f-4e5c-bd1e-5f282ff785ef,6,16,1.78,Verificar Factura,False
f5ba7581-b2ac-4b3a-830e-64ab112f975a,5,15,3.36,Revisión Contable,False
5fd7b0ae-2619-4038-a52e-26a0576c4819,2,13,7.81,Evaluación Técnica,False
390714b2-977f-4e5c-bd1e-5f282ff785ef,6,15,1.85,Setup Tecnológico,False
f036cecc-192b-4e1e-bdc2-c95608f24fe9,0,17,5.22,Evaluación Técnica,False
e6edcb81-4782-44f0-af6d-1e9e184c77ba,2,17,3.19,Consolidación de RRHH,False
f5ba7581-b2ac-4b3a-830e-64ab112f975a,6,10,3.04,Evaluación Técnica,False
390714b2-977f-4e5c-bd1e-5f282ff785ef,3,9,6.47,Revisión Contable,False
5f56f693-5a38-4ca2-96c0-7bba750fc7a6,3,9,7.22,Aprobación Presupuesto,False
31ece703-f961-4e8e-a5c5-cd5c5b47e3db,4,16,2.0,Iniciar Baja,False
e6edcb81-4782-44f0-af6d-1e9e184c77ba,0,10,5.57,Habilitar Permisos,False
5fd7b0ae-2619-4038-a52e-26a0576c4819,3,9,0.77,Cerrar Accesos,False
31ece703-f961-4e8e-a5c5-cd5c5b47e3db,0,13,3.8,Aprobación Presupuesto,False
e6edcb81-4782-44f0-af6d-1e9e184c77ba,5,15,3.76,Feedback de Manager,False
e6edcb81-4782-44f0-af6d-1e9e184c77ba,1,8,1.54,Enviar solicitud de vacaciones,False
5f56f693-5a38-4ca2-96c0-7bba750fc7a6,6,17,1.48,Entrega del Equipo,False
5f56f693-5a38-4ca2-96c0-7bba750fc7a6,1,10,4.9,Detallar Curso,False
e6edcb81-4782-44f0-af6d-1e9e184c77ba,4,12,6.92,Firma Director,False
5fd7b0ae-2619-4038-a52e-26a0576c4819,5,15,6.67,Dispersión de Fondos,False
e6edcb81-4782-44f0-af6d-1e9e184c77ba,0,17,6.7,Autorización Gerencia,False
5fd7b0ae-2619-4038-a52e-26a0576c4819,0,13,4.3,Presentar Requerimiento,False
5fd7b0ae-2619-4038-a52e-26a0576c4819,0,10,4.53,Validación de RRHH,False
5fd7b0ae-2619-4038-a52e-26a0576c4819,1,16,7.43,Aprobación de Pago,False
5fd7b0ae-2619-4038-a52e-26a0576c4819,3,13,6.59,Reunión Bienvenida,False
5fd7b0ae-2619-4038-a52e-26a0576c4819,4,13,1.03,Consolidación de RRHH,False
e6edcb81-4782-44f0-af6d-1e9e184c77ba,2,12,7.34,Inicio del Proceso,False
f036cecc-192b-4e1e-bdc2-c95608f24fe9,0,11,1.29,Revisión de Seguridad,False
e6edcb81-4782-44f0-af6d-1e9e184c77ba,6,16,0.92,Procesar Transferencia,False
31ece703-f961-4e8e-a5c5-cd5c5b47e3db,6,18,7.04,Cerrar Accesos,False
5f56f693-5a38-4ca2-96c0-7bba750fc7a6,6,8,7.82,Revisión Gerencial,False
5f56f693-5a38-4ca2-96c0-7bba750fc7a6,4,16,0.68,Validación de RRHH,False
17775f19-8c66-41b3-bd38-919b0fe10b8f,0,14,1.99,Reunión Bienvenida,False
5fd7b0ae-2619-4038-a52e-26a0576c4819,1,12,6.58,Dispersión de Fondos,False
5fd7b0ae-2619-4038-a52e-26a0576c4819,1,17,3.89,Inicio del Proceso,False
5f56f693-5a38-4ca2-96c0-7bba750fc7a6,4,15,4.43,Evaluación Técnica,False
390714b2-977f-4e5c-bd1e-5f282ff785ef,1,9,6.39,Cerrar Accesos,False
390714b2-977f-4e5c-bd1e-5f282ff785ef,4,15,1.07,Aprobación del manager,False
17775f19-8c66-41b3-bd38-919b0fe10b8f,3,16,3.08,Aprobar Presupuesto,False
f5ba7581-b2ac-4b3a-830e-64ab112f975a,4,10,4.78,Aprobación del manager,False
5fd7b0ae-2619-4038-a52e-26a0576c4819,4,14,2.09,Autorización Gerencia,False
17775f19-8c66-41b3-bd38-919b0fe10b8f,0,14,1.07,Validar Comercial,False
17775f19-8c66-41b3-bd38-919b0fe10b8f,4,8,1.37,Instalar Licencia,False
5f56f693-5a38-4ca2-96c0-7bba750fc7a6,2,9,2.75,Cerrar Accesos,False
390714b2-977f-4e5c-bd1e-5f282ff785ef,0,16,7.57,Aprobación Costos,False
e6edcb81-4782-44f0-af6d-1e9e184c77ba,3,12,1.87,Aprobar Presupuesto,False
f036cecc-192b-4e1e-bdc2-c95608f24fe9,6,11,6.64,Especificar Servidores,False
5fd7b0ae-2619-4038-a52e-26a0576c4819,1,18,6.95,Evaluación Técnica,False
17775f19-8c66-41b3-bd38-919b0fe10b8f,0,12,5.56,Validar Comercial,False
5fd7b0ae-2619-4038-a52e-26a0576c4819,0,15,0.85,Enviar solicitud de vacaciones,False
5f56f693-5a38-4ca2-96c0-7bba750fc7a6,1,10,3.73,Aprobación Costos,False
390714b2-977f-4e5c-bd1e-5f282ff785ef,5,11,6.7,Habilitar Permisos,False
5fd7b0ae-2619-4038-a52e-26a0576c4819,4,13,7.78,Iniciar Baja,False
f036cecc-192b-4e1e-bdc2-c95608f24fe9,6,9,5.09,Revisión Contable,False
31ece703-f961-4e8e-a5c5-cd5c5b47e3db,6,11,6.28,Aprobación Presupuesto,False
390714b2-977f-4e5c-bd1e-5f282ff785ef,4,12,1.59,Verificar Stock,False
5fd7b0ae-2619-4038-a52e-26a0576c4819,0,16,4.85,Reunión Bienvenida,False
f5ba7581-b2ac-4b3a-830e-64ab112f975a,2,14,3.99,Habilitar Permisos,False
f036cecc-192b-4e1e-bdc2-c95608f24fe9,2,17,0.99,Reunión Bienvenida,False
390714b2-977f-4e5c-bd1e-5f282ff785ef,1,16,5.6,Reunión Bienvenida,False
f036cecc-192b-4e1e-bdc2-c95608f24fe9,4,15,7.56,Validar Elegibilidad,False
17775f19-8c66-41b3-bd38-919b0fe10b8f,2,18,3.74,Firma Director,False
390714b2-977f-4e5c-bd1e-5f282ff785ef,1,9,4.07,Feedback de Manager,False
5f56f693-5a38-4ca2-96c0-7bba750fc7a6,4,12,5.23,Iniciar Baja,False
5f56f693-5a38-4ca2-96c0-7bba750fc7a6,1,8,5.03,Validación de RRHH,False
f036cecc-192b-4e1e-bdc2-c95608f24fe9,2,10,6.2,Preparar Firma,False
f036cecc-192b-4e1e-bdc2-c95608f24fe9,5,18,3.04,Validación de RRHH,False
f036cecc-192b-4e1e-bdc2-c95608f24fe9,0,15,2.72,Entrega del Equipo,False
f5ba7581-b2ac-4b3a-830e-64ab112f975a,3,13,0.96,Validar Elegibilidad,False
390714b2-977f-4e5c-bd1e-5f282ff785ef,4,16,3.19,Setup Tecnológico,False
5f56f693-5a38-4ca2-96c0-7bba750fc7a6,0,13,5.45,Preparar Firma,False
f5ba7581-b2ac-4b3a-830e-64ab112f975a,5,14,2.97,Habilitar Permisos,False
f5ba7581-b2ac-4b3a-830e-64ab112f975a,4,11,4.62,Aprobación de Pago,False
390714b2-977f-4e5c-bd1e-5f282ff785ef,5,9,5.68,Pago de Liquidación,False
390714b2-977f-4e5c-bd1e-5f282ff785ef,0,16,6.4,Especificar Servidores,False
31ece703-f961-4e8e-a5c5-cd5c5b47e3db,5,17,2.73,Instalar Licencia,False
f5ba7581-b2ac-4b3a-830e-64ab112f975a,0,8,4.15,Cerrar Accesos,False
e6edcb81-4782-44f0-af6d-1e9e184c77ba,6,8,6.96,Validar Capacitación,False
5f56f693-5a38-4ca2-96c0-7bba750fc7a6,1,16,3.25,Procesar Transferencia,False
390714b2-977f-4e5c-bd1e-5f282ff785ef,5,16,5.64,Habilitar Permisos,False
f036cecc-192b-4e1e-bdc2-c95608f24fe9,3,8,3.85,Revisión Gerencial,False
5f56f693-5a38-4ca2-96c0-7bba750fc7a6,0,11,7.83,Aprobación Presupuesto,False
5f56f693-5a38-4ca2-96c0-7bba750fc7a6,1,11,3.76,Presentar Requerimiento,False
17775f19-8c66-41b3-bd38-919b0fe10b8f,3,17,4.44,Solicitar Adelanto,False
5fd7b0ae-2619-4038-a52e-26a0576c4819,3,18,7.21,Subir Borrador,False
5f56f693-5a38-4ca2-96c0-7bba750fc7a6,2,8,0.98,Verificar Stock,False
390714b2-977f-4e5c-bd1e-5f282ff785ef,0,11,5.07,Subir Borrador,False
f5ba7581-b2ac-4b3a-830e-64ab112f975a,5,11,6.2,Presentar Requerimiento,False
31ece703-f961-4e8e-a5c5-cd5c5b47e3db,1,11,5.34,Aprobación de Pago,False
f5ba7581-b2ac-4b3a-830e-64ab112f975a,1,13,7.8,Aprobación Presupuesto,False
f036cecc-192b-4e1e-bdc2-c95608f24fe9,5,11,0.58,Consolidar Gastos,False
5fd7b0ae-2619-4038-a52e-26a0576c4819,2,18,4.94,Aprobar Presupuesto,False
31ece703-f961-4e8e-a5c5-cd5c5b47e3db,5,8,1.48,Consolidar Gastos,False
31ece703-f961-4e8e-a5c5-cd5c5b47e3db,0,17,7.97,Registrar Recibos,False
f5ba7581-b2ac-4b3a-830e-64ab112f975a,6,15,4.75,Aprobación Costos,False
17775f19-8c66-41b3-bd38-919b0fe10b8f,6,12,6.0,Reunión Bienvenida,False
17775f19-8c66-41b3-bd38-919b0fe10b8f,3,15,3.46,Verificar Stock,False
31ece703-f961-4e8e-a5c5-cd5c5b47e3db,4,8,7.28,Aprobación del manager,False
e6edcb81-4782-44f0-af6d-1e9e184c77ba,5,17,3.49,Aprobar Presupuesto,False
5f56f693-5a38-4ca2-96c0-7bba750fc7a6,4,9,3.37,Validación de RRHH,False
5fd7b0ae-2619-4038-a52e-26a0576c4819,2,9,6.44,Consolidación de RRHH,False
e6edcb81-4782-44f0-af6d-1e9e184c77ba,4,12,3.96,Dispersión de Fondos,False
e6edcb81-4782-44f0-af6d-1e9e184c77ba,3,14,7.04,Inicio de la solicitud,False
31ece703-f961-4e8e-a5c5-cd5c5b47e3db,0,14,6.45,Procesar Transferencia,False
17775f19-8c66-41b3-bd38-919b0fe10b8f,4,12,1.68,Aprobación Costos,False
17775f19-8c66-41b3-bd38-919b0fe10b8f,1,17,2.68,Cerrar Accesos,False
f5ba7581-b2ac-4b3a-830e-64ab112f975a,3,10,0.72,Enviar solicitud de vacaciones,False
390714b2-977f-4e5c-bd1e-5f282ff785ef,3,9,5.9,Validar Elegibilidad,False
e6edcb81-4782-44f0-af6d-1e9e184c77ba,6,16,6.93,Verificar Factura,False
17775f19-8c66-41b3-bd38-919b0fe10b8f,6,18,7.44,Solicitar Adelanto,False
e6edcb81-4782-44f0-af6d-1e9e184c77ba,0,9,1.27,Aprobación de Pago,False
f036cecc-192b-4e1e-bdc2-c95608f24fe9,3,9,7.33,Firma Director,False
e6edcb81-4782-44f0-af6d-1e9e184c77ba,5,10,7.17,Cerrar Accesos,False
f5ba7581-b2ac-4b3a-830e-64ab112f975a,1,14,7.73,Inicio de la solicitud,False
390714b2-977f-4e5c-bd1e-5f282ff785ef,6,12,6.92,Aprobar Presupuesto,False
5fd7b0ae-2619-4038-a52e-26a0576c4819,0,17,0.89,Especificar Licencia,False
e6edcb81-4782-44f0-af6d-1e9e184c77ba,2,12,5.93,Verificar Factura,False
5f56f693-5a38-4ca2-96c0-7bba750fc7a6,5,18,4.81,Validar Comercial,False
390714b2-977f-4e5c-bd1e-5f282ff785ef,5,10,5.37,Iniciar Baja,False
390714b2-977f-4e5c-bd1e-5f282ff785ef,0,9,5.06,Instalar Licencia,False
5fd7b0ae-2619-4038-a52e-26a0576c4819,3,10,5.63,Especificar Licencia,False
390714b2-977f-4e5c-bd1e-5f282ff785ef,6,14,3.46,Detallar Curso,False
e6edcb81-4782-44f0-af6d-1e9e184c77ba,4,14,1.45,Procesar Transferencia,False
17775f19-8c66-41b3-bd38-919b0fe10b8f,4,10,4.51,Revisión de Seguridad,False
31ece703-f961-4e8e-a5c5-cd5c5b47e3db,4,11,7.8,Validar Elegibilidad,False
f036cecc-192b-4e1e-bdc2-c95608f24fe9,5,10,5.71,Entrega del Equipo,False
f036cecc-192b-4e1e-bdc2-c95608f24fe9,5,11,1.2,Inicio del Proceso,False
f5ba7581-b2ac-4b3a-830e-64ab112f975a,0,15,6.54,Setup Tecnológico,False
f5ba7581-b2ac-4b3a-830e-64ab112f975a,5,18,1.35,Firma Director,False
17775f19-8c66-41b3-bd38-919b0fe10b8f,0,15,4.95,Verificar Factura,False
5fd7b0ae-2619-4038-a52e-26a0576c4819,2,11,4.39,Instalar Licencia,False
5f56f693-5a38-4ca2-96c0-7bba750fc7a6,2,12,7.1,Validar Elegibilidad,False
e6edcb81-4782-44f0-af6d-1e9e184c77ba,6,13,3.72,Presentar Requerimiento,False
31ece703-f961-4e8e-a5c5-cd5c5b47e3db,3,12,7.15,Preparar Firma,False
e6edcb81-4782-44f0-af6d-1e9e184c77ba,2,10,0.67,Registrar Recibos,False
5fd7b0ae-2619-4038-a52e-26a0576c4819,0,17,6.15,Detallar Curso,False
f036cecc-192b-4e1e-bdc2-c95608f24fe9,4,9,5.49,Autorización Gerencia,False
f036cecc-192b-4e1e-bdc2-c95608f24fe9,4,9,7.45,Presentar Requerimiento,False
f5ba7581-b2ac-4b3a-830e-64ab112f975a,4,16,6.88,Detallar Curso,False
17775f19-8c66-41b3-bd38-919b0fe10b8f,5,13,4.23,Habilitar Permisos,False
5f56f693-5a38-4ca2-96c0-7bba750fc7a6,2,15,5.8,Enviar solicitud de vacaciones,False
17775f19-8c66-41b3-bd38-919b0fe10b8f,6,17,2.04,Enviar solicitud de vacaciones,False
390714b2-977f-4e5c-bd1e-5f282ff785ef,3,9,5.42,Aprobación Presupuesto,False
17775f19-8c66-41b3-bd38-919b0fe10b8f,4,17,4.66,Setup Tecnológico,False
f036cecc-192b-4e1e-bdc2-c95608f24fe9,1,16,6.71,Procesar Transferencia,False
5f56f693-5a38-4ca2-96c0-7bba750fc7a6,4,17,3.53,Instalar Licencia,False
390714b2-977f-4e5c-bd1e-5f282ff785ef,2,11,0.77,Feedback de Manager,False
31ece703-f961-4e8e-a5c5-cd5c5b47e3db,6,11,1.53,Aprobación del manager,False
5fd7b0ae-2619-4038-a52e-26a0576c4819,6,15,0.59,Solicitar Adelanto,False
31ece703-f961-4e8e-a5c5-cd5c5b47e3db,3,11,4.5,Dispersión de Fondos,False
5fd7b0ae-2619-4038-a52e-26a0576c4819,5,9,6.74,Autoevaluación,False
31ece703-f961-4e8e-a5c5-cd5c5b47e3db,5,17,6.1,Enviar solicitud de vacaciones,False
f036cecc-192b-4e1e-bdc2-c95608f24fe9,4,12,2.36,Presentar Requerimiento,False
f5ba7581-b2ac-4b3a-830e-64ab112f975a,6,18,4.39,Especificar Servidores,False
5fd7b0ae-2619-4038-a52e-26a0576c4819,6,15,1.49,Presentar Requerimiento,False
17775f19-8c66-41b3-bd38-919b0fe10b8f,0,12,2.94,Verificar Factura,False
5fd7b0ae-2619-4038-a52e-26a0576c4819,1,11,3.21,Setup Tecnológico,False
17775f19-8c66-41b3-bd38-919b0fe10b8f,6,17,5.53,Revisión Contable,False
5fd7b0ae-2619-4038-a52e-26a0576c4819,4,9,2.92,Registrar Recibos,False
390714b2-977f-4e5c-bd1e-5f282ff785ef,6,12,5.51,Consolidación de RRHH,False
390714b2-977f-4e5c-bd1e-5f282ff785ef,1,16,6.12,Registrar Recibos,False
5f56f693-5a38-4ca2-96c0-7bba750fc7a6,3,11,4.08,Consolidar Gastos,False
5f56f693-5a38-4ca2-96c0-7bba750fc7a6,3,14,7.16,Reunión Bienvenida,False
5f56f693-5a38-4ca2-96c0-7bba750fc7a6,5,10,0.74,Verificar Stock,False
f036cecc-192b-4e1e-bdc2-c95608f24fe9,6,13,8.0,Enviar solicitud de vacaciones,False
f5ba7581-b2ac-4b3a-830e-64ab112f975a,2,9,1.89,Inicio del Proceso,False
17775f19-8c66-41b3-bd38-919b0fe10b8f,5,9,3.12,Revisión Gerencial,False
f036cecc-192b-4e1e-bdc2-c95608f24fe9,5,11,1.47,Detallar Curso,False
390714b2-977f-4e5c-bd1e-5f282ff785ef,6,12,2.1,Inicio de la solicitud,False
31ece703-f961-4e8e-a5c5-cd5c5b47e3db,4,16,4.8,Inicio del Proceso,False
f5ba7581-b2ac-4b3a-830e-64ab112f975a,6,15,0.85,Inicio del Proceso,False
f036cecc-192b-4e1e-bdc2-c95608f24fe9,6,15,0.7,Enviar solicitud de vacaciones,False
17775f19-8c66-41b3-bd38-919b0fe10b8f,2,18,5.31,Presentar Requerimiento,False
5f56f693-5a38-4ca2-96c0-7bba750fc7a6,0,14,6.9,Registrar Recibos,False
17775f19-8c66-41b3-bd38-919b0fe10b8f,0,8,3.53,Habilitar Permisos,False
f036cecc-192b-4e1e-bdc2-c95608f24fe9,3,16,6.44,Revisión Contable,False
e6edcb81-4782-44f0-af6d-1e9e184c77ba,4,11,1.74,Registrar Recibos,False
f5ba7581-b2ac-4b3a-830e-64ab112f975a,1,14,6.29,Aprobación Costos,False
e6edcb81-4782-44f0-af6d-1e9e184c77ba,2,14,0.76,Reunión Bienvenida,False
31ece703-f961-4e8e-a5c5-cd5c5b47e3db,5,14,2.11,Especificar Servidores,False
f5ba7581-b2ac-4b3a-830e-64ab112f975a,1,11,5.7,Revisión Gerencial,False
e6edcb81-4782-44f0-af6d-1e9e184c77ba,1,15,6.2,Pago de Liquidación,False
17775f19-8c66-41b3-bd38-919b0fe10b8f,5,11,3.03,Cerrar Accesos,False
5f56f693-5a38-4ca2-96c0-7bba750fc7a6,3,15,3.13,Revisión Contable,False
5f56f693-5a38-4ca2-96c0-7bba750fc7a6,1,13,7.34,Cerrar Accesos,False
5f56f693-5a38-4ca2-96c0-7bba750fc7a6,1,10,4.55,Verificar Factura,False
f036cecc-192b-4e1e-bdc2-c95608f24fe9,5,11,1.52,Consolidación de RRHH,False
f5ba7581-b2ac-4b3a-830e-64ab112f975a,3,17,2.36,Procesar Transferencia,False
390714b2-977f-4e5c-bd1e-5f282ff785ef,5,11,5.73,Aprobación Presupuesto,False
f036cecc-192b-4e1e-bdc2-c95608f24fe9,0,10,2.69,Firma Director,False
f5ba7581-b2ac-4b3a-830e-64ab112f975a,0,12,2.44,Especificar Licencia,False
390714b2-977f-4e5c-bd1e-5f282ff785ef,2,13,5.94,Presentar Requerimiento,False
17775f19-8c66-41b3-bd38-919b0fe10b8f,6,9,1.0,Feedback de Manager,False
390714b2-977f-4e5c-bd1e-5f282ff785ef,4,18,6.89,Revisión Gerencial,False
17775f19-8c66-41b3-bd38-919b0fe10b8f,4,12,1.76,Enviar solicitud de vacaciones,False
5fd7b0ae-2619-4038-a52e-26a0576c4819,5,9,4.55,Entrega del Equipo,False
17775f19-8c66-41b3-bd38-919b0fe10b8f,3,17,5.49,Inicio del Proceso,False
f5ba7581-b2ac-4b3a-830e-64ab112f975a,0,13,2.79,Aprobación del manager,False
5fd7b0ae-2619-4038-a52e-26a0576c4819,1,17,3.48,Instalar Licencia,False
31ece703-f961-4e8e-a5c5-cd5c5b47e3db,5,10,3.55,Autoevaluación,False
f5ba7581-b2ac-4b3a-830e-64ab112f975a,2,11,2.27,Aprobación del manager,False
e6edcb81-4782-44f0-af6d-1e9e184c77ba,0,14,0.76,Enviar solicitud de vacaciones,False
31ece703-f961-4e8e-a5c5-cd5c5b47e3db,3,18,6.64,Solicitar Adelanto,False
31ece703-f961-4e8e-a5c5-cd5c5b47e3db,1,12,6.09,Detallar Curso,False
f5ba7581-b2ac-4b3a-830e-64ab112f975a,3,8,2.32,Aprobación de Pago,False
31ece703-f961-4e8e-a5c5-cd5c5b47e3db,1,8,6.65,Pago de Liquidación,False
31ece703-f961-4e8e-a5c5-cd5c5b47e3db,0,10,5.24,Instalar Licencia,False
390714b2-977f-4e5c-bd1e-5f282ff785ef,3,9,6.32,Validar Comercial,False
31ece703-f961-4e8e-a5c5-cd5c5b47e3db,5,12,2.22,Consolidación de RRHH,False
f036cecc-192b-4e1e-bdc2-c95608f24fe9,5,11,7.32,Verificar Stock,False
31ece703-f961-4e8e-a5c5-cd5c5b47e3db,2,15,7.02,Aprobación del manager,False
5fd7b0ae-2619-4038-a52e-26a0576c4819,2,8,2.22,Feedback de Manager,False
5fd7b0ae-2619-4038-a52e-26a0576c4819,4,8,7.59,Aprobación Presupuesto,False
f5ba7581-b2ac-4b3a-830e-64ab112f975a,3,14,2.67,Solicitar Adelanto,False
31ece703-f961-4e8e-a5c5-cd5c5b47e3db,2,16,2.91,Evaluación Técnica,False
5fd7b0ae-2619-4038-a52e-26a0576c4819,6,10,5.37,Especificar Servidores,False
e6edcb81-4782-44f0-af6d-1e9e184c77ba,5,10,6.03,Revisión Contable,False
f036cecc-192b-4e1e-bdc2-c95608f24fe9,3,15,1.73,Feedback de Manager,False
5f56f693-5a38-4ca2-96c0-7bba750fc7a6,3,12,6.96,Aprobación del manager,False
5f56f693-5a38-4ca2-96c0-7bba750fc7a6,5,9,1.45,Subir Borrador,False
17775f19-8c66-41b3-bd38-919b0fe10b8f,1,8,4.24,Setup Tecnológico,False
390714b2-977f-4e5c-bd1e-5f282ff785ef,1,18,4.51,Feedback de Manager,False
5f56f693-5a38-4ca2-96c0-7bba750fc7a6,4,12,7.88,Habilitar Permisos,False
31ece703-f961-4e8e-a5c5-cd5c5b47e3db,4,11,4.17,Habilitar Permisos,False
5f56f693-5a38-4ca2-96c0-7bba750fc7a6,2,11,1.17,Detallar Curso,False
e6edcb81-4782-44f0-af6d-1e9e184c77ba,3,16,6.08,Pago de Liquidación,False
5f56f693-5a38-4ca2-96c0-7bba750fc7a6,3,11,4.85,Revisión Gerencial,False
5fd7b0ae-2619-4038-a52e-26a0576c4819,1,12,7.57,Consolidar Gastos,False
5f56f693-5a38-4ca2-96c0-7bba750fc7a6,0,10,3.83,Verificar Factura,False
5fd7b0ae-2619-4038-a52e-26a0576c4819,3,12,2.86,Inicio de la solicitud,False
5fd7b0ae-2619-4038-a52e-26a0576c4819,1,10,6.03,Validación de RRHH,False
f036cecc-192b-4e1e-bdc2-c95608f24fe9,4,13,5.33,Especificar Licencia,False
f5ba7581-b2ac-4b3a-830e-64ab112f975a,5,12,1.42,Revisión Contable,False
f5ba7581-b2ac-4b3a-830e-64ab112f975a,4,11,1.45,Aprobar Presupuesto,False
390714b2-977f-4e5c-bd1e-5f282ff785ef,2,18,6.72,Subir Borrador,False
390714b2-977f-4e5c-bd1e-5f282ff785ef,4,11,2.45,Procesar Transferencia,False
31ece703-f961-4e8e-a5c5-cd5c5b47e3db,5,18,0.6,Firma Director,False
e6edcb81-4782-44f0-af6d-1e9e184c77ba,1,13,5.57,Aprobación Costos,False
e6edcb81-4782-44f0-af6d-1e9e184c77ba,3,8,2.05,Aprobación del manager,False
17775f19-8c66-41b3-bd38-919b0fe10b8f,0,8,4.12,Revisión Contable,False
f5ba7581-b2ac-4b3a-830e-64ab112f975a,1,11,3.13,Consolidar Gastos,False
390714b2-977f-4e5c-bd1e-5f282ff785ef,2,11,3.79,Validar Elegibilidad,False
390714b2-977f-4e5c-bd1e-5f282ff785ef,0,12,7.58,Aprobación Costos,False
f036cecc-192b-4e1e-bdc2-c95608f24fe9,2,11,1.16,Aprobación de Pago,False
5fd7b0ae-2619-4038-a52e-26a0576c4819,4,17,4.19,Revisión de Seguridad,False
390714b2-977f-4e5c-bd1e-5f282ff785ef,5,18,3.7,Aprobación Presupuesto,False
e6edcb81-4782-44f0-af6d-1e9e184c77ba,2,13,5.35,Cerrar Accesos,False
17775f19-8c66-41b3-bd38-919b0fe10b8f,1,8,6.1,Validar Capacitación,False
17775f19-8c66-41b3-bd38-919b0fe10b8f,0,10,4.64,Enviar solicitud de vacaciones,False
390714b2-977f-4e5c-bd1e-5f282ff785ef,0,9,2.16,Autorización Gerencia,False
5f56f693-5a38-4ca2-96c0-7bba750fc7a6,0,15,4.58,Aprobación Presupuesto,False
31ece703-f961-4e8e-a5c5-cd5c5b47e3db,2,10,6.74,Reunión Bienvenida,False
31ece703-f961-4e8e-a5c5-cd5c5b47e3db,6,16,7.24,Verificar Stock,False
5f56f693-5a38-4ca2-96c0-7bba750fc7a6,2,10,6.4,Inicio de la solicitud,False
390714b2-977f-4e5c-bd1e-5f282ff785ef,2,9,3.61,Aprobación Costos,False
f036cecc-192b-4e1e-bdc2-c95608f24fe9,1,15,6.49,Consolidación de RRHH,False
390714b2-977f-4e5c-bd1e-5f282ff785ef,4,13,4.37,Especificar Servidores,False
5fd7b0ae-2619-4038-a52e-26a0576c4819,3,16,7.88,Cerrar Accesos,False
f5ba7581-b2ac-4b3a-830e-64ab112f975a,4,15,3.43,Aprobación Presupuesto,False
5fd7b0ae-2619-4038-a52e-26a0576c4819,0,8,1.47,Instalar Licencia,False
17775f19-8c66-41b3-bd38-919b0fe10b8f,2,12,1.47,Enviar solicitud de vacaciones,False
e6edcb81-4782-44f0-af6d-1e9e184c77ba,3,18,2.63,Inicio del Proceso,False
17775f19-8c66-41b3-bd38-919b0fe10b8f,4,17,7.24,Registrar Recibos,False
5f56f693-5a38-4ca2-96c0-7bba750fc7a6,5,13,28.68,Inicio del Proceso,True
f036cecc-192b-4e1e-bdc2-c95608f24fe9,4,18,38.4,Enviar solicitud de vacaciones,True
390714b2-977f-4e5c-bd1e-5f282ff785ef,4,3,43.26,Habilitar Permisos,True
f036cecc-192b-4e1e-bdc2-c95608f24fe9,2,16,108.86,Registrar Recibos,True
390714b2-977f-4e5c-bd1e-5f282ff785ef,5,22,37.3,Preparar Firma,True
5f56f693-5a38-4ca2-96c0-7bba750fc7a6,3,10,74.88,Iniciar Baja,True
17775f19-8c66-41b3-bd38-919b0fe10b8f,6,10,56.37,Validar Comercial,True
f036cecc-192b-4e1e-bdc2-c95608f24fe9,6,3,108.51,Inicio de la solicitud,True
5f56f693-5a38-4ca2-96c0-7bba750fc7a6,5,2,71.85,Revisión Contable,True
5f56f693-5a38-4ca2-96c0-7bba750fc7a6,5,12,99.71,Consolidación de RRHH,True
31ece703-f961-4e8e-a5c5-cd5c5b47e3db,6,18,112.9,Inicio de la solicitud,True
5f56f693-5a38-4ca2-96c0-7bba750fc7a6,3,13,112.92,Preparar Firma,True
390714b2-977f-4e5c-bd1e-5f282ff785ef,1,10,109.09,Consolidar Gastos,True
31ece703-f961-4e8e-a5c5-cd5c5b47e3db,3,12,33.62,Aprobación de Pago,True
5f56f693-5a38-4ca2-96c0-7bba750fc7a6,6,1,5.92,Dispersión de Fondos,True
5f56f693-5a38-4ca2-96c0-7bba750fc7a6,5,9,31.9,Firma Director,True
f5ba7581-b2ac-4b3a-830e-64ab112f975a,3,14,118.14,Inicio del Proceso,True
17775f19-8c66-41b3-bd38-919b0fe10b8f,2,16,110.82,Dispersión de Fondos,True
390714b2-977f-4e5c-bd1e-5f282ff785ef,3,12,60.23,Inicio de la solicitud,True
5f56f693-5a38-4ca2-96c0-7bba750fc7a6,0,13,60.52,Verificar Stock,True
e6edcb81-4782-44f0-af6d-1e9e184c77ba,5,0,57.98,Registrar Recibos,True
f036cecc-192b-4e1e-bdc2-c95608f24fe9,3,10,25.02,Entrega del Equipo,True
17775f19-8c66-41b3-bd38-919b0fe10b8f,6,15,102.01,Verificar Stock,True
e6edcb81-4782-44f0-af6d-1e9e184c77ba,4,8,74.99,Revisión Contable,True
f036cecc-192b-4e1e-bdc2-c95608f24fe9,0,6,38.37,Validar Elegibilidad,True
5fd7b0ae-2619-4038-a52e-26a0576c4819,6,5,7.32,Autorización Gerencia,True
5fd7b0ae-2619-4038-a52e-26a0576c4819,0,7,1.74,Especificar Servidores,True
17775f19-8c66-41b3-bd38-919b0fe10b8f,6,8,27.05,Especificar Licencia,True
390714b2-977f-4e5c-bd1e-5f282ff785ef,0,1,52.55,Preparar Firma,True
5f56f693-5a38-4ca2-96c0-7bba750fc7a6,2,16,85.42,Validar Elegibilidad,True
f5ba7581-b2ac-4b3a-830e-64ab112f975a,0,3,5.33,Reunión Bienvenida,True
f036cecc-192b-4e1e-bdc2-c95608f24fe9,6,7,6.41,Validar Elegibilidad,True
5fd7b0ae-2619-4038-a52e-26a0576c4819,4,6,115.14,Aprobación Costos,True
5fd7b0ae-2619-4038-a52e-26a0576c4819,2,1,104.59,Validar Capacitación,True
e6edcb81-4782-44f0-af6d-1e9e184c77ba,0,20,83.31,Consolidar Gastos,True
f036cecc-192b-4e1e-bdc2-c95608f24fe9,6,3,6.3,Validar Elegibilidad,True
31ece703-f961-4e8e-a5c5-cd5c5b47e3db,3,4,24.56,Setup Tecnológico,True
f036cecc-192b-4e1e-bdc2-c95608f24fe9,0,7,6.4,Aprobación de Pago,True
31ece703-f961-4e8e-a5c5-cd5c5b47e3db,6,21,98.63,Especificar Servidores,True
390714b2-977f-4e5c-bd1e-5f282ff785ef,6,3,59.0,Inicio de la solicitud,True
5fd7b0ae-2619-4038-a52e-26a0576c4819,6,1,38.86,Inicio de la solicitud,True
31ece703-f961-4e8e-a5c5-cd5c5b47e3db,4,14,114.91,Autoevaluación,True
f5ba7581-b2ac-4b3a-830e-64ab112f975a,4,23,66.28,Subir Borrador,True
31ece703-f961-4e8e-a5c5-cd5c5b47e3db,6,4,40.33,Presentar Requerimiento,True
f036cecc-192b-4e1e-bdc2-c95608f24fe9,2,19,50.37,Aprobación del manager,True
31ece703-f961-4e8e-a5c5-cd5c5b47e3db,2,17,76.97,Habilitar Permisos,True
5fd7b0ae-2619-4038-a52e-26a0576c4819,4,0,54.06,Habilitar Permisos,True
f036cecc-192b-4e1e-bdc2-c95608f24fe9,0,0,24.07,Validar Capacitación,True
f036cecc-192b-4e1e-bdc2-c95608f24fe9,1,3,96.03,Validar Capacitación,True
5f56f693-5a38-4ca2-96c0-7bba750fc7a6,3,23,67.99,Especificar Servidores,True
31ece703-f961-4e8e-a5c5-cd5c5b47e3db,3,23,84.99,Aprobación Presupuesto,True
17775f19-8c66-41b3-bd38-919b0fe10b8f,6,21,76.22,Autoevaluación,True
390714b2-977f-4e5c-bd1e-5f282ff785ef,0,18,75.27,Subir Borrador,True
f5ba7581-b2ac-4b3a-830e-64ab112f975a,6,18,29.61,Instalar Licencia,True
5f56f693-5a38-4ca2-96c0-7bba750fc7a6,6,18,70.64,Solicitar Adelanto,True
f036cecc-192b-4e1e-bdc2-c95608f24fe9,6,18,39.27,Inicio del Proceso,True
5f56f693-5a38-4ca2-96c0-7bba750fc7a6,6,22,79.9,Autoevaluación,True
31ece703-f961-4e8e-a5c5-cd5c5b47e3db,6,1,5.82,Detallar Curso,True
5f56f693-5a38-4ca2-96c0-7bba750fc7a6,3,13,66.58,Iniciar Baja,True
17775f19-8c66-41b3-bd38-919b0fe10b8f,4,13,104.97,Presentar Requerimiento,True
e6edcb81-4782-44f0-af6d-1e9e184c77ba,1,6,71.19,Consolidar Gastos,True
e6edcb81-4782-44f0-af6d-1e9e184c77ba,6,19,73.21,Detallar Curso,True
17775f19-8c66-41b3-bd38-919b0fe10b8f,3,18,105.63,Solicitar Adelanto,True
390714b2-977f-4e5c-bd1e-5f282ff785ef,6,12,56.84,Iniciar Baja,True
f5ba7581-b2ac-4b3a-830e-64ab112f975a,0,0,5.54,Aprobación Costos,True
31ece703-f961-4e8e-a5c5-cd5c5b47e3db,4,17,34.35,Pago de Liquidación,True
17775f19-8c66-41b3-bd38-919b0fe10b8f,4,2,104.85,Subir Borrador,True
f5ba7581-b2ac-4b3a-830e-64ab112f975a,5,19,105.47,Validar Capacitación,True
5fd7b0ae-2619-4038-a52e-26a0576c4819,1,17,68.58,Habilitar Permisos,True
390714b2-977f-4e5c-bd1e-5f282ff785ef,4,1,101.28,Inicio del Proceso,True
31ece703-f961-4e8e-a5c5-cd5c5b47e3db,6,4,1.71,Instalar Licencia,True
390714b2-977f-4e5c-bd1e-5f282ff785ef,5,21,43.74,Revisión Gerencial,True
17775f19-8c66-41b3-bd38-919b0fe10b8f,0,1,5.38,Reunión Bienvenida,True
e6edcb81-4782-44f0-af6d-1e9e184c77ba,2,5,103.65,Cerrar Accesos,True
31ece703-f961-4e8e-a5c5-cd5c5b47e3db,5,12,37.86,Procesar Transferencia,True
f5ba7581-b2ac-4b3a-830e-64ab112f975a,5,3,56.32,Presentar Requerimiento,True
e6edcb81-4782-44f0-af6d-1e9e184c77ba,0,14,51.36,Revisión Contable,True
17775f19-8c66-41b3-bd38-919b0fe10b8f,3,12,93.96,Verificar Factura,True
390714b2-977f-4e5c-bd1e-5f282ff785ef,0,6,3.94,Solicitar Adelanto,True
f036cecc-192b-4e1e-bdc2-c95608f24fe9,2,18,97.64,Detallar Curso,True
e6edcb81-4782-44f0-af6d-1e9e184c77ba,4,3,95.36,Validación de RRHH,True
f5ba7581-b2ac-4b3a-830e-64ab112f975a,0,7,7.18,Evaluación Técnica,True
5f56f693-5a38-4ca2-96c0-7bba750fc7a6,4,19,114.77,Consolidación de RRHH,True
e6edcb81-4782-44f0-af6d-1e9e184c77ba,5,18,77.94,Aprobar Presupuesto,True
5fd7b0ae-2619-4038-a52e-26a0576c4819,2,20,25.11,Consolidación de RRHH,True
f036cecc-192b-4e1e-bdc2-c95608f24fe9,2,18,117.66,Aprobación de Pago,True
5f56f693-5a38-4ca2-96c0-7bba750fc7a6,3,20,106.61,Setup Tecnológico,True
f036cecc-192b-4e1e-bdc2-c95608f24fe9,0,22,78.08,Validar Comercial,True
f036cecc-192b-4e1e-bdc2-c95608f24fe9,4,2,49.6,Dispersión de Fondos,True
5f56f693-5a38-4ca2-96c0-7bba750fc7a6,6,23,67.97,Validar Elegibilidad,True
f036cecc-192b-4e1e-bdc2-c95608f24fe9,1,22,78.62,Instalar Licencia,True
5fd7b0ae-2619-4038-a52e-26a0576c4819,1,22,105.14,Aprobar Presupuesto,True
f036cecc-192b-4e1e-bdc2-c95608f24fe9,1,4,66.73,Instalar Licencia,True
31ece703-f961-4e8e-a5c5-cd5c5b47e3db,0,3,7.89,Setup Tecnológico,True
5f56f693-5a38-4ca2-96c0-7bba750fc7a6,3,6,88.66,Consolidar Gastos,True
5fd7b0ae-2619-4038-a52e-26a0576c4819,5,9,70.94,Evaluación Técnica,True
e6edcb81-4782-44f0-af6d-1e9e184c77ba,6,0,5.96,Reunión Bienvenida,True
f5ba7581-b2ac-4b3a-830e-64ab112f975a,4,12,82.73,Verificar Factura,True
17775f19-8c66-41b3-bd38-919b0fe10b8f,6,23,63.92,Subir Borrador,True
f5ba7581-b2ac-4b3a-830e-64ab112f975a,4,3,41.17,Feedback de Manager,True
f5ba7581-b2ac-4b3a-830e-64ab112f975a,1,4,76.25,Presentar Requerimiento,True
5f56f693-5a38-4ca2-96c0-7bba750fc7a6,1,11,65.05,Verificar Factura,True
390714b2-977f-4e5c-bd1e-5f282ff785ef,2,9,98.8,Revisión Gerencial,True
5f56f693-5a38-4ca2-96c0-7bba750fc7a6,4,17,35.69,Inicio de la solicitud,True
31ece703-f961-4e8e-a5c5-cd5c5b47e3db,4,0,42.61,Procesar Transferencia,True
f5ba7581-b2ac-4b3a-830e-64ab112f975a,3,14,112.26,Validar Elegibilidad,True
5fd7b0ae-2619-4038-a52e-26a0576c4819,5,6,73.08,Validar Comercial,True
e6edcb81-4782-44f0-af6d-1e9e184c77ba,6,4,34.08,Inicio del Proceso,True
5fd7b0ae-2619-4038-a52e-26a0576c4819,6,9,104.04,Inicio de la solicitud,True
17775f19-8c66-41b3-bd38-919b0fe10b8f,5,4,67.73,Aprobación Presupuesto,True
17775f19-8c66-41b3-bd38-919b0fe10b8f,4,5,54.76,Especificar Licencia,True
5f56f693-5a38-4ca2-96c0-7bba750fc7a6,5,17,103.77,Aprobación Presupuesto,True
e6edcb81-4782-44f0-af6d-1e9e184c77ba,6,4,98.03,Registrar Recibos,True
5fd7b0ae-2619-4038-a52e-26a0576c4819,6,12,107.26,Validar Capacitación,True
390714b2-977f-4e5c-bd1e-5f282ff785ef,6,0,76.23,Preparar Firma,True
17775f19-8c66-41b3-bd38-919b0fe10b8f,0,8,31.22,Detallar Curso,True
17775f19-8c66-41b3-bd38-919b0fe10b8f,2,17,95.27,Inicio de la solicitud,True
5f56f693-5a38-4ca2-96c0-7bba750fc7a6,4,12,60.54,Revisión Contable,True
31ece703-f961-4e8e-a5c5-cd5c5b47e3db,2,0,115.23,Inicio de la solicitud,True
390714b2-977f-4e5c-bd1e-5f282ff785ef,6,3,3.06,Setup Tecnológico,True
390714b2-977f-4e5c-bd1e-5f282ff785ef,0,4,24.1,Solicitar Adelanto,True
31ece703-f961-4e8e-a5c5-cd5c5b47e3db,3,16,33.6,Validar Comercial,True
5f56f693-5a38-4ca2-96c0-7bba750fc7a6,6,5,1.18,Procesar Transferencia,True
f036cecc-192b-4e1e-bdc2-c95608f24fe9,5,3,110.25,Revisión Gerencial,True
e6edcb81-4782-44f0-af6d-1e9e184c77ba,6,18,103.85,Instalar Licencia,True
e6edcb81-4782-44f0-af6d-1e9e184c77ba,6,3,6.7,Inicio de la solicitud,True
f036cecc-192b-4e1e-bdc2-c95608f24fe9,4,0,25.77,Aprobación del manager,True
31ece703-f961-4e8e-a5c5-cd5c5b47e3db,6,18,101.95,Revisión de Seguridad,True
31ece703-f961-4e8e-a5c5-cd5c5b47e3db,1,4,43.54,Firma Director,True
e6edcb81-4782-44f0-af6d-1e9e184c77ba,3,9,92.96,Aprobación Costos,True
f036cecc-192b-4e1e-bdc2-c95608f24fe9,5,12,118.22,Aprobar Presupuesto,True
f5ba7581-b2ac-4b3a-830e-64ab112f975a,4,10,65.9,Autorización Gerencia,True
390714b2-977f-4e5c-bd1e-5f282ff785ef,1,18,67.87,Cerrar Accesos,True
f5ba7581-b2ac-4b3a-830e-64ab112f975a,6,0,38.2,Revisión de Seguridad,True
5f56f693-5a38-4ca2-96c0-7bba750fc7a6,1,13,77.81,Subir Borrador,True
f5ba7581-b2ac-4b3a-830e-64ab112f975a,0,8,63.66,Especificar Servidores,True
f036cecc-192b-4e1e-bdc2-c95608f24fe9,0,13,46.11,Procesar Transferencia,True
5f56f693-5a38-4ca2-96c0-7bba750fc7a6,6,4,36.53,Aprobación Presupuesto,True
5f56f693-5a38-4ca2-96c0-7bba750fc7a6,6,4,4.91,Especificar Licencia,True
5f56f693-5a38-4ca2-96c0-7bba750fc7a6,6,11,109.01,Inicio del Proceso,True
f036cecc-192b-4e1e-bdc2-c95608f24fe9,1,8,89.23,Aprobación del manager,True
31ece703-f961-4e8e-a5c5-cd5c5b47e3db,0,18,45.28,Verificar Stock,True
e6edcb81-4782-44f0-af6d-1e9e184c77ba,3,15,109.59,Presentar Requerimiento,True
390714b2-977f-4e5c-bd1e-5f282ff785ef,0,7,1.19,Aprobar Presupuesto,True
f036cecc-192b-4e1e-bdc2-c95608f24fe9,4,3,68.99,Preparar Firma,True
e6edcb81-4782-44f0-af6d-1e9e184c77ba,0,5,80.08,Consolidar Gastos,True
5f56f693-5a38-4ca2-96c0-7bba750fc7a6,6,0,61.84,Aprobar Presupuesto,True
e6edcb81-4782-44f0-af6d-1e9e184c77ba,4,2,70.58,Entrega del Equipo,True
31ece703-f961-4e8e-a5c5-cd5c5b47e3db,0,9,39.97,Aprobación Presupuesto,True
e6edcb81-4782-44f0-af6d-1e9e184c77ba,5,4,47.61,Detallar Curso,True
e6edcb81-4782-44f0-af6d-1e9e184c77ba,0,5,6.36,Registrar Recibos,True
17775f19-8c66-41b3-bd38-919b0fe10b8f,4,3,49.44,Instalar Licencia,True
5fd7b0ae-2619-4038-a52e-26a0576c4819,5,19,93.36,Revisión Contable,True
f5ba7581-b2ac-4b3a-830e-64ab112f975a,2,1,52.87,Setup Tecnológico,True
17775f19-8c66-41b3-bd38-919b0fe10b8f,3,6,48.98,Verificar Stock,True
31ece703-f961-4e8e-a5c5-cd5c5b47e3db,2,13,95.59,Validación de RRHH,True
390714b2-977f-4e5c-bd1e-5f282ff785ef,0,5,5.9,Revisión de Seguridad,True
5fd7b0ae-2619-4038-a52e-26a0576c4819,2,22,41.41,Autorización Gerencia,True
f5ba7581-b2ac-4b3a-830e-64ab112f975a,0,18,65.48,Dispersión de Fondos,True
17775f19-8c66-41b3-bd38-919b0fe10b8f,2,0,34.29,Validar Comercial,True
f036cecc-192b-4e1e-bdc2-c95608f24fe9,6,0,96.67,Reunión Bienvenida,True
f036cecc-192b-4e1e-bdc2-c95608f24fe9,0,23,94.66,Aprobar Presupuesto,True
390714b2-977f-4e5c-bd1e-5f282ff785ef,2,15,60.37,Procesar Transferencia,True
f5ba7581-b2ac-4b3a-830e-64ab112f975a,6,4,5.16,Detallar Curso,True
17775f19-8c66-41b3-bd38-919b0fe10b8f,0,1,7.49,Procesar Transferencia,True
31ece703-f961-4e8e-a5c5-cd5c5b47e3db,5,2,108.67,Validación de RRHH,True
5fd7b0ae-2619-4038-a52e-26a0576c4819,4,12,104.31,Feedback de Manager,True
e6edcb81-4782-44f0-af6d-1e9e184c77ba,6,4,5.03,Entrega del Equipo,True
390714b2-977f-4e5c-bd1e-5f282ff785ef,1,13,87.71,Aprobar Presupuesto,True
17775f19-8c66-41b3-bd38-919b0fe10b8f,0,1,102.06,Consolidación de RRHH,True
5f56f693-5a38-4ca2-96c0-7bba750fc7a6,5,11,118.88,Inicio de la solicitud,True
31ece703-f961-4e8e-a5c5-cd5c5b47e3db,1,9,48.93,Especificar Servidores,True
5f56f693-5a38-4ca2-96c0-7bba750fc7a6,4,18,109.55,Consolidar Gastos,True
5f56f693-5a38-4ca2-96c0-7bba750fc7a6,6,1,7.69,Verificar Stock,True
5fd7b0ae-2619-4038-a52e-26a0576c4819,0,6,3.14,Especificar Licencia,True
17775f19-8c66-41b3-bd38-919b0fe10b8f,5,10,111.28,Setup Tecnológico,True
5f56f693-5a38-4ca2-96c0-7bba750fc7a6,1,3,107.66,Consolidación de RRHH,True
5fd7b0ae-2619-4038-a52e-26a0576c4819,6,3,7.92,Autorización Gerencia,True
f5ba7581-b2ac-4b3a-830e-64ab112f975a,6,6,114.03,Consolidar Gastos,True
17775f19-8c66-41b3-bd38-919b0fe10b8f,4,21,119.4,Enviar solicitud de vacaciones,True
5fd7b0ae-2619-4038-a52e-26a0576c4819,4,11,29.54,Reunión Bienvenida,True
f036cecc-192b-4e1e-bdc2-c95608f24fe9,5,12,119.36,Aprobación Costos,True
5f56f693-5a38-4ca2-96c0-7bba750fc7a6,0,17,52.01,Aprobación de Pago,True
5fd7b0ae-2619-4038-a52e-26a0576c4819,0,1,4.34,Revisión de Seguridad,True
17775f19-8c66-41b3-bd38-919b0fe10b8f,1,14,29.13,Validar Capacitación,True
e6edcb81-4782-44f0-af6d-1e9e184c77ba,0,5,6.1,Pago de Liquidación,True
5fd7b0ae-2619-4038-a52e-26a0576c4819,4,21,83.53,Especificar Licencia,True
f5ba7581-b2ac-4b3a-830e-64ab112f975a,5,14,63.13,Especificar Licencia,True
390714b2-977f-4e5c-bd1e-5f282ff785ef,0,18,106.53,Validar Capacitación,True
f5ba7581-b2ac-4b3a-830e-64ab112f975a,4,6,62.55,Autoevaluación,True
5f56f693-5a38-4ca2-96c0-7bba750fc7a6,0,2,109.78,Aprobar Presupuesto,True
17775f19-8c66-41b3-bd38-919b0fe10b8f,4,13,33.92,Detallar Curso,True
5f56f693-5a38-4ca2-96c0-7bba750fc7a6,6,4,2.06,Aprobar Presupuesto,True
5f56f693-5a38-4ca2-96c0-7bba750fc7a6,4,1,100.58,Instalar Licencia,True
e6edcb81-4782-44f0-af6d-1e9e184c77ba,2,2,63.48,Firma Director,True
f5ba7581-b2ac-4b3a-830e-64ab112f975a,6,4,5.69,Autoevaluación,True
5f56f693-5a38-4ca2-96c0-7bba750fc7a6,0,9,27.38,Setup Tecnológico,True
17775f19-8c66-41b3-bd38-919b0fe10b8f,0,0,3.42,Inicio de la solicitud,True
31ece703-f961-4e8e-a5c5-cd5c5b47e3db,3,10,52.02,Especificar Licencia,True
e6edcb81-4782-44f0-af6d-1e9e184c77ba,3,15,93.19,Cerrar Accesos,True
390714b2-977f-4e5c-bd1e-5f282ff785ef,6,4,4.01,Instalar Licencia,True
31ece703-f961-4e8e-a5c5-cd5c5b47e3db,3,13,60.16,Entrega del Equipo,True
f5ba7581-b2ac-4b3a-830e-64ab112f975a,2,3,63.44,Detallar Curso,True
f036cecc-192b-4e1e-bdc2-c95608f24fe9,6,6,5.93,Verificar Factura,True
5fd7b0ae-2619-4038-a52e-26a0576c4819,6,4,6.83,Verificar Factura,True
f036cecc-192b-4e1e-bdc2-c95608f24fe9,0,1,6.95,Aprobación Costos,True
f5ba7581-b2ac-4b3a-830e-64ab112f975a,1,18,44.14,Aprobación Costos,True
e6edcb81-4782-44f0-af6d-1e9e184c77ba,6,6,6.83,Firma Director,True
5f56f693-5a38-4ca2-96c0-7bba750fc7a6,6,16,50.23,Detallar Curso,True
17775f19-8c66-41b3-bd38-919b0fe10b8f,0,21,72.65,Revisión de Seguridad,True
f5ba7581-b2ac-4b3a-830e-64ab112f975a,6,3,2.72,Solicitar Adelanto,True
e6edcb81-4782-44f0-af6d-1e9e184c77ba,0,3,7.06,Pago de Liquidación,True
f036cecc-192b-4e1e-bdc2-c95608f24fe9,0,0,3.59,Aprobación del manager,True
f036cecc-192b-4e1e-bdc2-c95608f24fe9,3,19,85.46,Aprobación de Pago,True
17775f19-8c66-41b3-bd38-919b0fe10b8f,4,19,65.88,Inicio del Proceso,True
17775f19-8c66-41b3-bd38-919b0fe10b8f,1,18,102.84,Iniciar Baja,True
31ece703-f961-4e8e-a5c5-cd5c5b47e3db,6,5,1.08,Enviar solicitud de vacaciones,True
390714b2-977f-4e5c-bd1e-5f282ff785ef,0,1,6.76,Especificar Licencia,True
17775f19-8c66-41b3-bd38-919b0fe10b8f,5,5,70.32,Aprobación Presupuesto,True
e6edcb81-4782-44f0-af6d-1e9e184c77ba,0,6,6.48,Revisión Gerencial,True
390714b2-977f-4e5c-bd1e-5f282ff785ef,4,11,47.62,Reunión Bienvenida,True
390714b2-977f-4e5c-bd1e-5f282ff785ef,0,5,112.11,Revisión Gerencial,True
390714b2-977f-4e5c-bd1e-5f282ff785ef,0,7,63.35,Pago de Liquidación,True
5fd7b0ae-2619-4038-a52e-26a0576c4819,3,3,67.05,Inicio de la solicitud,True
f036cecc-192b-4e1e-bdc2-c95608f24fe9,0,15,67.16,Inicio del Proceso,True
31ece703-f961-4e8e-a5c5-cd5c5b47e3db,6,16,44.5,Revisión Contable,True
5f56f693-5a38-4ca2-96c0-7bba750fc7a6,6,7,5.83,Setup Tecnológico,True
5f56f693-5a38-4ca2-96c0-7bba750fc7a6,1,0,37.62,Consolidar Gastos,True
e6edcb81-4782-44f0-af6d-1e9e184c77ba,0,18,103.7,Aprobación Presupuesto,True
31ece703-f961-4e8e-a5c5-cd5c5b47e3db,3,22,107.96,Aprobación Costos,True
17775f19-8c66-41b3-bd38-919b0fe10b8f,1,20,92.66,Aprobación del manager,True
5f56f693-5a38-4ca2-96c0-7bba750fc7a6,3,2,73.59,Validar Elegibilidad,True
5fd7b0ae-2619-4038-a52e-26a0576c4819,0,12,119.69,Iniciar Baja,True
e6edcb81-4782-44f0-af6d-1e9e184c77ba,0,6,7.88,Validar Elegibilidad,True
17775f19-8c66-41b3-bd38-919b0fe10b8f,6,12,31.5,Instalar Licencia,True
5f56f693-5a38-4ca2-96c0-7bba750fc7a6,3,19,74.72,Evaluación Técnica,True
31ece703-f961-4e8e-a5c5-cd5c5b47e3db,4,19,87.89,Validar Capacitación,True
17775f19-8c66-41b3-bd38-919b0fe10b8f,4,2,72.9,Firma Director,True
5fd7b0ae-2619-4038-a52e-26a0576c4819,6,6,103.11,Inicio del Proceso,True
31ece703-f961-4e8e-a5c5-cd5c5b47e3db,6,22,71.11,Detallar Curso,True
5f56f693-5a38-4ca2-96c0-7bba750fc7a6,6,0,3.85,Reunión Bienvenida,True
31ece703-f961-4e8e-a5c5-cd5c5b47e3db,1,22,99.74,Validación de RRHH,True
5fd7b0ae-2619-4038-a52e-26a0576c4819,4,0,27.37,Instalar Licencia,True
f5ba7581-b2ac-4b3a-830e-64ab112f975a,5,23,105.47,Revisión de Seguridad,True
31ece703-f961-4e8e-a5c5-cd5c5b47e3db,0,1,4.61,Preparar Firma,True
5fd7b0ae-2619-4038-a52e-26a0576c4819,5,1,102.3,Entrega del Equipo,True
e6edcb81-4782-44f0-af6d-1e9e184c77ba,2,14,84.91,Detallar Curso,True
e6edcb81-4782-44f0-af6d-1e9e184c77ba,2,2,26.24,Validar Elegibilidad,True
31ece703-f961-4e8e-a5c5-cd5c5b47e3db,0,13,77.33,Inicio de la solicitud,True
17775f19-8c66-41b3-bd38-919b0fe10b8f,4,0,61.63,Revisión de Seguridad,True
390714b2-977f-4e5c-bd1e-5f282ff785ef,4,6,62.84,Aprobar Presupuesto,True
17775f19-8c66-41b3-bd38-919b0fe10b8f,3,15,65.02,Detallar Curso,True
31ece703-f961-4e8e-a5c5-cd5c5b47e3db,6,5,1.83,Preparar Firma,True
e6edcb81-4782-44f0-af6d-1e9e184c77ba,4,3,28.55,Pago de Liquidación,True
f036cecc-192b-4e1e-bdc2-c95608f24fe9,0,4,3.56,Firma Director,True
31ece703-f961-4e8e-a5c5-cd5c5b47e3db,6,0,2.34,Reunión Bienvenida,True
f036cecc-192b-4e1e-bdc2-c95608f24fe9,6,3,4.52,Especificar Servidores,True
f5ba7581-b2ac-4b3a-830e-64ab112f975a,5,22,60.9,Consolidación de RRHH,True
31ece703-f961-4e8e-a5c5-cd5c5b47e3db,6,16,70.39,Pago de Liquidación,True
e6edcb81-4782-44f0-af6d-1e9e184c77ba,5,9,111.33,Aprobación del manager,True
f5ba7581-b2ac-4b3a-830e-64ab112f975a,6,16,25.86,Aprobar Presupuesto,True
e6edcb81-4782-44f0-af6d-1e9e184c77ba,6,7,68.43,Reunión Bienvenida,True
17775f19-8c66-41b3-bd38-919b0fe10b8f,0,15,27.36,Registrar Recibos,True
5f56f693-5a38-4ca2-96c0-7bba750fc7a6,0,6,5.74,Preparar Firma,True
17775f19-8c66-41b3-bd38-919b0fe10b8f,0,20,82.59,Validar Comercial,True
e6edcb81-4782-44f0-af6d-1e9e184c77ba,1,15,100.6,Enviar solicitud de vacaciones,True
17775f19-8c66-41b3-bd38-919b0fe10b8f,3,5,53.72,Aprobación Costos,True
5f56f693-5a38-4ca2-96c0-7bba750fc7a6,3,8,98.97,Inicio de la solicitud,True
e6edcb81-4782-44f0-af6d-1e9e184c77ba,2,7,75.37,Consolidación de RRHH,True
e6edcb81-4782-44f0-af6d-1e9e184c77ba,6,2,34.14,Instalar Licencia,True
17775f19-8c66-41b3-bd38-919b0fe10b8f,5,4,117.32,Validación de RRHH,True
17775f19-8c66-41b3-bd38-919b0fe10b8f,0,3,3.35,Especificar Servidores,True
5fd7b0ae-2619-4038-a52e-26a0576c4819,1,6,114.46,Aprobación de Pago,True
17775f19-8c66-41b3-bd38-919b0fe10b8f,5,16,71.39,Validar Comercial,True
5fd7b0ae-2619-4038-a52e-26a0576c4819,0,19,32.8,Aprobación de Pago,True
e6edcb81-4782-44f0-af6d-1e9e184c77ba,2,16,93.71,Pago de Liquidación,True
31ece703-f961-4e8e-a5c5-cd5c5b47e3db,0,2,7.5,Especificar Licencia,True
31ece703-f961-4e8e-a5c5-cd5c5b47e3db,0,10,68.34,Subir Borrador,True
e6edcb81-4782-44f0-af6d-1e9e184c77ba,0,5,1.1,Revisión Contable,True
e6edcb81-4782-44f0-af6d-1e9e184c77ba,0,5,4.1,Especificar Licencia,True
5f56f693-5a38-4ca2-96c0-7bba750fc7a6,3,4,44.54,Procesar Transferencia,True
f036cecc-192b-4e1e-bdc2-c95608f24fe9,1,4,50.64,Reunión Bienvenida,True
31ece703-f961-4e8e-a5c5-cd5c5b47e3db,2,7,112.54,Inicio del Proceso,True
f036cecc-192b-4e1e-bdc2-c95608f24fe9,0,1,4.53,Cerrar Accesos,True
31ece703-f961-4e8e-a5c5-cd5c5b47e3db,4,6,112.09,Revisión Gerencial,True
5f56f693-5a38-4ca2-96c0-7bba750fc7a6,2,16,47.74,Subir Borrador,True
f036cecc-192b-4e1e-bdc2-c95608f24fe9,1,19,97.28,Consolidar Gastos,True
f5ba7581-b2ac-4b3a-830e-64ab112f975a,0,15,102.48,Validar Comercial,True
390714b2-977f-4e5c-bd1e-5f282ff785ef,5,21,33.77,Registrar Recibos,True
17775f19-8c66-41b3-bd38-919b0fe10b8f,6,17,59.32,Aprobación Costos,True
5fd7b0ae-2619-4038-a52e-26a0576c4819,0,2,85.77,Revisión Contable,True
390714b2-977f-4e5c-bd1e-5f282ff785ef,5,15,44.36,Aprobar Presupuesto,True
31ece703-f961-4e8e-a5c5-cd5c5b47e3db,2,11,34.71,Validar Capacitación,True
31ece703-f961-4e8e-a5c5-cd5c5b47e3db,2,9,114.51,Autoevaluación,True
5f56f693-5a38-4ca2-96c0-7bba750fc7a6,0,0,7.5,Detallar Curso,True
390714b2-977f-4e5c-bd1e-5f282ff785ef,4,9,79.53,Validar Elegibilidad,True
5f56f693-5a38-4ca2-96c0-7bba750fc7a6,6,5,44.6,Reunión Bienvenida,True
390714b2-977f-4e5c-bd1e-5f282ff785ef,6,4,7.21,Subir Borrador,True
e6edcb81-4782-44f0-af6d-1e9e184c77ba,6,4,36.67,Especificar Licencia,True
5fd7b0ae-2619-4038-a52e-26a0576c4819,6,1,2.48,Aprobación del manager,True
f036cecc-192b-4e1e-bdc2-c95608f24fe9,0,3,2.07,Aprobación Costos,True
f5ba7581-b2ac-4b3a-830e-64ab112f975a,2,9,47.63,Especificar Servidores,True
f5ba7581-b2ac-4b3a-830e-64ab112f975a,4,23,48.55,Consolidación de RRHH,True
e6edcb81-4782-44f0-af6d-1e9e184c77ba,3,20,77.21,Aprobar Presupuesto,True
5fd7b0ae-2619-4038-a52e-26a0576c4819,2,12,103.92,Especificar Licencia,True
f036cecc-192b-4e1e-bdc2-c95608f24fe9,1,16,51.3,Evaluación Técnica,True
f5ba7581-b2ac-4b3a-830e-64ab112f975a,1,5,94.06,Verificar Factura,True
390714b2-977f-4e5c-bd1e-5f282ff785ef,0,11,45.74,Autoevaluación,True
5fd7b0ae-2619-4038-a52e-26a0576c4819,0,5,7.35,Autorización Gerencia,True
390714b2-977f-4e5c-bd1e-5f282ff785ef,1,3,119.13,Enviar solicitud de vacaciones,True
f036cecc-192b-4e1e-bdc2-c95608f24fe9,4,17,81.79,Solicitar Adelanto,True
e6edcb81-4782-44f0-af6d-1e9e184c77ba,6,18,53.62,Autorización Gerencia,True
31ece703-f961-4e8e-a5c5-cd5c5b47e3db,0,4,4.91,Verificar Factura,True
31ece703-f961-4e8e-a5c5-cd5c5b47e3db,0,0,1.09,Registrar Recibos,True
f5ba7581-b2ac-4b3a-830e-64ab112f975a,1,23,41.88,Validación de RRHH,True
f5ba7581-b2ac-4b3a-830e-64ab112f975a,6,1,6.0,Consolidar Gastos,True
5fd7b0ae-2619-4038-a52e-26a0576c4819,6,2,2.93,Procesar Transferencia,True
31ece703-f961-4e8e-a5c5-cd5c5b47e3db,4,11,85.16,Feedback de Manager,True
17775f19-8c66-41b3-bd38-919b0fe10b8f,0,11,57.68,Consolidación de RRHH,True
5f56f693-5a38-4ca2-96c0-7bba750fc7a6,3,0,62.18,Revisión de Seguridad,True
f036cecc-192b-4e1e-bdc2-c95608f24fe9,3,10,61.97,Autoevaluación,True
5f56f693-5a38-4ca2-96c0-7bba750fc7a6,0,14,37.06,Instalar Licencia,True
5f56f693-5a38-4ca2-96c0-7bba750fc7a6,2,22,59.24,Autorización Gerencia,True
f5ba7581-b2ac-4b3a-830e-64ab112f975a,0,1,1.37,Validar Comercial,True
31ece703-f961-4e8e-a5c5-cd5c5b47e3db,6,5,5.26,Iniciar Baja,True
5fd7b0ae-2619-4038-a52e-26a0576c4819,3,8,39.84,Verificar Factura,True
390714b2-977f-4e5c-bd1e-5f282ff785ef,0,6,3.75,Habilitar Permisos,True
17775f19-8c66-41b3-bd38-919b0fe10b8f,6,6,5.1,Registrar Recibos,True
5fd7b0ae-2619-4038-a52e-26a0576c4819,1,13,57.35,Revisión Gerencial,True
31ece703-f961-4e8e-a5c5-cd5c5b47e3db,5,5,69.96,Autorización Gerencia,True
390714b2-977f-4e5c-bd1e-5f282ff785ef,3,22,72.71,Detallar Curso,True
5f56f693-5a38-4ca2-96c0-7bba750fc7a6,6,1,1.45,Presentar Requerimiento,True
f036cecc-192b-4e1e-bdc2-c95608f24fe9,6,10,82.83,Autorización Gerencia,True
17775f19-8c66-41b3-bd38-919b0fe10b8f,4,5,56.53,Revisión de Seguridad,True
5fd7b0ae-2619-4038-a52e-26a0576c4819,6,5,5.96,Especificar Licencia,True
e6edcb81-4782-44f0-af6d-1e9e184c77ba,6,11,45.81,Preparar Firma,True
5fd7b0ae-2619-4038-a52e-26a0576c4819,3,2,83.33,Procesar Transferencia,True
31ece703-f961-4e8e-a5c5-cd5c5b47e3db,1,6,60.58,Aprobar Presupuesto,True
f036cecc-192b-4e1e-bdc2-c95608f24fe9,2,2,62.95,Validar Comercial,True
e6edcb81-4782-44f0-af6d-1e9e184c77ba,3,4,95.4,Pago de Liquidación,True
e6edcb81-4782-44f0-af6d-1e9e184c77ba,6,3,6.97,Consolidación de RRHH,True
e6edcb81-4782-44f0-af6d-1e9e184c77ba,4,1,87.62,Consolidación de RRHH,True
5f56f693-5a38-4ca2-96c0-7bba750fc7a6,2,12,44.13,Dispersión de Fondos,True
e6edcb81-4782-44f0-af6d-1e9e184c77ba,6,8,70.64,Feedback de Manager,True
f5ba7581-b2ac-4b3a-830e-64ab112f975a,0,4,47.45,Aprobación Presupuesto,True
31ece703-f961-4e8e-a5c5-cd5c5b47e3db,2,5,98.48,Entrega del Equipo,True
390714b2-977f-4e5c-bd1e-5f282ff785ef,5,23,63.77,Consolidar Gastos,True
5f56f693-5a38-4ca2-96c0-7bba750fc7a6,0,5,4.38,Aprobación Costos,True
17775f19-8c66-41b3-bd38-919b0fe10b8f,3,17,75.82,Inicio de la solicitud,True
e6edcb81-4782-44f0-af6d-1e9e184c77ba,6,5,70.71,Presentar Requerimiento,True
390714b2-977f-4e5c-bd1e-5f282ff785ef,0,19,44.33,Iniciar Baja,True
f5ba7581-b2ac-4b3a-830e-64ab112f975a,0,12,90.17,Subir Borrador,True
5f56f693-5a38-4ca2-96c0-7bba750fc7a6,0,4,7.52,Revisión de Seguridad,True
f5ba7581-b2ac-4b3a-830e-64ab112f975a,4,15,56.35,Setup Tecnológico,True
390714b2-977f-4e5c-bd1e-5f282ff785ef,6,4,2.12,Preparar Firma,True
f036cecc-192b-4e1e-bdc2-c95608f24fe9,6,7,7.34,Setup Tecnológico,True
f5ba7581-b2ac-4b3a-830e-64ab112f975a,2,9,77.4,Procesar Transferencia,True
f5ba7581-b2ac-4b3a-830e-64ab112f975a,6,1,2.48,Aprobar Presupuesto,True
e6edcb81-4782-44f0-af6d-1e9e184c77ba,3,4,67.14,Aprobación de Pago,True
5f56f693-5a38-4ca2-96c0-7bba750fc7a6,4,8,78.82,Consolidación de RRHH,True
f5ba7581-b2ac-4b3a-830e-64ab112f975a,0,4,4.44,Especificar Servidores,True
e6edcb81-4782-44f0-af6d-1e9e184c77ba,0,2,1.75,Inicio de la solicitud,True
17775f19-8c66-41b3-bd38-919b0fe10b8f,0,15,116.29,Subir Borrador,True
e6edcb81-4782-44f0-af6d-1e9e184c77ba,6,0,32.44,Aprobación Presupuesto,True
31ece703-f961-4e8e-a5c5-cd5c5b47e3db,1,8,79.84,Validación de RRHH,True
5fd7b0ae-2619-4038-a52e-26a0576c4819,0,3,4.86,Pago de Liquidación,True
f5ba7581-b2ac-4b3a-830e-64ab112f975a,5,19,75.75,Revisión de Seguridad,True
390714b2-977f-4e5c-bd1e-5f282ff785ef,5,9,60.86,Feedback de Manager,True
f5ba7581-b2ac-4b3a-830e-64ab112f975a,6,13,53.28,Reunión Bienvenida,True
17775f19-8c66-41b3-bd38-919b0fe10b8f,4,14,90.44,Registrar Recibos,True
f5ba7581-b2ac-4b3a-830e-64ab112f975a,5,18,56.79,Validar Elegibilidad,True
31ece703-f961-4e8e-a5c5-cd5c5b47e3db,1,13,110.39,Solicitar Adelanto,True
17775f19-8c66-41b3-bd38-919b0fe10b8f,2,15,110.1,Detallar Curso,True
f036cecc-192b-4e1e-bdc2-c95608f24fe9,2,5,44.28,Procesar Transferencia,True
e6edcb81-4782-44f0-af6d-1e9e184c77ba,6,1,1.02,Verificar Stock,True
17775f19-8c66-41b3-bd38-919b0fe10b8f,6,22,100.04,Validación de RRHH,True
f036cecc-192b-4e1e-bdc2-c95608f24fe9,0,4,5.11,Entrega del Equipo,True
5fd7b0ae-2619-4038-a52e-26a0576c4819,4,23,46.16,Especificar Servidores,True
5fd7b0ae-2619-4038-a52e-26a0576c4819,6,0,4.62,Revisión de Seguridad,True
5fd7b0ae-2619-4038-a52e-26a0576c4819,0,1,6.59,Setup Tecnológico,True
5f56f693-5a38-4ca2-96c0-7bba750fc7a6,3,13,57.92,Iniciar Baja,True
17775f19-8c66-41b3-bd38-919b0fe10b8f,6,2,4.27,Verificar Factura,True
17775f19-8c66-41b3-bd38-919b0fe10b8f,6,15,71.1,Revisión Contable,True
5fd7b0ae-2619-4038-a52e-26a0576c4819,0,3,72.26,Feedback de Manager,True
31ece703-f961-4e8e-a5c5-cd5c5b47e3db,0,7,109.34,Validar Elegibilidad,True
f036cecc-192b-4e1e-bdc2-c95608f24fe9,5,12,96.7,Verificar Stock,True
31ece703-f961-4e8e-a5c5-cd5c5b47e3db,2,13,103.26,Revisión Contable,True
f5ba7581-b2ac-4b3a-830e-64ab112f975a,5,7,58.8,Validar Capacitación,True
5fd7b0ae-2619-4038-a52e-26a0576c4819,3,3,48.0,Pago de Liquidación,True
f5ba7581-b2ac-4b3a-830e-64ab112f975a,5,16,110.61,Aprobación Presupuesto,True
31ece703-f961-4e8e-a5c5-cd5c5b47e3db,0,0,5.41,Detallar Curso,True
5f56f693-5a38-4ca2-96c0-7bba750fc7a6,4,21,54.23,Autoevaluación,True
f036cecc-192b-4e1e-bdc2-c95608f24fe9,0,6,3.44,Firma Director,True
e6edcb81-4782-44f0-af6d-1e9e184c77ba,3,8,116.24,Pago de Liquidación,True
390714b2-977f-4e5c-bd1e-5f282ff785ef,0,5,114.83,Presentar Requerimiento,True
f036cecc-192b-4e1e-bdc2-c95608f24fe9,2,20,72.89,Revisión de Seguridad,True
5fd7b0ae-2619-4038-a52e-26a0576c4819,6,7,7.19,Instalar Licencia,True
31ece703-f961-4e8e-a5c5-cd5c5b47e3db,2,18,113.39,Enviar solicitud de vacaciones,True
f5ba7581-b2ac-4b3a-830e-64ab112f975a,0,15,53.48,Preparar Firma,True
390714b2-977f-4e5c-bd1e-5f282ff785ef,0,14,40.6,Preparar Firma,True
5fd7b0ae-2619-4038-a52e-26a0576c4819,6,2,5.79,Subir Borrador,True
5fd7b0ae-2619-4038-a52e-26a0576c4819,2,17,90.91,Solicitar Adelanto,True
31ece703-f961-4e8e-a5c5-cd5c5b47e3db,0,22,102.99,Verificar Stock,True
390714b2-977f-4e5c-bd1e-5f282ff785ef,0,17,68.29,Validar Elegibilidad,True
31ece703-f961-4e8e-a5c5-cd5c5b47e3db,2,15,26.13,Verificar Factura,True
e6edcb81-4782-44f0-af6d-1e9e184c77ba,0,13,85.52,Validar Elegibilidad,True
f5ba7581-b2ac-4b3a-830e-64ab112f975a,3,5,39.81,Aprobación de Pago,True
17775f19-8c66-41b3-bd38-919b0fe10b8f,1,23,76.34,Feedback de Manager,True
e6edcb81-4782-44f0-af6d-1e9e184c77ba,1,2,91.1,Evaluación Técnica,True
31ece703-f961-4e8e-a5c5-cd5c5b47e3db,3,1,49.31,Solicitar Adelanto,True
31ece703-f961-4e8e-a5c5-cd5c5b47e3db,2,1,57.62,Aprobación Presupuesto,True
f5ba7581-b2ac-4b3a-830e-64ab112f975a,0,22,74.11,Registrar Recibos,True
17775f19-8c66-41b3-bd38-919b0fe10b8f,2,2,47.0,Iniciar Baja,True
f036cecc-192b-4e1e-bdc2-c95608f24fe9,4,1,85.34,Evaluación Técnica,True
e6edcb81-4782-44f0-af6d-1e9e184c77ba,0,23,74.55,Feedback de Manager,True
5fd7b0ae-2619-4038-a52e-26a0576c4819,2,11,82.0,Revisión Gerencial,True
5fd7b0ae-2619-4038-a52e-26a0576c4819,2,7,77.31,Aprobar Presupuesto,True
5f56f693-5a38-4ca2-96c0-7bba750fc7a6,6,7,1.49,Validación de RRHH,True
f036cecc-192b-4e1e-bdc2-c95608f24fe9,2,15,81.63,Setup Tecnológico,True
e6edcb81-4782-44f0-af6d-1e9e184c77ba,5,0,45.71,Validar Capacitación,True
31ece703-f961-4e8e-a5c5-cd5c5b47e3db,6,20,27.33,Validar Elegibilidad,True
f036cecc-192b-4e1e-bdc2-c95608f24fe9,4,1,30.68,Consolidación de RRHH,True
e6edcb81-4782-44f0-af6d-1e9e184c77ba,0,7,6.93,Setup Tecnológico,True
f5ba7581-b2ac-4b3a-830e-64ab112f975a,3,11,42.02,Entrega del Equipo,True
5fd7b0ae-2619-4038-a52e-26a0576c4819,4,8,70.84,Aprobar Presupuesto,True
5fd7b0ae-2619-4038-a52e-26a0576c4819,0,3,37.13,Cerrar Accesos,True
17775f19-8c66-41b3-bd38-919b0fe10b8f,6,22,35.91,Autorización Gerencia,True
f036cecc-192b-4e1e-bdc2-c95608f24fe9,0,0,2.28,Validar Elegibilidad,True
5f56f693-5a38-4ca2-96c0-7bba750fc7a6,2,23,54.52,Entrega del Equipo,True
5f56f693-5a38-4ca2-96c0-7bba750fc7a6,4,14,115.69,Setup Tecnológico,True
f5ba7581-b2ac-4b3a-830e-64ab112f975a,4,10,66.13,Subir Borrador,True
f5ba7581-b2ac-4b3a-830e-64ab112f975a,0,6,3.4,Especificar Servidores,True
e6edcb81-4782-44f0-af6d-1e9e184c77ba,6,20,109.99,Reunión Bienvenida,True
e6edcb81-4782-44f0-af6d-1e9e184c77ba,6,15,38.74,Revisión Gerencial,True
390714b2-977f-4e5c-bd1e-5f282ff785ef,6,6,6.63,Iniciar Baja,True
f5ba7581-b2ac-4b3a-830e-64ab112f975a,0,2,119.91,Revisión Contable,True
5fd7b0ae-2619-4038-a52e-26a0576c4819,0,1,91.3,Cerrar Accesos,True
390714b2-977f-4e5c-bd1e-5f282ff785ef,5,13,76.12,Registrar Recibos,True
17775f19-8c66-41b3-bd38-919b0fe10b8f,0,1,5.66,Revisión Contable,True
f036cecc-192b-4e1e-bdc2-c95608f24fe9,1,1,63.72,Subir Borrador,True
5f56f693-5a38-4ca2-96c0-7bba750fc7a6,6,22,28.37,Cerrar Accesos,True
f036cecc-192b-4e1e-bdc2-c95608f24fe9,1,6,32.23,Aprobación de Pago,True
f5ba7581-b2ac-4b3a-830e-64ab112f975a,0,19,50.94,Entrega del Equipo,True
f036cecc-192b-4e1e-bdc2-c95608f24fe9,1,19,29.95,Validar Elegibilidad,True
f5ba7581-b2ac-4b3a-830e-64ab112f975a,0,7,1.36,Cerrar Accesos,True
e6edcb81-4782-44f0-af6d-1e9e184c77ba,2,16,118.64,Consolidar Gastos,True
e6edcb81-4782-44f0-af6d-1e9e184c77ba,0,23,68.19,Detallar Curso,True
f5ba7581-b2ac-4b3a-830e-64ab112f975a,2,2,110.74,Pago de Liquidación,True
e6edcb81-4782-44f0-af6d-1e9e184c77ba,3,15,85.44,Revisión de Seguridad,True
390714b2-977f-4e5c-bd1e-5f282ff785ef,6,10,88.77,Feedback de Manager,True
31ece703-f961-4e8e-a5c5-cd5c5b47e3db,6,5,3.43,Pago de Liquidación,True
17775f19-8c66-41b3-bd38-919b0fe10b8f,1,6,110.89,Consolidar Gastos,True
5f56f693-5a38-4ca2-96c0-7bba750fc7a6,5,17,85.52,Preparar Firma,True
31ece703-f961-4e8e-a5c5-cd5c5b47e3db,0,17,111.71,Detallar Curso,True
5fd7b0ae-2619-4038-a52e-26a0576c4819,0,3,113.9,Aprobación Costos,True
390714b2-977f-4e5c-bd1e-5f282ff785ef,0,1,1.87,Instalar Licencia,True
f036cecc-192b-4e1e-bdc2-c95608f24fe9,6,7,3.27,Autorización Gerencia,True
5fd7b0ae-2619-4038-a52e-26a0576c4819,1,4,42.03,Revisión Contable,True
17775f19-8c66-41b3-bd38-919b0fe10b8f,3,9,32.3,Enviar solicitud de vacaciones,True
5fd7b0ae-2619-4038-a52e-26a0576c4819,0,7,79.8,Feedback de Manager,True
390714b2-977f-4e5c-bd1e-5f282ff785ef,2,9,100.55,Feedback de Manager,True
17775f19-8c66-41b3-bd38-919b0fe10b8f,1,5,112.0,Inicio de la solicitud,True
f5ba7581-b2ac-4b3a-830e-64ab112f975a,4,16,80.14,Solicitar Adelanto,True
31ece703-f961-4e8e-a5c5-cd5c5b47e3db,2,12,94.07,Solicitar Adelanto,True
5fd7b0ae-2619-4038-a52e-26a0576c4819,3,18,110.63,Aprobación del manager,True
f036cecc-192b-4e1e-bdc2-c95608f24fe9,0,17,60.11,Aprobación Costos,True
31ece703-f961-4e8e-a5c5-cd5c5b47e3db,2,8,98.28,Aprobación Costos,True
e6edcb81-4782-44f0-af6d-1e9e184c77ba,0,4,110.35,Autoevaluación,True
5f56f693-5a38-4ca2-96c0-7bba750fc7a6,2,21,41.27,Detallar Curso,True
31ece703-f961-4e8e-a5c5-cd5c5b47e3db,0,5,74.97,Validar Comercial,True
5fd7b0ae-2619-4038-a52e-26a0576c4819,3,4,100.13,Consolidar Gastos,True
31ece703-f961-4e8e-a5c5-cd5c5b47e3db,1,23,31.93,Inicio del Proceso,True
f5ba7581-b2ac-4b3a-830e-64ab112f975a,6,23,52.48,Consolidación de RRHH,True
5f56f693-5a38-4ca2-96c0-7bba750fc7a6,0,0,3.9,Detallar Curso,True
f5ba7581-b2ac-4b3a-830e-64ab112f975a,0,17,81.78,Aprobar Presupuesto,True
5fd7b0ae-2619-4038-a52e-26a0576c4819,0,5,78.09,Validar Comercial,True
5fd7b0ae-2619-4038-a52e-26a0576c4819,2,20,118.41,Solicitar Adelanto,True
e6edcb81-4782-44f0-af6d-1e9e184c77ba,4,6,84.73,Cerrar Accesos,True
5f56f693-5a38-4ca2-96c0-7bba750fc7a6,1,13,97.1,Pago de Liquidación,True
390714b2-977f-4e5c-bd1e-5f282ff785ef,2,1,66.34,Verificar Factura,True
f5ba7581-b2ac-4b3a-830e-64ab112f975a,4,10,68.08,Validar Comercial,True
17775f19-8c66-41b3-bd38-919b0fe10b8f,3,20,52.33,Autoevaluación,True
e6edcb81-4782-44f0-af6d-1e9e184c77ba,3,19,64.31,Revisión Gerencial,True
5f56f693-5a38-4ca2-96c0-7bba750fc7a6,2,9,25.39,Subir Borrador,True
f5ba7581-b2ac-4b3a-830e-64ab112f975a,6,7,2.36,Presentar Requerimiento,True
f5ba7581-b2ac-4b3a-830e-64ab112f975a,6,13,88.11,Registrar Recibos,True
5f56f693-5a38-4ca2-96c0-7bba750fc7a6,6,22,35.53,Subir Borrador,True
390714b2-977f-4e5c-bd1e-5f282ff785ef,1,21,43.95,Revisión Contable,True
5f56f693-5a38-4ca2-96c0-7bba750fc7a6,5,8,91.56,Procesar Transferencia,True
f036cecc-192b-4e1e-bdc2-c95608f24fe9,2,12,82.35,Registrar Recibos,True
17775f19-8c66-41b3-bd38-919b0fe10b8f,2,0,103.49,Inicio de la solicitud,True
31ece703-f961-4e8e-a5c5-cd5c5b47e3db,5,21,56.03,Verificar Factura,True
5f56f693-5a38-4ca2-96c0-7bba750fc7a6,4,21,33.96,Consolidación de RRHH,True
f036cecc-192b-4e1e-bdc2-c95608f24fe9,6,9,38.01,Setup Tecnológico,True
f5ba7581-b2ac-4b3a-830e-64ab112f975a,0,6,6.6,Validación de RRHH,True
31ece703-f961-4e8e-a5c5-cd5c5b47e3db,0,2,4.51,Presentar Requerimiento,True
f5ba7581-b2ac-4b3a-830e-64ab112f975a,1,1,73.18,Verificar Stock,True
390714b2-977f-4e5c-bd1e-5f282ff785ef,6,20,51.07,Validar Comercial,True
f036cecc-192b-4e1e-bdc2-c95608f24fe9,1,22,95.2,Especificar Licencia,True
f036cecc-192b-4e1e-bdc2-c95608f24fe9,2,18,71.32,Revisión Gerencial,True
e6edcb81-4782-44f0-af6d-1e9e184c77ba,6,14,39.06,Aprobación del manager,True
390714b2-977f-4e5c-bd1e-5f282ff785ef,6,4,3.16,Validación de RRHH,True
5fd7b0ae-2619-4038-a52e-26a0576c4819,0,2,68.59,Setup Tecnológico,True
31ece703-f961-4e8e-a5c5-cd5c5b47e3db,1,4,105.61,Validación de RRHH,True
f5ba7581-b2ac-4b3a-830e-64ab112f975a,0,4,3.96,Aprobar Presupuesto,True
f036cecc-192b-4e1e-bdc2-c95608f24fe9,0,6,98.52,Solicitar Adelanto,True
31ece703-f961-4e8e-a5c5-cd5c5b47e3db,1,2,119.57,Consolidar Gastos,True
5fd7b0ae-2619-4038-a52e-26a0576c4819,6,0,3.23,Verificar Factura,True
f5ba7581-b2ac-4b3a-830e-64ab112f975a,6,7,106.36,Cerrar Accesos,True
5f56f693-5a38-4ca2-96c0-7bba750fc7a6,6,7,39.59,Aprobación Costos,True
f5ba7581-b2ac-4b3a-830e-64ab112f975a,3,2,105.38,Dispersión de Fondos,True
390714b2-977f-4e5c-bd1e-5f282ff785ef,2,5,109.14,Verificar Stock,True
5f56f693-5a38-4ca2-96c0-7bba750fc7a6,4,6,109.17,Feedback de Manager,True
17775f19-8c66-41b3-bd38-919b0fe10b8f,0,1,4.04,Autorización Gerencia,True
31ece703-f961-4e8e-a5c5-cd5c5b47e3db,6,20,82.16,Preparar Firma,True
31ece703-f961-4e8e-a5c5-cd5c5b47e3db,4,23,117.84,Aprobar Presupuesto,True
390714b2-977f-4e5c-bd1e-5f282ff785ef,0,22,33.23,Validación de RRHH,True
f5ba7581-b2ac-4b3a-830e-64ab112f975a,6,0,109.06,Aprobación de Pago,True
5fd7b0ae-2619-4038-a52e-26a0576c4819,4,4,76.66,Solicitar Adelanto,True
5fd7b0ae-2619-4038-a52e-26a0576c4819,0,9,50.43,Aprobación Costos,True
e6edcb81-4782-44f0-af6d-1e9e184c77ba,6,4,1.02,Presentar Requerimiento,True
5fd7b0ae-2619-4038-a52e-26a0576c4819,2,19,104.12,Aprobación del manager,True
390714b2-977f-4e5c-bd1e-5f282ff785ef,3,21,65.14,Pago de Liquidación,True
17775f19-8c66-41b3-bd38-919b0fe10b8f,3,18,78.82,Validación de RRHH,True
390714b2-977f-4e5c-bd1e-5f282ff785ef,4,10,57.73,Revisión Gerencial,True
17775f19-8c66-41b3-bd38-919b0fe10b8f,5,8,37.99,Aprobación Presupuesto,True
f5ba7581-b2ac-4b3a-830e-64ab112f975a,0,5,70.22,Solicitar Adelanto,True
390714b2-977f-4e5c-bd1e-5f282ff785ef,3,6,48.26,Aprobar Presupuesto,True
f036cecc-192b-4e1e-bdc2-c95608f24fe9,4,13,43.31,Inicio del Proceso,True
31ece703-f961-4e8e-a5c5-cd5c5b47e3db,5,10,26.39,Presentar Requerimiento,True
5f56f693-5a38-4ca2-96c0-7bba750fc7a6,6,14,54.53,Habilitar Permisos,True
e6edcb81-4782-44f0-af6d-1e9e184c77ba,4,12,78.76,Procesar Transferencia,True
f5ba7581-b2ac-4b3a-830e-64ab112f975a,2,8,40.66,Enviar solicitud de vacaciones,True
390714b2-977f-4e5c-bd1e-5f282ff785ef,0,3,1.68,Enviar solicitud de vacaciones,True
390714b2-977f-4e5c-bd1e-5f282ff785ef,2,3,96.82,Iniciar Baja,True
5fd7b0ae-2619-4038-a52e-26a0576c4819,2,5,56.73,Subir Borrador,True
f036cecc-192b-4e1e-bdc2-c95608f24fe9,0,18,58.92,Validar Elegibilidad,True
5fd7b0ae-2619-4038-a52e-26a0576c4819,0,9,102.04,Autorización Gerencia,True
5fd7b0ae-2619-4038-a52e-26a0576c4819,2,19,113.08,Consolidación de RRHH,True
17775f19-8c66-41b3-bd38-919b0fe10b8f,6,4,75.99,Feedback de Manager,True
31ece703-f961-4e8e-a5c5-cd5c5b47e3db,1,7,36.39,Consolidar Gastos,True
5f56f693-5a38-4ca2-96c0-7bba750fc7a6,1,19,117.55,Aprobación Presupuesto,True
390714b2-977f-4e5c-bd1e-5f282ff785ef,3,0,108.99,Validar Elegibilidad,True
5fd7b0ae-2619-4038-a52e-26a0576c4819,6,3,6.72,Inicio de la solicitud,True
17775f19-8c66-41b3-bd38-919b0fe10b8f,6,3,3.08,Verificar Stock,True
17775f19-8c66-41b3-bd38-919b0fe10b8f,3,5,104.22,Feedback de Manager,True
f036cecc-192b-4e1e-bdc2-c95608f24fe9,3,7,73.29,Revisión Gerencial,True
5f56f693-5a38-4ca2-96c0-7bba750fc7a6,6,2,2.09,Verificar Factura,True
390714b2-977f-4e5c-bd1e-5f282ff785ef,0,22,56.36,Autorización Gerencia,True
f036cecc-192b-4e1e-bdc2-c95608f24fe9,5,8,35.25,Enviar solicitud de vacaciones,True
17775f19-8c66-41b3-bd38-919b0fe10b8f,2,11,92.96,Habilitar Permisos,True
f5ba7581-b2ac-4b3a-830e-64ab112f975a,6,5,28.33,Aprobar Presupuesto,True
17775f19-8c66-41b3-bd38-919b0fe10b8f,2,14,44.56,Consolidar Gastos,True
e6edcb81-4782-44f0-af6d-1e9e184c77ba,6,6,6.82,Reunión Bienvenida,True
f036cecc-192b-4e1e-bdc2-c95608f24fe9,0,5,55.27,Reunión Bienvenida,True
f036cecc-192b-4e1e-bdc2-c95608f24fe9,0,6,3.21,Validar Elegibilidad,True
390714b2-977f-4e5c-bd1e-5f282ff785ef,0,4,5.37,Instalar Licencia,True
17775f19-8c66-41b3-bd38-919b0fe10b8f,4,19,102.1,Validación de RRHH,True
5f56f693-5a38-4ca2-96c0-7bba750fc7a6,3,13,116.36,Evaluación Técnica,True
31ece703-f961-4e8e-a5c5-cd5c5b47e3db,6,15,63.33,Aprobación de Pago,True
5fd7b0ae-2619-4038-a52e-26a0576c4819,4,21,80.83,Especificar Servidores,True
5f56f693-5a38-4ca2-96c0-7bba750fc7a6,5,17,40.86,Registrar Recibos,True
e6edcb81-4782-44f0-af6d-1e9e184c77ba,0,19,95.63,Detallar Curso,True
f036cecc-192b-4e1e-bdc2-c95608f24fe9,6,5,25.4,Aprobar Presupuesto,True
5f56f693-5a38-4ca2-96c0-7bba750fc7a6,6,4,7.28,Pago de Liquidación,True
31ece703-f961-4e8e-a5c5-cd5c5b47e3db,6,14,30.58,Procesar Transferencia,True
390714b2-977f-4e5c-bd1e-5f282ff785ef,0,21,72.88,Solicitar Adelanto,True
17775f19-8c66-41b3-bd38-919b0fe10b8f,1,15,110.79,Preparar Firma,True
f5ba7581-b2ac-4b3a-830e-64ab112f975a,6,0,1.66,Reunión Bienvenida,True
17775f19-8c66-41b3-bd38-919b0fe10b8f,0,17,59.36,Feedback de Manager,True
5fd7b0ae-2619-4038-a52e-26a0576c4819,0,11,106.28,Verificar Stock,True
e6edcb81-4782-44f0-af6d-1e9e184c77ba,6,8,101.69,Iniciar Baja,True
e6edcb81-4782-44f0-af6d-1e9e184c77ba,5,9,53.87,Inicio de la solicitud,True
17775f19-8c66-41b3-bd38-919b0fe10b8f,3,13,82.71,Cerrar Accesos,True
e6edcb81-4782-44f0-af6d-1e9e184c77ba,0,0,8.0,Especificar Servidores,True
e6edcb81-4782-44f0-af6d-1e9e184c77ba,2,4,56.08,Autorización Gerencia,True
17775f19-8c66-41b3-bd38-919b0fe10b8f,2,13,88.98,Verificar Stock,True
17775f19-8c66-41b3-bd38-919b0fe10b8f,2,0,33.03,Aprobar Presupuesto,True
17775f19-8c66-41b3-bd38-919b0fe10b8f,6,2,5.8,Registrar Recibos,True
5fd7b0ae-2619-4038-a52e-26a0576c4819,4,4,103.35,Iniciar Baja,True
390714b2-977f-4e5c-bd1e-5f282ff785ef,5,17,106.97,Verificar Factura,True
17775f19-8c66-41b3-bd38-919b0fe10b8f,4,2,31.01,Solicitar Adelanto,True
e6edcb81-4782-44f0-af6d-1e9e184c77ba,0,19,40.01,Consolidar Gastos,True
390714b2-977f-4e5c-bd1e-5f282ff785ef,0,21,24.8,Inicio de la solicitud,True
f036cecc-192b-4e1e-bdc2-c95608f24fe9,3,10,108.69,Setup Tecnológico,True
17775f19-8c66-41b3-bd38-919b0fe10b8f,6,2,112.8,Presentar Requerimiento,True
e6edcb81-4782-44f0-af6d-1e9e184c77ba,0,7,6.02,Habilitar Permisos,True
f5ba7581-b2ac-4b3a-830e-64ab112f975a,2,13,49.9,Registrar Recibos,True
31ece703-f961-4e8e-a5c5-cd5c5b47e3db,4,0,53.73,Dispersión de Fondos,True
31ece703-f961-4e8e-a5c5-cd5c5b47e3db,0,4,1.42,Presentar Requerimiento,True
5fd7b0ae-2619-4038-a52e-26a0576c4819,6,16,100.53,Autoevaluación,True
5fd7b0ae-2619-4038-a52e-26a0576c4819,1,0,111.98,Validar Capacitación,True
31ece703-f961-4e8e-a5c5-cd5c5b47e3db,0,17,71.04,Revisión de Seguridad,True
f5ba7581-b2ac-4b3a-830e-64ab112f975a,2,13,101.26,Aprobar Presupuesto,True
5fd7b0ae-2619-4038-a52e-26a0576c4819,4,21,111.98,Aprobar Presupuesto,True
f036cecc-192b-4e1e-bdc2-c95608f24fe9,4,19,102.03,Subir Borrador,True
f5ba7581-b2ac-4b3a-830e-64ab112f975a,2,9,74.21,Cerrar Accesos,True
5f56f693-5a38-4ca2-96c0-7bba750fc7a6,3,1,37.56,Autoevaluación,True
f5ba7581-b2ac-4b3a-830e-64ab112f975a,5,21,63.26,Cerrar Accesos,True
17775f19-8c66-41b3-bd38-919b0fe10b8f,0,6,61.08,Firma Director,True
