policy_id,activity_id,employee_id,pending_tasks,completion_hours
7c8d9e0f-1a2b-3c4d-5e6f-7a8b9c0d1e2f,Aprobación Costos,f615b16b-8fd1-43c9-97c0-a65e08960291,11,11.31
9c0d1e2f-3a4b-5c6d-7e8f-9a0b1c2d3e4f,Reunión Bienvenida,c017087e-fcbc-4f47-ae54-78008d243fbf,12,12.33
7c8d9e0f-1a2b-3c4d-5e6f-7a8b9c0d1e2f,Consolidar Gastos,14791e8e-28e4-4f61-9593-d7a2653d97a3,15,13.67
7c8d9e0f-1a2b-3c4d-5e6f-7a8b9c0d1e2f,Verificar Factura,3f72a8b2-777b-43c8-ba37-8f5d9fbd2135,5,6.68
439df689-d1cf-41c3-883c-1b7713fe68e5,Revisión Contable,c017087e-fcbc-4f47-ae54-78008d243fbf,12,14.12
7c8d9e0f-1a2b-3c4d-5e6f-7a8b9c0d1e2f,Dispersión de Fondos,e04f861d-b880-4d7f-bf03-59ce8e435929,0,4.48
2c3d4e5f-6a7b-8c9d-0e1f-2a3b4c5d6e7f,Feedback de Manager,bebe41a9-85fc-43f3-a125-5c7f72b0898d,9,8.49
8c9d0e1f-2a3b-4c5d-6e7f-8a9b0c1d2e3f,Procesar Transferencia,14791e8e-28e4-4f61-9593-d7a2653d97a3,3,5.66
8c9d0e1f-2a3b-4c5d-6e7f-8a9b0c1d2e3f,Procesar Transferencia,8490fcc8-7f53-4704-ac48-99b48356b21c,8,13.22
111e9d86-cbd2-45ff-a809-4072bbe6a4d0,Reunión Bienvenida,e121cbea-1209-4fe7-ad22-6cf09caf5b95,9,12.76
111e9d86-cbd2-45ff-a809-4072bbe6a4d0,Inicio del Proceso,f65f0bd7-27f5-4b8c-9641-94729f51744a,11,11.58
7c8d9e0f-1a2b-3c4d-5e6f-7a8b9c0d1e2f,Entrega del Equipo,2b549288-04a4-4705-bcd0-0332b683df27,10,9.28
439df689-d1cf-41c3-883c-1b7713fe68e5,Especificar Licencia,2e310583-c106-4f2c-a6c3-c4b12ec30658,10,10.94
2c3d4e5f-6a7b-8c9d-0e1f-2a3b4c5d6e7f,Pago de Liquidación,4cd6a83f-a8b6-4b56-854d-5d3693ec4ab4,1,4.14
6720c739-1916-432b-b392-e698dcfd8112,Detallar Curso,4cd6a83f-a8b6-4b56-854d-5d3693ec4ab4,14,13.74
993a46fb-a0b2-4d2c-88eb-11ab1c3d4e8c,Validación de RRHH,87f8e8d1-83e9-4ddb-9be0-fc955228db6d,8,14.67
439df689-d1cf-41c3-883c-1b7713fe68e5,Validar Capacitación,7949fc3c-9284-40a0-8161-7b39cf9f9b2d,2,4.33
2c3d4e5f-6a7b-8c9d-0e1f-2a3b4c5d6e7f,Presentar Requerimiento,f615b16b-8fd1-43c9-97c0-a65e08960291,10,11.11
000a3793-827e-4616-84f9-0a23863e0a35,Inicio de la solicitud,0eea38fa-f85e-4c73-b47b-0a1985db1227,8,10.56
3c4d5e6f-7a8b-9c0d-1e2f-3a4b5c6d7e8f,Instalar Licencia,f615b16b-8fd1-43c9-97c0-a65e08960291,14,13.95
111e9d86-cbd2-45ff-a809-4072bbe6a4d0,Aprobar Presupuesto,3f72a8b2-777b-43c8-ba37-8f5d9fbd2135,10,10.92
a7b21cc3-d8cf-48af-8bb0-22cba4567e9b,Feedback de Manager,f615b16b-8fd1-43c9-97c0-a65e08960291,10,9.35
6c7d8e9f-0a1b-2c3d-4e5f-6a7b8c9d0e1f,Validación de RRHH,e121cbea-1209-4fe7-ad22-6cf09caf5b95,2,4.53
6c7d8e9f-0a1b-2c3d-4e5f-6a7b8c9d0e1f,Verificar Stock,c017087e-fcbc-4f47-ae54-78008d243fbf,12,14.39
0e1f2a3b-4c5d-6e7f-8a9b-0c1d2e3f4a5b,Subir Borrador,2084f511-720a-4096-80cd-5bc9b91cf5b6,3,4.17
a7b21cc3-d8cf-48af-8bb0-22cba4567e9b,Firma Director,e121cbea-1209-4fe7-ad22-6cf09caf5b95,1,6.59
439df689-d1cf-41c3-883c-1b7713fe68e5,Validar Capacitación,eccb7c0d-52a7-4143-baad-ebee05361b50,3,5.0
6c7d8e9f-0a1b-2c3d-4e5f-6a7b8c9d0e1f,Validar Comercial,14791e8e-28e4-4f61-9593-d7a2653d97a3,0,5.07
0e1f2a3b-4c5d-6e7f-8a9b-0c1d2e3f4a5b,Setup Tecnológico,4cd6a83f-a8b6-4b56-854d-5d3693ec4ab4,12,11.26
5c6d7e8f-9a0b-1c2d-3e4f-5a6b7c8d9e0f,Autorización Gerencia,a9eff785-5679-4a1b-91ef-6ca8712ddd18,6,13.31
9c0d1e2f-3a4b-5c6d-7e8f-9a0b1c2d3e4f,Aprobación de Pago,0eea38fa-f85e-4c73-b47b-0a1985db1227,8,11.78
9c0d1e2f-3a4b-5c6d-7e8f-9a0b1c2d3e4f,Inicio de la solicitud,e1c69265-87e8-417b-b13a-2ae72c53d4e3,8,7.67
4c5d6e7f-8a9b-0c1d-2e3f-4a5b6c7d8e9f,Especificar Servidores,d9b58f63-b601-433e-9861-2bf2ad90eeb6,2,7.47
5c6d7e8f-9a0b-1c2d-3e4f-5a6b7c8d9e0f,Enviar solicitud de vacaciones,4cd6a83f-a8b6-4b56-854d-5d3693ec4ab4,2,6.64
6c7d8e9f-0a1b-2c3d-4e5f-6a7b8c9d0e1f,Preparar Firma,eccb7c0d-52a7-4143-baad-ebee05361b50,6,9.6
f5ba7581-b2ac-4b3a-830e-64ab112f975a,Revisión de Seguridad,db614129-bb28-4b41-8a46-bea1444c388c,13,12.52
9c0d1e2f-3a4b-5c6d-7e8f-9a0b1c2d3e4f,Habilitar Permisos,87f8e8d1-83e9-4ddb-9be0-fc955228db6d,12,15.01
9c0d1e2f-3a4b-5c6d-7e8f-9a0b1c2d3e4f,Solicitar Adelanto,a9eff785-5679-4a1b-91ef-6ca8712ddd18,0,2.52
5c6d7e8f-9a0b-1c2d-3e4f-5a6b7c8d9e0f,Pago de Liquidación,c017087e-fcbc-4f47-ae54-78008d243fbf,5,9.74
000a3793-827e-4616-84f9-0a23863e0a35,Detallar Curso,d9b58f63-b601-433e-9861-2bf2ad90eeb6,2,6.64
9c0d1e2f-3a4b-5c6d-7e8f-9a0b1c2d3e4f,Validar Elegibilidad,f65f0bd7-27f5-4b8c-9641-94729f51744a,10,12.19
000a3793-827e-4616-84f9-0a23863e0a35,Validar Comercial,eccb7c0d-52a7-4143-baad-ebee05361b50,3,7.7
0e1f2a3b-4c5d-6e7f-8a9b-0c1d2e3f4a5b,Habilitar Permisos,e04f861d-b880-4d7f-bf03-59ce8e435929,1,1.72
993a46fb-a0b2-4d2c-88eb-11ab1c3d4e8c,Subir Borrador,2e310583-c106-4f2c-a6c3-c4b12ec30658,14,16.14
9c0d1e2f-3a4b-5c6d-7e8f-9a0b1c2d3e4f,Detallar Curso,d822aaf2-81c6-4054-b63b-a2bec2d53509,8,9.62
0e1f2a3b-4c5d-6e7f-8a9b-0c1d2e3f4a5b,Presentar Requerimiento,f615b16b-8fd1-43c9-97c0-a65e08960291,7,8.76
bd9966b2-5fa2-4a4b-b924-59e817a5e756,Dispersión de Fondos,87f8e8d1-83e9-4ddb-9be0-fc955228db6d,10,12.07
8c9d0e1f-2a3b-4c5d-6e7f-8a9b0c1d2e3f,Aprobar Presupuesto,2b549288-04a4-4705-bcd0-0332b683df27,14,19.35
439df689-d1cf-41c3-883c-1b7713fe68e5,Firma Director,f615b16b-8fd1-43c9-97c0-a65e08960291,0,3.84
7c8d9e0f-1a2b-3c4d-5e6f-7a8b9c0d1e2f,Inicio del Proceso,7949fc3c-9284-40a0-8161-7b39cf9f9b2d,6,9.26
111e9d86-cbd2-45ff-a809-4072bbe6a4d0,Setup Tecnológico,db614129-bb28-4b41-8a46-bea1444c388c,5,9.05
4c5d6e7f-8a9b-0c1d-2e3f-4a5b6c7d8e9f,Aprobación Costos,2b549288-04a4-4705-bcd0-0332b683df27,8,9.3
8c9d0e1f-2a3b-4c5d-6e7f-8a9b0c1d2e3f,Presentar Requerimiento,87f8e8d1-83e9-4ddb-9be0-fc955228db6d,1,9.81
3c4d5e6f-7a8b-9c0d-1e2f-3a4b5c6d7e8f,Especificar Licencia,3f72a8b2-777b-43c8-ba37-8f5d9fbd2135,5,9.92
7c8d9e0f-1a2b-3c4d-5e6f-7a8b9c0d1e2f,Reunión Bienvenida,7949fc3c-9284-40a0-8161-7b39cf9f9b2d,3,6.88
3c4d5e6f-7a8b-9c0d-1e2f-3a4b5c6d7e8f,Evaluación Técnica,e121cbea-1209-4fe7-ad22-6cf09caf5b95,14,12.97
31ece703-f961-4e8e-a5c5-cd5c5b47e3db,Registrar Recibos,a9eff785-5679-4a1b-91ef-6ca8712ddd18,7,8.85
7c8d9e0f-1a2b-3c4d-5e6f-7a8b9c0d1e2f,Aprobación del manager,0eea38fa-f85e-4c73-b47b-0a1985db1227,8,11.66
6720c739-1916-432b-b392-e698dcfd8112,Setup Tecnológico,e121cbea-1209-4fe7-ad22-6cf09caf5b95,0,6.01
6720c739-1916-432b-b392-e698dcfd8112,Pago de Liquidación,f615b16b-8fd1-43c9-97c0-a65e08960291,13,15.78
5c6d7e8f-9a0b-1c2d-3e4f-5a6b7c8d9e0f,Instalar Licencia,4cd6a83f-a8b6-4b56-854d-5d3693ec4ab4,9,12.85
6c7d8e9f-0a1b-2c3d-4e5f-6a7b8c9d0e1f,Subir Borrador,3f72a8b2-777b-43c8-ba37-8f5d9fbd2135,15,16.39
993a46fb-a0b2-4d2c-88eb-11ab1c3d4e8c,Dispersión de Fondos,a9eff785-5679-4a1b-91ef-6ca8712ddd18,5,8.63
2c3d4e5f-6a7b-8c9d-0e1f-2a3b4c5d6e7f,Preparar Firma,0eea38fa-f85e-4c73-b47b-0a1985db1227,9,10.48
bd9966b2-5fa2-4a4b-b924-59e817a5e756,Presentar Requerimiento,87f8e8d1-83e9-4ddb-9be0-fc955228db6d,14,15.73
0e1f2a3b-4c5d-6e7f-8a9b-0c1d2e3f4a5b,Aprobación Presupuesto,c017087e-fcbc-4f47-ae54-78008d243fbf,10,9.23
31ece703-f961-4e8e-a5c5-cd5c5b47e3db,Validar Capacitación,2e310583-c106-4f2c-a6c3-c4b12ec30658,7,8.01
6c7d8e9f-0a1b-2c3d-4e5f-6a7b8c9d0e1f,Preparar Firma,2b549288-04a4-4705-bcd0-0332b683df27,4,7.54
6c7d8e9f-0a1b-2c3d-4e5f-6a7b8c9d0e1f,Aprobación Presupuesto,2b549288-04a4-4705-bcd0-0332b683df27,3,6.68
2c3d4e5f-6a7b-8c9d-0e1f-2a3b4c5d6e7f,Pago de Liquidación,e1c69265-87e8-417b-b13a-2ae72c53d4e3,0,3.76
5c6d7e8f-9a0b-1c2d-3e4f-5a6b7c8d9e0f,Verificar Stock,87f8e8d1-83e9-4ddb-9be0-fc955228db6d,5,13.75
2c3d4e5f-6a7b-8c9d-0e1f-2a3b4c5d6e7f,Autoevaluación,c017087e-fcbc-4f47-ae54-78008d243fbf,5,8.52
439df689-d1cf-41c3-883c-1b7713fe68e5,Dispersión de Fondos,db614129-bb28-4b41-8a46-bea1444c388c,14,14.68
993a46fb-a0b2-4d2c-88eb-11ab1c3d4e8c,Inicio de la solicitud,e1c69265-87e8-417b-b13a-2ae72c53d4e3,9,13.93
f5ba7581-b2ac-4b3a-830e-64ab112f975a,Enviar solicitud de vacaciones,f615b16b-8fd1-43c9-97c0-a65e08960291,8,11.12
993a46fb-a0b2-4d2c-88eb-11ab1c3d4e8c,Revisión Contable,7949fc3c-9284-40a0-8161-7b39cf9f9b2d,1,8.67
bd9966b2-5fa2-4a4b-b924-59e817a5e756,Consolidación de RRHH,2b549288-04a4-4705-bcd0-0332b683df27,8,11.0
f5ba7581-b2ac-4b3a-830e-64ab112f975a,Aprobación de Pago,e121cbea-1209-4fe7-ad22-6cf09caf5b95,4,8.46
bd9966b2-5fa2-4a4b-b924-59e817a5e756,Validar Comercial,bebe41a9-85fc-43f3-a125-5c7f72b0898d,0,1.04
f5ba7581-b2ac-4b3a-830e-64ab112f975a,Verificar Factura,4cd6a83f-a8b6-4b56-854d-5d3693ec4ab4,14,11.79
7c8d9e0f-1a2b-3c4d-5e6f-7a8b9c0d1e2f,Iniciar Baja,2e310583-c106-4f2c-a6c3-c4b12ec30658,9,13.31
5c6d7e8f-9a0b-1c2d-3e4f-5a6b7c8d9e0f,Setup Tecnológico,87f8e8d1-83e9-4ddb-9be0-fc955228db6d,8,15.17
a7b21cc3-d8cf-48af-8bb0-22cba4567e9b,Cerrar Accesos,db614129-bb28-4b41-8a46-bea1444c388c,14,12.45
993a46fb-a0b2-4d2c-88eb-11ab1c3d4e8c,Revisión de Seguridad,87f8e8d1-83e9-4ddb-9be0-fc955228db6d,11,17.29
6720c739-1916-432b-b392-e698dcfd8112,Entrega del Equipo,f65f0bd7-27f5-4b8c-9641-94729f51744a,14,14.02
3c4d5e6f-7a8b-9c0d-1e2f-3a4b5c6d7e8f,Consolidación de RRHH,eccb7c0d-52a7-4143-baad-ebee05361b50,1,4.03
000a3793-827e-4616-84f9-0a23863e0a35,Autoevaluación,e121cbea-1209-4fe7-ad22-6cf09caf5b95,12,15.03
8c9d0e1f-2a3b-4c5d-6e7f-8a9b0c1d2e3f,Habilitar Permisos,14791e8e-28e4-4f61-9593-d7a2653d97a3,13,17.85
9c0d1e2f-3a4b-5c6d-7e8f-9a0b1c2d3e4f,Firma Director,7949fc3c-9284-40a0-8161-7b39cf9f9b2d,12,10.42
a7b21cc3-d8cf-48af-8bb0-22cba4567e9b,Registrar Recibos,2084f511-720a-4096-80cd-5bc9b91cf5b6,7,9.9
9c0d1e2f-3a4b-5c6d-7e8f-9a0b1c2d3e4f,Presentar Requerimiento,f615b16b-8fd1-43c9-97c0-a65e08960291,8,7.84
6720c739-1916-432b-b392-e698dcfd8112,Verificar Factura,3f72a8b2-777b-43c8-ba37-8f5d9fbd2135,11,10.71
439df689-d1cf-41c3-883c-1b7713fe68e5,Aprobación Costos,2084f511-720a-4096-80cd-5bc9b91cf5b6,9,10.78
bd9966b2-5fa2-4a4b-b924-59e817a5e756,Verificar Factura,d9b58f63-b601-433e-9861-2bf2ad90eeb6,1,2.6
993a46fb-a0b2-4d2c-88eb-11ab1c3d4e8c,Revisión de Seguridad,e04f861d-b880-4d7f-bf03-59ce8e435929,11,16.54
a7b21cc3-d8cf-48af-8bb0-22cba4567e9b,Cerrar Accesos,d9b58f63-b601-433e-9861-2bf2ad90eeb6,4,4.52
9c0d1e2f-3a4b-5c6d-7e8f-9a0b1c2d3e4f,Detallar Curso,e121cbea-1209-4fe7-ad22-6cf09caf5b95,4,6.14
8c9d0e1f-2a3b-4c5d-6e7f-8a9b0c1d2e3f,Reunión Bienvenida,f615b16b-8fd1-43c9-97c0-a65e08960291,15,20.32
5c6d7e8f-9a0b-1c2d-3e4f-5a6b7c8d9e0f,Subir Borrador,87f8e8d1-83e9-4ddb-9be0-fc955228db6d,14,15.14
7c8d9e0f-1a2b-3c4d-5e6f-7a8b9c0d1e2f,Verificar Factura,3f72a8b2-777b-43c8-ba37-8f5d9fbd2135,14,14.22
9c0d1e2f-3a4b-5c6d-7e8f-9a0b1c2d3e4f,Presentar Requerimiento,2b549288-04a4-4705-bcd0-0332b683df27,14,16.62
31ece703-f961-4e8e-a5c5-cd5c5b47e3db,Aprobación del manager,3f72a8b2-777b-43c8-ba37-8f5d9fbd2135,15,14.82
6720c739-1916-432b-b392-e698dcfd8112,Firma Director,d9b58f63-b601-433e-9861-2bf2ad90eeb6,13,16.36
0e1f2a3b-4c5d-6e7f-8a9b-0c1d2e3f4a5b,Instalar Licencia,f65f0bd7-27f5-4b8c-9641-94729f51744a,11,10.44
8c9d0e1f-2a3b-4c5d-6e7f-8a9b0c1d2e3f,Setup Tecnológico,87f8e8d1-83e9-4ddb-9be0-fc955228db6d,4,12.0
993a46fb-a0b2-4d2c-88eb-11ab1c3d4e8c,Inicio del Proceso,2e310583-c106-4f2c-a6c3-c4b12ec30658,0,8.28
439df689-d1cf-41c3-883c-1b7713fe68e5,Inicio de la solicitud,eccb7c0d-52a7-4143-baad-ebee05361b50,6,8.61
2c3d4e5f-6a7b-8c9d-0e1f-2a3b4c5d6e7f,Cerrar Accesos,f65f0bd7-27f5-4b8c-9641-94729f51744a,10,9.57
a7b21cc3-d8cf-48af-8bb0-22cba4567e9b,Validación de RRHH,0eea38fa-f85e-4c73-b47b-0a1985db1227,12,11.96
2c3d4e5f-6a7b-8c9d-0e1f-2a3b4c5d6e7f,Inicio de la solicitud,0eea38fa-f85e-4c73-b47b-0a1985db1227,6,9.1
9c0d1e2f-3a4b-5c6d-7e8f-9a0b1c2d3e4f,Feedback de Manager,d822aaf2-81c6-4054-b63b-a2bec2d53509,5,8.55
6720c739-1916-432b-b392-e698dcfd8112,Pago de Liquidación,e121cbea-1209-4fe7-ad22-6cf09caf5b95,3,6.78
9c0d1e2f-3a4b-5c6d-7e8f-9a0b1c2d3e4f,Validar Elegibilidad,e121cbea-1209-4fe7-ad22-6cf09caf5b95,9,12.01
a7b21cc3-d8cf-48af-8bb0-22cba4567e9b,Pago de Liquidación,3f72a8b2-777b-43c8-ba37-8f5d9fbd2135,9,10.22
439df689-d1cf-41c3-883c-1b7713fe68e5,Registrar Recibos,8490fcc8-7f53-4704-ac48-99b48356b21c,2,5.12
111e9d86-cbd2-45ff-a809-4072bbe6a4d0,Setup Tecnológico,e121cbea-1209-4fe7-ad22-6cf09caf5b95,4,6.97
2c3d4e5f-6a7b-8c9d-0e1f-2a3b4c5d6e7f,Entrega del Equipo,8490fcc8-7f53-4704-ac48-99b48356b21c,10,12.18
111e9d86-cbd2-45ff-a809-4072bbe6a4d0,Consolidar Gastos,e04f861d-b880-4d7f-bf03-59ce8e435929,8,12.03
7c8d9e0f-1a2b-3c4d-5e6f-7a8b9c0d1e2f,Entrega del Equipo,2084f511-720a-4096-80cd-5bc9b91cf5b6,8,8.74
a7b21cc3-d8cf-48af-8bb0-22cba4567e9b,Aprobar Presupuesto,7949fc3c-9284-40a0-8161-7b39cf9f9b2d,5,7.43
a7b21cc3-d8cf-48af-8bb0-22cba4567e9b,Subir Borrador,e1c69265-87e8-417b-b13a-2ae72c53d4e3,10,13.82
8c9d0e1f-2a3b-4c5d-6e7f-8a9b0c1d2e3f,Verificar Stock,db614129-bb28-4b41-8a46-bea1444c388c,3,6.87
5c6d7e8f-9a0b-1c2d-3e4f-5a6b7c8d9e0f,Revisión Gerencial,e1c69265-87e8-417b-b13a-2ae72c53d4e3,6,8.6
439df689-d1cf-41c3-883c-1b7713fe68e5,Validación de RRHH,7949fc3c-9284-40a0-8161-7b39cf9f9b2d,2,5.43
bd9966b2-5fa2-4a4b-b924-59e817a5e756,Autoevaluación,f615b16b-8fd1-43c9-97c0-a65e08960291,4,7.96
7c8d9e0f-1a2b-3c4d-5e6f-7a8b9c0d1e2f,Consolidación de RRHH,14791e8e-28e4-4f61-9593-d7a2653d97a3,1,5.52
f5ba7581-b2ac-4b3a-830e-64ab112f975a,Habilitar Permisos,2e310583-c106-4f2c-a6c3-c4b12ec30658,9,11.12
bd9966b2-5fa2-4a4b-b924-59e817a5e756,Aprobación Costos,7949fc3c-9284-40a0-8161-7b39cf9f9b2d,3,5.99
4c5d6e7f-8a9b-0c1d-2e3f-4a5b6c7d8e9f,Verificar Factura,4cd6a83f-a8b6-4b56-854d-5d3693ec4ab4,9,12.26
0e1f2a3b-4c5d-6e7f-8a9b-0c1d2e3f4a5b,Pago de Liquidación,eccb7c0d-52a7-4143-baad-ebee05361b50,3,5.6
31ece703-f961-4e8e-a5c5-cd5c5b47e3db,Verificar Factura,d9b58f63-b601-433e-9861-2bf2ad90eeb6,3,6.77
2c3d4e5f-6a7b-8c9d-0e1f-2a3b4c5d6e7f,Consolidación de RRHH,2b549288-04a4-4705-bcd0-0332b683df27,11,12.92
4c5d6e7f-8a9b-0c1d-2e3f-4a5b6c7d8e9f,Validar Capacitación,7949fc3c-9284-40a0-8161-7b39cf9f9b2d,2,6.7
9c0d1e2f-3a4b-5c6d-7e8f-9a0b1c2d3e4f,Verificar Stock,a9eff785-5679-4a1b-91ef-6ca8712ddd18,10,13.36
111e9d86-cbd2-45ff-a809-4072bbe6a4d0,Presentar Requerimiento,e04f861d-b880-4d7f-bf03-59ce8e435929,15,17.34
bd9966b2-5fa2-4a4b-b924-59e817a5e756,Pago de Liquidación,e04f861d-b880-4d7f-bf03-59ce8e435929,12,11.93
4c5d6e7f-8a9b-0c1d-2e3f-4a5b6c7d8e9f,Especificar Servidores,eccb7c0d-52a7-4143-baad-ebee05361b50,9,13.33
439df689-d1cf-41c3-883c-1b7713fe68e5,Cerrar Accesos,eccb7c0d-52a7-4143-baad-ebee05361b50,13,15.16
0e1f2a3b-4c5d-6e7f-8a9b-0c1d2e3f4a5b,Setup Tecnológico,e121cbea-1209-4fe7-ad22-6cf09caf5b95,1,3.64
7c8d9e0f-1a2b-3c4d-5e6f-7a8b9c0d1e2f,Procesar Transferencia,e04f861d-b880-4d7f-bf03-59ce8e435929,15,15.7
9c0d1e2f-3a4b-5c6d-7e8f-9a0b1c2d3e4f,Solicitar Adelanto,0eea38fa-f85e-4c73-b47b-0a1985db1227,7,11.16
bd9966b2-5fa2-4a4b-b924-59e817a5e756,Firma Director,e04f861d-b880-4d7f-bf03-59ce8e435929,12,14.85
111e9d86-cbd2-45ff-a809-4072bbe6a4d0,Aprobación del manager,f615b16b-8fd1-43c9-97c0-a65e08960291,2,4.76
6c7d8e9f-0a1b-2c3d-4e5f-6a7b8c9d0e1f,Reunión Bienvenida,d822aaf2-81c6-4054-b63b-a2bec2d53509,4,9.2
2c3d4e5f-6a7b-8c9d-0e1f-2a3b4c5d6e7f,Preparar Firma,2b549288-04a4-4705-bcd0-0332b683df27,12,12.52
f5ba7581-b2ac-4b3a-830e-64ab112f975a,Presentar Requerimiento,d822aaf2-81c6-4054-b63b-a2bec2d53509,14,13.56
7c8d9e0f-1a2b-3c4d-5e6f-7a8b9c0d1e2f,Revisión de Seguridad,4cd6a83f-a8b6-4b56-854d-5d3693ec4ab4,1,6.11
111e9d86-cbd2-45ff-a809-4072bbe6a4d0,Revisión Contable,2e310583-c106-4f2c-a6c3-c4b12ec30658,1,6.42
9c0d1e2f-3a4b-5c6d-7e8f-9a0b1c2d3e4f,Consolidar Gastos,3f72a8b2-777b-43c8-ba37-8f5d9fbd2135,1,2.96
5c6d7e8f-9a0b-1c2d-3e4f-5a6b7c8d9e0f,Aprobar Presupuesto,87f8e8d1-83e9-4ddb-9be0-fc955228db6d,4,8.41
439df689-d1cf-41c3-883c-1b7713fe68e5,Feedback de Manager,c017087e-fcbc-4f47-ae54-78008d243fbf,2,5.36
7c8d9e0f-1a2b-3c4d-5e6f-7a8b9c0d1e2f,Habilitar Permisos,8490fcc8-7f53-4704-ac48-99b48356b21c,11,10.71
6c7d8e9f-0a1b-2c3d-4e5f-6a7b8c9d0e1f,Setup Tecnológico,a9eff785-5679-4a1b-91ef-6ca8712ddd18,1,5.02
0e1f2a3b-4c5d-6e7f-8a9b-0c1d2e3f4a5b,Habilitar Permisos,bebe41a9-85fc-43f3-a125-5c7f72b0898d,4,5.26
7c8d9e0f-1a2b-3c4d-5e6f-7a8b9c0d1e2f,Aprobación de Pago,d822aaf2-81c6-4054-b63b-a2bec2d53509,9,9.47
7c8d9e0f-1a2b-3c4d-5e6f-7a8b9c0d1e2f,Aprobación del manager,0eea38fa-f85e-4c73-b47b-0a1985db1227,12,11.92
4c5d6e7f-8a9b-0c1d-2e3f-4a5b6c7d8e9f,Setup Tecnológico,2084f511-720a-4096-80cd-5bc9b91cf5b6,9,10.0
a7b21cc3-d8cf-48af-8bb0-22cba4567e9b,Registrar Recibos,2e310583-c106-4f2c-a6c3-c4b12ec30658,9,8.56
3c4d5e6f-7a8b-9c0d-1e2f-3a4b5c6d7e8f,Habilitar Permisos,e121cbea-1209-4fe7-ad22-6cf09caf5b95,1,2.82
439df689-d1cf-41c3-883c-1b7713fe68e5,Aprobación Presupuesto,e1c69265-87e8-417b-b13a-2ae72c53d4e3,3,4.46
bd9966b2-5fa2-4a4b-b924-59e817a5e756,Feedback de Manager,bebe41a9-85fc-43f3-a125-5c7f72b0898d,6,9.62
3c4d5e6f-7a8b-9c0d-1e2f-3a4b5c6d7e8f,Reunión Bienvenida,d9b58f63-b601-433e-9861-2bf2ad90eeb6,0,2.65
31ece703-f961-4e8e-a5c5-cd5c5b47e3db,Revisión Contable,4cd6a83f-a8b6-4b56-854d-5d3693ec4ab4,4,6.64
6720c739-1916-432b-b392-e698dcfd8112,Enviar solicitud de vacaciones,8490fcc8-7f53-4704-ac48-99b48356b21c,1,6.16
4c5d6e7f-8a9b-0c1d-2e3f-4a5b6c7d8e9f,Feedback de Manager,8490fcc8-7f53-4704-ac48-99b48356b21c,8,8.95
2c3d4e5f-6a7b-8c9d-0e1f-2a3b4c5d6e7f,Autorización Gerencia,eccb7c0d-52a7-4143-baad-ebee05361b50,2,5.51
9c0d1e2f-3a4b-5c6d-7e8f-9a0b1c2d3e4f,Consolidación de RRHH,4cd6a83f-a8b6-4b56-854d-5d3693ec4ab4,10,12.73
2c3d4e5f-6a7b-8c9d-0e1f-2a3b4c5d6e7f,Revisión de Seguridad,87f8e8d1-83e9-4ddb-9be0-fc955228db6d,12,14.89
6720c739-1916-432b-b392-e698dcfd8112,Preparar Firma,db614129-bb28-4b41-8a46-bea1444c388c,9,11.16
3c4d5e6f-7a8b-9c0d-1e2f-3a4b5c6d7e8f,Verificar Factura,2b549288-04a4-4705-bcd0-0332b683df27,12,13.65
4c5d6e7f-8a9b-0c1d-2e3f-4a5b6c7d8e9f,Instalar Licencia,7949fc3c-9284-40a0-8161-7b39cf9f9b2d,0,5.89
9c0d1e2f-3a4b-5c6d-7e8f-9a0b1c2d3e4f,Autoevaluación,d9b58f63-b601-433e-9861-2bf2ad90eeb6,1,5.49
5c6d7e8f-9a0b-1c2d-3e4f-5a6b7c8d9e0f,Habilitar Permisos,7949fc3c-9284-40a0-8161-7b39cf9f9b2d,0,7.66
bd9966b2-5fa2-4a4b-b924-59e817a5e756,Inicio de la solicitud,d9b58f63-b601-433e-9861-2bf2ad90eeb6,1,5.05
000a3793-827e-4616-84f9-0a23863e0a35,Reunión Bienvenida,db614129-bb28-4b41-8a46-bea1444c388c,10,9.84
7c8d9e0f-1a2b-3c4d-5e6f-7a8b9c0d1e2f,Registrar Recibos,0eea38fa-f85e-4c73-b47b-0a1985db1227,11,12.39
111e9d86-cbd2-45ff-a809-4072bbe6a4d0,Aprobar Presupuesto,bebe41a9-85fc-43f3-a125-5c7f72b0898d,7,8.82
439df689-d1cf-41c3-883c-1b7713fe68e5,Evaluación Técnica,2e310583-c106-4f2c-a6c3-c4b12ec30658,15,16.46
3c4d5e6f-7a8b-9c0d-1e2f-3a4b5c6d7e8f,Aprobación Presupuesto,87f8e8d1-83e9-4ddb-9be0-fc955228db6d,9,9.13
3c4d5e6f-7a8b-9c0d-1e2f-3a4b5c6d7e8f,Cerrar Accesos,f65f0bd7-27f5-4b8c-9641-94729f51744a,9,11.98
6c7d8e9f-0a1b-2c3d-4e5f-6a7b8c9d0e1f,Revisión de Seguridad,d822aaf2-81c6-4054-b63b-a2bec2d53509,1,2.57
000a3793-827e-4616-84f9-0a23863e0a35,Validar Capacitación,a9eff785-5679-4a1b-91ef-6ca8712ddd18,15,12.99
f5ba7581-b2ac-4b3a-830e-64ab112f975a,Instalar Licencia,c017087e-fcbc-4f47-ae54-78008d243fbf,13,15.55
2c3d4e5f-6a7b-8c9d-0e1f-2a3b4c5d6e7f,Pago de Liquidación,7949fc3c-9284-40a0-8161-7b39cf9f9b2d,5,7.72
a7b21cc3-d8cf-48af-8bb0-22cba4567e9b,Detallar Curso,8490fcc8-7f53-4704-ac48-99b48356b21c,6,9.65
f5ba7581-b2ac-4b3a-830e-64ab112f975a,Enviar solicitud de vacaciones,d9b58f63-b601-433e-9861-2bf2ad90eeb6,3,8.13
5c6d7e8f-9a0b-1c2d-3e4f-5a6b7c8d9e0f,Instalar Licencia,4cd6a83f-a8b6-4b56-854d-5d3693ec4ab4,7,9.26
7c8d9e0f-1a2b-3c4d-5e6f-7a8b9c0d1e2f,Dispersión de Fondos,f615b16b-8fd1-43c9-97c0-a65e08960291,5,5.91
5c6d7e8f-9a0b-1c2d-3e4f-5a6b7c8d9e0f,Revisión Gerencial,14791e8e-28e4-4f61-9593-d7a2653d97a3,12,16.09
111e9d86-cbd2-45ff-a809-4072bbe6a4d0,Validar Capacitación,87f8e8d1-83e9-4ddb-9be0-fc955228db6d,4,7.91
3c4d5e6f-7a8b-9c0d-1e2f-3a4b5c6d7e8f,Validar Capacitación,7949fc3c-9284-40a0-8161-7b39cf9f9b2d,14,12.66
f5ba7581-b2ac-4b3a-830e-64ab112f975a,Instalar Licencia,d9b58f63-b601-433e-9861-2bf2ad90eeb6,3,5.38
bd9966b2-5fa2-4a4b-b924-59e817a5e756,Enviar solicitud de vacaciones,db614129-bb28-4b41-8a46-bea1444c388c,13,14.46
4c5d6e7f-8a9b-0c1d-2e3f-4a5b6c7d8e9f,Aprobar Presupuesto,f65f0bd7-27f5-4b8c-9641-94729f51744a,5,7.0
6720c739-1916-432b-b392-e698dcfd8112,Presentar Requerimiento,db614129-bb28-4b41-8a46-bea1444c388c,2,6.37
439df689-d1cf-41c3-883c-1b7713fe68e5,Dispersión de Fondos,d822aaf2-81c6-4054-b63b-a2bec2d53509,10,13.13
7c8d9e0f-1a2b-3c4d-5e6f-7a8b9c0d1e2f,Solicitar Adelanto,c017087e-fcbc-4f47-ae54-78008d243fbf,1,6.59
6c7d8e9f-0a1b-2c3d-4e5f-6a7b8c9d0e1f,Enviar solicitud de vacaciones,4cd6a83f-a8b6-4b56-854d-5d3693ec4ab4,12,14.11
6720c739-1916-432b-b392-e698dcfd8112,Aprobación Presupuesto,0eea38fa-f85e-4c73-b47b-0a1985db1227,3,8.14
0e1f2a3b-4c5d-6e7f-8a9b-0c1d2e3f4a5b,Aprobación Presupuesto,8490fcc8-7f53-4704-ac48-99b48356b21c,9,10.23
6720c739-1916-432b-b392-e698dcfd8112,Firma Director,2e310583-c106-4f2c-a6c3-c4b12ec30658,0,4.96
a7b21cc3-d8cf-48af-8bb0-22cba4567e9b,Inicio del Proceso,2084f511-720a-4096-80cd-5bc9b91cf5b6,9,11.18
6c7d8e9f-0a1b-2c3d-4e5f-6a7b8c9d0e1f,Aprobación del manager,e1c69265-87e8-417b-b13a-2ae72c53d4e3,3,5.8
000a3793-827e-4616-84f9-0a23863e0a35,Validar Capacitación,2b549288-04a4-4705-bcd0-0332b683df27,12,14.36
4c5d6e7f-8a9b-0c1d-2e3f-4a5b6c7d8e9f,Verificar Stock,e04f861d-b880-4d7f-bf03-59ce8e435929,11,12.31
bd9966b2-5fa2-4a4b-b924-59e817a5e756,Registrar Recibos,e1c69265-87e8-417b-b13a-2ae72c53d4e3,13,13.54
3c4d5e6f-7a8b-9c0d-1e2f-3a4b5c6d7e8f,Autorización Gerencia,db614129-bb28-4b41-8a46-bea1444c388c,2,5.15
8c9d0e1f-2a3b-4c5d-6e7f-8a9b0c1d2e3f,Validar Capacitación,2084f511-720a-4096-80cd-5bc9b91cf5b6,8,13.82
993a46fb-a0b2-4d2c-88eb-11ab1c3d4e8c,Verificar Factura,db614129-bb28-4b41-8a46-bea1444c388c,12,16.09
31ece703-f961-4e8e-a5c5-cd5c5b47e3db,Verificar Factura,a9eff785-5679-4a1b-91ef-6ca8712ddd18,4,4.87
000a3793-827e-4616-84f9-0a23863e0a35,Revisión Gerencial,eccb7c0d-52a7-4143-baad-ebee05361b50,9,12.72
6720c739-1916-432b-b392-e698dcfd8112,Validación de RRHH,d822aaf2-81c6-4054-b63b-a2bec2d53509,0,2.03
a7b21cc3-d8cf-48af-8bb0-22cba4567e9b,Aprobar Presupuesto,0eea38fa-f85e-4c73-b47b-0a1985db1227,4,8.05
0e1f2a3b-4c5d-6e7f-8a9b-0c1d2e3f4a5b,Presentar Requerimiento,c017087e-fcbc-4f47-ae54-78008d243fbf,4,6.64
a7b21cc3-d8cf-48af-8bb0-22cba4567e9b,Dispersión de Fondos,f65f0bd7-27f5-4b8c-9641-94729f51744a,5,7.52
4c5d6e7f-8a9b-0c1d-2e3f-4a5b6c7d8e9f,Consolidación de RRHH,d9b58f63-b601-433e-9861-2bf2ad90eeb6,10,12.37
6720c739-1916-432b-b392-e698dcfd8112,Dispersión de Fondos,eccb7c0d-52a7-4143-baad-ebee05361b50,11,9.88
2c3d4e5f-6a7b-8c9d-0e1f-2a3b4c5d6e7f,Setup Tecnológico,4cd6a83f-a8b6-4b56-854d-5d3693ec4ab4,6,10.06
31ece703-f961-4e8e-a5c5-cd5c5b47e3db,Verificar Factura,e04f861d-b880-4d7f-bf03-59ce8e435929,12,12.72
31ece703-f961-4e8e-a5c5-cd5c5b47e3db,Aprobación del manager,a9eff785-5679-4a1b-91ef-6ca8712ddd18,3,6.98
6c7d8e9f-0a1b-2c3d-4e5f-6a7b8c9d0e1f,Revisión Gerencial,0eea38fa-f85e-4c73-b47b-0a1985db1227,4,7.78
8c9d0e1f-2a3b-4c5d-6e7f-8a9b0c1d2e3f,Validación de RRHH,eccb7c0d-52a7-4143-baad-ebee05361b50,5,8.9
993a46fb-a0b2-4d2c-88eb-11ab1c3d4e8c,Autoevaluación,f615b16b-8fd1-43c9-97c0-a65e08960291,14,19.48
111e9d86-cbd2-45ff-a809-4072bbe6a4d0,Verificar Factura,7949fc3c-9284-40a0-8161-7b39cf9f9b2d,5,8.27
000a3793-827e-4616-84f9-0a23863e0a35,Revisión de Seguridad,2e310583-c106-4f2c-a6c3-c4b12ec30658,12,13.36
8c9d0e1f-2a3b-4c5d-6e7f-8a9b0c1d2e3f,Verificar Stock,87f8e8d1-83e9-4ddb-9be0-fc955228db6d,13,19.6
000a3793-827e-4616-84f9-0a23863e0a35,Reunión Bienvenida,c017087e-fcbc-4f47-ae54-78008d243fbf,1,5.49
2c3d4e5f-6a7b-8c9d-0e1f-2a3b4c5d6e7f,Registrar Recibos,8490fcc8-7f53-4704-ac48-99b48356b21c,4,8.4
f5ba7581-b2ac-4b3a-830e-64ab112f975a,Subir Borrador,d822aaf2-81c6-4054-b63b-a2bec2d53509,1,3.4
0e1f2a3b-4c5d-6e7f-8a9b-0c1d2e3f4a5b,Instalar Licencia,8490fcc8-7f53-4704-ac48-99b48356b21c,8,7.03
7c8d9e0f-1a2b-3c4d-5e6f-7a8b9c0d1e2f,Setup Tecnológico,bebe41a9-85fc-43f3-a125-5c7f72b0898d,14,12.42
f5ba7581-b2ac-4b3a-830e-64ab112f975a,Validación de RRHH,3f72a8b2-777b-43c8-ba37-8f5d9fbd2135,11,14.14
993a46fb-a0b2-4d2c-88eb-11ab1c3d4e8c,Revisión de Seguridad,3f72a8b2-777b-43c8-ba37-8f5d9fbd2135,9,13.31
a7b21cc3-d8cf-48af-8bb0-22cba4567e9b,Evaluación Técnica,db614129-bb28-4b41-8a46-bea1444c388c,10,9.89
3c4d5e6f-7a8b-9c0d-1e2f-3a4b5c6d7e8f,Iniciar Baja,7949fc3c-9284-40a0-8161-7b39cf9f9b2d,1,5.43
111e9d86-cbd2-45ff-a809-4072bbe6a4d0,Inicio del Proceso,7949fc3c-9284-40a0-8161-7b39cf9f9b2d,14,13.91
2c3d4e5f-6a7b-8c9d-0e1f-2a3b4c5d6e7f,Consolidar Gastos,e121cbea-1209-4fe7-ad22-6cf09caf5b95,8,10.58
2c3d4e5f-6a7b-8c9d-0e1f-2a3b4c5d6e7f,Consolidación de RRHH,87f8e8d1-83e9-4ddb-9be0-fc955228db6d,14,16.48
5c6d7e8f-9a0b-1c2d-3e4f-5a6b7c8d9e0f,Verificar Factura,d9b58f63-b601-433e-9861-2bf2ad90eeb6,11,11.91
a7b21cc3-d8cf-48af-8bb0-22cba4567e9b,Revisión Gerencial,7949fc3c-9284-40a0-8161-7b39cf9f9b2d,8,9.61
111e9d86-cbd2-45ff-a809-4072bbe6a4d0,Reunión Bienvenida,4cd6a83f-a8b6-4b56-854d-5d3693ec4ab4,0,1.7
31ece703-f961-4e8e-a5c5-cd5c5b47e3db,Aprobación Presupuesto,e121cbea-1209-4fe7-ad22-6cf09caf5b95,1,4.3
4c5d6e7f-8a9b-0c1d-2e3f-4a5b6c7d8e9f,Instalar Licencia,e04f861d-b880-4d7f-bf03-59ce8e435929,2,6.95
7c8d9e0f-1a2b-3c4d-5e6f-7a8b9c0d1e2f,Evaluación Técnica,e04f861d-b880-4d7f-bf03-59ce8e435929,15,16.12
000a3793-827e-4616-84f9-0a23863e0a35,Reunión Bienvenida,4cd6a83f-a8b6-4b56-854d-5d3693ec4ab4,5,6.92
439df689-d1cf-41c3-883c-1b7713fe68e5,Setup Tecnológico,3f72a8b2-777b-43c8-ba37-8f5d9fbd2135,2,5.37
000a3793-827e-4616-84f9-0a23863e0a35,Revisión Gerencial,2b549288-04a4-4705-bcd0-0332b683df27,2,5.35
5c6d7e8f-9a0b-1c2d-3e4f-5a6b7c8d9e0f,Presentar Requerimiento,d822aaf2-81c6-4054-b63b-a2bec2d53509,0,8.38
000a3793-827e-4616-84f9-0a23863e0a35,Autoevaluación,7949fc3c-9284-40a0-8161-7b39cf9f9b2d,5,9.08
31ece703-f961-4e8e-a5c5-cd5c5b47e3db,Cerrar Accesos,2b549288-04a4-4705-bcd0-0332b683df27,6,8.25
993a46fb-a0b2-4d2c-88eb-11ab1c3d4e8c,Presentar Requerimiento,87f8e8d1-83e9-4ddb-9be0-fc955228db6d,7,10.89
000a3793-827e-4616-84f9-0a23863e0a35,Inicio de la solicitud,f65f0bd7-27f5-4b8c-9641-94729f51744a,6,9.22
f5ba7581-b2ac-4b3a-830e-64ab112f975a,Revisión Contable,2b549288-04a4-4705-bcd0-0332b683df27,5,6.38
111e9d86-cbd2-45ff-a809-4072bbe6a4d0,Consolidación de RRHH,d822aaf2-81c6-4054-b63b-a2bec2d53509,12,13.5
3c4d5e6f-7a8b-9c0d-1e2f-3a4b5c6d7e8f,Setup Tecnológico,0eea38fa-f85e-4c73-b47b-0a1985db1227,9,11.53
5c6d7e8f-9a0b-1c2d-3e4f-5a6b7c8d9e0f,Revisión Gerencial,e1c69265-87e8-417b-b13a-2ae72c53d4e3,0,8.33
111e9d86-cbd2-45ff-a809-4072bbe6a4d0,Subir Borrador,87f8e8d1-83e9-4ddb-9be0-fc955228db6d,15,16.74
7c8d9e0f-1a2b-3c4d-5e6f-7a8b9c0d1e2f,Consolidar Gastos,87f8e8d1-83e9-4ddb-9be0-fc955228db6d,5,8.91
000a3793-827e-4616-84f9-0a23863e0a35,Evaluación Técnica,db614129-bb28-4b41-8a46-bea1444c388c,7,11.36
111e9d86-cbd2-45ff-a809-4072bbe6a4d0,Iniciar Baja,c017087e-fcbc-4f47-ae54-78008d243fbf,4,6.3
000a3793-827e-4616-84f9-0a23863e0a35,Revisión de Seguridad,f65f0bd7-27f5-4b8c-9641-94729f51744a,6,7.77
2c3d4e5f-6a7b-8c9d-0e1f-2a3b4c5d6e7f,Validar Elegibilidad,f65f0bd7-27f5-4b8c-9641-94729f51744a,13,13.64
6c7d8e9f-0a1b-2c3d-4e5f-6a7b8c9d0e1f,Inicio del Proceso,2b549288-04a4-4705-bcd0-0332b683df27,0,4.81
7c8d9e0f-1a2b-3c4d-5e6f-7a8b9c0d1e2f,Revisión de Seguridad,e121cbea-1209-4fe7-ad22-6cf09caf5b95,2,7.3
7c8d9e0f-1a2b-3c4d-5e6f-7a8b9c0d1e2f,Subir Borrador,0eea38fa-f85e-4c73-b47b-0a1985db1227,0,4.46
2c3d4e5f-6a7b-8c9d-0e1f-2a3b4c5d6e7f,Verificar Factura,7949fc3c-9284-40a0-8161-7b39cf9f9b2d,8,9.6
0e1f2a3b-4c5d-6e7f-8a9b-0c1d2e3f4a5b,Aprobación del manager,d822aaf2-81c6-4054-b63b-a2bec2d53509,15,13.72
111e9d86-cbd2-45ff-a809-4072bbe6a4d0,Aprobación de Pago,87f8e8d1-83e9-4ddb-9be0-fc955228db6d,12,14.14
0e1f2a3b-4c5d-6e7f-8a9b-0c1d2e3f4a5b,Presentar Requerimiento,2b549288-04a4-4705-bcd0-0332b683df27,9,8.45
6c7d8e9f-0a1b-2c3d-4e5f-6a7b8c9d0e1f,Dispersión de Fondos,7949fc3c-9284-40a0-8161-7b39cf9f9b2d,6,8.1
f5ba7581-b2ac-4b3a-830e-64ab112f975a,Enviar solicitud de vacaciones,e04f861d-b880-4d7f-bf03-59ce8e435929,13,11.08
7c8d9e0f-1a2b-3c4d-5e6f-7a8b9c0d1e2f,Firma Director,3f72a8b2-777b-43c8-ba37-8f5d9fbd2135,13,14.6
5c6d7e8f-9a0b-1c2d-3e4f-5a6b7c8d9e0f,Aprobar Presupuesto,eccb7c0d-52a7-4143-baad-ebee05361b50,12,17.95
6c7d8e9f-0a1b-2c3d-4e5f-6a7b8c9d0e1f,Validar Elegibilidad,d9b58f63-b601-433e-9861-2bf2ad90eeb6,5,9.78
6c7d8e9f-0a1b-2c3d-4e5f-6a7b8c9d0e1f,Verificar Factura,c017087e-fcbc-4f47-ae54-78008d243fbf,1,6.06
6720c739-1916-432b-b392-e698dcfd8112,Validar Elegibilidad,2b549288-04a4-4705-bcd0-0332b683df27,3,7.95
7c8d9e0f-1a2b-3c4d-5e6f-7a8b9c0d1e2f,Consolidación de RRHH,c017087e-fcbc-4f47-ae54-78008d243fbf,10,12.21
31ece703-f961-4e8e-a5c5-cd5c5b47e3db,Revisión Gerencial,0eea38fa-f85e-4c73-b47b-0a1985db1227,9,8.96
4c5d6e7f-8a9b-0c1d-2e3f-4a5b6c7d8e9f,Preparar Firma,d822aaf2-81c6-4054-b63b-a2bec2d53509,2,5.97
4c5d6e7f-8a9b-0c1d-2e3f-4a5b6c7d8e9f,Aprobación Costos,7949fc3c-9284-40a0-8161-7b39cf9f9b2d,6,7.06
5c6d7e8f-9a0b-1c2d-3e4f-5a6b7c8d9e0f,Registrar Recibos,f615b16b-8fd1-43c9-97c0-a65e08960291,10,12.49
000a3793-827e-4616-84f9-0a23863e0a35,Revisión Contable,2084f511-720a-4096-80cd-5bc9b91cf5b6,5,6.85
000a3793-827e-4616-84f9-0a23863e0a35,Especificar Servidores,d822aaf2-81c6-4054-b63b-a2bec2d53509,4,4.84
6c7d8e9f-0a1b-2c3d-4e5f-6a7b8c9d0e1f,Firma Director,c017087e-fcbc-4f47-ae54-78008d243fbf,7,7.42
f5ba7581-b2ac-4b3a-830e-64ab112f975a,Evaluación Técnica,e121cbea-1209-4fe7-ad22-6cf09caf5b95,12,13.21
2c3d4e5f-6a7b-8c9d-0e1f-2a3b4c5d6e7f,Iniciar Baja,db614129-bb28-4b41-8a46-bea1444c388c,13,12.18
0e1f2a3b-4c5d-6e7f-8a9b-0c1d2e3f4a5b,Feedback de Manager,e1c69265-87e8-417b-b13a-2ae72c53d4e3,15,12.33
993a46fb-a0b2-4d2c-88eb-11ab1c3d4e8c,Especificar Licencia,bebe41a9-85fc-43f3-a125-5c7f72b0898d,13,17.68
439df689-d1cf-41c3-883c-1b7713fe68e5,Pago de Liquidación,db614129-bb28-4b41-8a46-bea1444c388c,1,4.53
4c5d6e7f-8a9b-0c1d-2e3f-4a5b6c7d8e9f,Revisión de Seguridad,14791e8e-28e4-4f61-9593-d7a2653d97a3,14,15.96
7c8d9e0f-1a2b-3c4d-5e6f-7a8b9c0d1e2f,Evaluación Técnica,f615b16b-8fd1-43c9-97c0-a65e08960291,1,5.21
111e9d86-cbd2-45ff-a809-4072bbe6a4d0,Habilitar Permisos,2e310583-c106-4f2c-a6c3-c4b12ec30658,4,5.78
8c9d0e1f-2a3b-4c5d-6e7f-8a9b0c1d2e3f,Pago de Liquidación,4cd6a83f-a8b6-4b56-854d-5d3693ec4ab4,6,10.74
6c7d8e9f-0a1b-2c3d-4e5f-6a7b8c9d0e1f,Aprobación del manager,c017087e-fcbc-4f47-ae54-78008d243fbf,1,6.27
5c6d7e8f-9a0b-1c2d-3e4f-5a6b7c8d9e0f,Autorización Gerencia,2084f511-720a-4096-80cd-5bc9b91cf5b6,10,14.17
0e1f2a3b-4c5d-6e7f-8a9b-0c1d2e3f4a5b,Solicitar Adelanto,db614129-bb28-4b41-8a46-bea1444c388c,14,12.94
6720c739-1916-432b-b392-e698dcfd8112,Enviar solicitud de vacaciones,2e310583-c106-4f2c-a6c3-c4b12ec30658,5,7.33
6c7d8e9f-0a1b-2c3d-4e5f-6a7b8c9d0e1f,Revisión Contable,f615b16b-8fd1-43c9-97c0-a65e08960291,10,11.98
8c9d0e1f-2a3b-4c5d-6e7f-8a9b0c1d2e3f,Validar Capacitación,2b549288-04a4-4705-bcd0-0332b683df27,12,14.12
4c5d6e7f-8a9b-0c1d-2e3f-4a5b6c7d8e9f,Iniciar Baja,e04f861d-b880-4d7f-bf03-59ce8e435929,0,5.91
5c6d7e8f-9a0b-1c2d-3e4f-5a6b7c8d9e0f,Validar Comercial,e04f861d-b880-4d7f-bf03-59ce8e435929,13,17.07
993a46fb-a0b2-4d2c-88eb-11ab1c3d4e8c,Consolidar Gastos,2084f511-720a-4096-80cd-5bc9b91cf5b6,4,13.19
439df689-d1cf-41c3-883c-1b7713fe68e5,Preparar Firma,2e310583-c106-4f2c-a6c3-c4b12ec30658,9,12.45
6c7d8e9f-0a1b-2c3d-4e5f-6a7b8c9d0e1f,Firma Director,4cd6a83f-a8b6-4b56-854d-5d3693ec4ab4,13,11.71
2c3d4e5f-6a7b-8c9d-0e1f-2a3b4c5d6e7f,Validar Elegibilidad,d9b58f63-b601-433e-9861-2bf2ad90eeb6,10,8.87
a7b21cc3-d8cf-48af-8bb0-22cba4567e9b,Solicitar Adelanto,4cd6a83f-a8b6-4b56-854d-5d3693ec4ab4,13,15.17
111e9d86-cbd2-45ff-a809-4072bbe6a4d0,Feedback de Manager,e1c69265-87e8-417b-b13a-2ae72c53d4e3,4,8.38
6c7d8e9f-0a1b-2c3d-4e5f-6a7b8c9d0e1f,Preparar Firma,2b549288-04a4-4705-bcd0-0332b683df27,0,2.84
31ece703-f961-4e8e-a5c5-cd5c5b47e3db,Dispersión de Fondos,e04f861d-b880-4d7f-bf03-59ce8e435929,14,16.4
f5ba7581-b2ac-4b3a-830e-64ab112f975a,Procesar Transferencia,0eea38fa-f85e-4c73-b47b-0a1985db1227,12,12.72
bd9966b2-5fa2-4a4b-b924-59e817a5e756,Aprobación de Pago,7949fc3c-9284-40a0-8161-7b39cf9f9b2d,1,4.74
111e9d86-cbd2-45ff-a809-4072bbe6a4d0,Aprobación Costos,eccb7c0d-52a7-4143-baad-ebee05361b50,6,7.61
bd9966b2-5fa2-4a4b-b924-59e817a5e756,Aprobación Costos,8490fcc8-7f53-4704-ac48-99b48356b21c,10,12.66
993a46fb-a0b2-4d2c-88eb-11ab1c3d4e8c,Pago de Liquidación,3f72a8b2-777b-43c8-ba37-8f5d9fbd2135,11,17.12
993a46fb-a0b2-4d2c-88eb-11ab1c3d4e8c,Solicitar Adelanto,eccb7c0d-52a7-4143-baad-ebee05361b50,0,7.29
a7b21cc3-d8cf-48af-8bb0-22cba4567e9b,Dispersión de Fondos,4cd6a83f-a8b6-4b56-854d-5d3693ec4ab4,0,3.93
6c7d8e9f-0a1b-2c3d-4e5f-6a7b8c9d0e1f,Pago de Liquidación,7949fc3c-9284-40a0-8161-7b39cf9f9b2d,12,12.3
000a3793-827e-4616-84f9-0a23863e0a35,Inicio del Proceso,3f72a8b2-777b-43c8-ba37-8f5d9fbd2135,3,6.13
993a46fb-a0b2-4d2c-88eb-11ab1c3d4e8c,Cerrar Accesos,87f8e8d1-83e9-4ddb-9be0-fc955228db6d,5,11.17
f5ba7581-b2ac-4b3a-830e-64ab112f975a,Consolidar Gastos,3f72a8b2-777b-43c8-ba37-8f5d9fbd2135,8,11.41
4c5d6e7f-8a9b-0c1d-2e3f-4a5b6c7d8e9f,Verificar Factura,db614129-bb28-4b41-8a46-bea1444c388c,5,7.46
9c0d1e2f-3a4b-5c6d-7e8f-9a0b1c2d3e4f,Inicio del Proceso,3f72a8b2-777b-43c8-ba37-8f5d9fbd2135,3,4.24
439df689-d1cf-41c3-883c-1b7713fe68e5,Preparar Firma,e1c69265-87e8-417b-b13a-2ae72c53d4e3,3,6.22
0e1f2a3b-4c5d-6e7f-8a9b-0c1d2e3f4a5b,Especificar Servidores,e121cbea-1209-4fe7-ad22-6cf09caf5b95,4,6.42
111e9d86-cbd2-45ff-a809-4072bbe6a4d0,Revisión Gerencial,4cd6a83f-a8b6-4b56-854d-5d3693ec4ab4,7,9.1
8c9d0e1f-2a3b-4c5d-6e7f-8a9b0c1d2e3f,Validar Elegibilidad,a9eff785-5679-4a1b-91ef-6ca8712ddd18,0,10.02
a7b21cc3-d8cf-48af-8bb0-22cba4567e9b,Enviar solicitud de vacaciones,3f72a8b2-777b-43c8-ba37-8f5d9fbd2135,14,14.11
5c6d7e8f-9a0b-1c2d-3e4f-5a6b7c8d9e0f,Consolidar Gastos,2b549288-04a4-4705-bcd0-0332b683df27,9,11.83
2c3d4e5f-6a7b-8c9d-0e1f-2a3b4c5d6e7f,Verificar Factura,d822aaf2-81c6-4054-b63b-a2bec2d53509,8,8.44
4c5d6e7f-8a9b-0c1d-2e3f-4a5b6c7d8e9f,Iniciar Baja,7949fc3c-9284-40a0-8161-7b39cf9f9b2d,5,7.15
2c3d4e5f-6a7b-8c9d-0e1f-2a3b4c5d6e7f,Reunión Bienvenida,e04f861d-b880-4d7f-bf03-59ce8e435929,8,10.82
6c7d8e9f-0a1b-2c3d-4e5f-6a7b8c9d0e1f,Evaluación Técnica,3f72a8b2-777b-43c8-ba37-8f5d9fbd2135,3,8.63
8c9d0e1f-2a3b-4c5d-6e7f-8a9b0c1d2e3f,Subir Borrador,2084f511-720a-4096-80cd-5bc9b91cf5b6,1,7.01
993a46fb-a0b2-4d2c-88eb-11ab1c3d4e8c,Preparar Firma,8490fcc8-7f53-4704-ac48-99b48356b21c,7,15.38
0e1f2a3b-4c5d-6e7f-8a9b-0c1d2e3f4a5b,Validar Comercial,0eea38fa-f85e-4c73-b47b-0a1985db1227,6,7.82
439df689-d1cf-41c3-883c-1b7713fe68e5,Instalar Licencia,2b549288-04a4-4705-bcd0-0332b683df27,0,2.64
4c5d6e7f-8a9b-0c1d-2e3f-4a5b6c7d8e9f,Presentar Requerimiento,eccb7c0d-52a7-4143-baad-ebee05361b50,15,15.5
8c9d0e1f-2a3b-4c5d-6e7f-8a9b0c1d2e3f,Registrar Recibos,f615b16b-8fd1-43c9-97c0-a65e08960291,5,8.35
a7b21cc3-d8cf-48af-8bb0-22cba4567e9b,Especificar Licencia,4cd6a83f-a8b6-4b56-854d-5d3693ec4ab4,1,5.31
3c4d5e6f-7a8b-9c0d-1e2f-3a4b5c6d7e8f,Cerrar Accesos,d822aaf2-81c6-4054-b63b-a2bec2d53509,9,9.88
439df689-d1cf-41c3-883c-1b7713fe68e5,Autoevaluación,a9eff785-5679-4a1b-91ef-6ca8712ddd18,13,14.54
2c3d4e5f-6a7b-8c9d-0e1f-2a3b4c5d6e7f,Registrar Recibos,e1c69265-87e8-417b-b13a-2ae72c53d4e3,11,11.52
4c5d6e7f-8a9b-0c1d-2e3f-4a5b6c7d8e9f,Especificar Licencia,f65f0bd7-27f5-4b8c-9641-94729f51744a,12,13.54
0e1f2a3b-4c5d-6e7f-8a9b-0c1d2e3f4a5b,Habilitar Permisos,f615b16b-8fd1-43c9-97c0-a65e08960291,7,7.29
111e9d86-cbd2-45ff-a809-4072bbe6a4d0,Dispersión de Fondos,f615b16b-8fd1-43c9-97c0-a65e08960291,5,6.39
2c3d4e5f-6a7b-8c9d-0e1f-2a3b4c5d6e7f,Dispersión de Fondos,a9eff785-5679-4a1b-91ef-6ca8712ddd18,9,9.05
5c6d7e8f-9a0b-1c2d-3e4f-5a6b7c8d9e0f,Verificar Factura,bebe41a9-85fc-43f3-a125-5c7f72b0898d,2,8.97
7c8d9e0f-1a2b-3c4d-5e6f-7a8b9c0d1e2f,Detallar Curso,e04f861d-b880-4d7f-bf03-59ce8e435929,6,7.57
3c4d5e6f-7a8b-9c0d-1e2f-3a4b5c6d7e8f,Aprobación Presupuesto,14791e8e-28e4-4f61-9593-d7a2653d97a3,12,15.3
6c7d8e9f-0a1b-2c3d-4e5f-6a7b8c9d0e1f,Inicio del Proceso,f65f0bd7-27f5-4b8c-9641-94729f51744a,0,2.62
7c8d9e0f-1a2b-3c4d-5e6f-7a8b9c0d1e2f,Aprobar Presupuesto,e121cbea-1209-4fe7-ad22-6cf09caf5b95,4,7.03
111e9d86-cbd2-45ff-a809-4072bbe6a4d0,Cerrar Accesos,2b549288-04a4-4705-bcd0-0332b683df27,15,16.67
5c6d7e8f-9a0b-1c2d-3e4f-5a6b7c8d9e0f,Especificar Servidores,3f72a8b2-777b-43c8-ba37-8f5d9fbd2135,11,14.37
111e9d86-cbd2-45ff-a809-4072bbe6a4d0,Setup Tecnológico,87f8e8d1-83e9-4ddb-9be0-fc955228db6d,0,3.41
3c4d5e6f-7a8b-9c0d-1e2f-3a4b5c6d7e8f,Consolidar Gastos,2b549288-04a4-4705-bcd0-0332b683df27,8,10.47
5c6d7e8f-9a0b-1c2d-3e4f-5a6b7c8d9e0f,Pago de Liquidación,f65f0bd7-27f5-4b8c-9641-94729f51744a,15,14.41
2c3d4e5f-6a7b-8c9d-0e1f-2a3b4c5d6e7f,Feedback de Manager,87f8e8d1-83e9-4ddb-9be0-fc955228db6d,4,7.91
bd9966b2-5fa2-4a4b-b924-59e817a5e756,Especificar Licencia,f615b16b-8fd1-43c9-97c0-a65e08960291,11,10.53
8c9d0e1f-2a3b-4c5d-6e7f-8a9b0c1d2e3f,Cerrar Accesos,a9eff785-5679-4a1b-91ef-6ca8712ddd18,14,19.6
6c7d8e9f-0a1b-2c3d-4e5f-6a7b8c9d0e1f,Revisión de Seguridad,eccb7c0d-52a7-4143-baad-ebee05361b50,8,9.73
6c7d8e9f-0a1b-2c3d-4e5f-6a7b8c9d0e1f,Aprobación Costos,a9eff785-5679-4a1b-91ef-6ca8712ddd18,8,11.51
4c5d6e7f-8a9b-0c1d-2e3f-4a5b6c7d8e9f,Validar Capacitación,c017087e-fcbc-4f47-ae54-78008d243fbf,8,10.91
7c8d9e0f-1a2b-3c4d-5e6f-7a8b9c0d1e2f,Reunión Bienvenida,f65f0bd7-27f5-4b8c-9641-94729f51744a,3,6.44
3c4d5e6f-7a8b-9c0d-1e2f-3a4b5c6d7e8f,Autoevaluación,db614129-bb28-4b41-8a46-bea1444c388c,7,7.75
f5ba7581-b2ac-4b3a-830e-64ab112f975a,Consolidación de RRHH,8490fcc8-7f53-4704-ac48-99b48356b21c,4,6.42
6c7d8e9f-0a1b-2c3d-4e5f-6a7b8c9d0e1f,Aprobación de Pago,2b549288-04a4-4705-bcd0-0332b683df27,6,9.73
6c7d8e9f-0a1b-2c3d-4e5f-6a7b8c9d0e1f,Revisión Contable,eccb7c0d-52a7-4143-baad-ebee05361b50,5,6.3
a7b21cc3-d8cf-48af-8bb0-22cba4567e9b,Validar Capacitación,d822aaf2-81c6-4054-b63b-a2bec2d53509,6,9.43
6720c739-1916-432b-b392-e698dcfd8112,Presentar Requerimiento,3f72a8b2-777b-43c8-ba37-8f5d9fbd2135,15,17.27
439df689-d1cf-41c3-883c-1b7713fe68e5,Subir Borrador,f65f0bd7-27f5-4b8c-9641-94729f51744a,13,14.35
4c5d6e7f-8a9b-0c1d-2e3f-4a5b6c7d8e9f,Aprobación de Pago,d822aaf2-81c6-4054-b63b-a2bec2d53509,1,4.71
000a3793-827e-4616-84f9-0a23863e0a35,Firma Director,2e310583-c106-4f2c-a6c3-c4b12ec30658,9,9.77
2c3d4e5f-6a7b-8c9d-0e1f-2a3b4c5d6e7f,Procesar Transferencia,87f8e8d1-83e9-4ddb-9be0-fc955228db6d,7,10.52
6c7d8e9f-0a1b-2c3d-4e5f-6a7b8c9d0e1f,Aprobación Presupuesto,e1c69265-87e8-417b-b13a-2ae72c53d4e3,14,13.71
0e1f2a3b-4c5d-6e7f-8a9b-0c1d2e3f4a5b,Preparar Firma,e121cbea-1209-4fe7-ad22-6cf09caf5b95,2,2.35
2c3d4e5f-6a7b-8c9d-0e1f-2a3b4c5d6e7f,Entrega del Equipo,e121cbea-1209-4fe7-ad22-6cf09caf5b95,6,9.67
5c6d7e8f-9a0b-1c2d-3e4f-5a6b7c8d9e0f,Enviar solicitud de vacaciones,3f72a8b2-777b-43c8-ba37-8f5d9fbd2135,9,13.74
31ece703-f961-4e8e-a5c5-cd5c5b47e3db,Aprobación del manager,14791e8e-28e4-4f61-9593-d7a2653d97a3,4,7.65
f5ba7581-b2ac-4b3a-830e-64ab112f975a,Aprobación del manager,8490fcc8-7f53-4704-ac48-99b48356b21c,0,3.75
4c5d6e7f-8a9b-0c1d-2e3f-4a5b6c7d8e9f,Solicitar Adelanto,14791e8e-28e4-4f61-9593-d7a2653d97a3,0,2.39
2c3d4e5f-6a7b-8c9d-0e1f-2a3b4c5d6e7f,Setup Tecnológico,f65f0bd7-27f5-4b8c-9641-94729f51744a,10,13.8
9c0d1e2f-3a4b-5c6d-7e8f-9a0b1c2d3e4f,Autorización Gerencia,7949fc3c-9284-40a0-8161-7b39cf9f9b2d,12,13.72
6720c739-1916-432b-b392-e698dcfd8112,Registrar Recibos,7949fc3c-9284-40a0-8161-7b39cf9f9b2d,5,7.76
3c4d5e6f-7a8b-9c0d-1e2f-3a4b5c6d7e8f,Feedback de Manager,e04f861d-b880-4d7f-bf03-59ce8e435929,1,3.22
993a46fb-a0b2-4d2c-88eb-11ab1c3d4e8c,Detallar Curso,e121cbea-1209-4fe7-ad22-6cf09caf5b95,4,10.03
f5ba7581-b2ac-4b3a-830e-64ab112f975a,Enviar solicitud de vacaciones,eccb7c0d-52a7-4143-baad-ebee05361b50,3,7.52
4c5d6e7f-8a9b-0c1d-2e3f-4a5b6c7d8e9f,Revisión Contable,d9b58f63-b601-433e-9861-2bf2ad90eeb6,1,5.89
000a3793-827e-4616-84f9-0a23863e0a35,Aprobar Presupuesto,f65f0bd7-27f5-4b8c-9641-94729f51744a,14,13.19
8c9d0e1f-2a3b-4c5d-6e7f-8a9b0c1d2e3f,Consolidación de RRHH,e04f861d-b880-4d7f-bf03-59ce8e435929,10,16.74
9c0d1e2f-3a4b-5c6d-7e8f-9a0b1c2d3e4f,Verificar Stock,bebe41a9-85fc-43f3-a125-5c7f72b0898d,13,11.97
5c6d7e8f-9a0b-1c2d-3e4f-5a6b7c8d9e0f,Validar Comercial,eccb7c0d-52a7-4143-baad-ebee05361b50,15,20.13
000a3793-827e-4616-84f9-0a23863e0a35,Solicitar Adelanto,c017087e-fcbc-4f47-ae54-78008d243fbf,4,8.5
f5ba7581-b2ac-4b3a-830e-64ab112f975a,Inicio de la solicitud,e121cbea-1209-4fe7-ad22-6cf09caf5b95,5,8.68
439df689-d1cf-41c3-883c-1b7713fe68e5,Consolidar Gastos,2084f511-720a-4096-80cd-5bc9b91cf5b6,10,10.79
111e9d86-cbd2-45ff-a809-4072bbe6a4d0,Verificar Factura,0eea38fa-f85e-4c73-b47b-0a1985db1227,10,11.67
a7b21cc3-d8cf-48af-8bb0-22cba4567e9b,Reunión Bienvenida,a9eff785-5679-4a1b-91ef-6ca8712ddd18,0,2.07
f5ba7581-b2ac-4b3a-830e-64ab112f975a,Detallar Curso,e1c69265-87e8-417b-b13a-2ae72c53d4e3,13,14.73
7c8d9e0f-1a2b-3c4d-5e6f-7a8b9c0d1e2f,Revisión de Seguridad,8490fcc8-7f53-4704-ac48-99b48356b21c,14,17.0
993a46fb-a0b2-4d2c-88eb-11ab1c3d4e8c,Revisión Gerencial,eccb7c0d-52a7-4143-baad-ebee05361b50,8,10.91
2c3d4e5f-6a7b-8c9d-0e1f-2a3b4c5d6e7f,Presentar Requerimiento,0eea38fa-f85e-4c73-b47b-0a1985db1227,7,10.27
bd9966b2-5fa2-4a4b-b924-59e817a5e756,Entrega del Equipo,e121cbea-1209-4fe7-ad22-6cf09caf5b95,10,11.2
5c6d7e8f-9a0b-1c2d-3e4f-5a6b7c8d9e0f,Especificar Servidores,4cd6a83f-a8b6-4b56-854d-5d3693ec4ab4,9,15.76
bd9966b2-5fa2-4a4b-b924-59e817a5e756,Verificar Stock,14791e8e-28e4-4f61-9593-d7a2653d97a3,10,10.44
8c9d0e1f-2a3b-4c5d-6e7f-8a9b0c1d2e3f,Setup Tecnológico,eccb7c0d-52a7-4143-baad-ebee05361b50,0,5.94
6720c739-1916-432b-b392-e698dcfd8112,Solicitar Adelanto,2b549288-04a4-4705-bcd0-0332b683df27,2,6.59
5c6d7e8f-9a0b-1c2d-3e4f-5a6b7c8d9e0f,Autoevaluación,f615b16b-8fd1-43c9-97c0-a65e08960291,3,8.5
0e1f2a3b-4c5d-6e7f-8a9b-0c1d2e3f4a5b,Instalar Licencia,87f8e8d1-83e9-4ddb-9be0-fc955228db6d,14,12.1
a7b21cc3-d8cf-48af-8bb0-22cba4567e9b,Validar Comercial,f65f0bd7-27f5-4b8c-9641-94729f51744a,2,6.09
9c0d1e2f-3a4b-5c6d-7e8f-9a0b1c2d3e4f,Autorización Gerencia,2e310583-c106-4f2c-a6c3-c4b12ec30658,3,7.56
439df689-d1cf-41c3-883c-1b7713fe68e5,Verificar Factura,d822aaf2-81c6-4054-b63b-a2bec2d53509,14,12.47
4c5d6e7f-8a9b-0c1d-2e3f-4a5b6c7d8e9f,Revisión Gerencial,7949fc3c-9284-40a0-8161-7b39cf9f9b2d,1,4.61
3c4d5e6f-7a8b-9c0d-1e2f-3a4b5c6d7e8f,Aprobación Costos,c017087e-fcbc-4f47-ae54-78008d243fbf,2,6.91
000a3793-827e-4616-84f9-0a23863e0a35,Entrega del Equipo,bebe41a9-85fc-43f3-a125-5c7f72b0898d,10,11.55
8c9d0e1f-2a3b-4c5d-6e7f-8a9b0c1d2e3f,Feedback de Manager,3f72a8b2-777b-43c8-ba37-8f5d9fbd2135,15,16.22
a7b21cc3-d8cf-48af-8bb0-22cba4567e9b,Setup Tecnológico,d822aaf2-81c6-4054-b63b-a2bec2d53509,12,11.69
bd9966b2-5fa2-4a4b-b924-59e817a5e756,Consolidar Gastos,eccb7c0d-52a7-4143-baad-ebee05361b50,4,5.58
111e9d86-cbd2-45ff-a809-4072bbe6a4d0,Firma Director,f65f0bd7-27f5-4b8c-9641-94729f51744a,6,6.89
439df689-d1cf-41c3-883c-1b7713fe68e5,Especificar Servidores,f615b16b-8fd1-43c9-97c0-a65e08960291,3,7.86
a7b21cc3-d8cf-48af-8bb0-22cba4567e9b,Feedback de Manager,c017087e-fcbc-4f47-ae54-78008d243fbf,4,8.28
31ece703-f961-4e8e-a5c5-cd5c5b47e3db,Inicio de la solicitud,a9eff785-5679-4a1b-91ef-6ca8712ddd18,10,9.77
a7b21cc3-d8cf-48af-8bb0-22cba4567e9b,Revisión de Seguridad,0eea38fa-f85e-4c73-b47b-0a1985db1227,6,6.82
6c7d8e9f-0a1b-2c3d-4e5f-6a7b8c9d0e1f,Verificar Stock,0eea38fa-f85e-4c73-b47b-0a1985db1227,8,9.33
5c6d7e8f-9a0b-1c2d-3e4f-5a6b7c8d9e0f,Autoevaluación,f65f0bd7-27f5-4b8c-9641-94729f51744a,6,13.71
9c0d1e2f-3a4b-5c6d-7e8f-9a0b1c2d3e4f,Validación de RRHH,eccb7c0d-52a7-4143-baad-ebee05361b50,14,15.56
8c9d0e1f-2a3b-4c5d-6e7f-8a9b0c1d2e3f,Revisión de Seguridad,bebe41a9-85fc-43f3-a125-5c7f72b0898d,10,15.17
6c7d8e9f-0a1b-2c3d-4e5f-6a7b8c9d0e1f,Revisión Gerencial,0eea38fa-f85e-4c73-b47b-0a1985db1227,5,5.91
5c6d7e8f-9a0b-1c2d-3e4f-5a6b7c8d9e0f,Procesar Transferencia,2e310583-c106-4f2c-a6c3-c4b12ec30658,13,13.4
439df689-d1cf-41c3-883c-1b7713fe68e5,Validación de RRHH,14791e8e-28e4-4f61-9593-d7a2653d97a3,7,9.88
f5ba7581-b2ac-4b3a-830e-64ab112f975a,Validar Comercial,eccb7c0d-52a7-4143-baad-ebee05361b50,12,14.82
111e9d86-cbd2-45ff-a809-4072bbe6a4d0,Setup Tecnológico,87f8e8d1-83e9-4ddb-9be0-fc955228db6d,5,5.77
4c5d6e7f-8a9b-0c1d-2e3f-4a5b6c7d8e9f,Preparar Firma,c017087e-fcbc-4f47-ae54-78008d243fbf,2,5.48
8c9d0e1f-2a3b-4c5d-6e7f-8a9b0c1d2e3f,Solicitar Adelanto,8490fcc8-7f53-4704-ac48-99b48356b21c,13,14.93
6720c739-1916-432b-b392-e698dcfd8112,Firma Director,f615b16b-8fd1-43c9-97c0-a65e08960291,1,3.18
8c9d0e1f-2a3b-4c5d-6e7f-8a9b0c1d2e3f,Iniciar Baja,e1c69265-87e8-417b-b13a-2ae72c53d4e3,11,13.07
3c4d5e6f-7a8b-9c0d-1e2f-3a4b5c6d7e8f,Habilitar Permisos,bebe41a9-85fc-43f3-a125-5c7f72b0898d,9,8.43
111e9d86-cbd2-45ff-a809-4072bbe6a4d0,Setup Tecnológico,e04f861d-b880-4d7f-bf03-59ce8e435929,10,10.67
f5ba7581-b2ac-4b3a-830e-64ab112f975a,Subir Borrador,f65f0bd7-27f5-4b8c-9641-94729f51744a,2,4.67
9c0d1e2f-3a4b-5c6d-7e8f-9a0b1c2d3e4f,Aprobación del manager,bebe41a9-85fc-43f3-a125-5c7f72b0898d,3,3.67
9c0d1e2f-3a4b-5c6d-7e8f-9a0b1c2d3e4f,Enviar solicitud de vacaciones,3f72a8b2-777b-43c8-ba37-8f5d9fbd2135,1,5.07
6c7d8e9f-0a1b-2c3d-4e5f-6a7b8c9d0e1f,Presentar Requerimiento,eccb7c0d-52a7-4143-baad-ebee05361b50,14,14.72
7c8d9e0f-1a2b-3c4d-5e6f-7a8b9c0d1e2f,Subir Borrador,4cd6a83f-a8b6-4b56-854d-5d3693ec4ab4,15,14.22
111e9d86-cbd2-45ff-a809-4072bbe6a4d0,Subir Borrador,8490fcc8-7f53-4704-ac48-99b48356b21c,7,8.86
f5ba7581-b2ac-4b3a-830e-64ab112f975a,Instalar Licencia,2084f511-720a-4096-80cd-5bc9b91cf5b6,10,10.7
a7b21cc3-d8cf-48af-8bb0-22cba4567e9b,Validar Elegibilidad,f65f0bd7-27f5-4b8c-9641-94729f51744a,5,8.31
993a46fb-a0b2-4d2c-88eb-11ab1c3d4e8c,Solicitar Adelanto,14791e8e-28e4-4f61-9593-d7a2653d97a3,3,7.78
000a3793-827e-4616-84f9-0a23863e0a35,Iniciar Baja,3f72a8b2-777b-43c8-ba37-8f5d9fbd2135,7,9.8
a7b21cc3-d8cf-48af-8bb0-22cba4567e9b,Preparar Firma,d9b58f63-b601-433e-9861-2bf2ad90eeb6,3,7.12
8c9d0e1f-2a3b-4c5d-6e7f-8a9b0c1d2e3f,Autorización Gerencia,e1c69265-87e8-417b-b13a-2ae72c53d4e3,6,11.26
4c5d6e7f-8a9b-0c1d-2e3f-4a5b6c7d8e9f,Instalar Licencia,14791e8e-28e4-4f61-9593-d7a2653d97a3,7,9.18
439df689-d1cf-41c3-883c-1b7713fe68e5,Inicio de la solicitud,c017087e-fcbc-4f47-ae54-78008d243fbf,4,8.38
31ece703-f961-4e8e-a5c5-cd5c5b47e3db,Aprobar Presupuesto,3f72a8b2-777b-43c8-ba37-8f5d9fbd2135,8,9.34
a7b21cc3-d8cf-48af-8bb0-22cba4567e9b,Reunión Bienvenida,e1c69265-87e8-417b-b13a-2ae72c53d4e3,4,7.21
993a46fb-a0b2-4d2c-88eb-11ab1c3d4e8c,Registrar Recibos,d9b58f63-b601-433e-9861-2bf2ad90eeb6,4,7.82
4c5d6e7f-8a9b-0c1d-2e3f-4a5b6c7d8e9f,Aprobación Costos,d9b58f63-b601-433e-9861-2bf2ad90eeb6,12,14.55
7c8d9e0f-1a2b-3c4d-5e6f-7a8b9c0d1e2f,Firma Director,7949fc3c-9284-40a0-8161-7b39cf9f9b2d,12,13.71
a7b21cc3-d8cf-48af-8bb0-22cba4567e9b,Especificar Servidores,db614129-bb28-4b41-8a46-bea1444c388c,7,10.72
a7b21cc3-d8cf-48af-8bb0-22cba4567e9b,Registrar Recibos,bebe41a9-85fc-43f3-a125-5c7f72b0898d,11,11.65
439df689-d1cf-41c3-883c-1b7713fe68e5,Validación de RRHH,bebe41a9-85fc-43f3-a125-5c7f72b0898d,4,6.07
8c9d0e1f-2a3b-4c5d-6e7f-8a9b0c1d2e3f,Aprobación Costos,3f72a8b2-777b-43c8-ba37-8f5d9fbd2135,4,12.92
000a3793-827e-4616-84f9-0a23863e0a35,Consolidación de RRHH,0eea38fa-f85e-4c73-b47b-0a1985db1227,8,8.11
6720c739-1916-432b-b392-e698dcfd8112,Validar Comercial,7949fc3c-9284-40a0-8161-7b39cf9f9b2d,9,10.97
7c8d9e0f-1a2b-3c4d-5e6f-7a8b9c0d1e2f,Dispersión de Fondos,c017087e-fcbc-4f47-ae54-78008d243fbf,13,15.75
8c9d0e1f-2a3b-4c5d-6e7f-8a9b0c1d2e3f,Autorización Gerencia,87f8e8d1-83e9-4ddb-9be0-fc955228db6d,15,17.48
4c5d6e7f-8a9b-0c1d-2e3f-4a5b6c7d8e9f,Solicitar Adelanto,14791e8e-28e4-4f61-9593-d7a2653d97a3,10,12.59
31ece703-f961-4e8e-a5c5-cd5c5b47e3db,Registrar Recibos,f615b16b-8fd1-43c9-97c0-a65e08960291,8,10.84
111e9d86-cbd2-45ff-a809-4072bbe6a4d0,Aprobación Costos,a9eff785-5679-4a1b-91ef-6ca8712ddd18,13,13.7
3c4d5e6f-7a8b-9c0d-1e2f-3a4b5c6d7e8f,Especificar Servidores,3f72a8b2-777b-43c8-ba37-8f5d9fbd2135,13,13.65
4c5d6e7f-8a9b-0c1d-2e3f-4a5b6c7d8e9f,Evaluación Técnica,f65f0bd7-27f5-4b8c-9641-94729f51744a,15,16.36
111e9d86-cbd2-45ff-a809-4072bbe6a4d0,Preparar Firma,7949fc3c-9284-40a0-8161-7b39cf9f9b2d,10,12.7
2c3d4e5f-6a7b-8c9d-0e1f-2a3b4c5d6e7f,Aprobación Presupuesto,bebe41a9-85fc-43f3-a125-5c7f72b0898d,15,13.87
7c8d9e0f-1a2b-3c4d-5e6f-7a8b9c0d1e2f,Pago de Liquidación,87f8e8d1-83e9-4ddb-9be0-fc955228db6d,3,8.45
111e9d86-cbd2-45ff-a809-4072bbe6a4d0,Validar Comercial,2084f511-720a-4096-80cd-5bc9b91cf5b6,14,13.64
7c8d9e0f-1a2b-3c4d-5e6f-7a8b9c0d1e2f,Validar Comercial,2e310583-c106-4f2c-a6c3-c4b12ec30658,1,5.28
993a46fb-a0b2-4d2c-88eb-11ab1c3d4e8c,Registrar Recibos,8490fcc8-7f53-4704-ac48-99b48356b21c,12,16.68
0e1f2a3b-4c5d-6e7f-8a9b-0c1d2e3f4a5b,Iniciar Baja,d9b58f63-b601-433e-9861-2bf2ad90eeb6,0,2.37
31ece703-f961-4e8e-a5c5-cd5c5b47e3db,Registrar Recibos,eccb7c0d-52a7-4143-baad-ebee05361b50,8,8.22
0e1f2a3b-4c5d-6e7f-8a9b-0c1d2e3f4a5b,Pago de Liquidación,eccb7c0d-52a7-4143-baad-ebee05361b50,2,4.01
5c6d7e8f-9a0b-1c2d-3e4f-5a6b7c8d9e0f,Cerrar Accesos,7949fc3c-9284-40a0-8161-7b39cf9f9b2d,4,7.59
6c7d8e9f-0a1b-2c3d-4e5f-6a7b8c9d0e1f,Verificar Stock,87f8e8d1-83e9-4ddb-9be0-fc955228db6d,10,9.83
31ece703-f961-4e8e-a5c5-cd5c5b47e3db,Dispersión de Fondos,8490fcc8-7f53-4704-ac48-99b48356b21c,15,13.93
8c9d0e1f-2a3b-4c5d-6e7f-8a9b0c1d2e3f,Pago de Liquidación,db614129-bb28-4b41-8a46-bea1444c388c,8,10.68
993a46fb-a0b2-4d2c-88eb-11ab1c3d4e8c,Validar Capacitación,3f72a8b2-777b-43c8-ba37-8f5d9fbd2135,6,11.35
f5ba7581-b2ac-4b3a-830e-64ab112f975a,Presentar Requerimiento,d9b58f63-b601-433e-9861-2bf2ad90eeb6,8,10.64
111e9d86-cbd2-45ff-a809-4072bbe6a4d0,Especificar Servidores,e1c69265-87e8-417b-b13a-2ae72c53d4e3,15,12.75
7c8d9e0f-1a2b-3c4d-5e6f-7a8b9c0d1e2f,Inicio de la solicitud,bebe41a9-85fc-43f3-a125-5c7f72b0898d,7,8.93
a7b21cc3-d8cf-48af-8bb0-22cba4567e9b,Verificar Factura,eccb7c0d-52a7-4143-baad-ebee05361b50,1,4.47
2c3d4e5f-6a7b-8c9d-0e1f-2a3b4c5d6e7f,Inicio del Proceso,d822aaf2-81c6-4054-b63b-a2bec2d53509,6,9.21
5c6d7e8f-9a0b-1c2d-3e4f-5a6b7c8d9e0f,Enviar solicitud de vacaciones,db614129-bb28-4b41-8a46-bea1444c388c,11,13.79
2c3d4e5f-6a7b-8c9d-0e1f-2a3b4c5d6e7f,Revisión de Seguridad,2084f511-720a-4096-80cd-5bc9b91cf5b6,1,4.11
8c9d0e1f-2a3b-4c5d-6e7f-8a9b0c1d2e3f,Setup Tecnológico,14791e8e-28e4-4f61-9593-d7a2653d97a3,5,12.47
0e1f2a3b-4c5d-6e7f-8a9b-0c1d2e3f4a5b,Entrega del Equipo,0eea38fa-f85e-4c73-b47b-0a1985db1227,8,6.5
a7b21cc3-d8cf-48af-8bb0-22cba4567e9b,Procesar Transferencia,e04f861d-b880-4d7f-bf03-59ce8e435929,1,6.52
7c8d9e0f-1a2b-3c4d-5e6f-7a8b9c0d1e2f,Revisión Gerencial,e1c69265-87e8-417b-b13a-2ae72c53d4e3,10,11.81
6c7d8e9f-0a1b-2c3d-4e5f-6a7b8c9d0e1f,Instalar Licencia,14791e8e-28e4-4f61-9593-d7a2653d97a3,3,5.27
000a3793-827e-4616-84f9-0a23863e0a35,Entrega del Equipo,e1c69265-87e8-417b-b13a-2ae72c53d4e3,5,7.51
439df689-d1cf-41c3-883c-1b7713fe68e5,Firma Director,db614129-bb28-4b41-8a46-bea1444c388c,13,14.87
6720c739-1916-432b-b392-e698dcfd8112,Enviar solicitud de vacaciones,7949fc3c-9284-40a0-8161-7b39cf9f9b2d,11,11.54
9c0d1e2f-3a4b-5c6d-7e8f-9a0b1c2d3e4f,Validar Comercial,4cd6a83f-a8b6-4b56-854d-5d3693ec4ab4,8,9.31
31ece703-f961-4e8e-a5c5-cd5c5b47e3db,Enviar solicitud de vacaciones,a9eff785-5679-4a1b-91ef-6ca8712ddd18,14,14.73
8c9d0e1f-2a3b-4c5d-6e7f-8a9b0c1d2e3f,Revisión de Seguridad,e1c69265-87e8-417b-b13a-2ae72c53d4e3,3,7.19
3c4d5e6f-7a8b-9c0d-1e2f-3a4b5c6d7e8f,Validar Comercial,e04f861d-b880-4d7f-bf03-59ce8e435929,9,10.33
7c8d9e0f-1a2b-3c4d-5e6f-7a8b9c0d1e2f,Inicio de la solicitud,f615b16b-8fd1-43c9-97c0-a65e08960291,9,13.37
5c6d7e8f-9a0b-1c2d-3e4f-5a6b7c8d9e0f,Verificar Stock,bebe41a9-85fc-43f3-a125-5c7f72b0898d,6,8.38
993a46fb-a0b2-4d2c-88eb-11ab1c3d4e8c,Aprobación Costos,d9b58f63-b601-433e-9861-2bf2ad90eeb6,11,13.86
8c9d0e1f-2a3b-4c5d-6e7f-8a9b0c1d2e3f,Cerrar Accesos,2b549288-04a4-4705-bcd0-0332b683df27,4,8.42
6720c739-1916-432b-b392-e698dcfd8112,Setup Tecnológico,f615b16b-8fd1-43c9-97c0-a65e08960291,15,17.35
a7b21cc3-d8cf-48af-8bb0-22cba4567e9b,Subir Borrador,7949fc3c-9284-40a0-8161-7b39cf9f9b2d,5,8.83
0e1f2a3b-4c5d-6e7f-8a9b-0c1d2e3f4a5b,Instalar Licencia,2e310583-c106-4f2c-a6c3-c4b12ec30658,12,11.49
6c7d8e9f-0a1b-2c3d-4e5f-6a7b8c9d0e1f,Iniciar Baja,d822aaf2-81c6-4054-b63b-a2bec2d53509,11,10.83
111e9d86-cbd2-45ff-a809-4072bbe6a4d0,Enviar solicitud de vacaciones,e121cbea-1209-4fe7-ad22-6cf09caf5b95,10,10.31
6720c739-1916-432b-b392-e698dcfd8112,Habilitar Permisos,d9b58f63-b601-433e-9861-2bf2ad90eeb6,13,12.77
5c6d7e8f-9a0b-1c2d-3e4f-5a6b7c8d9e0f,Firma Director,f65f0bd7-27f5-4b8c-9641-94729f51744a,3,11.27
31ece703-f961-4e8e-a5c5-cd5c5b47e3db,Aprobación Presupuesto,f615b16b-8fd1-43c9-97c0-a65e08960291,14,14.75
4c5d6e7f-8a9b-0c1d-2e3f-4a5b6c7d8e9f,Aprobación del manager,3f72a8b2-777b-43c8-ba37-8f5d9fbd2135,10,12.49
6720c739-1916-432b-b392-e698dcfd8112,Entrega del Equipo,eccb7c0d-52a7-4143-baad-ebee05361b50,5,6.74
31ece703-f961-4e8e-a5c5-cd5c5b47e3db,Especificar Servidores,d822aaf2-81c6-4054-b63b-a2bec2d53509,9,8.89
111e9d86-cbd2-45ff-a809-4072bbe6a4d0,Feedback de Manager,f615b16b-8fd1-43c9-97c0-a65e08960291,15,12.9
000a3793-827e-4616-84f9-0a23863e0a35,Validar Capacitación,eccb7c0d-52a7-4143-baad-ebee05361b50,9,9.82
2c3d4e5f-6a7b-8c9d-0e1f-2a3b4c5d6e7f,Entrega del Equipo,e04f861d-b880-4d7f-bf03-59ce8e435929,1,5.45
0e1f2a3b-4c5d-6e7f-8a9b-0c1d2e3f4a5b,Enviar solicitud de vacaciones,f65f0bd7-27f5-4b8c-9641-94729f51744a,1,2.62
111e9d86-cbd2-45ff-a809-4072bbe6a4d0,Subir Borrador,bebe41a9-85fc-43f3-a125-5c7f72b0898d,15,14.24
5c6d7e8f-9a0b-1c2d-3e4f-5a6b7c8d9e0f,Feedback de Manager,4cd6a83f-a8b6-4b56-854d-5d3693ec4ab4,4,7.41
8c9d0e1f-2a3b-4c5d-6e7f-8a9b0c1d2e3f,Consolidación de RRHH,eccb7c0d-52a7-4143-baad-ebee05361b50,10,13.86
a7b21cc3-d8cf-48af-8bb0-22cba4567e9b,Reunión Bienvenida,f615b16b-8fd1-43c9-97c0-a65e08960291,1,3.7
0e1f2a3b-4c5d-6e7f-8a9b-0c1d2e3f4a5b,Presentar Requerimiento,d9b58f63-b601-433e-9861-2bf2ad90eeb6,10,9.19
5c6d7e8f-9a0b-1c2d-3e4f-5a6b7c8d9e0f,Instalar Licencia,f65f0bd7-27f5-4b8c-9641-94729f51744a,1,6.45
a7b21cc3-d8cf-48af-8bb0-22cba4567e9b,Habilitar Permisos,2b549288-04a4-4705-bcd0-0332b683df27,5,8.92
000a3793-827e-4616-84f9-0a23863e0a35,Especificar Licencia,14791e8e-28e4-4f61-9593-d7a2653d97a3,14,13.77
6720c739-1916-432b-b392-e698dcfd8112,Validar Elegibilidad,f65f0bd7-27f5-4b8c-9641-94729f51744a,1,4.8
bd9966b2-5fa2-4a4b-b924-59e817a5e756,Revisión Contable,7949fc3c-9284-40a0-8161-7b39cf9f9b2d,5,7.18
000a3793-827e-4616-84f9-0a23863e0a35,Revisión de Seguridad,a9eff785-5679-4a1b-91ef-6ca8712ddd18,1,5.16
2c3d4e5f-6a7b-8c9d-0e1f-2a3b4c5d6e7f,Evaluación Técnica,f65f0bd7-27f5-4b8c-9641-94729f51744a,1,5.21
6c7d8e9f-0a1b-2c3d-4e5f-6a7b8c9d0e1f,Solicitar Adelanto,e04f861d-b880-4d7f-bf03-59ce8e435929,2,3.73
0e1f2a3b-4c5d-6e7f-8a9b-0c1d2e3f4a5b,Especificar Licencia,7949fc3c-9284-40a0-8161-7b39cf9f9b2d,6,6.19
8c9d0e1f-2a3b-4c5d-6e7f-8a9b0c1d2e3f,Verificar Stock,7949fc3c-9284-40a0-8161-7b39cf9f9b2d,1,10.7
4c5d6e7f-8a9b-0c1d-2e3f-4a5b6c7d8e9f,Validar Comercial,e04f861d-b880-4d7f-bf03-59ce8e435929,5,7.77
7c8d9e0f-1a2b-3c4d-5e6f-7a8b9c0d1e2f,Enviar solicitud de vacaciones,87f8e8d1-83e9-4ddb-9be0-fc955228db6d,7,8.05
a7b21cc3-d8cf-48af-8bb0-22cba4567e9b,Enviar solicitud de vacaciones,db614129-bb28-4b41-8a46-bea1444c388c,6,9.03
111e9d86-cbd2-45ff-a809-4072bbe6a4d0,Detallar Curso,7949fc3c-9284-40a0-8161-7b39cf9f9b2d,5,9.97
3c4d5e6f-7a8b-9c0d-1e2f-3a4b5c6d7e8f,Pago de Liquidación,14791e8e-28e4-4f61-9593-d7a2653d97a3,2,6.6
31ece703-f961-4e8e-a5c5-cd5c5b47e3db,Revisión Contable,eccb7c0d-52a7-4143-baad-ebee05361b50,0,4.47
000a3793-827e-4616-84f9-0a23863e0a35,Habilitar Permisos,a9eff785-5679-4a1b-91ef-6ca8712ddd18,12,11.86
000a3793-827e-4616-84f9-0a23863e0a35,Especificar Licencia,7949fc3c-9284-40a0-8161-7b39cf9f9b2d,0,4.3
a7b21cc3-d8cf-48af-8bb0-22cba4567e9b,Verificar Stock,db614129-bb28-4b41-8a46-bea1444c388c,0,2.24
5c6d7e8f-9a0b-1c2d-3e4f-5a6b7c8d9e0f,Preparar Firma,eccb7c0d-52a7-4143-baad-ebee05361b50,4,10.79
993a46fb-a0b2-4d2c-88eb-11ab1c3d4e8c,Inicio del Proceso,f65f0bd7-27f5-4b8c-9641-94729f51744a,11,16.19
7c8d9e0f-1a2b-3c4d-5e6f-7a8b9c0d1e2f,Feedback de Manager,e1c69265-87e8-417b-b13a-2ae72c53d4e3,0,3.18
9c0d1e2f-3a4b-5c6d-7e8f-9a0b1c2d3e4f,Validar Elegibilidad,e1c69265-87e8-417b-b13a-2ae72c53d4e3,2,6.77
000a3793-827e-4616-84f9-0a23863e0a35,Entrega del Equipo,2084f511-720a-4096-80cd-5bc9b91cf5b6,1,6.91
2c3d4e5f-6a7b-8c9d-0e1f-2a3b4c5d6e7f,Autorización Gerencia,db614129-bb28-4b41-8a46-bea1444c388c,3,8.06
439df689-d1cf-41c3-883c-1b7713fe68e5,Aprobación del manager,7949fc3c-9284-40a0-8161-7b39cf9f9b2d,9,10.44
8c9d0e1f-2a3b-4c5d-6e7f-8a9b0c1d2e3f,Consolidar Gastos,4cd6a83f-a8b6-4b56-854d-5d3693ec4ab4,5,10.43
2c3d4e5f-6a7b-8c9d-0e1f-2a3b4c5d6e7f,Firma Director,2e310583-c106-4f2c-a6c3-c4b12ec30658,8,10.46
6720c739-1916-432b-b392-e698dcfd8112,Especificar Servidores,0eea38fa-f85e-4c73-b47b-0a1985db1227,9,10.26
3c4d5e6f-7a8b-9c0d-1e2f-3a4b5c6d7e8f,Pago de Liquidación,d822aaf2-81c6-4054-b63b-a2bec2d53509,9,10.61
439df689-d1cf-41c3-883c-1b7713fe68e5,Validación de RRHH,c017087e-fcbc-4f47-ae54-78008d243fbf,8,11.98
31ece703-f961-4e8e-a5c5-cd5c5b47e3db,Revisión Contable,bebe41a9-85fc-43f3-a125-5c7f72b0898d,13,15.01
2c3d4e5f-6a7b-8c9d-0e1f-2a3b4c5d6e7f,Revisión Gerencial,2084f511-720a-4096-80cd-5bc9b91cf5b6,0,3.73
111e9d86-cbd2-45ff-a809-4072bbe6a4d0,Firma Director,e1c69265-87e8-417b-b13a-2ae72c53d4e3,1,5.89
000a3793-827e-4616-84f9-0a23863e0a35,Especificar Licencia,eccb7c0d-52a7-4143-baad-ebee05361b50,15,16.05
3c4d5e6f-7a8b-9c0d-1e2f-3a4b5c6d7e8f,Presentar Requerimiento,8490fcc8-7f53-4704-ac48-99b48356b21c,15,16.58
3c4d5e6f-7a8b-9c0d-1e2f-3a4b5c6d7e8f,Validación de RRHH,2084f511-720a-4096-80cd-5bc9b91cf5b6,13,12.53
5c6d7e8f-9a0b-1c2d-3e4f-5a6b7c8d9e0f,Especificar Licencia,2084f511-720a-4096-80cd-5bc9b91cf5b6,3,7.7
6720c739-1916-432b-b392-e698dcfd8112,Enviar solicitud de vacaciones,87f8e8d1-83e9-4ddb-9be0-fc955228db6d,14,14.98
000a3793-827e-4616-84f9-0a23863e0a35,Aprobación Presupuesto,0eea38fa-f85e-4c73-b47b-0a1985db1227,14,13.53
4c5d6e7f-8a9b-0c1d-2e3f-4a5b6c7d8e9f,Revisión de Seguridad,4cd6a83f-a8b6-4b56-854d-5d3693ec4ab4,14,12.29
3c4d5e6f-7a8b-9c0d-1e2f-3a4b5c6d7e8f,Subir Borrador,2e310583-c106-4f2c-a6c3-c4b12ec30658,3,5.31
31ece703-f961-4e8e-a5c5-cd5c5b47e3db,Revisión de Seguridad,c017087e-fcbc-4f47-ae54-78008d243fbf,10,11.85
7c8d9e0f-1a2b-3c4d-5e6f-7a8b9c0d1e2f,Revisión de Seguridad,eccb7c0d-52a7-4143-baad-ebee05361b50,10,10.78
2c3d4e5f-6a7b-8c9d-0e1f-2a3b4c5d6e7f,Reunión Bienvenida,a9eff785-5679-4a1b-91ef-6ca8712ddd18,15,15.51
7c8d9e0f-1a2b-3c4d-5e6f-7a8b9c0d1e2f,Iniciar Baja,4cd6a83f-a8b6-4b56-854d-5d3693ec4ab4,4,5.59
a7b21cc3-d8cf-48af-8bb0-22cba4567e9b,Presentar Requerimiento,a9eff785-5679-4a1b-91ef-6ca8712ddd18,3,7.04
bd9966b2-5fa2-4a4b-b924-59e817a5e756,Autorización Gerencia,a9eff785-5679-4a1b-91ef-6ca8712ddd18,1,5.76
a7b21cc3-d8cf-48af-8bb0-22cba4567e9b,Registrar Recibos,d9b58f63-b601-433e-9861-2bf2ad90eeb6,14,15.09
4c5d6e7f-8a9b-0c1d-2e3f-4a5b6c7d8e9f,Aprobación Presupuesto,f615b16b-8fd1-43c9-97c0-a65e08960291,15,15.88
993a46fb-a0b2-4d2c-88eb-11ab1c3d4e8c,Aprobación del manager,d9b58f63-b601-433e-9861-2bf2ad90eeb6,12,18.17
6720c739-1916-432b-b392-e698dcfd8112,Validar Elegibilidad,4cd6a83f-a8b6-4b56-854d-5d3693ec4ab4,8,9.01
31ece703-f961-4e8e-a5c5-cd5c5b47e3db,Aprobación del manager,e04f861d-b880-4d7f-bf03-59ce8e435929,11,13.26
3c4d5e6f-7a8b-9c0d-1e2f-3a4b5c6d7e8f,Presentar Requerimiento,f65f0bd7-27f5-4b8c-9641-94729f51744a,2,5.4
a7b21cc3-d8cf-48af-8bb0-22cba4567e9b,Enviar solicitud de vacaciones,8490fcc8-7f53-4704-ac48-99b48356b21c,3,5.43
2c3d4e5f-6a7b-8c9d-0e1f-2a3b4c5d6e7f,Validar Comercial,db614129-bb28-4b41-8a46-bea1444c388c,6,8.29
f5ba7581-b2ac-4b3a-830e-64ab112f975a,Validar Capacitación,f615b16b-8fd1-43c9-97c0-a65e08960291,15,16.89
000a3793-827e-4616-84f9-0a23863e0a35,Preparar Firma,d9b58f63-b601-433e-9861-2bf2ad90eeb6,8,11.73
6720c739-1916-432b-b392-e698dcfd8112,Evaluación Técnica,e1c69265-87e8-417b-b13a-2ae72c53d4e3,1,7.05
439df689-d1cf-41c3-883c-1b7713fe68e5,Especificar Licencia,3f72a8b2-777b-43c8-ba37-8f5d9fbd2135,2,4.54
9c0d1e2f-3a4b-5c6d-7e8f-9a0b1c2d3e4f,Consolidación de RRHH,f65f0bd7-27f5-4b8c-9641-94729f51744a,14,14.92
000a3793-827e-4616-84f9-0a23863e0a35,Feedback de Manager,4cd6a83f-a8b6-4b56-854d-5d3693ec4ab4,14,14.38
4c5d6e7f-8a9b-0c1d-2e3f-4a5b6c7d8e9f,Subir Borrador,eccb7c0d-52a7-4143-baad-ebee05361b50,12,14.67
5c6d7e8f-9a0b-1c2d-3e4f-5a6b7c8d9e0f,Enviar solicitud de vacaciones,2084f511-720a-4096-80cd-5bc9b91cf5b6,5,11.35
31ece703-f961-4e8e-a5c5-cd5c5b47e3db,Revisión de Seguridad,2b549288-04a4-4705-bcd0-0332b683df27,9,12.79
111e9d86-cbd2-45ff-a809-4072bbe6a4d0,Autorización Gerencia,f615b16b-8fd1-43c9-97c0-a65e08960291,8,7.85
993a46fb-a0b2-4d2c-88eb-11ab1c3d4e8c,Autorización Gerencia,8490fcc8-7f53-4704-ac48-99b48356b21c,7,13.11
6720c739-1916-432b-b392-e698dcfd8112,Dispersión de Fondos,f65f0bd7-27f5-4b8c-9641-94729f51744a,9,12.77
000a3793-827e-4616-84f9-0a23863e0a35,Entrega del Equipo,eccb7c0d-52a7-4143-baad-ebee05361b50,5,8.45
6c7d8e9f-0a1b-2c3d-4e5f-6a7b8c9d0e1f,Validación de RRHH,2084f511-720a-4096-80cd-5bc9b91cf5b6,1,5.59
000a3793-827e-4616-84f9-0a23863e0a35,Validar Comercial,3f72a8b2-777b-43c8-ba37-8f5d9fbd2135,14,13.73
3c4d5e6f-7a8b-9c0d-1e2f-3a4b5c6d7e8f,Enviar solicitud de vacaciones,7949fc3c-9284-40a0-8161-7b39cf9f9b2d,10,12.34
f5ba7581-b2ac-4b3a-830e-64ab112f975a,Verificar Stock,87f8e8d1-83e9-4ddb-9be0-fc955228db6d,13,15.02
a7b21cc3-d8cf-48af-8bb0-22cba4567e9b,Entrega del Equipo,8490fcc8-7f53-4704-ac48-99b48356b21c,12,12.02
439df689-d1cf-41c3-883c-1b7713fe68e5,Firma Director,f65f0bd7-27f5-4b8c-9641-94729f51744a,0,4.44
6720c739-1916-432b-b392-e698dcfd8112,Especificar Licencia,7949fc3c-9284-40a0-8161-7b39cf9f9b2d,6,9.98
9c0d1e2f-3a4b-5c6d-7e8f-9a0b1c2d3e4f,Instalar Licencia,f615b16b-8fd1-43c9-97c0-a65e08960291,11,12.34
6720c739-1916-432b-b392-e698dcfd8112,Validación de RRHH,f65f0bd7-27f5-4b8c-9641-94729f51744a,5,8.75
f5ba7581-b2ac-4b3a-830e-64ab112f975a,Subir Borrador,c017087e-fcbc-4f47-ae54-78008d243fbf,2,6.47
5c6d7e8f-9a0b-1c2d-3e4f-5a6b7c8d9e0f,Solicitar Adelanto,4cd6a83f-a8b6-4b56-854d-5d3693ec4ab4,11,15.25
000a3793-827e-4616-84f9-0a23863e0a35,Preparar Firma,e04f861d-b880-4d7f-bf03-59ce8e435929,14,16.71
a7b21cc3-d8cf-48af-8bb0-22cba4567e9b,Presentar Requerimiento,c017087e-fcbc-4f47-ae54-78008d243fbf,8,7.49
f5ba7581-b2ac-4b3a-830e-64ab112f975a,Iniciar Baja,2084f511-720a-4096-80cd-5bc9b91cf5b6,9,11.19
6c7d8e9f-0a1b-2c3d-4e5f-6a7b8c9d0e1f,Revisión Gerencial,d9b58f63-b601-433e-9861-2bf2ad90eeb6,11,12.49
6c7d8e9f-0a1b-2c3d-4e5f-6a7b8c9d0e1f,Feedback de Manager,c017087e-fcbc-4f47-ae54-78008d243fbf,3,7.48
8c9d0e1f-2a3b-4c5d-6e7f-8a9b0c1d2e3f,Dispersión de Fondos,4cd6a83f-a8b6-4b56-854d-5d3693ec4ab4,13,16.81
2c3d4e5f-6a7b-8c9d-0e1f-2a3b4c5d6e7f,Validar Capacitación,7949fc3c-9284-40a0-8161-7b39cf9f9b2d,8,10.8
9c0d1e2f-3a4b-5c6d-7e8f-9a0b1c2d3e4f,Revisión Contable,3f72a8b2-777b-43c8-ba37-8f5d9fbd2135,1,5.72
2c3d4e5f-6a7b-8c9d-0e1f-2a3b4c5d6e7f,Iniciar Baja,3f72a8b2-777b-43c8-ba37-8f5d9fbd2135,2,6.24
3c4d5e6f-7a8b-9c0d-1e2f-3a4b5c6d7e8f,Revisión Contable,bebe41a9-85fc-43f3-a125-5c7f72b0898d,14,14.76
4c5d6e7f-8a9b-0c1d-2e3f-4a5b6c7d8e9f,Solicitar Adelanto,2084f511-720a-4096-80cd-5bc9b91cf5b6,8,10.59
993a46fb-a0b2-4d2c-88eb-11ab1c3d4e8c,Inicio de la solicitud,3f72a8b2-777b-43c8-ba37-8f5d9fbd2135,8,10.89
0e1f2a3b-4c5d-6e7f-8a9b-0c1d2e3f4a5b,Evaluación Técnica,4cd6a83f-a8b6-4b56-854d-5d3693ec4ab4,8,8.47
6c7d8e9f-0a1b-2c3d-4e5f-6a7b8c9d0e1f,Revisión Contable,a9eff785-5679-4a1b-91ef-6ca8712ddd18,3,4.06
6c7d8e9f-0a1b-2c3d-4e5f-6a7b8c9d0e1f,Consolidación de RRHH,a9eff785-5679-4a1b-91ef-6ca8712ddd18,7,9.82
8c9d0e1f-2a3b-4c5d-6e7f-8a9b0c1d2e3f,Validar Comercial,2084f511-720a-4096-80cd-5bc9b91cf5b6,8,15.02
0e1f2a3b-4c5d-6e7f-8a9b-0c1d2e3f4a5b,Consolidación de RRHH,eccb7c0d-52a7-4143-baad-ebee05361b50,13,11.71
5c6d7e8f-9a0b-1c2d-3e4f-5a6b7c8d9e0f,Especificar Licencia,87f8e8d1-83e9-4ddb-9be0-fc955228db6d,10,15.24
3c4d5e6f-7a8b-9c0d-1e2f-3a4b5c6d7e8f,Validar Capacitación,d822aaf2-81c6-4054-b63b-a2bec2d53509,10,12.86
4c5d6e7f-8a9b-0c1d-2e3f-4a5b6c7d8e9f,Inicio de la solicitud,d822aaf2-81c6-4054-b63b-a2bec2d53509,2,5.17
6c7d8e9f-0a1b-2c3d-4e5f-6a7b8c9d0e1f,Entrega del Equipo,2b549288-04a4-4705-bcd0-0332b683df27,0,4.71
a7b21cc3-d8cf-48af-8bb0-22cba4567e9b,Aprobación Costos,eccb7c0d-52a7-4143-baad-ebee05361b50,12,13.72
000a3793-827e-4616-84f9-0a23863e0a35,Revisión Gerencial,a9eff785-5679-4a1b-91ef-6ca8712ddd18,0,2.01
bd9966b2-5fa2-4a4b-b924-59e817a5e756,Preparar Firma,a9eff785-5679-4a1b-91ef-6ca8712ddd18,10,13.84
993a46fb-a0b2-4d2c-88eb-11ab1c3d4e8c,Enviar solicitud de vacaciones,87f8e8d1-83e9-4ddb-9be0-fc955228db6d,6,12.42
9c0d1e2f-3a4b-5c6d-7e8f-9a0b1c2d3e4f,Revisión Gerencial,2b549288-04a4-4705-bcd0-0332b683df27,15,15.45
7c8d9e0f-1a2b-3c4d-5e6f-7a8b9c0d1e2f,Registrar Recibos,4cd6a83f-a8b6-4b56-854d-5d3693ec4ab4,12,12.36
bd9966b2-5fa2-4a4b-b924-59e817a5e756,Preparar Firma,0eea38fa-f85e-4c73-b47b-0a1985db1227,12,10.49
0e1f2a3b-4c5d-6e7f-8a9b-0c1d2e3f4a5b,Detallar Curso,e04f861d-b880-4d7f-bf03-59ce8e435929,0,1.42
111e9d86-cbd2-45ff-a809-4072bbe6a4d0,Habilitar Permisos,0eea38fa-f85e-4c73-b47b-0a1985db1227,1,5.84
3c4d5e6f-7a8b-9c0d-1e2f-3a4b5c6d7e8f,Revisión Contable,f615b16b-8fd1-43c9-97c0-a65e08960291,0,5.7
bd9966b2-5fa2-4a4b-b924-59e817a5e756,Preparar Firma,bebe41a9-85fc-43f3-a125-5c7f72b0898d,11,12.29
8c9d0e1f-2a3b-4c5d-6e7f-8a9b0c1d2e3f,Validar Capacitación,7949fc3c-9284-40a0-8161-7b39cf9f9b2d,1,7.29
5c6d7e8f-9a0b-1c2d-3e4f-5a6b7c8d9e0f,Cerrar Accesos,bebe41a9-85fc-43f3-a125-5c7f72b0898d,15,17.86
993a46fb-a0b2-4d2c-88eb-11ab1c3d4e8c,Aprobación del manager,db614129-bb28-4b41-8a46-bea1444c388c,9,11.15
7c8d9e0f-1a2b-3c4d-5e6f-7a8b9c0d1e2f,Validar Elegibilidad,8490fcc8-7f53-4704-ac48-99b48356b21c,15,16.78
111e9d86-cbd2-45ff-a809-4072bbe6a4d0,Consolidar Gastos,e04f861d-b880-4d7f-bf03-59ce8e435929,14,14.83
0e1f2a3b-4c5d-6e7f-8a9b-0c1d2e3f4a5b,Validar Elegibilidad,4cd6a83f-a8b6-4b56-854d-5d3693ec4ab4,9,9.86
3c4d5e6f-7a8b-9c0d-1e2f-3a4b5c6d7e8f,Aprobación Presupuesto,d822aaf2-81c6-4054-b63b-a2bec2d53509,9,11.0
439df689-d1cf-41c3-883c-1b7713fe68e5,Registrar Recibos,2e310583-c106-4f2c-a6c3-c4b12ec30658,7,9.74
a7b21cc3-d8cf-48af-8bb0-22cba4567e9b,Aprobación Presupuesto,4cd6a83f-a8b6-4b56-854d-5d3693ec4ab4,6,9.92
31ece703-f961-4e8e-a5c5-cd5c5b47e3db,Revisión Gerencial,d9b58f63-b601-433e-9861-2bf2ad90eeb6,6,8.69
5c6d7e8f-9a0b-1c2d-3e4f-5a6b7c8d9e0f,Validar Capacitación,3f72a8b2-777b-43c8-ba37-8f5d9fbd2135,10,16.14
111e9d86-cbd2-45ff-a809-4072bbe6a4d0,Validación de RRHH,14791e8e-28e4-4f61-9593-d7a2653d97a3,15,15.14
993a46fb-a0b2-4d2c-88eb-11ab1c3d4e8c,Cerrar Accesos,3f72a8b2-777b-43c8-ba37-8f5d9fbd2135,6,12.64
6720c739-1916-432b-b392-e698dcfd8112,Solicitar Adelanto,3f72a8b2-777b-43c8-ba37-8f5d9fbd2135,2,4.62
6c7d8e9f-0a1b-2c3d-4e5f-6a7b8c9d0e1f,Dispersión de Fondos,2e310583-c106-4f2c-a6c3-c4b12ec30658,12,14.23
6720c739-1916-432b-b392-e698dcfd8112,Validar Capacitación,e04f861d-b880-4d7f-bf03-59ce8e435929,10,13.41
8c9d0e1f-2a3b-4c5d-6e7f-8a9b0c1d2e3f,Aprobación Costos,3f72a8b2-777b-43c8-ba37-8f5d9fbd2135,15,19.46
f5ba7581-b2ac-4b3a-830e-64ab112f975a,Instalar Licencia,87f8e8d1-83e9-4ddb-9be0-fc955228db6d,4,4.75
6720c739-1916-432b-b392-e698dcfd8112,Autoevaluación,d9b58f63-b601-433e-9861-2bf2ad90eeb6,13,14.77
8c9d0e1f-2a3b-4c5d-6e7f-8a9b0c1d2e3f,Aprobación de Pago,a9eff785-5679-4a1b-91ef-6ca8712ddd18,11,15.08
6720c739-1916-432b-b392-e698dcfd8112,Validación de RRHH,c017087e-fcbc-4f47-ae54-78008d243fbf,8,11.24
7c8d9e0f-1a2b-3c4d-5e6f-7a8b9c0d1e2f,Autorización Gerencia,14791e8e-28e4-4f61-9593-d7a2653d97a3,10,12.67
5c6d7e8f-9a0b-1c2d-3e4f-5a6b7c8d9e0f,Validar Capacitación,2b549288-04a4-4705-bcd0-0332b683df27,0,8.03
2c3d4e5f-6a7b-8c9d-0e1f-2a3b4c5d6e7f,Enviar solicitud de vacaciones,f615b16b-8fd1-43c9-97c0-a65e08960291,15,17.41
111e9d86-cbd2-45ff-a809-4072bbe6a4d0,Dispersión de Fondos,f615b16b-8fd1-43c9-97c0-a65e08960291,7,6.66
6c7d8e9f-0a1b-2c3d-4e5f-6a7b8c9d0e1f,Autoevaluación,e04f861d-b880-4d7f-bf03-59ce8e435929,15,16.77
993a46fb-a0b2-4d2c-88eb-11ab1c3d4e8c,Validar Elegibilidad,bebe41a9-85fc-43f3-a125-5c7f72b0898d,5,7.89
3c4d5e6f-7a8b-9c0d-1e2f-3a4b5c6d7e8f,Feedback de Manager,c017087e-fcbc-4f47-ae54-78008d243fbf,11,11.36
6c7d8e9f-0a1b-2c3d-4e5f-6a7b8c9d0e1f,Autoevaluación,2b549288-04a4-4705-bcd0-0332b683df27,3,4.86
9c0d1e2f-3a4b-5c6d-7e8f-9a0b1c2d3e4f,Aprobación del manager,4cd6a83f-a8b6-4b56-854d-5d3693ec4ab4,11,9.74
f5ba7581-b2ac-4b3a-830e-64ab112f975a,Evaluación Técnica,3f72a8b2-777b-43c8-ba37-8f5d9fbd2135,3,7.0
31ece703-f961-4e8e-a5c5-cd5c5b47e3db,Presentar Requerimiento,e04f861d-b880-4d7f-bf03-59ce8e435929,0,2.41
3c4d5e6f-7a8b-9c0d-1e2f-3a4b5c6d7e8f,Entrega del Equipo,87f8e8d1-83e9-4ddb-9be0-fc955228db6d,12,15.08
9c0d1e2f-3a4b-5c6d-7e8f-9a0b1c2d3e4f,Firma Director,2b549288-04a4-4705-bcd0-0332b683df27,3,4.91
5c6d7e8f-9a0b-1c2d-3e4f-5a6b7c8d9e0f,Revisión de Seguridad,f615b16b-8fd1-43c9-97c0-a65e08960291,13,16.66
111e9d86-cbd2-45ff-a809-4072bbe6a4d0,Feedback de Manager,bebe41a9-85fc-43f3-a125-5c7f72b0898d,1,3.04
f5ba7581-b2ac-4b3a-830e-64ab112f975a,Autoevaluación,2084f511-720a-4096-80cd-5bc9b91cf5b6,14,13.62
3c4d5e6f-7a8b-9c0d-1e2f-3a4b5c6d7e8f,Autoevaluación,db614129-bb28-4b41-8a46-bea1444c388c,8,11.02
439df689-d1cf-41c3-883c-1b7713fe68e5,Reunión Bienvenida,d822aaf2-81c6-4054-b63b-a2bec2d53509,7,8.05
a7b21cc3-d8cf-48af-8bb0-22cba4567e9b,Preparar Firma,14791e8e-28e4-4f61-9593-d7a2653d97a3,8,10.73
439df689-d1cf-41c3-883c-1b7713fe68e5,Aprobación del manager,3f72a8b2-777b-43c8-ba37-8f5d9fbd2135,1,3.2
f5ba7581-b2ac-4b3a-830e-64ab112f975a,Solicitar Adelanto,f615b16b-8fd1-43c9-97c0-a65e08960291,1,2.58
439df689-d1cf-41c3-883c-1b7713fe68e5,Validar Elegibilidad,e1c69265-87e8-417b-b13a-2ae72c53d4e3,4,8.65
439df689-d1cf-41c3-883c-1b7713fe68e5,Instalar Licencia,87f8e8d1-83e9-4ddb-9be0-fc955228db6d,14,13.87
439df689-d1cf-41c3-883c-1b7713fe68e5,Autoevaluación,bebe41a9-85fc-43f3-a125-5c7f72b0898d,1,2.29
7c8d9e0f-1a2b-3c4d-5e6f-7a8b9c0d1e2f,Setup Tecnológico,0eea38fa-f85e-4c73-b47b-0a1985db1227,5,7.59
bd9966b2-5fa2-4a4b-b924-59e817a5e756,Habilitar Permisos,4cd6a83f-a8b6-4b56-854d-5d3693ec4ab4,12,14.78
3c4d5e6f-7a8b-9c0d-1e2f-3a4b5c6d7e8f,Aprobación del manager,db614129-bb28-4b41-8a46-bea1444c388c,4,8.45
000a3793-827e-4616-84f9-0a23863e0a35,Reunión Bienvenida,c017087e-fcbc-4f47-ae54-78008d243fbf,7,9.43
000a3793-827e-4616-84f9-0a23863e0a35,Feedback de Manager,2b549288-04a4-4705-bcd0-0332b683df27,11,12.67
8c9d0e1f-2a3b-4c5d-6e7f-8a9b0c1d2e3f,Validar Comercial,e04f861d-b880-4d7f-bf03-59ce8e435929,2,10.36
3c4d5e6f-7a8b-9c0d-1e2f-3a4b5c6d7e8f,Revisión de Seguridad,f65f0bd7-27f5-4b8c-9641-94729f51744a,2,4.36
439df689-d1cf-41c3-883c-1b7713fe68e5,Revisión Gerencial,8490fcc8-7f53-4704-ac48-99b48356b21c,15,17.12
9c0d1e2f-3a4b-5c6d-7e8f-9a0b1c2d3e4f,Aprobación Presupuesto,0eea38fa-f85e-4c73-b47b-0a1985db1227,8,10.75
4c5d6e7f-8a9b-0c1d-2e3f-4a5b6c7d8e9f,Aprobación de Pago,2b549288-04a4-4705-bcd0-0332b683df27,7,10.46
a7b21cc3-d8cf-48af-8bb0-22cba4567e9b,Preparar Firma,eccb7c0d-52a7-4143-baad-ebee05361b50,10,10.64
bd9966b2-5fa2-4a4b-b924-59e817a5e756,Solicitar Adelanto,2b549288-04a4-4705-bcd0-0332b683df27,13,15.22
bd9966b2-5fa2-4a4b-b924-59e817a5e756,Dispersión de Fondos,7949fc3c-9284-40a0-8161-7b39cf9f9b2d,14,15.51
5c6d7e8f-9a0b-1c2d-3e4f-5a6b7c8d9e0f,Subir Borrador,db614129-bb28-4b41-8a46-bea1444c388c,13,19.86
4c5d6e7f-8a9b-0c1d-2e3f-4a5b6c7d8e9f,Revisión Contable,7949fc3c-9284-40a0-8161-7b39cf9f9b2d,6,6.11
4c5d6e7f-8a9b-0c1d-2e3f-4a5b6c7d8e9f,Entrega del Equipo,0eea38fa-f85e-4c73-b47b-0a1985db1227,4,7.45
5c6d7e8f-9a0b-1c2d-3e4f-5a6b7c8d9e0f,Especificar Licencia,db614129-bb28-4b41-8a46-bea1444c388c,0,9.38
7c8d9e0f-1a2b-3c4d-5e6f-7a8b9c0d1e2f,Habilitar Permisos,7949fc3c-9284-40a0-8161-7b39cf9f9b2d,11,14.3
5c6d7e8f-9a0b-1c2d-3e4f-5a6b7c8d9e0f,Validar Comercial,4cd6a83f-a8b6-4b56-854d-5d3693ec4ab4,6,13.68
8c9d0e1f-2a3b-4c5d-6e7f-8a9b0c1d2e3f,Instalar Licencia,e121cbea-1209-4fe7-ad22-6cf09caf5b95,4,7.83
bd9966b2-5fa2-4a4b-b924-59e817a5e756,Revisión Gerencial,4cd6a83f-a8b6-4b56-854d-5d3693ec4ab4,15,17.14
2c3d4e5f-6a7b-8c9d-0e1f-2a3b4c5d6e7f,Verificar Factura,a9eff785-5679-4a1b-91ef-6ca8712ddd18,4,7.05
6720c739-1916-432b-b392-e698dcfd8112,Validar Comercial,d822aaf2-81c6-4054-b63b-a2bec2d53509,8,11.41
7c8d9e0f-1a2b-3c4d-5e6f-7a8b9c0d1e2f,Solicitar Adelanto,e121cbea-1209-4fe7-ad22-6cf09caf5b95,13,13.73
4c5d6e7f-8a9b-0c1d-2e3f-4a5b6c7d8e9f,Firma Director,4cd6a83f-a8b6-4b56-854d-5d3693ec4ab4,13,12.42
6720c739-1916-432b-b392-e698dcfd8112,Aprobar Presupuesto,d822aaf2-81c6-4054-b63b-a2bec2d53509,8,11.14
3c4d5e6f-7a8b-9c0d-1e2f-3a4b5c6d7e8f,Subir Borrador,2e310583-c106-4f2c-a6c3-c4b12ec30658,9,11.13
439df689-d1cf-41c3-883c-1b7713fe68e5,Subir Borrador,bebe41a9-85fc-43f3-a125-5c7f72b0898d,14,14.78
a7b21cc3-d8cf-48af-8bb0-22cba4567e9b,Revisión Gerencial,14791e8e-28e4-4f61-9593-d7a2653d97a3,2,5.29
993a46fb-a0b2-4d2c-88eb-11ab1c3d4e8c,Inicio de la solicitud,14791e8e-28e4-4f61-9593-d7a2653d97a3,15,17.65
111e9d86-cbd2-45ff-a809-4072bbe6a4d0,Setup Tecnológico,d822aaf2-81c6-4054-b63b-a2bec2d53509,0,4.49
bd9966b2-5fa2-4a4b-b924-59e817a5e756,Enviar solicitud de vacaciones,2084f511-720a-4096-80cd-5bc9b91cf5b6,6,6.44
6c7d8e9f-0a1b-2c3d-4e5f-6a7b8c9d0e1f,Autoevaluación,e121cbea-1209-4fe7-ad22-6cf09caf5b95,1,3.61
6c7d8e9f-0a1b-2c3d-4e5f-6a7b8c9d0e1f,Aprobación del manager,8490fcc8-7f53-4704-ac48-99b48356b21c,11,13.83
2c3d4e5f-6a7b-8c9d-0e1f-2a3b4c5d6e7f,Dispersión de Fondos,2e310583-c106-4f2c-a6c3-c4b12ec30658,15,16.45
000a3793-827e-4616-84f9-0a23863e0a35,Verificar Factura,e121cbea-1209-4fe7-ad22-6cf09caf5b95,15,17.45
8c9d0e1f-2a3b-4c5d-6e7f-8a9b0c1d2e3f,Autoevaluación,db614129-bb28-4b41-8a46-bea1444c388c,14,16.44
993a46fb-a0b2-4d2c-88eb-11ab1c3d4e8c,Aprobar Presupuesto,f615b16b-8fd1-43c9-97c0-a65e08960291,4,11.84
a7b21cc3-d8cf-48af-8bb0-22cba4567e9b,Revisión Contable,e1c69265-87e8-417b-b13a-2ae72c53d4e3,1,6.42
000a3793-827e-4616-84f9-0a23863e0a35,Feedback de Manager,e04f861d-b880-4d7f-bf03-59ce8e435929,9,9.96
9c0d1e2f-3a4b-5c6d-7e8f-9a0b1c2d3e4f,Aprobar Presupuesto,7949fc3c-9284-40a0-8161-7b39cf9f9b2d,2,3.0
8c9d0e1f-2a3b-4c5d-6e7f-8a9b0c1d2e3f,Procesar Transferencia,d822aaf2-81c6-4054-b63b-a2bec2d53509,3,11.69
2c3d4e5f-6a7b-8c9d-0e1f-2a3b4c5d6e7f,Validación de RRHH,f65f0bd7-27f5-4b8c-9641-94729f51744a,11,13.41
4c5d6e7f-8a9b-0c1d-2e3f-4a5b6c7d8e9f,Aprobación Costos,0eea38fa-f85e-4c73-b47b-0a1985db1227,3,7.69
8c9d0e1f-2a3b-4c5d-6e7f-8a9b0c1d2e3f,Preparar Firma,d9b58f63-b601-433e-9861-2bf2ad90eeb6,3,11.55
6720c739-1916-432b-b392-e698dcfd8112,Procesar Transferencia,db614129-bb28-4b41-8a46-bea1444c388c,2,5.36
439df689-d1cf-41c3-883c-1b7713fe68e5,Enviar solicitud de vacaciones,f615b16b-8fd1-43c9-97c0-a65e08960291,15,16.19
8c9d0e1f-2a3b-4c5d-6e7f-8a9b0c1d2e3f,Iniciar Baja,f615b16b-8fd1-43c9-97c0-a65e08960291,5,11.74
6c7d8e9f-0a1b-2c3d-4e5f-6a7b8c9d0e1f,Especificar Servidores,e04f861d-b880-4d7f-bf03-59ce8e435929,6,6.91
2c3d4e5f-6a7b-8c9d-0e1f-2a3b4c5d6e7f,Preparar Firma,8490fcc8-7f53-4704-ac48-99b48356b21c,9,9.54
0e1f2a3b-4c5d-6e7f-8a9b-0c1d2e3f4a5b,Consolidación de RRHH,db614129-bb28-4b41-8a46-bea1444c388c,14,14.26
439df689-d1cf-41c3-883c-1b7713fe68e5,Habilitar Permisos,f65f0bd7-27f5-4b8c-9641-94729f51744a,0,3.69
993a46fb-a0b2-4d2c-88eb-11ab1c3d4e8c,Instalar Licencia,3f72a8b2-777b-43c8-ba37-8f5d9fbd2135,7,11.25
2c3d4e5f-6a7b-8c9d-0e1f-2a3b4c5d6e7f,Revisión de Seguridad,14791e8e-28e4-4f61-9593-d7a2653d97a3,8,8.82
bd9966b2-5fa2-4a4b-b924-59e817a5e756,Validar Elegibilidad,14791e8e-28e4-4f61-9593-d7a2653d97a3,0,3.06
993a46fb-a0b2-4d2c-88eb-11ab1c3d4e8c,Validación de RRHH,d9b58f63-b601-433e-9861-2bf2ad90eeb6,3,7.28
bd9966b2-5fa2-4a4b-b924-59e817a5e756,Firma Director,c017087e-fcbc-4f47-ae54-78008d243fbf,2,4.56
4c5d6e7f-8a9b-0c1d-2e3f-4a5b6c7d8e9f,Evaluación Técnica,bebe41a9-85fc-43f3-a125-5c7f72b0898d,8,11.5
993a46fb-a0b2-4d2c-88eb-11ab1c3d4e8c,Especificar Servidores,c017087e-fcbc-4f47-ae54-78008d243fbf,10,15.96
000a3793-827e-4616-84f9-0a23863e0a35,Registrar Recibos,14791e8e-28e4-4f61-9593-d7a2653d97a3,6,9.96
000a3793-827e-4616-84f9-0a23863e0a35,Presentar Requerimiento,a9eff785-5679-4a1b-91ef-6ca8712ddd18,7,10.05
2c3d4e5f-6a7b-8c9d-0e1f-2a3b4c5d6e7f,Especificar Licencia,c017087e-fcbc-4f47-ae54-78008d243fbf,11,11.65
439df689-d1cf-41c3-883c-1b7713fe68e5,Enviar solicitud de vacaciones,d822aaf2-81c6-4054-b63b-a2bec2d53509,9,12.72
2c3d4e5f-6a7b-8c9d-0e1f-2a3b4c5d6e7f,Aprobación Presupuesto,db614129-bb28-4b41-8a46-bea1444c388c,5,7.94
111e9d86-cbd2-45ff-a809-4072bbe6a4d0,Reunión Bienvenida,e04f861d-b880-4d7f-bf03-59ce8e435929,14,15.02
4c5d6e7f-8a9b-0c1d-2e3f-4a5b6c7d8e9f,Solicitar Adelanto,7949fc3c-9284-40a0-8161-7b39cf9f9b2d,3,5.15
31ece703-f961-4e8e-a5c5-cd5c5b47e3db,Revisión Contable,2084f511-720a-4096-80cd-5bc9b91cf5b6,3,5.82
3c4d5e6f-7a8b-9c0d-1e2f-3a4b5c6d7e8f,Autorización Gerencia,d9b58f63-b601-433e-9861-2bf2ad90eeb6,8,9.05
6c7d8e9f-0a1b-2c3d-4e5f-6a7b8c9d0e1f,Revisión Contable,2e310583-c106-4f2c-a6c3-c4b12ec30658,12,14.14
0e1f2a3b-4c5d-6e7f-8a9b-0c1d2e3f4a5b,Aprobación del manager,eccb7c0d-52a7-4143-baad-ebee05361b50,5,6.55
0e1f2a3b-4c5d-6e7f-8a9b-0c1d2e3f4a5b,Revisión Contable,7949fc3c-9284-40a0-8161-7b39cf9f9b2d,4,5.64
a7b21cc3-d8cf-48af-8bb0-22cba4567e9b,Verificar Factura,0eea38fa-f85e-4c73-b47b-0a1985db1227,0,1.98
0e1f2a3b-4c5d-6e7f-8a9b-0c1d2e3f4a5b,Cerrar Accesos,e04f861d-b880-4d7f-bf03-59ce8e435929,7,7.75
0e1f2a3b-4c5d-6e7f-8a9b-0c1d2e3f4a5b,Subir Borrador,f65f0bd7-27f5-4b8c-9641-94729f51744a,13,10.85
31ece703-f961-4e8e-a5c5-cd5c5b47e3db,Validación de RRHH,14791e8e-28e4-4f61-9593-d7a2653d97a3,15,15.38
6720c739-1916-432b-b392-e698dcfd8112,Detallar Curso,0eea38fa-f85e-4c73-b47b-0a1985db1227,13,14.93
6720c739-1916-432b-b392-e698dcfd8112,Instalar Licencia,7949fc3c-9284-40a0-8161-7b39cf9f9b2d,10,10.82
f5ba7581-b2ac-4b3a-830e-64ab112f975a,Cerrar Accesos,8490fcc8-7f53-4704-ac48-99b48356b21c,15,17.57
439df689-d1cf-41c3-883c-1b7713fe68e5,Revisión Contable,d822aaf2-81c6-4054-b63b-a2bec2d53509,13,13.12
9c0d1e2f-3a4b-5c6d-7e8f-9a0b1c2d3e4f,Autorización Gerencia,3f72a8b2-777b-43c8-ba37-8f5d9fbd2135,4,7.55
3c4d5e6f-7a8b-9c0d-1e2f-3a4b5c6d7e8f,Reunión Bienvenida,2b549288-04a4-4705-bcd0-0332b683df27,0,3.41
5c6d7e8f-9a0b-1c2d-3e4f-5a6b7c8d9e0f,Dispersión de Fondos,f615b16b-8fd1-43c9-97c0-a65e08960291,4,11.38
0e1f2a3b-4c5d-6e7f-8a9b-0c1d2e3f4a5b,Inicio del Proceso,2b549288-04a4-4705-bcd0-0332b683df27,10,9.93
0e1f2a3b-4c5d-6e7f-8a9b-0c1d2e3f4a5b,Validación de RRHH,0eea38fa-f85e-4c73-b47b-0a1985db1227,8,6.32
5c6d7e8f-9a0b-1c2d-3e4f-5a6b7c8d9e0f,Reunión Bienvenida,4cd6a83f-a8b6-4b56-854d-5d3693ec4ab4,3,6.12
4c5d6e7f-8a9b-0c1d-2e3f-4a5b6c7d8e9f,Preparar Firma,d9b58f63-b601-433e-9861-2bf2ad90eeb6,5,8.35
2c3d4e5f-6a7b-8c9d-0e1f-2a3b4c5d6e7f,Autoevaluación,8490fcc8-7f53-4704-ac48-99b48356b21c,12,11.48
0e1f2a3b-4c5d-6e7f-8a9b-0c1d2e3f4a5b,Especificar Licencia,87f8e8d1-83e9-4ddb-9be0-fc955228db6d,14,13.45
2c3d4e5f-6a7b-8c9d-0e1f-2a3b4c5d6e7f,Cerrar Accesos,2e310583-c106-4f2c-a6c3-c4b12ec30658,10,11.35
5c6d7e8f-9a0b-1c2d-3e4f-5a6b7c8d9e0f,Setup Tecnológico,e1c69265-87e8-417b-b13a-2ae72c53d4e3,3,10.75
5c6d7e8f-9a0b-1c2d-3e4f-5a6b7c8d9e0f,Feedback de Manager,f65f0bd7-27f5-4b8c-9641-94729f51744a,12,16.09
993a46fb-a0b2-4d2c-88eb-11ab1c3d4e8c,Pago de Liquidación,db614129-bb28-4b41-8a46-bea1444c388c,6,13.33
8c9d0e1f-2a3b-4c5d-6e7f-8a9b0c1d2e3f,Especificar Licencia,f615b16b-8fd1-43c9-97c0-a65e08960291,15,16.44
111e9d86-cbd2-45ff-a809-4072bbe6a4d0,Habilitar Permisos,0eea38fa-f85e-4c73-b47b-0a1985db1227,1,4.33
bd9966b2-5fa2-4a4b-b924-59e817a5e756,Verificar Stock,d822aaf2-81c6-4054-b63b-a2bec2d53509,3,7.44
993a46fb-a0b2-4d2c-88eb-11ab1c3d4e8c,Entrega del Equipo,3f72a8b2-777b-43c8-ba37-8f5d9fbd2135,10,11.45
439df689-d1cf-41c3-883c-1b7713fe68e5,Validar Capacitación,e04f861d-b880-4d7f-bf03-59ce8e435929,10,10.03
a7b21cc3-d8cf-48af-8bb0-22cba4567e9b,Verificar Factura,3f72a8b2-777b-43c8-ba37-8f5d9fbd2135,12,15.78
6720c739-1916-432b-b392-e698dcfd8112,Dispersión de Fondos,e04f861d-b880-4d7f-bf03-59ce8e435929,8,12.04
000a3793-827e-4616-84f9-0a23863e0a35,Inicio del Proceso,e121cbea-1209-4fe7-ad22-6cf09caf5b95,1,3.3
9c0d1e2f-3a4b-5c6d-7e8f-9a0b1c2d3e4f,Autoevaluación,e1c69265-87e8-417b-b13a-2ae72c53d4e3,5,9.3
9c0d1e2f-3a4b-5c6d-7e8f-9a0b1c2d3e4f,Subir Borrador,8490fcc8-7f53-4704-ac48-99b48356b21c,12,11.18
a7b21cc3-d8cf-48af-8bb0-22cba4567e9b,Consolidar Gastos,a9eff785-5679-4a1b-91ef-6ca8712ddd18,12,14.7
5c6d7e8f-9a0b-1c2d-3e4f-5a6b7c8d9e0f,Detallar Curso,8490fcc8-7f53-4704-ac48-99b48356b21c,10,13.71
3c4d5e6f-7a8b-9c0d-1e2f-3a4b5c6d7e8f,Consolidación de RRHH,3f72a8b2-777b-43c8-ba37-8f5d9fbd2135,12,13.94
000a3793-827e-4616-84f9-0a23863e0a35,Verificar Stock,bebe41a9-85fc-43f3-a125-5c7f72b0898d,10,12.24
439df689-d1cf-41c3-883c-1b7713fe68e5,Consolidar Gastos,e1c69265-87e8-417b-b13a-2ae72c53d4e3,10,13.72
4c5d6e7f-8a9b-0c1d-2e3f-4a5b6c7d8e9f,Subir Borrador,c017087e-fcbc-4f47-ae54-78008d243fbf,10,9.33
0e1f2a3b-4c5d-6e7f-8a9b-0c1d2e3f4a5b,Validación de RRHH,a9eff785-5679-4a1b-91ef-6ca8712ddd18,6,6.24
bd9966b2-5fa2-4a4b-b924-59e817a5e756,Inicio del Proceso,e121cbea-1209-4fe7-ad22-6cf09caf5b95,12,13.21
31ece703-f961-4e8e-a5c5-cd5c5b47e3db,Cerrar Accesos,eccb7c0d-52a7-4143-baad-ebee05361b50,0,4.7
4c5d6e7f-8a9b-0c1d-2e3f-4a5b6c7d8e9f,Registrar Recibos,87f8e8d1-83e9-4ddb-9be0-fc955228db6d,11,12.05
f5ba7581-b2ac-4b3a-830e-64ab112f975a,Feedback de Manager,bebe41a9-85fc-43f3-a125-5c7f72b0898d,14,14.98
5c6d7e8f-9a0b-1c2d-3e4f-5a6b7c8d9e0f,Entrega del Equipo,4cd6a83f-a8b6-4b56-854d-5d3693ec4ab4,11,14.85
000a3793-827e-4616-84f9-0a23863e0a35,Consolidación de RRHH,87f8e8d1-83e9-4ddb-9be0-fc955228db6d,10,12.04
8c9d0e1f-2a3b-4c5d-6e7f-8a9b0c1d2e3f,Feedback de Manager,eccb7c0d-52a7-4143-baad-ebee05361b50,11,14.98
bd9966b2-5fa2-4a4b-b924-59e817a5e756,Revisión Gerencial,e04f861d-b880-4d7f-bf03-59ce8e435929,0,3.23
5c6d7e8f-9a0b-1c2d-3e4f-5a6b7c8d9e0f,Feedback de Manager,87f8e8d1-83e9-4ddb-9be0-fc955228db6d,3,9.15
6720c739-1916-432b-b392-e698dcfd8112,Autorización Gerencia,eccb7c0d-52a7-4143-baad-ebee05361b50,0,3.8
0e1f2a3b-4c5d-6e7f-8a9b-0c1d2e3f4a5b,Validar Capacitación,e1c69265-87e8-417b-b13a-2ae72c53d4e3,2,3.35
6720c739-1916-432b-b392-e698dcfd8112,Firma Director,8490fcc8-7f53-4704-ac48-99b48356b21c,2,5.9
bd9966b2-5fa2-4a4b-b924-59e817a5e756,Instalar Licencia,e1c69265-87e8-417b-b13a-2ae72c53d4e3,0,4.47
2c3d4e5f-6a7b-8c9d-0e1f-2a3b4c5d6e7f,Revisión Gerencial,4cd6a83f-a8b6-4b56-854d-5d3693ec4ab4,12,12.93
111e9d86-cbd2-45ff-a809-4072bbe6a4d0,Validación de RRHH,2084f511-720a-4096-80cd-5bc9b91cf5b6,12,12.5
6720c739-1916-432b-b392-e698dcfd8112,Aprobar Presupuesto,eccb7c0d-52a7-4143-baad-ebee05361b50,4,8.32
4c5d6e7f-8a9b-0c1d-2e3f-4a5b6c7d8e9f,Firma Director,0eea38fa-f85e-4c73-b47b-0a1985db1227,3,8.94
8c9d0e1f-2a3b-4c5d-6e7f-8a9b0c1d2e3f,Pago de Liquidación,f615b16b-8fd1-43c9-97c0-a65e08960291,5,11.26
000a3793-827e-4616-84f9-0a23863e0a35,Aprobación Presupuesto,3f72a8b2-777b-43c8-ba37-8f5d9fbd2135,0,3.44
4c5d6e7f-8a9b-0c1d-2e3f-4a5b6c7d8e9f,Reunión Bienvenida,db614129-bb28-4b41-8a46-bea1444c388c,0,4.43
111e9d86-cbd2-45ff-a809-4072bbe6a4d0,Habilitar Permisos,bebe41a9-85fc-43f3-a125-5c7f72b0898d,9,11.49
111e9d86-cbd2-45ff-a809-4072bbe6a4d0,Verificar Factura,a9eff785-5679-4a1b-91ef-6ca8712ddd18,6,8.68
8c9d0e1f-2a3b-4c5d-6e7f-8a9b0c1d2e3f,Enviar solicitud de vacaciones,3f72a8b2-777b-43c8-ba37-8f5d9fbd2135,9,11.2
7c8d9e0f-1a2b-3c4d-5e6f-7a8b9c0d1e2f,Reunión Bienvenida,f65f0bd7-27f5-4b8c-9641-94729f51744a,10,10.76
2c3d4e5f-6a7b-8c9d-0e1f-2a3b4c5d6e7f,Validar Capacitación,e04f861d-b880-4d7f-bf03-59ce8e435929,14,13.3
3c4d5e6f-7a8b-9c0d-1e2f-3a4b5c6d7e8f,Setup Tecnológico,14791e8e-28e4-4f61-9593-d7a2653d97a3,12,12.31
8c9d0e1f-2a3b-4c5d-6e7f-8a9b0c1d2e3f,Cerrar Accesos,2b549288-04a4-4705-bcd0-0332b683df27,12,16.2
7c8d9e0f-1a2b-3c4d-5e6f-7a8b9c0d1e2f,Consolidación de RRHH,2b549288-04a4-4705-bcd0-0332b683df27,0,2.7
439df689-d1cf-41c3-883c-1b7713fe68e5,Inicio del Proceso,d822aaf2-81c6-4054-b63b-a2bec2d53509,11,14.21
2c3d4e5f-6a7b-8c9d-0e1f-2a3b4c5d6e7f,Inicio del Proceso,bebe41a9-85fc-43f3-a125-5c7f72b0898d,0,3.59
6720c739-1916-432b-b392-e698dcfd8112,Revisión de Seguridad,f65f0bd7-27f5-4b8c-9641-94729f51744a,8,9.27
111e9d86-cbd2-45ff-a809-4072bbe6a4d0,Cerrar Accesos,87f8e8d1-83e9-4ddb-9be0-fc955228db6d,12,13.74
bd9966b2-5fa2-4a4b-b924-59e817a5e756,Presentar Requerimiento,f65f0bd7-27f5-4b8c-9641-94729f51744a,4,9.43
a7b21cc3-d8cf-48af-8bb0-22cba4567e9b,Dispersión de Fondos,0eea38fa-f85e-4c73-b47b-0a1985db1227,11,11.52
993a46fb-a0b2-4d2c-88eb-11ab1c3d4e8c,Consolidación de RRHH,f615b16b-8fd1-43c9-97c0-a65e08960291,10,14.88
993a46fb-a0b2-4d2c-88eb-11ab1c3d4e8c,Aprobación de Pago,eccb7c0d-52a7-4143-baad-ebee05361b50,11,14.93
0e1f2a3b-4c5d-6e7f-8a9b-0c1d2e3f4a5b,Preparar Firma,a9eff785-5679-4a1b-91ef-6ca8712ddd18,0,3.36
439df689-d1cf-41c3-883c-1b7713fe68e5,Revisión de Seguridad,c017087e-fcbc-4f47-ae54-78008d243fbf,4,4.31
8c9d0e1f-2a3b-4c5d-6e7f-8a9b0c1d2e3f,Revisión Contable,e04f861d-b880-4d7f-bf03-59ce8e435929,12,16.98
6720c739-1916-432b-b392-e698dcfd8112,Validar Elegibilidad,d9b58f63-b601-433e-9861-2bf2ad90eeb6,2,7.56
2c3d4e5f-6a7b-8c9d-0e1f-2a3b4c5d6e7f,Detallar Curso,87f8e8d1-83e9-4ddb-9be0-fc955228db6d,3,5.94
993a46fb-a0b2-4d2c-88eb-11ab1c3d4e8c,Revisión Gerencial,d822aaf2-81c6-4054-b63b-a2bec2d53509,11,13.9
0e1f2a3b-4c5d-6e7f-8a9b-0c1d2e3f4a5b,Iniciar Baja,2e310583-c106-4f2c-a6c3-c4b12ec30658,10,9.16
f5ba7581-b2ac-4b3a-830e-64ab112f975a,Validar Capacitación,d822aaf2-81c6-4054-b63b-a2bec2d53509,11,11.71
bd9966b2-5fa2-4a4b-b924-59e817a5e756,Autoevaluación,8490fcc8-7f53-4704-ac48-99b48356b21c,6,10.88
7c8d9e0f-1a2b-3c4d-5e6f-7a8b9c0d1e2f,Registrar Recibos,e121cbea-1209-4fe7-ad22-6cf09caf5b95,12,13.12
993a46fb-a0b2-4d2c-88eb-11ab1c3d4e8c,Enviar solicitud de vacaciones,f615b16b-8fd1-43c9-97c0-a65e08960291,2,10.39
000a3793-827e-4616-84f9-0a23863e0a35,Solicitar Adelanto,bebe41a9-85fc-43f3-a125-5c7f72b0898d,9,10.79
3c4d5e6f-7a8b-9c0d-1e2f-3a4b5c6d7e8f,Validar Elegibilidad,eccb7c0d-52a7-4143-baad-ebee05361b50,15,15.87
993a46fb-a0b2-4d2c-88eb-11ab1c3d4e8c,Solicitar Adelanto,f615b16b-8fd1-43c9-97c0-a65e08960291,9,16.96
993a46fb-a0b2-4d2c-88eb-11ab1c3d4e8c,Inicio de la solicitud,2084f511-720a-4096-80cd-5bc9b91cf5b6,2,10.53
2c3d4e5f-6a7b-8c9d-0e1f-2a3b4c5d6e7f,Reunión Bienvenida,0eea38fa-f85e-4c73-b47b-0a1985db1227,13,15.51
2c3d4e5f-6a7b-8c9d-0e1f-2a3b4c5d6e7f,Especificar Servidores,f65f0bd7-27f5-4b8c-9641-94729f51744a,14,13.69
2c3d4e5f-6a7b-8c9d-0e1f-2a3b4c5d6e7f,Registrar Recibos,7949fc3c-9284-40a0-8161-7b39cf9f9b2d,1,4.68
6720c739-1916-432b-b392-e698dcfd8112,Autoevaluación,0eea38fa-f85e-4c73-b47b-0a1985db1227,2,3.71
3c4d5e6f-7a8b-9c0d-1e2f-3a4b5c6d7e8f,Consolidación de RRHH,c017087e-fcbc-4f47-ae54-78008d243fbf,13,13.04
993a46fb-a0b2-4d2c-88eb-11ab1c3d4e8c,Especificar Servidores,3f72a8b2-777b-43c8-ba37-8f5d9fbd2135,12,17.13
9c0d1e2f-3a4b-5c6d-7e8f-9a0b1c2d3e4f,Aprobación de Pago,3f72a8b2-777b-43c8-ba37-8f5d9fbd2135,7,9.19
9c0d1e2f-3a4b-5c6d-7e8f-9a0b1c2d3e4f,Revisión Gerencial,e1c69265-87e8-417b-b13a-2ae72c53d4e3,4,6.69
9c0d1e2f-3a4b-5c6d-7e8f-9a0b1c2d3e4f,Verificar Stock,0eea38fa-f85e-4c73-b47b-0a1985db1227,13,14.1
993a46fb-a0b2-4d2c-88eb-11ab1c3d4e8c,Revisión de Seguridad,7949fc3c-9284-40a0-8161-7b39cf9f9b2d,9,12.27
3c4d5e6f-7a8b-9c0d-1e2f-3a4b5c6d7e8f,Entrega del Equipo,eccb7c0d-52a7-4143-baad-ebee05361b50,14,14.92
993a46fb-a0b2-4d2c-88eb-11ab1c3d4e8c,Verificar Stock,8490fcc8-7f53-4704-ac48-99b48356b21c,11,18.75
993a46fb-a0b2-4d2c-88eb-11ab1c3d4e8c,Pago de Liquidación,f615b16b-8fd1-43c9-97c0-a65e08960291,3,9.47
8c9d0e1f-2a3b-4c5d-6e7f-8a9b0c1d2e3f,Preparar Firma,e121cbea-1209-4fe7-ad22-6cf09caf5b95,5,12.72
4c5d6e7f-8a9b-0c1d-2e3f-4a5b6c7d8e9f,Pago de Liquidación,db614129-bb28-4b41-8a46-bea1444c388c,6,8.69
2c3d4e5f-6a7b-8c9d-0e1f-2a3b4c5d6e7f,Aprobación de Pago,eccb7c0d-52a7-4143-baad-ebee05361b50,0,4.25
4c5d6e7f-8a9b-0c1d-2e3f-4a5b6c7d8e9f,Subir Borrador,db614129-bb28-4b41-8a46-bea1444c388c,8,10.67
5c6d7e8f-9a0b-1c2d-3e4f-5a6b7c8d9e0f,Revisión de Seguridad,d822aaf2-81c6-4054-b63b-a2bec2d53509,13,13.65
7c8d9e0f-1a2b-3c4d-5e6f-7a8b9c0d1e2f,Revisión Gerencial,4cd6a83f-a8b6-4b56-854d-5d3693ec4ab4,8,8.64
6720c739-1916-432b-b392-e698dcfd8112,Autorización Gerencia,d9b58f63-b601-433e-9861-2bf2ad90eeb6,12,12.17
2c3d4e5f-6a7b-8c9d-0e1f-2a3b4c5d6e7f,Cerrar Accesos,2e310583-c106-4f2c-a6c3-c4b12ec30658,0,2.16
000a3793-827e-4616-84f9-0a23863e0a35,Evaluación Técnica,e1c69265-87e8-417b-b13a-2ae72c53d4e3,3,7.42
0e1f2a3b-4c5d-6e7f-8a9b-0c1d2e3f4a5b,Iniciar Baja,4cd6a83f-a8b6-4b56-854d-5d3693ec4ab4,7,7.54
8c9d0e1f-2a3b-4c5d-6e7f-8a9b0c1d2e3f,Registrar Recibos,d9b58f63-b601-433e-9861-2bf2ad90eeb6,9,16.07
439df689-d1cf-41c3-883c-1b7713fe68e5,Aprobación Costos,c017087e-fcbc-4f47-ae54-78008d243fbf,13,13.25
bd9966b2-5fa2-4a4b-b924-59e817a5e756,Revisión Contable,e04f861d-b880-4d7f-bf03-59ce8e435929,3,7.4
993a46fb-a0b2-4d2c-88eb-11ab1c3d4e8c,Instalar Licencia,db614129-bb28-4b41-8a46-bea1444c388c,9,12.94
111e9d86-cbd2-45ff-a809-4072bbe6a4d0,Detallar Curso,a9eff785-5679-4a1b-91ef-6ca8712ddd18,10,12.38
993a46fb-a0b2-4d2c-88eb-11ab1c3d4e8c,Evaluación Técnica,d9b58f63-b601-433e-9861-2bf2ad90eeb6,3,10.69
6720c739-1916-432b-b392-e698dcfd8112,Revisión de Seguridad,7949fc3c-9284-40a0-8161-7b39cf9f9b2d,7,9.04
2c3d4e5f-6a7b-8c9d-0e1f-2a3b4c5d6e7f,Aprobación Costos,e04f861d-b880-4d7f-bf03-59ce8e435929,0,5.97
bd9966b2-5fa2-4a4b-b924-59e817a5e756,Pago de Liquidación,f65f0bd7-27f5-4b8c-9641-94729f51744a,10,9.57
31ece703-f961-4e8e-a5c5-cd5c5b47e3db,Revisión de Seguridad,e1c69265-87e8-417b-b13a-2ae72c53d4e3,6,9.71
6720c739-1916-432b-b392-e698dcfd8112,Especificar Servidores,d822aaf2-81c6-4054-b63b-a2bec2d53509,10,11.13
4c5d6e7f-8a9b-0c1d-2e3f-4a5b6c7d8e9f,Verificar Factura,f615b16b-8fd1-43c9-97c0-a65e08960291,5,7.93
bd9966b2-5fa2-4a4b-b924-59e817a5e756,Especificar Servidores,3f72a8b2-777b-43c8-ba37-8f5d9fbd2135,8,9.77
6c7d8e9f-0a1b-2c3d-4e5f-6a7b8c9d0e1f,Dispersión de Fondos,2b549288-04a4-4705-bcd0-0332b683df27,5,9.0
439df689-d1cf-41c3-883c-1b7713fe68e5,Dispersión de Fondos,a9eff785-5679-4a1b-91ef-6ca8712ddd18,12,11.8
a7b21cc3-d8cf-48af-8bb0-22cba4567e9b,Revisión Gerencial,3f72a8b2-777b-43c8-ba37-8f5d9fbd2135,5,8.01
9c0d1e2f-3a4b-5c6d-7e8f-9a0b1c2d3e4f,Dispersión de Fondos,f65f0bd7-27f5-4b8c-9641-94729f51744a,5,7.75
bd9966b2-5fa2-4a4b-b924-59e817a5e756,Revisión Contable,a9eff785-5679-4a1b-91ef-6ca8712ddd18,14,16.13
3c4d5e6f-7a8b-9c0d-1e2f-3a4b5c6d7e8f,Detallar Curso,87f8e8d1-83e9-4ddb-9be0-fc955228db6d,2,7.45
f5ba7581-b2ac-4b3a-830e-64ab112f975a,Especificar Servidores,e04f861d-b880-4d7f-bf03-59ce8e435929,1,7.22
439df689-d1cf-41c3-883c-1b7713fe68e5,Revisión Contable,d822aaf2-81c6-4054-b63b-a2bec2d53509,1,5.08
000a3793-827e-4616-84f9-0a23863e0a35,Consolidar Gastos,e1c69265-87e8-417b-b13a-2ae72c53d4e3,3,7.06
3c4d5e6f-7a8b-9c0d-1e2f-3a4b5c6d7e8f,Revisión Gerencial,db614129-bb28-4b41-8a46-bea1444c388c,11,10.44
31ece703-f961-4e8e-a5c5-cd5c5b47e3db,Pago de Liquidación,a9eff785-5679-4a1b-91ef-6ca8712ddd18,11,14.62
000a3793-827e-4616-84f9-0a23863e0a35,Verificar Factura,c017087e-fcbc-4f47-ae54-78008d243fbf,14,13.65
6c7d8e9f-0a1b-2c3d-4e5f-6a7b8c9d0e1f,Validar Capacitación,e04f861d-b880-4d7f-bf03-59ce8e435929,10,10.68
f5ba7581-b2ac-4b3a-830e-64ab112f975a,Detallar Curso,bebe41a9-85fc-43f3-a125-5c7f72b0898d,3,8.06
bd9966b2-5fa2-4a4b-b924-59e817a5e756,Iniciar Baja,c017087e-fcbc-4f47-ae54-78008d243fbf,12,12.92
5c6d7e8f-9a0b-1c2d-3e4f-5a6b7c8d9e0f,Autorización Gerencia,87f8e8d1-83e9-4ddb-9be0-fc955228db6d,7,15.15
993a46fb-a0b2-4d2c-88eb-11ab1c3d4e8c,Revisión Contable,4cd6a83f-a8b6-4b56-854d-5d3693ec4ab4,11,17.73
9c0d1e2f-3a4b-5c6d-7e8f-9a0b1c2d3e4f,Feedback de Manager,2084f511-720a-4096-80cd-5bc9b91cf5b6,10,11.05
8c9d0e1f-2a3b-4c5d-6e7f-8a9b0c1d2e3f,Pago de Liquidación,0eea38fa-f85e-4c73-b47b-0a1985db1227,9,16.28
993a46fb-a0b2-4d2c-88eb-11ab1c3d4e8c,Autoevaluación,e1c69265-87e8-417b-b13a-2ae72c53d4e3,14,15.44
000a3793-827e-4616-84f9-0a23863e0a35,Pago de Liquidación,e1c69265-87e8-417b-b13a-2ae72c53d4e3,1,5.27
993a46fb-a0b2-4d2c-88eb-11ab1c3d4e8c,Habilitar Permisos,87f8e8d1-83e9-4ddb-9be0-fc955228db6d,14,20.68
8c9d0e1f-2a3b-4c5d-6e7f-8a9b0c1d2e3f,Solicitar Adelanto,d9b58f63-b601-433e-9861-2bf2ad90eeb6,8,13.66
439df689-d1cf-41c3-883c-1b7713fe68e5,Firma Director,f65f0bd7-27f5-4b8c-9641-94729f51744a,5,7.54
31ece703-f961-4e8e-a5c5-cd5c5b47e3db,Especificar Servidores,d9b58f63-b601-433e-9861-2bf2ad90eeb6,3,4.36
2c3d4e5f-6a7b-8c9d-0e1f-2a3b4c5d6e7f,Autoevaluación,7949fc3c-9284-40a0-8161-7b39cf9f9b2d,2,6.45
6720c739-1916-432b-b392-e698dcfd8112,Consolidación de RRHH,d822aaf2-81c6-4054-b63b-a2bec2d53509,1,6.64
5c6d7e8f-9a0b-1c2d-3e4f-5a6b7c8d9e0f,Habilitar Permisos,bebe41a9-85fc-43f3-a125-5c7f72b0898d,13,13.41
f5ba7581-b2ac-4b3a-830e-64ab112f975a,Preparar Firma,8490fcc8-7f53-4704-ac48-99b48356b21c,2,6.71
7c8d9e0f-1a2b-3c4d-5e6f-7a8b9c0d1e2f,Consolidación de RRHH,e121cbea-1209-4fe7-ad22-6cf09caf5b95,4,9.2
5c6d7e8f-9a0b-1c2d-3e4f-5a6b7c8d9e0f,Firma Director,e1c69265-87e8-417b-b13a-2ae72c53d4e3,15,15.53
000a3793-827e-4616-84f9-0a23863e0a35,Verificar Factura,c017087e-fcbc-4f47-ae54-78008d243fbf,5,9.2
a7b21cc3-d8cf-48af-8bb0-22cba4567e9b,Instalar Licencia,eccb7c0d-52a7-4143-baad-ebee05361b50,13,14.59
5c6d7e8f-9a0b-1c2d-3e4f-5a6b7c8d9e0f,Feedback de Manager,3f72a8b2-777b-43c8-ba37-8f5d9fbd2135,1,5.77
0e1f2a3b-4c5d-6e7f-8a9b-0c1d2e3f4a5b,Setup Tecnológico,db614129-bb28-4b41-8a46-bea1444c388c,6,5.66
4c5d6e7f-8a9b-0c1d-2e3f-4a5b6c7d8e9f,Aprobación del manager,7949fc3c-9284-40a0-8161-7b39cf9f9b2d,11,9.95
8c9d0e1f-2a3b-4c5d-6e7f-8a9b0c1d2e3f,Procesar Transferencia,2b549288-04a4-4705-bcd0-0332b683df27,9,10.36
2c3d4e5f-6a7b-8c9d-0e1f-2a3b4c5d6e7f,Validar Capacitación,bebe41a9-85fc-43f3-a125-5c7f72b0898d,12,14.74
f5ba7581-b2ac-4b3a-830e-64ab112f975a,Validar Capacitación,d822aaf2-81c6-4054-b63b-a2bec2d53509,11,10.86
0e1f2a3b-4c5d-6e7f-8a9b-0c1d2e3f4a5b,Feedback de Manager,eccb7c0d-52a7-4143-baad-ebee05361b50,1,2.89
000a3793-827e-4616-84f9-0a23863e0a35,Reunión Bienvenida,14791e8e-28e4-4f61-9593-d7a2653d97a3,12,12.67
7c8d9e0f-1a2b-3c4d-5e6f-7a8b9c0d1e2f,Aprobación del manager,eccb7c0d-52a7-4143-baad-ebee05361b50,8,7.35
4c5d6e7f-8a9b-0c1d-2e3f-4a5b6c7d8e9f,Enviar solicitud de vacaciones,8490fcc8-7f53-4704-ac48-99b48356b21c,14,15.65
f5ba7581-b2ac-4b3a-830e-64ab112f975a,Setup Tecnológico,0eea38fa-f85e-4c73-b47b-0a1985db1227,11,11.62
8c9d0e1f-2a3b-4c5d-6e7f-8a9b0c1d2e3f,Aprobación del manager,f65f0bd7-27f5-4b8c-9641-94729f51744a,12,13.68
9c0d1e2f-3a4b-5c6d-7e8f-9a0b1c2d3e4f,Procesar Transferencia,87f8e8d1-83e9-4ddb-9be0-fc955228db6d,15,15.37
993a46fb-a0b2-4d2c-88eb-11ab1c3d4e8c,Inicio de la solicitud,3f72a8b2-777b-43c8-ba37-8f5d9fbd2135,13,16.95
993a46fb-a0b2-4d2c-88eb-11ab1c3d4e8c,Aprobación Costos,f615b16b-8fd1-43c9-97c0-a65e08960291,3,8.38
bd9966b2-5fa2-4a4b-b924-59e817a5e756,Aprobación Costos,eccb7c0d-52a7-4143-baad-ebee05361b50,8,8.37
4c5d6e7f-8a9b-0c1d-2e3f-4a5b6c7d8e9f,Firma Director,bebe41a9-85fc-43f3-a125-5c7f72b0898d,13,12.99
111e9d86-cbd2-45ff-a809-4072bbe6a4d0,Evaluación Técnica,2084f511-720a-4096-80cd-5bc9b91cf5b6,5,7.75
5c6d7e8f-9a0b-1c2d-3e4f-5a6b7c8d9e0f,Dispersión de Fondos,4cd6a83f-a8b6-4b56-854d-5d3693ec4ab4,14,18.82
111e9d86-cbd2-45ff-a809-4072bbe6a4d0,Verificar Factura,14791e8e-28e4-4f61-9593-d7a2653d97a3,1,3.72
993a46fb-a0b2-4d2c-88eb-11ab1c3d4e8c,Registrar Recibos,2084f511-720a-4096-80cd-5bc9b91cf5b6,10,14.01
5c6d7e8f-9a0b-1c2d-3e4f-5a6b7c8d9e0f,Consolidar Gastos,87f8e8d1-83e9-4ddb-9be0-fc955228db6d,7,13.71
9c0d1e2f-3a4b-5c6d-7e8f-9a0b1c2d3e4f,Preparar Firma,e1c69265-87e8-417b-b13a-2ae72c53d4e3,10,11.89
6c7d8e9f-0a1b-2c3d-4e5f-6a7b8c9d0e1f,Evaluación Técnica,7949fc3c-9284-40a0-8161-7b39cf9f9b2d,2,2.59
7c8d9e0f-1a2b-3c4d-5e6f-7a8b9c0d1e2f,Cerrar Accesos,f615b16b-8fd1-43c9-97c0-a65e08960291,8,11.06
0e1f2a3b-4c5d-6e7f-8a9b-0c1d2e3f4a5b,Firma Director,14791e8e-28e4-4f61-9593-d7a2653d97a3,10,10.31
f5ba7581-b2ac-4b3a-830e-64ab112f975a,Revisión de Seguridad,f65f0bd7-27f5-4b8c-9641-94729f51744a,14,16.82
000a3793-827e-4616-84f9-0a23863e0a35,Validación de RRHH,e04f861d-b880-4d7f-bf03-59ce8e435929,5,7.07
439df689-d1cf-41c3-883c-1b7713fe68e5,Validar Comercial,d9b58f63-b601-433e-9861-2bf2ad90eeb6,2,6.55
3c4d5e6f-7a8b-9c0d-1e2f-3a4b5c6d7e8f,Revisión Gerencial,e121cbea-1209-4fe7-ad22-6cf09caf5b95,13,13.08
0e1f2a3b-4c5d-6e7f-8a9b-0c1d2e3f4a5b,Subir Borrador,7949fc3c-9284-40a0-8161-7b39cf9f9b2d,3,5.32
f5ba7581-b2ac-4b3a-830e-64ab112f975a,Validar Capacitación,d822aaf2-81c6-4054-b63b-a2bec2d53509,6,9.55
bd9966b2-5fa2-4a4b-b924-59e817a5e756,Aprobación Costos,f615b16b-8fd1-43c9-97c0-a65e08960291,9,12.92
5c6d7e8f-9a0b-1c2d-3e4f-5a6b7c8d9e0f,Verificar Factura,bebe41a9-85fc-43f3-a125-5c7f72b0898d,2,10.54
f5ba7581-b2ac-4b3a-830e-64ab112f975a,Feedback de Manager,f615b16b-8fd1-43c9-97c0-a65e08960291,7,8.54
6c7d8e9f-0a1b-2c3d-4e5f-6a7b8c9d0e1f,Registrar Recibos,87f8e8d1-83e9-4ddb-9be0-fc955228db6d,3,6.52
0e1f2a3b-4c5d-6e7f-8a9b-0c1d2e3f4a5b,Entrega del Equipo,eccb7c0d-52a7-4143-baad-ebee05361b50,1,3.16
2c3d4e5f-6a7b-8c9d-0e1f-2a3b4c5d6e7f,Cerrar Accesos,e04f861d-b880-4d7f-bf03-59ce8e435929,3,6.51
bd9966b2-5fa2-4a4b-b924-59e817a5e756,Entrega del Equipo,d9b58f63-b601-433e-9861-2bf2ad90eeb6,6,10.08
3c4d5e6f-7a8b-9c0d-1e2f-3a4b5c6d7e8f,Subir Borrador,d822aaf2-81c6-4054-b63b-a2bec2d53509,7,10.55
f5ba7581-b2ac-4b3a-830e-64ab112f975a,Reunión Bienvenida,0eea38fa-f85e-4c73-b47b-0a1985db1227,8,10.53
f5ba7581-b2ac-4b3a-830e-64ab112f975a,Consolidación de RRHH,3f72a8b2-777b-43c8-ba37-8f5d9fbd2135,9,12.69
2c3d4e5f-6a7b-8c9d-0e1f-2a3b4c5d6e7f,Validar Elegibilidad,2e310583-c106-4f2c-a6c3-c4b12ec30658,6,10.22
8c9d0e1f-2a3b-4c5d-6e7f-8a9b0c1d2e3f,Validar Comercial,f615b16b-8fd1-43c9-97c0-a65e08960291,9,16.47
3c4d5e6f-7a8b-9c0d-1e2f-3a4b5c6d7e8f,Verificar Stock,3f72a8b2-777b-43c8-ba37-8f5d9fbd2135,11,15.19
31ece703-f961-4e8e-a5c5-cd5c5b47e3db,Autorización Gerencia,d822aaf2-81c6-4054-b63b-a2bec2d53509,11,13.81
3c4d5e6f-7a8b-9c0d-1e2f-3a4b5c6d7e8f,Revisión Gerencial,3f72a8b2-777b-43c8-ba37-8f5d9fbd2135,8,10.48
6c7d8e9f-0a1b-2c3d-4e5f-6a7b8c9d0e1f,Revisión Contable,e121cbea-1209-4fe7-ad22-6cf09caf5b95,0,2.35
000a3793-827e-4616-84f9-0a23863e0a35,Enviar solicitud de vacaciones,f615b16b-8fd1-43c9-97c0-a65e08960291,5,8.15
f5ba7581-b2ac-4b3a-830e-64ab112f975a,Iniciar Baja,d9b58f63-b601-433e-9861-2bf2ad90eeb6,10,12.74
000a3793-827e-4616-84f9-0a23863e0a35,Validar Elegibilidad,e121cbea-1209-4fe7-ad22-6cf09caf5b95,6,7.94
f5ba7581-b2ac-4b3a-830e-64ab112f975a,Instalar Licencia,d822aaf2-81c6-4054-b63b-a2bec2d53509,9,11.1
111e9d86-cbd2-45ff-a809-4072bbe6a4d0,Revisión Gerencial,87f8e8d1-83e9-4ddb-9be0-fc955228db6d,4,6.05
0e1f2a3b-4c5d-6e7f-8a9b-0c1d2e3f4a5b,Solicitar Adelanto,87f8e8d1-83e9-4ddb-9be0-fc955228db6d,4,5.67
0e1f2a3b-4c5d-6e7f-8a9b-0c1d2e3f4a5b,Especificar Servidores,db614129-bb28-4b41-8a46-bea1444c388c,2,3.34
993a46fb-a0b2-4d2c-88eb-11ab1c3d4e8c,Consolidar Gastos,e1c69265-87e8-417b-b13a-2ae72c53d4e3,4,8.43
9c0d1e2f-3a4b-5c6d-7e8f-9a0b1c2d3e4f,Entrega del Equipo,e121cbea-1209-4fe7-ad22-6cf09caf5b95,7,9.87
3c4d5e6f-7a8b-9c0d-1e2f-3a4b5c6d7e8f,Pago de Liquidación,7949fc3c-9284-40a0-8161-7b39cf9f9b2d,12,14.65
2c3d4e5f-6a7b-8c9d-0e1f-2a3b4c5d6e7f,Consolidación de RRHH,bebe41a9-85fc-43f3-a125-5c7f72b0898d,13,14.09
439df689-d1cf-41c3-883c-1b7713fe68e5,Especificar Licencia,e04f861d-b880-4d7f-bf03-59ce8e435929,11,10.58
000a3793-827e-4616-84f9-0a23863e0a35,Especificar Licencia,bebe41a9-85fc-43f3-a125-5c7f72b0898d,9,8.68
439df689-d1cf-41c3-883c-1b7713fe68e5,Entrega del Equipo,7949fc3c-9284-40a0-8161-7b39cf9f9b2d,7,9.47
5c6d7e8f-9a0b-1c2d-3e4f-5a6b7c8d9e0f,Firma Director,bebe41a9-85fc-43f3-a125-5c7f72b0898d,1,9.17
0e1f2a3b-4c5d-6e7f-8a9b-0c1d2e3f4a5b,Cerrar Accesos,2084f511-720a-4096-80cd-5bc9b91cf5b6,9,8.43
439df689-d1cf-41c3-883c-1b7713fe68e5,Pago de Liquidación,e1c69265-87e8-417b-b13a-2ae72c53d4e3,6,9.22
0e1f2a3b-4c5d-6e7f-8a9b-0c1d2e3f4a5b,Firma Director,14791e8e-28e4-4f61-9593-d7a2653d97a3,13,11.21
bd9966b2-5fa2-4a4b-b924-59e817a5e756,Setup Tecnológico,bebe41a9-85fc-43f3-a125-5c7f72b0898d,7,8.31
31ece703-f961-4e8e-a5c5-cd5c5b47e3db,Inicio de la solicitud,eccb7c0d-52a7-4143-baad-ebee05361b50,3,7.7
7c8d9e0f-1a2b-3c4d-5e6f-7a8b9c0d1e2f,Evaluación Técnica,a9eff785-5679-4a1b-91ef-6ca8712ddd18,1,4.93
6c7d8e9f-0a1b-2c3d-4e5f-6a7b8c9d0e1f,Iniciar Baja,d822aaf2-81c6-4054-b63b-a2bec2d53509,9,11.84
f5ba7581-b2ac-4b3a-830e-64ab112f975a,Validación de RRHH,4cd6a83f-a8b6-4b56-854d-5d3693ec4ab4,13,11.85
0e1f2a3b-4c5d-6e7f-8a9b-0c1d2e3f4a5b,Preparar Firma,2b549288-04a4-4705-bcd0-0332b683df27,8,6.93
6720c739-1916-432b-b392-e698dcfd8112,Instalar Licencia,f65f0bd7-27f5-4b8c-9641-94729f51744a,5,6.57
8c9d0e1f-2a3b-4c5d-6e7f-8a9b0c1d2e3f,Preparar Firma,e1c69265-87e8-417b-b13a-2ae72c53d4e3,1,7.69
31ece703-f961-4e8e-a5c5-cd5c5b47e3db,Feedback de Manager,eccb7c0d-52a7-4143-baad-ebee05361b50,3,6.6
6c7d8e9f-0a1b-2c3d-4e5f-6a7b8c9d0e1f,Verificar Stock,2e310583-c106-4f2c-a6c3-c4b12ec30658,14,11.97
a7b21cc3-d8cf-48af-8bb0-22cba4567e9b,Firma Director,4cd6a83f-a8b6-4b56-854d-5d3693ec4ab4,6,10.26
a7b21cc3-d8cf-48af-8bb0-22cba4567e9b,Habilitar Permisos,f65f0bd7-27f5-4b8c-9641-94729f51744a,10,12.84
8c9d0e1f-2a3b-4c5d-6e7f-8a9b0c1d2e3f,Revisión de Seguridad,bebe41a9-85fc-43f3-a125-5c7f72b0898d,4,11.97
7c8d9e0f-1a2b-3c4d-5e6f-7a8b9c0d1e2f,Consolidar Gastos,2e310583-c106-4f2c-a6c3-c4b12ec30658,5,9.34
2c3d4e5f-6a7b-8c9d-0e1f-2a3b4c5d6e7f,Inicio de la solicitud,e04f861d-b880-4d7f-bf03-59ce8e435929,3,6.86
9c0d1e2f-3a4b-5c6d-7e8f-9a0b1c2d3e4f,Entrega del Equipo,3f72a8b2-777b-43c8-ba37-8f5d9fbd2135,4,6.41
a7b21cc3-d8cf-48af-8bb0-22cba4567e9b,Procesar Transferencia,a9eff785-5679-4a1b-91ef-6ca8712ddd18,12,11.99
2c3d4e5f-6a7b-8c9d-0e1f-2a3b4c5d6e7f,Dispersión de Fondos,e121cbea-1209-4fe7-ad22-6cf09caf5b95,1,5.21
0e1f2a3b-4c5d-6e7f-8a9b-0c1d2e3f4a5b,Habilitar Permisos,c017087e-fcbc-4f47-ae54-78008d243fbf,12,11.61
8c9d0e1f-2a3b-4c5d-6e7f-8a9b0c1d2e3f,Registrar Recibos,14791e8e-28e4-4f61-9593-d7a2653d97a3,7,10.28
000a3793-827e-4616-84f9-0a23863e0a35,Firma Director,f615b16b-8fd1-43c9-97c0-a65e08960291,1,4.75
2c3d4e5f-6a7b-8c9d-0e1f-2a3b4c5d6e7f,Setup Tecnológico,bebe41a9-85fc-43f3-a125-5c7f72b0898d,5,5.79
8c9d0e1f-2a3b-4c5d-6e7f-8a9b0c1d2e3f,Revisión de Seguridad,2084f511-720a-4096-80cd-5bc9b91cf5b6,15,20.83
9c0d1e2f-3a4b-5c6d-7e8f-9a0b1c2d3e4f,Instalar Licencia,d822aaf2-81c6-4054-b63b-a2bec2d53509,4,5.49
0e1f2a3b-4c5d-6e7f-8a9b-0c1d2e3f4a5b,Aprobación de Pago,2e310583-c106-4f2c-a6c3-c4b12ec30658,1,1.84
a7b21cc3-d8cf-48af-8bb0-22cba4567e9b,Autorización Gerencia,2084f511-720a-4096-80cd-5bc9b91cf5b6,14,16.38
a7b21cc3-d8cf-48af-8bb0-22cba4567e9b,Aprobación Costos,3f72a8b2-777b-43c8-ba37-8f5d9fbd2135,11,10.46
7c8d9e0f-1a2b-3c4d-5e6f-7a8b9c0d1e2f,Instalar Licencia,bebe41a9-85fc-43f3-a125-5c7f72b0898d,8,8.37
2c3d4e5f-6a7b-8c9d-0e1f-2a3b4c5d6e7f,Inicio de la solicitud,3f72a8b2-777b-43c8-ba37-8f5d9fbd2135,15,13.37
6720c739-1916-432b-b392-e698dcfd8112,Detallar Curso,e121cbea-1209-4fe7-ad22-6cf09caf5b95,6,6.11
6720c739-1916-432b-b392-e698dcfd8112,Feedback de Manager,87f8e8d1-83e9-4ddb-9be0-fc955228db6d,4,5.28
0e1f2a3b-4c5d-6e7f-8a9b-0c1d2e3f4a5b,Revisión de Seguridad,3f72a8b2-777b-43c8-ba37-8f5d9fbd2135,2,4.32
7c8d9e0f-1a2b-3c4d-5e6f-7a8b9c0d1e2f,Preparar Firma,0eea38fa-f85e-4c73-b47b-0a1985db1227,13,15.7
6720c739-1916-432b-b392-e698dcfd8112,Validar Comercial,e121cbea-1209-4fe7-ad22-6cf09caf5b95,8,9.64
bd9966b2-5fa2-4a4b-b924-59e817a5e756,Evaluación Técnica,eccb7c0d-52a7-4143-baad-ebee05361b50,0,5.67
f5ba7581-b2ac-4b3a-830e-64ab112f975a,Subir Borrador,2b549288-04a4-4705-bcd0-0332b683df27,8,9.99
31ece703-f961-4e8e-a5c5-cd5c5b47e3db,Cerrar Accesos,d9b58f63-b601-433e-9861-2bf2ad90eeb6,3,7.15
5c6d7e8f-9a0b-1c2d-3e4f-5a6b7c8d9e0f,Validar Capacitación,4cd6a83f-a8b6-4b56-854d-5d3693ec4ab4,2,10.36
3c4d5e6f-7a8b-9c0d-1e2f-3a4b5c6d7e8f,Aprobar Presupuesto,0eea38fa-f85e-4c73-b47b-0a1985db1227,4,6.67
a7b21cc3-d8cf-48af-8bb0-22cba4567e9b,Consolidación de RRHH,8490fcc8-7f53-4704-ac48-99b48356b21c,3,8.1
6c7d8e9f-0a1b-2c3d-4e5f-6a7b8c9d0e1f,Aprobación Costos,0eea38fa-f85e-4c73-b47b-0a1985db1227,14,14.03
4c5d6e7f-8a9b-0c1d-2e3f-4a5b6c7d8e9f,Verificar Stock,d822aaf2-81c6-4054-b63b-a2bec2d53509,10,12.83
7c8d9e0f-1a2b-3c4d-5e6f-7a8b9c0d1e2f,Aprobación del manager,0eea38fa-f85e-4c73-b47b-0a1985db1227,14,15.97
439df689-d1cf-41c3-883c-1b7713fe68e5,Aprobación de Pago,2084f511-720a-4096-80cd-5bc9b91cf5b6,0,4.56
3c4d5e6f-7a8b-9c0d-1e2f-3a4b5c6d7e8f,Inicio de la solicitud,c017087e-fcbc-4f47-ae54-78008d243fbf,2,6.11
bd9966b2-5fa2-4a4b-b924-59e817a5e756,Habilitar Permisos,8490fcc8-7f53-4704-ac48-99b48356b21c,10,12.56
439df689-d1cf-41c3-883c-1b7713fe68e5,Aprobación del manager,a9eff785-5679-4a1b-91ef-6ca8712ddd18,13,12.82
a7b21cc3-d8cf-48af-8bb0-22cba4567e9b,Solicitar Adelanto,2b549288-04a4-4705-bcd0-0332b683df27,9,13.09
a7b21cc3-d8cf-48af-8bb0-22cba4567e9b,Pago de Liquidación,e04f861d-b880-4d7f-bf03-59ce8e435929,6,8.46
439df689-d1cf-41c3-883c-1b7713fe68e5,Aprobación del manager,f615b16b-8fd1-43c9-97c0-a65e08960291,7,10.49
5c6d7e8f-9a0b-1c2d-3e4f-5a6b7c8d9e0f,Detallar Curso,f615b16b-8fd1-43c9-97c0-a65e08960291,4,9.41
f5ba7581-b2ac-4b3a-830e-64ab112f975a,Aprobación Costos,e1c69265-87e8-417b-b13a-2ae72c53d4e3,9,9.08
5c6d7e8f-9a0b-1c2d-3e4f-5a6b7c8d9e0f,Especificar Servidores,d9b58f63-b601-433e-9861-2bf2ad90eeb6,11,16.04
3c4d5e6f-7a8b-9c0d-1e2f-3a4b5c6d7e8f,Revisión Contable,87f8e8d1-83e9-4ddb-9be0-fc955228db6d,9,8.71
6c7d8e9f-0a1b-2c3d-4e5f-6a7b8c9d0e1f,Subir Borrador,0eea38fa-f85e-4c73-b47b-0a1985db1227,11,11.81
0e1f2a3b-4c5d-6e7f-8a9b-0c1d2e3f4a5b,Enviar solicitud de vacaciones,14791e8e-28e4-4f61-9593-d7a2653d97a3,13,12.43
4c5d6e7f-8a9b-0c1d-2e3f-4a5b6c7d8e9f,Registrar Recibos,14791e8e-28e4-4f61-9593-d7a2653d97a3,12,11.94
9c0d1e2f-3a4b-5c6d-7e8f-9a0b1c2d3e4f,Entrega del Equipo,d9b58f63-b601-433e-9861-2bf2ad90eeb6,15,15.04
7c8d9e0f-1a2b-3c4d-5e6f-7a8b9c0d1e2f,Preparar Firma,7949fc3c-9284-40a0-8161-7b39cf9f9b2d,12,11.88
000a3793-827e-4616-84f9-0a23863e0a35,Especificar Licencia,4cd6a83f-a8b6-4b56-854d-5d3693ec4ab4,15,15.35
439df689-d1cf-41c3-883c-1b7713fe68e5,Autoevaluación,eccb7c0d-52a7-4143-baad-ebee05361b50,14,15.81
993a46fb-a0b2-4d2c-88eb-11ab1c3d4e8c,Validar Comercial,0eea38fa-f85e-4c73-b47b-0a1985db1227,6,12.12
0e1f2a3b-4c5d-6e7f-8a9b-0c1d2e3f4a5b,Revisión de Seguridad,2084f511-720a-4096-80cd-5bc9b91cf5b6,11,9.94
000a3793-827e-4616-84f9-0a23863e0a35,Solicitar Adelanto,87f8e8d1-83e9-4ddb-9be0-fc955228db6d,12,13.9
000a3793-827e-4616-84f9-0a23863e0a35,Revisión Gerencial,f65f0bd7-27f5-4b8c-9641-94729f51744a,11,9.8
993a46fb-a0b2-4d2c-88eb-11ab1c3d4e8c,Presentar Requerimiento,d9b58f63-b601-433e-9861-2bf2ad90eeb6,10,12.09
a7b21cc3-d8cf-48af-8bb0-22cba4567e9b,Aprobar Presupuesto,d822aaf2-81c6-4054-b63b-a2bec2d53509,12,15.76
5c6d7e8f-9a0b-1c2d-3e4f-5a6b7c8d9e0f,Validación de RRHH,c017087e-fcbc-4f47-ae54-78008d243fbf,3,8.15
2c3d4e5f-6a7b-8c9d-0e1f-2a3b4c5d6e7f,Procesar Transferencia,2084f511-720a-4096-80cd-5bc9b91cf5b6,6,7.35
9c0d1e2f-3a4b-5c6d-7e8f-9a0b1c2d3e4f,Validar Capacitación,2b549288-04a4-4705-bcd0-0332b683df27,3,6.89
993a46fb-a0b2-4d2c-88eb-11ab1c3d4e8c,Subir Borrador,bebe41a9-85fc-43f3-a125-5c7f72b0898d,9,10.99
9c0d1e2f-3a4b-5c6d-7e8f-9a0b1c2d3e4f,Instalar Licencia,f65f0bd7-27f5-4b8c-9641-94729f51744a,14,16.53
000a3793-827e-4616-84f9-0a23863e0a35,Setup Tecnológico,2084f511-720a-4096-80cd-5bc9b91cf5b6,9,9.41
bd9966b2-5fa2-4a4b-b924-59e817a5e756,Iniciar Baja,f615b16b-8fd1-43c9-97c0-a65e08960291,9,9.64
f5ba7581-b2ac-4b3a-830e-64ab112f975a,Inicio del Proceso,f615b16b-8fd1-43c9-97c0-a65e08960291,1,3.5
3c4d5e6f-7a8b-9c0d-1e2f-3a4b5c6d7e8f,Habilitar Permisos,e121cbea-1209-4fe7-ad22-6cf09caf5b95,8,10.95
a7b21cc3-d8cf-48af-8bb0-22cba4567e9b,Preparar Firma,3f72a8b2-777b-43c8-ba37-8f5d9fbd2135,11,9.94
31ece703-f961-4e8e-a5c5-cd5c5b47e3db,Autorización Gerencia,7949fc3c-9284-40a0-8161-7b39cf9f9b2d,15,15.76
4c5d6e7f-8a9b-0c1d-2e3f-4a5b6c7d8e9f,Iniciar Baja,14791e8e-28e4-4f61-9593-d7a2653d97a3,7,10.24
9c0d1e2f-3a4b-5c6d-7e8f-9a0b1c2d3e4f,Setup Tecnológico,c017087e-fcbc-4f47-ae54-78008d243fbf,3,4.34
4c5d6e7f-8a9b-0c1d-2e3f-4a5b6c7d8e9f,Validar Comercial,0eea38fa-f85e-4c73-b47b-0a1985db1227,7,11.56
f5ba7581-b2ac-4b3a-830e-64ab112f975a,Verificar Factura,3f72a8b2-777b-43c8-ba37-8f5d9fbd2135,13,13.88
6c7d8e9f-0a1b-2c3d-4e5f-6a7b8c9d0e1f,Validación de RRHH,87f8e8d1-83e9-4ddb-9be0-fc955228db6d,4,6.81
8c9d0e1f-2a3b-4c5d-6e7f-8a9b0c1d2e3f,Firma Director,87f8e8d1-83e9-4ddb-9be0-fc955228db6d,6,10.78
4c5d6e7f-8a9b-0c1d-2e3f-4a5b6c7d8e9f,Presentar Requerimiento,e1c69265-87e8-417b-b13a-2ae72c53d4e3,10,10.45
0e1f2a3b-4c5d-6e7f-8a9b-0c1d2e3f4a5b,Aprobar Presupuesto,14791e8e-28e4-4f61-9593-d7a2653d97a3,13,11.2
7c8d9e0f-1a2b-3c4d-5e6f-7a8b9c0d1e2f,Setup Tecnológico,db614129-bb28-4b41-8a46-bea1444c388c,2,6.35
993a46fb-a0b2-4d2c-88eb-11ab1c3d4e8c,Especificar Servidores,e121cbea-1209-4fe7-ad22-6cf09caf5b95,6,14.22
2c3d4e5f-6a7b-8c9d-0e1f-2a3b4c5d6e7f,Aprobación del manager,eccb7c0d-52a7-4143-baad-ebee05361b50,15,16.13
4c5d6e7f-8a9b-0c1d-2e3f-4a5b6c7d8e9f,Validación de RRHH,e121cbea-1209-4fe7-ad22-6cf09caf5b95,6,7.86
8c9d0e1f-2a3b-4c5d-6e7f-8a9b0c1d2e3f,Procesar Transferencia,87f8e8d1-83e9-4ddb-9be0-fc955228db6d,3,5.89
f5ba7581-b2ac-4b3a-830e-64ab112f975a,Revisión Gerencial,eccb7c0d-52a7-4143-baad-ebee05361b50,11,10.9
f5ba7581-b2ac-4b3a-830e-64ab112f975a,Especificar Licencia,87f8e8d1-83e9-4ddb-9be0-fc955228db6d,4,8.72
000a3793-827e-4616-84f9-0a23863e0a35,Detallar Curso,87f8e8d1-83e9-4ddb-9be0-fc955228db6d,3,7.41
f5ba7581-b2ac-4b3a-830e-64ab112f975a,Aprobar Presupuesto,db614129-bb28-4b41-8a46-bea1444c388c,12,14.52
4c5d6e7f-8a9b-0c1d-2e3f-4a5b6c7d8e9f,Reunión Bienvenida,8490fcc8-7f53-4704-ac48-99b48356b21c,7,11.03
6c7d8e9f-0a1b-2c3d-4e5f-6a7b8c9d0e1f,Consolidar Gastos,14791e8e-28e4-4f61-9593-d7a2653d97a3,2,5.34
a7b21cc3-d8cf-48af-8bb0-22cba4567e9b,Enviar solicitud de vacaciones,a9eff785-5679-4a1b-91ef-6ca8712ddd18,5,7.09
bd9966b2-5fa2-4a4b-b924-59e817a5e756,Habilitar Permisos,87f8e8d1-83e9-4ddb-9be0-fc955228db6d,6,8.51
a7b21cc3-d8cf-48af-8bb0-22cba4567e9b,Revisión Contable,8490fcc8-7f53-4704-ac48-99b48356b21c,10,12.77
2c3d4e5f-6a7b-8c9d-0e1f-2a3b4c5d6e7f,Validar Elegibilidad,c017087e-fcbc-4f47-ae54-78008d243fbf,3,6.18
f5ba7581-b2ac-4b3a-830e-64ab112f975a,Inicio de la solicitud,3f72a8b2-777b-43c8-ba37-8f5d9fbd2135,15,15.06
3c4d5e6f-7a8b-9c0d-1e2f-3a4b5c6d7e8f,Subir Borrador,2b549288-04a4-4705-bcd0-0332b683df27,2,5.93
000a3793-827e-4616-84f9-0a23863e0a35,Validación de RRHH,14791e8e-28e4-4f61-9593-d7a2653d97a3,1,2.75
439df689-d1cf-41c3-883c-1b7713fe68e5,Iniciar Baja,e121cbea-1209-4fe7-ad22-6cf09caf5b95,6,7.82
bd9966b2-5fa2-4a4b-b924-59e817a5e756,Evaluación Técnica,e04f861d-b880-4d7f-bf03-59ce8e435929,5,8.7
f5ba7581-b2ac-4b3a-830e-64ab112f975a,Aprobación Costos,eccb7c0d-52a7-4143-baad-ebee05361b50,12,14.51
111e9d86-cbd2-45ff-a809-4072bbe6a4d0,Detallar Curso,e121cbea-1209-4fe7-ad22-6cf09caf5b95,2,4.87
6c7d8e9f-0a1b-2c3d-4e5f-6a7b8c9d0e1f,Firma Director,f65f0bd7-27f5-4b8c-9641-94729f51744a,8,9.99
7c8d9e0f-1a2b-3c4d-5e6f-7a8b9c0d1e2f,Inicio de la solicitud,d822aaf2-81c6-4054-b63b-a2bec2d53509,2,6.24
9c0d1e2f-3a4b-5c6d-7e8f-9a0b1c2d3e4f,Presentar Requerimiento,d822aaf2-81c6-4054-b63b-a2bec2d53509,5,8.12
4c5d6e7f-8a9b-0c1d-2e3f-4a5b6c7d8e9f,Inicio del Proceso,d9b58f63-b601-433e-9861-2bf2ad90eeb6,12,13.88
000a3793-827e-4616-84f9-0a23863e0a35,Especificar Licencia,3f72a8b2-777b-43c8-ba37-8f5d9fbd2135,12,12.74
4c5d6e7f-8a9b-0c1d-2e3f-4a5b6c7d8e9f,Validar Capacitación,3f72a8b2-777b-43c8-ba37-8f5d9fbd2135,3,3.59
7c8d9e0f-1a2b-3c4d-5e6f-7a8b9c0d1e2f,Revisión Contable,c017087e-fcbc-4f47-ae54-78008d243fbf,5,10.07
4c5d6e7f-8a9b-0c1d-2e3f-4a5b6c7d8e9f,Feedback de Manager,e1c69265-87e8-417b-b13a-2ae72c53d4e3,9,9.68
a7b21cc3-d8cf-48af-8bb0-22cba4567e9b,Autoevaluación,c017087e-fcbc-4f47-ae54-78008d243fbf,6,7.93
6720c739-1916-432b-b392-e698dcfd8112,Cerrar Accesos,db614129-bb28-4b41-8a46-bea1444c388c,12,11.31
0e1f2a3b-4c5d-6e7f-8a9b-0c1d2e3f4a5b,Entrega del Equipo,0eea38fa-f85e-4c73-b47b-0a1985db1227,0,1.5
2c3d4e5f-6a7b-8c9d-0e1f-2a3b4c5d6e7f,Especificar Servidores,e121cbea-1209-4fe7-ad22-6cf09caf5b95,14,16.98
a7b21cc3-d8cf-48af-8bb0-22cba4567e9b,Firma Director,3f72a8b2-777b-43c8-ba37-8f5d9fbd2135,1,7.56
8c9d0e1f-2a3b-4c5d-6e7f-8a9b0c1d2e3f,Registrar Recibos,f65f0bd7-27f5-4b8c-9641-94729f51744a,1,9.19
31ece703-f961-4e8e-a5c5-cd5c5b47e3db,Enviar solicitud de vacaciones,a9eff785-5679-4a1b-91ef-6ca8712ddd18,10,12.23
5c6d7e8f-9a0b-1c2d-3e4f-5a6b7c8d9e0f,Inicio de la solicitud,14791e8e-28e4-4f61-9593-d7a2653d97a3,4,10.86
4c5d6e7f-8a9b-0c1d-2e3f-4a5b6c7d8e9f,Procesar Transferencia,2e310583-c106-4f2c-a6c3-c4b12ec30658,1,6.44
111e9d86-cbd2-45ff-a809-4072bbe6a4d0,Presentar Requerimiento,7949fc3c-9284-40a0-8161-7b39cf9f9b2d,6,5.95
993a46fb-a0b2-4d2c-88eb-11ab1c3d4e8c,Validar Elegibilidad,f65f0bd7-27f5-4b8c-9641-94729f51744a,2,7.57
31ece703-f961-4e8e-a5c5-cd5c5b47e3db,Enviar solicitud de vacaciones,db614129-bb28-4b41-8a46-bea1444c388c,13,11.92
2c3d4e5f-6a7b-8c9d-0e1f-2a3b4c5d6e7f,Revisión Contable,2b549288-04a4-4705-bcd0-0332b683df27,4,8.49
000a3793-827e-4616-84f9-0a23863e0a35,Enviar solicitud de vacaciones,d822aaf2-81c6-4054-b63b-a2bec2d53509,5,9.97
3c4d5e6f-7a8b-9c0d-1e2f-3a4b5c6d7e8f,Procesar Transferencia,2e310583-c106-4f2c-a6c3-c4b12ec30658,12,12.96
f5ba7581-b2ac-4b3a-830e-64ab112f975a,Revisión de Seguridad,bebe41a9-85fc-43f3-a125-5c7f72b0898d,15,16.45
6c7d8e9f-0a1b-2c3d-4e5f-6a7b8c9d0e1f,Aprobar Presupuesto,e04f861d-b880-4d7f-bf03-59ce8e435929,13,15.93
000a3793-827e-4616-84f9-0a23863e0a35,Feedback de Manager,e1c69265-87e8-417b-b13a-2ae72c53d4e3,6,8.23
6720c739-1916-432b-b392-e698dcfd8112,Habilitar Permisos,c017087e-fcbc-4f47-ae54-78008d243fbf,1,3.88
6c7d8e9f-0a1b-2c3d-4e5f-6a7b8c9d0e1f,Evaluación Técnica,e121cbea-1209-4fe7-ad22-6cf09caf5b95,0,2.65
8c9d0e1f-2a3b-4c5d-6e7f-8a9b0c1d2e3f,Inicio del Proceso,bebe41a9-85fc-43f3-a125-5c7f72b0898d,2,11.0
8c9d0e1f-2a3b-4c5d-6e7f-8a9b0c1d2e3f,Entrega del Equipo,d9b58f63-b601-433e-9861-2bf2ad90eeb6,14,16.87
2c3d4e5f-6a7b-8c9d-0e1f-2a3b4c5d6e7f,Registrar Recibos,eccb7c0d-52a7-4143-baad-ebee05361b50,11,10.04
000a3793-827e-4616-84f9-0a23863e0a35,Pago de Liquidación,e1c69265-87e8-417b-b13a-2ae72c53d4e3,10,10.73
439df689-d1cf-41c3-883c-1b7713fe68e5,Aprobación del manager,e04f861d-b880-4d7f-bf03-59ce8e435929,13,12.23
f5ba7581-b2ac-4b3a-830e-64ab112f975a,Verificar Stock,3f72a8b2-777b-43c8-ba37-8f5d9fbd2135,13,12.72
8c9d0e1f-2a3b-4c5d-6e7f-8a9b0c1d2e3f,Subir Borrador,e1c69265-87e8-417b-b13a-2ae72c53d4e3,11,16.78
4c5d6e7f-8a9b-0c1d-2e3f-4a5b6c7d8e9f,Aprobación Costos,87f8e8d1-83e9-4ddb-9be0-fc955228db6d,12,14.6
4c5d6e7f-8a9b-0c1d-2e3f-4a5b6c7d8e9f,Consolidar Gastos,c017087e-fcbc-4f47-ae54-78008d243fbf,3,7.12
5c6d7e8f-9a0b-1c2d-3e4f-5a6b7c8d9e0f,Feedback de Manager,e121cbea-1209-4fe7-ad22-6cf09caf5b95,7,14.48
7c8d9e0f-1a2b-3c4d-5e6f-7a8b9c0d1e2f,Entrega del Equipo,a9eff785-5679-4a1b-91ef-6ca8712ddd18,9,10.69
0e1f2a3b-4c5d-6e7f-8a9b-0c1d2e3f4a5b,Aprobación Costos,4cd6a83f-a8b6-4b56-854d-5d3693ec4ab4,5,6.08
439df689-d1cf-41c3-883c-1b7713fe68e5,Revisión de Seguridad,2e310583-c106-4f2c-a6c3-c4b12ec30658,3,5.71
f5ba7581-b2ac-4b3a-830e-64ab112f975a,Especificar Servidores,d9b58f63-b601-433e-9861-2bf2ad90eeb6,15,15.04
4c5d6e7f-8a9b-0c1d-2e3f-4a5b6c7d8e9f,Reunión Bienvenida,d9b58f63-b601-433e-9861-2bf2ad90eeb6,3,5.92
000a3793-827e-4616-84f9-0a23863e0a35,Revisión Contable,87f8e8d1-83e9-4ddb-9be0-fc955228db6d,11,13.79
000a3793-827e-4616-84f9-0a23863e0a35,Validar Elegibilidad,d822aaf2-81c6-4054-b63b-a2bec2d53509,2,4.78
7c8d9e0f-1a2b-3c4d-5e6f-7a8b9c0d1e2f,Verificar Factura,0eea38fa-f85e-4c73-b47b-0a1985db1227,14,16.19
000a3793-827e-4616-84f9-0a23863e0a35,Enviar solicitud de vacaciones,4cd6a83f-a8b6-4b56-854d-5d3693ec4ab4,2,3.5
439df689-d1cf-41c3-883c-1b7713fe68e5,Aprobación Presupuesto,d9b58f63-b601-433e-9861-2bf2ad90eeb6,1,5.89
111e9d86-cbd2-45ff-a809-4072bbe6a4d0,Cerrar Accesos,d9b58f63-b601-433e-9861-2bf2ad90eeb6,0,1.61
3c4d5e6f-7a8b-9c0d-1e2f-3a4b5c6d7e8f,Dispersión de Fondos,f65f0bd7-27f5-4b8c-9641-94729f51744a,7,7.83
4c5d6e7f-8a9b-0c1d-2e3f-4a5b6c7d8e9f,Evaluación Técnica,e1c69265-87e8-417b-b13a-2ae72c53d4e3,13,15.48
a7b21cc3-d8cf-48af-8bb0-22cba4567e9b,Habilitar Permisos,87f8e8d1-83e9-4ddb-9be0-fc955228db6d,4,8.39
993a46fb-a0b2-4d2c-88eb-11ab1c3d4e8c,Dispersión de Fondos,db614129-bb28-4b41-8a46-bea1444c388c,2,10.08
000a3793-827e-4616-84f9-0a23863e0a35,Aprobación Costos,e121cbea-1209-4fe7-ad22-6cf09caf5b95,10,12.49
3c4d5e6f-7a8b-9c0d-1e2f-3a4b5c6d7e8f,Setup Tecnológico,e04f861d-b880-4d7f-bf03-59ce8e435929,11,13.77
3c4d5e6f-7a8b-9c0d-1e2f-3a4b5c6d7e8f,Cerrar Accesos,a9eff785-5679-4a1b-91ef-6ca8712ddd18,5,8.37
111e9d86-cbd2-45ff-a809-4072bbe6a4d0,Verificar Stock,4cd6a83f-a8b6-4b56-854d-5d3693ec4ab4,10,10.65
993a46fb-a0b2-4d2c-88eb-11ab1c3d4e8c,Autoevaluación,a9eff785-5679-4a1b-91ef-6ca8712ddd18,0,10.59
9c0d1e2f-3a4b-5c6d-7e8f-9a0b1c2d3e4f,Setup Tecnológico,c017087e-fcbc-4f47-ae54-78008d243fbf,14,13.82
bd9966b2-5fa2-4a4b-b924-59e817a5e756,Firma Director,db614129-bb28-4b41-8a46-bea1444c388c,1,4.23
000a3793-827e-4616-84f9-0a23863e0a35,Pago de Liquidación,bebe41a9-85fc-43f3-a125-5c7f72b0898d,13,12.69
000a3793-827e-4616-84f9-0a23863e0a35,Validar Capacitación,d822aaf2-81c6-4054-b63b-a2bec2d53509,11,11.21
5c6d7e8f-9a0b-1c2d-3e4f-5a6b7c8d9e0f,Subir Borrador,d822aaf2-81c6-4054-b63b-a2bec2d53509,6,10.04
000a3793-827e-4616-84f9-0a23863e0a35,Consolidar Gastos,c017087e-fcbc-4f47-ae54-78008d243fbf,1,6.4
7c8d9e0f-1a2b-3c4d-5e6f-7a8b9c0d1e2f,Entrega del Equipo,a9eff785-5679-4a1b-91ef-6ca8712ddd18,6,7.39
3c4d5e6f-7a8b-9c0d-1e2f-3a4b5c6d7e8f,Validar Comercial,f615b16b-8fd1-43c9-97c0-a65e08960291,2,6.5
9c0d1e2f-3a4b-5c6d-7e8f-9a0b1c2d3e4f,Reunión Bienvenida,87f8e8d1-83e9-4ddb-9be0-fc955228db6d,4,7.39
6c7d8e9f-0a1b-2c3d-4e5f-6a7b8c9d0e1f,Revisión Contable,7949fc3c-9284-40a0-8161-7b39cf9f9b2d,12,12.0
111e9d86-cbd2-45ff-a809-4072bbe6a4d0,Aprobar Presupuesto,d9b58f63-b601-433e-9861-2bf2ad90eeb6,11,14.4
9c0d1e2f-3a4b-5c6d-7e8f-9a0b1c2d3e4f,Revisión Gerencial,eccb7c0d-52a7-4143-baad-ebee05361b50,8,9.34
8c9d0e1f-2a3b-4c5d-6e7f-8a9b0c1d2e3f,Aprobación de Pago,bebe41a9-85fc-43f3-a125-5c7f72b0898d,4,13.69
111e9d86-cbd2-45ff-a809-4072bbe6a4d0,Validar Comercial,2e310583-c106-4f2c-a6c3-c4b12ec30658,15,13.75
111e9d86-cbd2-45ff-a809-4072bbe6a4d0,Aprobación Presupuesto,2e310583-c106-4f2c-a6c3-c4b12ec30658,0,3.97
a7b21cc3-d8cf-48af-8bb0-22cba4567e9b,Dispersión de Fondos,2b549288-04a4-4705-bcd0-0332b683df27,12,11.88
000a3793-827e-4616-84f9-0a23863e0a35,Inicio de la solicitud,87f8e8d1-83e9-4ddb-9be0-fc955228db6d,15,14.42
f5ba7581-b2ac-4b3a-830e-64ab112f975a,Inicio del Proceso,d9b58f63-b601-433e-9861-2bf2ad90eeb6,9,11.59
7c8d9e0f-1a2b-3c4d-5e6f-7a8b9c0d1e2f,Especificar Licencia,e04f861d-b880-4d7f-bf03-59ce8e435929,1,5.85
f5ba7581-b2ac-4b3a-830e-64ab112f975a,Detallar Curso,f65f0bd7-27f5-4b8c-9641-94729f51744a,12,11.38
111e9d86-cbd2-45ff-a809-4072bbe6a4d0,Setup Tecnológico,8490fcc8-7f53-4704-ac48-99b48356b21c,14,14.61
5c6d7e8f-9a0b-1c2d-3e4f-5a6b7c8d9e0f,Dispersión de Fondos,87f8e8d1-83e9-4ddb-9be0-fc955228db6d,1,8.26
4c5d6e7f-8a9b-0c1d-2e3f-4a5b6c7d8e9f,Validar Elegibilidad,f65f0bd7-27f5-4b8c-9641-94729f51744a,10,9.14
bd9966b2-5fa2-4a4b-b924-59e817a5e756,Instalar Licencia,4cd6a83f-a8b6-4b56-854d-5d3693ec4ab4,12,14.67
9c0d1e2f-3a4b-5c6d-7e8f-9a0b1c2d3e4f,Revisión Gerencial,bebe41a9-85fc-43f3-a125-5c7f72b0898d,0,2.88
5c6d7e8f-9a0b-1c2d-3e4f-5a6b7c8d9e0f,Evaluación Técnica,a9eff785-5679-4a1b-91ef-6ca8712ddd18,4,10.31
000a3793-827e-4616-84f9-0a23863e0a35,Cerrar Accesos,e04f861d-b880-4d7f-bf03-59ce8e435929,7,8.13
993a46fb-a0b2-4d2c-88eb-11ab1c3d4e8c,Aprobación de Pago,87f8e8d1-83e9-4ddb-9be0-fc955228db6d,14,19.3
a7b21cc3-d8cf-48af-8bb0-22cba4567e9b,Inicio del Proceso,87f8e8d1-83e9-4ddb-9be0-fc955228db6d,5,8.99
0e1f2a3b-4c5d-6e7f-8a9b-0c1d2e3f4a5b,Aprobación del manager,f65f0bd7-27f5-4b8c-9641-94729f51744a,1,3.83
9c0d1e2f-3a4b-5c6d-7e8f-9a0b1c2d3e4f,Aprobación del manager,e121cbea-1209-4fe7-ad22-6cf09caf5b95,5,8.45
bd9966b2-5fa2-4a4b-b924-59e817a5e756,Aprobación de Pago,d9b58f63-b601-433e-9861-2bf2ad90eeb6,11,14.58
31ece703-f961-4e8e-a5c5-cd5c5b47e3db,Habilitar Permisos,8490fcc8-7f53-4704-ac48-99b48356b21c,9,9.05
000a3793-827e-4616-84f9-0a23863e0a35,Pago de Liquidación,bebe41a9-85fc-43f3-a125-5c7f72b0898d,8,9.13
6c7d8e9f-0a1b-2c3d-4e5f-6a7b8c9d0e1f,Validar Elegibilidad,a9eff785-5679-4a1b-91ef-6ca8712ddd18,1,4.05
9c0d1e2f-3a4b-5c6d-7e8f-9a0b1c2d3e4f,Iniciar Baja,14791e8e-28e4-4f61-9593-d7a2653d97a3,1,3.45
a7b21cc3-d8cf-48af-8bb0-22cba4567e9b,Registrar Recibos,8490fcc8-7f53-4704-ac48-99b48356b21c,8,9.48
2c3d4e5f-6a7b-8c9d-0e1f-2a3b4c5d6e7f,Enviar solicitud de vacaciones,e04f861d-b880-4d7f-bf03-59ce8e435929,3,5.38
6c7d8e9f-0a1b-2c3d-4e5f-6a7b8c9d0e1f,Validación de RRHH,f65f0bd7-27f5-4b8c-9641-94729f51744a,13,13.05
bd9966b2-5fa2-4a4b-b924-59e817a5e756,Verificar Factura,3f72a8b2-777b-43c8-ba37-8f5d9fbd2135,14,15.51
31ece703-f961-4e8e-a5c5-cd5c5b47e3db,Especificar Licencia,e04f861d-b880-4d7f-bf03-59ce8e435929,6,8.7
bd9966b2-5fa2-4a4b-b924-59e817a5e756,Registrar Recibos,4cd6a83f-a8b6-4b56-854d-5d3693ec4ab4,8,10.5
bd9966b2-5fa2-4a4b-b924-59e817a5e756,Autoevaluación,c017087e-fcbc-4f47-ae54-78008d243fbf,1,3.69
000a3793-827e-4616-84f9-0a23863e0a35,Subir Borrador,c017087e-fcbc-4f47-ae54-78008d243fbf,8,9.84
6720c739-1916-432b-b392-e698dcfd8112,Autoevaluación,0eea38fa-f85e-4c73-b47b-0a1985db1227,10,9.17
5c6d7e8f-9a0b-1c2d-3e4f-5a6b7c8d9e0f,Consolidación de RRHH,a9eff785-5679-4a1b-91ef-6ca8712ddd18,7,13.49
5c6d7e8f-9a0b-1c2d-3e4f-5a6b7c8d9e0f,Validar Elegibilidad,87f8e8d1-83e9-4ddb-9be0-fc955228db6d,6,10.38
993a46fb-a0b2-4d2c-88eb-11ab1c3d4e8c,Solicitar Adelanto,4cd6a83f-a8b6-4b56-854d-5d3693ec4ab4,9,12.12
6720c739-1916-432b-b392-e698dcfd8112,Iniciar Baja,e04f861d-b880-4d7f-bf03-59ce8e435929,7,9.89
6720c739-1916-432b-b392-e698dcfd8112,Aprobación Costos,eccb7c0d-52a7-4143-baad-ebee05361b50,2,5.79
7c8d9e0f-1a2b-3c4d-5e6f-7a8b9c0d1e2f,Setup Tecnológico,e1c69265-87e8-417b-b13a-2ae72c53d4e3,15,15.49
3c4d5e6f-7a8b-9c0d-1e2f-3a4b5c6d7e8f,Aprobación Costos,eccb7c0d-52a7-4143-baad-ebee05361b50,7,10.65
4c5d6e7f-8a9b-0c1d-2e3f-4a5b6c7d8e9f,Revisión Gerencial,7949fc3c-9284-40a0-8161-7b39cf9f9b2d,14,15.02
31ece703-f961-4e8e-a5c5-cd5c5b47e3db,Habilitar Permisos,7949fc3c-9284-40a0-8161-7b39cf9f9b2d,6,8.09
439df689-d1cf-41c3-883c-1b7713fe68e5,Especificar Servidores,8490fcc8-7f53-4704-ac48-99b48356b21c,15,16.49
111e9d86-cbd2-45ff-a809-4072bbe6a4d0,Especificar Licencia,f615b16b-8fd1-43c9-97c0-a65e08960291,10,11.67
f5ba7581-b2ac-4b3a-830e-64ab112f975a,Entrega del Equipo,87f8e8d1-83e9-4ddb-9be0-fc955228db6d,12,13.7
31ece703-f961-4e8e-a5c5-cd5c5b47e3db,Habilitar Permisos,7949fc3c-9284-40a0-8161-7b39cf9f9b2d,14,12.35
bd9966b2-5fa2-4a4b-b924-59e817a5e756,Aprobación Costos,2b549288-04a4-4705-bcd0-0332b683df27,12,10.29
bd9966b2-5fa2-4a4b-b924-59e817a5e756,Registrar Recibos,e04f861d-b880-4d7f-bf03-59ce8e435929,10,12.52
a7b21cc3-d8cf-48af-8bb0-22cba4567e9b,Verificar Stock,eccb7c0d-52a7-4143-baad-ebee05361b50,1,5.94
439df689-d1cf-41c3-883c-1b7713fe68e5,Validación de RRHH,4cd6a83f-a8b6-4b56-854d-5d3693ec4ab4,15,13.94
bd9966b2-5fa2-4a4b-b924-59e817a5e756,Inicio del Proceso,2e310583-c106-4f2c-a6c3-c4b12ec30658,11,10.63
bd9966b2-5fa2-4a4b-b924-59e817a5e756,Aprobación Costos,8490fcc8-7f53-4704-ac48-99b48356b21c,7,9.19
5c6d7e8f-9a0b-1c2d-3e4f-5a6b7c8d9e0f,Detallar Curso,7949fc3c-9284-40a0-8161-7b39cf9f9b2d,7,13.77
6c7d8e9f-0a1b-2c3d-4e5f-6a7b8c9d0e1f,Solicitar Adelanto,7949fc3c-9284-40a0-8161-7b39cf9f9b2d,12,14.04
5c6d7e8f-9a0b-1c2d-3e4f-5a6b7c8d9e0f,Detallar Curso,0eea38fa-f85e-4c73-b47b-0a1985db1227,4,9.63
993a46fb-a0b2-4d2c-88eb-11ab1c3d4e8c,Revisión Gerencial,d9b58f63-b601-433e-9861-2bf2ad90eeb6,10,16.56
993a46fb-a0b2-4d2c-88eb-11ab1c3d4e8c,Firma Director,87f8e8d1-83e9-4ddb-9be0-fc955228db6d,0,8.18
5c6d7e8f-9a0b-1c2d-3e4f-5a6b7c8d9e0f,Aprobar Presupuesto,2e310583-c106-4f2c-a6c3-c4b12ec30658,7,13.22
111e9d86-cbd2-45ff-a809-4072bbe6a4d0,Feedback de Manager,2e310583-c106-4f2c-a6c3-c4b12ec30658,1,6.45
000a3793-827e-4616-84f9-0a23863e0a35,Consolidación de RRHH,eccb7c0d-52a7-4143-baad-ebee05361b50,6,10.33
2c3d4e5f-6a7b-8c9d-0e1f-2a3b4c5d6e7f,Registrar Recibos,3f72a8b2-777b-43c8-ba37-8f5d9fbd2135,13,11.51
31ece703-f961-4e8e-a5c5-cd5c5b47e3db,Aprobación Presupuesto,d9b58f63-b601-433e-9861-2bf2ad90eeb6,9,9.76
bd9966b2-5fa2-4a4b-b924-59e817a5e756,Subir Borrador,c017087e-fcbc-4f47-ae54-78008d243fbf,1,3.76
2c3d4e5f-6a7b-8c9d-0e1f-2a3b4c5d6e7f,Inicio de la solicitud,87f8e8d1-83e9-4ddb-9be0-fc955228db6d,3,5.97
993a46fb-a0b2-4d2c-88eb-11ab1c3d4e8c,Evaluación Técnica,e1c69265-87e8-417b-b13a-2ae72c53d4e3,2,9.33
f5ba7581-b2ac-4b3a-830e-64ab112f975a,Preparar Firma,e1c69265-87e8-417b-b13a-2ae72c53d4e3,14,15.05
0e1f2a3b-4c5d-6e7f-8a9b-0c1d2e3f4a5b,Firma Director,c017087e-fcbc-4f47-ae54-78008d243fbf,7,7.88
2c3d4e5f-6a7b-8c9d-0e1f-2a3b4c5d6e7f,Feedback de Manager,0eea38fa-f85e-4c73-b47b-0a1985db1227,10,10.6
2c3d4e5f-6a7b-8c9d-0e1f-2a3b4c5d6e7f,Revisión de Seguridad,e04f861d-b880-4d7f-bf03-59ce8e435929,7,10.58
a7b21cc3-d8cf-48af-8bb0-22cba4567e9b,Pago de Liquidación,db614129-bb28-4b41-8a46-bea1444c388c,9,10.46
3c4d5e6f-7a8b-9c0d-1e2f-3a4b5c6d7e8f,Especificar Servidores,0eea38fa-f85e-4c73-b47b-0a1985db1227,13,15.22
111e9d86-cbd2-45ff-a809-4072bbe6a4d0,Consolidación de RRHH,2e310583-c106-4f2c-a6c3-c4b12ec30658,4,6.25
5c6d7e8f-9a0b-1c2d-3e4f-5a6b7c8d9e0f,Autoevaluación,f615b16b-8fd1-43c9-97c0-a65e08960291,1,6.75
bd9966b2-5fa2-4a4b-b924-59e817a5e756,Solicitar Adelanto,e04f861d-b880-4d7f-bf03-59ce8e435929,1,2.48
4c5d6e7f-8a9b-0c1d-2e3f-4a5b6c7d8e9f,Autoevaluación,7949fc3c-9284-40a0-8161-7b39cf9f9b2d,13,14.31
111e9d86-cbd2-45ff-a809-4072bbe6a4d0,Firma Director,2084f511-720a-4096-80cd-5bc9b91cf5b6,5,7.66
bd9966b2-5fa2-4a4b-b924-59e817a5e756,Verificar Factura,87f8e8d1-83e9-4ddb-9be0-fc955228db6d,14,15.24
5c6d7e8f-9a0b-1c2d-3e4f-5a6b7c8d9e0f,Evaluación Técnica,e1c69265-87e8-417b-b13a-2ae72c53d4e3,11,12.8
6c7d8e9f-0a1b-2c3d-4e5f-6a7b8c9d0e1f,Subir Borrador,0eea38fa-f85e-4c73-b47b-0a1985db1227,10,13.04
31ece703-f961-4e8e-a5c5-cd5c5b47e3db,Revisión Gerencial,3f72a8b2-777b-43c8-ba37-8f5d9fbd2135,1,5.3
a7b21cc3-d8cf-48af-8bb0-22cba4567e9b,Autorización Gerencia,2b549288-04a4-4705-bcd0-0332b683df27,8,11.62
7c8d9e0f-1a2b-3c4d-5e6f-7a8b9c0d1e2f,Feedback de Manager,8490fcc8-7f53-4704-ac48-99b48356b21c,6,8.84
993a46fb-a0b2-4d2c-88eb-11ab1c3d4e8c,Detallar Curso,f65f0bd7-27f5-4b8c-9641-94729f51744a,7,9.93
439df689-d1cf-41c3-883c-1b7713fe68e5,Inicio de la solicitud,bebe41a9-85fc-43f3-a125-5c7f72b0898d,10,13.26
6c7d8e9f-0a1b-2c3d-4e5f-6a7b8c9d0e1f,Consolidar Gastos,2084f511-720a-4096-80cd-5bc9b91cf5b6,7,11.88
31ece703-f961-4e8e-a5c5-cd5c5b47e3db,Aprobación de Pago,db614129-bb28-4b41-8a46-bea1444c388c,14,13.67
5c6d7e8f-9a0b-1c2d-3e4f-5a6b7c8d9e0f,Setup Tecnológico,e1c69265-87e8-417b-b13a-2ae72c53d4e3,6,13.98
6720c739-1916-432b-b392-e698dcfd8112,Feedback de Manager,87f8e8d1-83e9-4ddb-9be0-fc955228db6d,10,9.77
2c3d4e5f-6a7b-8c9d-0e1f-2a3b4c5d6e7f,Verificar Stock,eccb7c0d-52a7-4143-baad-ebee05361b50,8,10.24
8c9d0e1f-2a3b-4c5d-6e7f-8a9b0c1d2e3f,Detallar Curso,a9eff785-5679-4a1b-91ef-6ca8712ddd18,0,7.94
bd9966b2-5fa2-4a4b-b924-59e817a5e756,Evaluación Técnica,eccb7c0d-52a7-4143-baad-ebee05361b50,14,14.53
9c0d1e2f-3a4b-5c6d-7e8f-9a0b1c2d3e4f,Autoevaluación,14791e8e-28e4-4f61-9593-d7a2653d97a3,9,9.57
bd9966b2-5fa2-4a4b-b924-59e817a5e756,Autorización Gerencia,f615b16b-8fd1-43c9-97c0-a65e08960291,1,2.45
000a3793-827e-4616-84f9-0a23863e0a35,Revisión Gerencial,f65f0bd7-27f5-4b8c-9641-94729f51744a,10,13.35
7c8d9e0f-1a2b-3c4d-5e6f-7a8b9c0d1e2f,Especificar Licencia,e04f861d-b880-4d7f-bf03-59ce8e435929,9,12.52
4c5d6e7f-8a9b-0c1d-2e3f-4a5b6c7d8e9f,Aprobación Presupuesto,d822aaf2-81c6-4054-b63b-a2bec2d53509,10,10.52
f5ba7581-b2ac-4b3a-830e-64ab112f975a,Aprobar Presupuesto,d9b58f63-b601-433e-9861-2bf2ad90eeb6,3,3.73
000a3793-827e-4616-84f9-0a23863e0a35,Autoevaluación,3f72a8b2-777b-43c8-ba37-8f5d9fbd2135,2,2.91
5c6d7e8f-9a0b-1c2d-3e4f-5a6b7c8d9e0f,Solicitar Adelanto,14791e8e-28e4-4f61-9593-d7a2653d97a3,3,11.32
8c9d0e1f-2a3b-4c5d-6e7f-8a9b0c1d2e3f,Revisión Gerencial,a9eff785-5679-4a1b-91ef-6ca8712ddd18,3,11.91
bd9966b2-5fa2-4a4b-b924-59e817a5e756,Pago de Liquidación,87f8e8d1-83e9-4ddb-9be0-fc955228db6d,8,7.56
bd9966b2-5fa2-4a4b-b924-59e817a5e756,Verificar Stock,c017087e-fcbc-4f47-ae54-78008d243fbf,5,8.35
31ece703-f961-4e8e-a5c5-cd5c5b47e3db,Especificar Servidores,f615b16b-8fd1-43c9-97c0-a65e08960291,1,2.84
7c8d9e0f-1a2b-3c4d-5e6f-7a8b9c0d1e2f,Enviar solicitud de vacaciones,bebe41a9-85fc-43f3-a125-5c7f72b0898d,1,4.82
6c7d8e9f-0a1b-2c3d-4e5f-6a7b8c9d0e1f,Evaluación Técnica,eccb7c0d-52a7-4143-baad-ebee05361b50,10,11.15
3c4d5e6f-7a8b-9c0d-1e2f-3a4b5c6d7e8f,Revisión de Seguridad,e121cbea-1209-4fe7-ad22-6cf09caf5b95,1,6.93
31ece703-f961-4e8e-a5c5-cd5c5b47e3db,Solicitar Adelanto,d822aaf2-81c6-4054-b63b-a2bec2d53509,5,7.85
4c5d6e7f-8a9b-0c1d-2e3f-4a5b6c7d8e9f,Solicitar Adelanto,d822aaf2-81c6-4054-b63b-a2bec2d53509,12,12.94
8c9d0e1f-2a3b-4c5d-6e7f-8a9b0c1d2e3f,Iniciar Baja,f65f0bd7-27f5-4b8c-9641-94729f51744a,8,15.4
f5ba7581-b2ac-4b3a-830e-64ab112f975a,Inicio del Proceso,f615b16b-8fd1-43c9-97c0-a65e08960291,5,9.42
8c9d0e1f-2a3b-4c5d-6e7f-8a9b0c1d2e3f,Setup Tecnológico,e121cbea-1209-4fe7-ad22-6cf09caf5b95,10,12.07
5c6d7e8f-9a0b-1c2d-3e4f-5a6b7c8d9e0f,Autorización Gerencia,14791e8e-28e4-4f61-9593-d7a2653d97a3,5,8.66
439df689-d1cf-41c3-883c-1b7713fe68e5,Revisión Contable,2084f511-720a-4096-80cd-5bc9b91cf5b6,4,5.64
31ece703-f961-4e8e-a5c5-cd5c5b47e3db,Detallar Curso,8490fcc8-7f53-4704-ac48-99b48356b21c,5,9.79
f5ba7581-b2ac-4b3a-830e-64ab112f975a,Autorización Gerencia,4cd6a83f-a8b6-4b56-854d-5d3693ec4ab4,7,9.07
6720c739-1916-432b-b392-e698dcfd8112,Especificar Servidores,d9b58f63-b601-433e-9861-2bf2ad90eeb6,1,5.04
0e1f2a3b-4c5d-6e7f-8a9b-0c1d2e3f4a5b,Aprobación del manager,2e310583-c106-4f2c-a6c3-c4b12ec30658,12,10.68
6720c739-1916-432b-b392-e698dcfd8112,Validar Comercial,eccb7c0d-52a7-4143-baad-ebee05361b50,3,6.52
7c8d9e0f-1a2b-3c4d-5e6f-7a8b9c0d1e2f,Inicio de la solicitud,d822aaf2-81c6-4054-b63b-a2bec2d53509,8,8.38
3c4d5e6f-7a8b-9c0d-1e2f-3a4b5c6d7e8f,Inicio de la solicitud,e04f861d-b880-4d7f-bf03-59ce8e435929,0,5.73
f5ba7581-b2ac-4b3a-830e-64ab112f975a,Reunión Bienvenida,2b549288-04a4-4705-bcd0-0332b683df27,11,13.71
6720c739-1916-432b-b392-e698dcfd8112,Verificar Stock,db614129-bb28-4b41-8a46-bea1444c388c,7,7.97
bd9966b2-5fa2-4a4b-b924-59e817a5e756,Aprobación de Pago,e121cbea-1209-4fe7-ad22-6cf09caf5b95,3,4.11
31ece703-f961-4e8e-a5c5-cd5c5b47e3db,Preparar Firma,e1c69265-87e8-417b-b13a-2ae72c53d4e3,15,12.78
000a3793-827e-4616-84f9-0a23863e0a35,Inicio de la solicitud,c017087e-fcbc-4f47-ae54-78008d243fbf,4,7.54
5c6d7e8f-9a0b-1c2d-3e4f-5a6b7c8d9e0f,Revisión Gerencial,db614129-bb28-4b41-8a46-bea1444c388c,10,15.14
439df689-d1cf-41c3-883c-1b7713fe68e5,Solicitar Adelanto,2b549288-04a4-4705-bcd0-0332b683df27,12,12.79
111e9d86-cbd2-45ff-a809-4072bbe6a4d0,Revisión Gerencial,e1c69265-87e8-417b-b13a-2ae72c53d4e3,7,7.85
bd9966b2-5fa2-4a4b-b924-59e817a5e756,Presentar Requerimiento,f65f0bd7-27f5-4b8c-9641-94729f51744a,15,16.3
5c6d7e8f-9a0b-1c2d-3e4f-5a6b7c8d9e0f,Firma Director,d9b58f63-b601-433e-9861-2bf2ad90eeb6,13,14.25
9c0d1e2f-3a4b-5c6d-7e8f-9a0b1c2d3e4f,Autorización Gerencia,bebe41a9-85fc-43f3-a125-5c7f72b0898d,2,5.31
8c9d0e1f-2a3b-4c5d-6e7f-8a9b0c1d2e3f,Pago de Liquidación,d9b58f63-b601-433e-9861-2bf2ad90eeb6,2,5.21
2c3d4e5f-6a7b-8c9d-0e1f-2a3b4c5d6e7f,Detallar Curso,eccb7c0d-52a7-4143-baad-ebee05361b50,0,4.62
000a3793-827e-4616-84f9-0a23863e0a35,Setup Tecnológico,db614129-bb28-4b41-8a46-bea1444c388c,13,15.83
3c4d5e6f-7a8b-9c0d-1e2f-3a4b5c6d7e8f,Firma Director,a9eff785-5679-4a1b-91ef-6ca8712ddd18,2,4.01
31ece703-f961-4e8e-a5c5-cd5c5b47e3db,Consolidación de RRHH,d9b58f63-b601-433e-9861-2bf2ad90eeb6,15,14.57
8c9d0e1f-2a3b-4c5d-6e7f-8a9b0c1d2e3f,Revisión de Seguridad,3f72a8b2-777b-43c8-ba37-8f5d9fbd2135,14,17.05
f5ba7581-b2ac-4b3a-830e-64ab112f975a,Inicio del Proceso,4cd6a83f-a8b6-4b56-854d-5d3693ec4ab4,12,13.8
439df689-d1cf-41c3-883c-1b7713fe68e5,Validar Capacitación,87f8e8d1-83e9-4ddb-9be0-fc955228db6d,0,2.99
bd9966b2-5fa2-4a4b-b924-59e817a5e756,Validar Elegibilidad,f615b16b-8fd1-43c9-97c0-a65e08960291,9,11.87
6c7d8e9f-0a1b-2c3d-4e5f-6a7b8c9d0e1f,Reunión Bienvenida,8490fcc8-7f53-4704-ac48-99b48356b21c,3,5.73
3c4d5e6f-7a8b-9c0d-1e2f-3a4b5c6d7e8f,Revisión Contable,d822aaf2-81c6-4054-b63b-a2bec2d53509,10,10.67
3c4d5e6f-7a8b-9c0d-1e2f-3a4b5c6d7e8f,Revisión de Seguridad,e04f861d-b880-4d7f-bf03-59ce8e435929,0,5.33
000a3793-827e-4616-84f9-0a23863e0a35,Enviar solicitud de vacaciones,f615b16b-8fd1-43c9-97c0-a65e08960291,13,11.03
111e9d86-cbd2-45ff-a809-4072bbe6a4d0,Validar Capacitación,a9eff785-5679-4a1b-91ef-6ca8712ddd18,9,10.89
5c6d7e8f-9a0b-1c2d-3e4f-5a6b7c8d9e0f,Validación de RRHH,db614129-bb28-4b41-8a46-bea1444c388c,0,8.92
a7b21cc3-d8cf-48af-8bb0-22cba4567e9b,Enviar solicitud de vacaciones,e121cbea-1209-4fe7-ad22-6cf09caf5b95,6,9.02
a7b21cc3-d8cf-48af-8bb0-22cba4567e9b,Inicio de la solicitud,c017087e-fcbc-4f47-ae54-78008d243fbf,11,11.89
2c3d4e5f-6a7b-8c9d-0e1f-2a3b4c5d6e7f,Revisión Gerencial,2b549288-04a4-4705-bcd0-0332b683df27,7,9.98
6720c739-1916-432b-b392-e698dcfd8112,Detallar Curso,c017087e-fcbc-4f47-ae54-78008d243fbf,7,8.04
bd9966b2-5fa2-4a4b-b924-59e817a5e756,Pago de Liquidación,c017087e-fcbc-4f47-ae54-78008d243fbf,13,12.69
3c4d5e6f-7a8b-9c0d-1e2f-3a4b5c6d7e8f,Validación de RRHH,db614129-bb28-4b41-8a46-bea1444c388c,2,5.47
a7b21cc3-d8cf-48af-8bb0-22cba4567e9b,Preparar Firma,4cd6a83f-a8b6-4b56-854d-5d3693ec4ab4,4,7.37
3c4d5e6f-7a8b-9c0d-1e2f-3a4b5c6d7e8f,Solicitar Adelanto,e121cbea-1209-4fe7-ad22-6cf09caf5b95,4,8.7
9c0d1e2f-3a4b-5c6d-7e8f-9a0b1c2d3e4f,Aprobación de Pago,c017087e-fcbc-4f47-ae54-78008d243fbf,5,7.69
6720c739-1916-432b-b392-e698dcfd8112,Enviar solicitud de vacaciones,8490fcc8-7f53-4704-ac48-99b48356b21c,10,9.64
0e1f2a3b-4c5d-6e7f-8a9b-0c1d2e3f4a5b,Verificar Stock,eccb7c0d-52a7-4143-baad-ebee05361b50,3,4.07
31ece703-f961-4e8e-a5c5-cd5c5b47e3db,Dispersión de Fondos,a9eff785-5679-4a1b-91ef-6ca8712ddd18,7,7.92
7c8d9e0f-1a2b-3c4d-5e6f-7a8b9c0d1e2f,Procesar Transferencia,eccb7c0d-52a7-4143-baad-ebee05361b50,12,13.07
a7b21cc3-d8cf-48af-8bb0-22cba4567e9b,Autoevaluación,a9eff785-5679-4a1b-91ef-6ca8712ddd18,10,10.98
439df689-d1cf-41c3-883c-1b7713fe68e5,Procesar Transferencia,0eea38fa-f85e-4c73-b47b-0a1985db1227,11,11.19
8c9d0e1f-2a3b-4c5d-6e7f-8a9b0c1d2e3f,Aprobar Presupuesto,2b549288-04a4-4705-bcd0-0332b683df27,7,13.48
6720c739-1916-432b-b392-e698dcfd8112,Habilitar Permisos,f615b16b-8fd1-43c9-97c0-a65e08960291,3,8.13
3c4d5e6f-7a8b-9c0d-1e2f-3a4b5c6d7e8f,Pago de Liquidación,bebe41a9-85fc-43f3-a125-5c7f72b0898d,4,7.9
9c0d1e2f-3a4b-5c6d-7e8f-9a0b1c2d3e4f,Consolidar Gastos,eccb7c0d-52a7-4143-baad-ebee05361b50,3,6.19
4c5d6e7f-8a9b-0c1d-2e3f-4a5b6c7d8e9f,Validar Comercial,d9b58f63-b601-433e-9861-2bf2ad90eeb6,13,12.47
6c7d8e9f-0a1b-2c3d-4e5f-6a7b8c9d0e1f,Procesar Transferencia,e04f861d-b880-4d7f-bf03-59ce8e435929,2,7.52
31ece703-f961-4e8e-a5c5-cd5c5b47e3db,Enviar solicitud de vacaciones,db614129-bb28-4b41-8a46-bea1444c388c,8,9.25
6720c739-1916-432b-b392-e698dcfd8112,Autorización Gerencia,0eea38fa-f85e-4c73-b47b-0a1985db1227,1,3.27
a7b21cc3-d8cf-48af-8bb0-22cba4567e9b,Validación de RRHH,8490fcc8-7f53-4704-ac48-99b48356b21c,12,12.27
5c6d7e8f-9a0b-1c2d-3e4f-5a6b7c8d9e0f,Revisión de Seguridad,e04f861d-b880-4d7f-bf03-59ce8e435929,10,12.85
f5ba7581-b2ac-4b3a-830e-64ab112f975a,Registrar Recibos,c017087e-fcbc-4f47-ae54-78008d243fbf,11,9.61
000a3793-827e-4616-84f9-0a23863e0a35,Autoevaluación,a9eff785-5679-4a1b-91ef-6ca8712ddd18,10,10.34
9c0d1e2f-3a4b-5c6d-7e8f-9a0b1c2d3e4f,Aprobación Costos,c017087e-fcbc-4f47-ae54-78008d243fbf,7,10.37
6720c739-1916-432b-b392-e698dcfd8112,Revisión Gerencial,0eea38fa-f85e-4c73-b47b-0a1985db1227,14,15.71
0e1f2a3b-4c5d-6e7f-8a9b-0c1d2e3f4a5b,Verificar Stock,eccb7c0d-52a7-4143-baad-ebee05361b50,5,4.68
8c9d0e1f-2a3b-4c5d-6e7f-8a9b0c1d2e3f,Subir Borrador,c017087e-fcbc-4f47-ae54-78008d243fbf,13,16.84
0e1f2a3b-4c5d-6e7f-8a9b-0c1d2e3f4a5b,Preparar Firma,eccb7c0d-52a7-4143-baad-ebee05361b50,8,7.31
9c0d1e2f-3a4b-5c6d-7e8f-9a0b1c2d3e4f,Revisión de Seguridad,db614129-bb28-4b41-8a46-bea1444c388c,2,4.51
9c0d1e2f-3a4b-5c6d-7e8f-9a0b1c2d3e4f,Cerrar Accesos,eccb7c0d-52a7-4143-baad-ebee05361b50,6,9.02
000a3793-827e-4616-84f9-0a23863e0a35,Validación de RRHH,87f8e8d1-83e9-4ddb-9be0-fc955228db6d,1,6.67
6c7d8e9f-0a1b-2c3d-4e5f-6a7b8c9d0e1f,Autoevaluación,2084f511-720a-4096-80cd-5bc9b91cf5b6,15,12.79
000a3793-827e-4616-84f9-0a23863e0a35,Autoevaluación,bebe41a9-85fc-43f3-a125-5c7f72b0898d,3,7.33
0e1f2a3b-4c5d-6e7f-8a9b-0c1d2e3f4a5b,Validación de RRHH,3f72a8b2-777b-43c8-ba37-8f5d9fbd2135,15,12.87
a7b21cc3-d8cf-48af-8bb0-22cba4567e9b,Dispersión de Fondos,f65f0bd7-27f5-4b8c-9641-94729f51744a,7,11.56
0e1f2a3b-4c5d-6e7f-8a9b-0c1d2e3f4a5b,Aprobar Presupuesto,3f72a8b2-777b-43c8-ba37-8f5d9fbd2135,8,7.34
31ece703-f961-4e8e-a5c5-cd5c5b47e3db,Procesar Transferencia,eccb7c0d-52a7-4143-baad-ebee05361b50,12,11.98
31ece703-f961-4e8e-a5c5-cd5c5b47e3db,Especificar Servidores,4cd6a83f-a8b6-4b56-854d-5d3693ec4ab4,8,9.76
f5ba7581-b2ac-4b3a-830e-64ab112f975a,Especificar Servidores,0eea38fa-f85e-4c73-b47b-0a1985db1227,9,10.12
111e9d86-cbd2-45ff-a809-4072bbe6a4d0,Revisión Contable,bebe41a9-85fc-43f3-a125-5c7f72b0898d,1,5.0
111e9d86-cbd2-45ff-a809-4072bbe6a4d0,Feedback de Manager,87f8e8d1-83e9-4ddb-9be0-fc955228db6d,5,7.02
000a3793-827e-4616-84f9-0a23863e0a35,Setup Tecnológico,d822aaf2-81c6-4054-b63b-a2bec2d53509,3,4.44
3c4d5e6f-7a8b-9c0d-1e2f-3a4b5c6d7e8f,Setup Tecnológico,d822aaf2-81c6-4054-b63b-a2bec2d53509,14,13.19
3c4d5e6f-7a8b-9c0d-1e2f-3a4b5c6d7e8f,Aprobación de Pago,8490fcc8-7f53-4704-ac48-99b48356b21c,8,7.68
5c6d7e8f-9a0b-1c2d-3e4f-5a6b7c8d9e0f,Presentar Requerimiento,c017087e-fcbc-4f47-ae54-78008d243fbf,7,12.58
f5ba7581-b2ac-4b3a-830e-64ab112f975a,Validar Elegibilidad,db614129-bb28-4b41-8a46-bea1444c388c,7,8.75
4c5d6e7f-8a9b-0c1d-2e3f-4a5b6c7d8e9f,Especificar Servidores,8490fcc8-7f53-4704-ac48-99b48356b21c,1,6.91
f5ba7581-b2ac-4b3a-830e-64ab112f975a,Validar Capacitación,a9eff785-5679-4a1b-91ef-6ca8712ddd18,14,14.78
5c6d7e8f-9a0b-1c2d-3e4f-5a6b7c8d9e0f,Setup Tecnológico,2084f511-720a-4096-80cd-5bc9b91cf5b6,0,7.89
9c0d1e2f-3a4b-5c6d-7e8f-9a0b1c2d3e4f,Aprobar Presupuesto,f615b16b-8fd1-43c9-97c0-a65e08960291,9,12.28
9c0d1e2f-3a4b-5c6d-7e8f-9a0b1c2d3e4f,Pago de Liquidación,eccb7c0d-52a7-4143-baad-ebee05361b50,13,12.95
a7b21cc3-d8cf-48af-8bb0-22cba4567e9b,Setup Tecnológico,2084f511-720a-4096-80cd-5bc9b91cf5b6,3,6.19
6c7d8e9f-0a1b-2c3d-4e5f-6a7b8c9d0e1f,Dispersión de Fondos,8490fcc8-7f53-4704-ac48-99b48356b21c,8,9.98
f5ba7581-b2ac-4b3a-830e-64ab112f975a,Preparar Firma,f65f0bd7-27f5-4b8c-9641-94729f51744a,12,14.16
111e9d86-cbd2-45ff-a809-4072bbe6a4d0,Instalar Licencia,f65f0bd7-27f5-4b8c-9641-94729f51744a,15,15.47
000a3793-827e-4616-84f9-0a23863e0a35,Instalar Licencia,2b549288-04a4-4705-bcd0-0332b683df27,12,11.55
bd9966b2-5fa2-4a4b-b924-59e817a5e756,Firma Director,f65f0bd7-27f5-4b8c-9641-94729f51744a,5,9.53
31ece703-f961-4e8e-a5c5-cd5c5b47e3db,Firma Director,f615b16b-8fd1-43c9-97c0-a65e08960291,9,8.59
2c3d4e5f-6a7b-8c9d-0e1f-2a3b4c5d6e7f,Dispersión de Fondos,2e310583-c106-4f2c-a6c3-c4b12ec30658,15,16.31
2c3d4e5f-6a7b-8c9d-0e1f-2a3b4c5d6e7f,Consolidación de RRHH,f615b16b-8fd1-43c9-97c0-a65e08960291,0,2.83
5c6d7e8f-9a0b-1c2d-3e4f-5a6b7c8d9e0f,Evaluación Técnica,0eea38fa-f85e-4c73-b47b-0a1985db1227,11,15.52
7c8d9e0f-1a2b-3c4d-5e6f-7a8b9c0d1e2f,Validar Elegibilidad,8490fcc8-7f53-4704-ac48-99b48356b21c,5,8.96
5c6d7e8f-9a0b-1c2d-3e4f-5a6b7c8d9e0f,Validar Capacitación,3f72a8b2-777b-43c8-ba37-8f5d9fbd2135,9,12.11
3c4d5e6f-7a8b-9c0d-1e2f-3a4b5c6d7e8f,Validar Elegibilidad,e1c69265-87e8-417b-b13a-2ae72c53d4e3,1,2.78
31ece703-f961-4e8e-a5c5-cd5c5b47e3db,Entrega del Equipo,f65f0bd7-27f5-4b8c-9641-94729f51744a,7,11.44
5c6d7e8f-9a0b-1c2d-3e4f-5a6b7c8d9e0f,Aprobación Presupuesto,0eea38fa-f85e-4c73-b47b-0a1985db1227,0,8.53
f5ba7581-b2ac-4b3a-830e-64ab112f975a,Habilitar Permisos,e121cbea-1209-4fe7-ad22-6cf09caf5b95,8,9.47
a7b21cc3-d8cf-48af-8bb0-22cba4567e9b,Validación de RRHH,f615b16b-8fd1-43c9-97c0-a65e08960291,2,6.24
3c4d5e6f-7a8b-9c0d-1e2f-3a4b5c6d7e8f,Feedback de Manager,a9eff785-5679-4a1b-91ef-6ca8712ddd18,9,10.6
111e9d86-cbd2-45ff-a809-4072bbe6a4d0,Entrega del Equipo,c017087e-fcbc-4f47-ae54-78008d243fbf,10,10.93
000a3793-827e-4616-84f9-0a23863e0a35,Entrega del Equipo,c017087e-fcbc-4f47-ae54-78008d243fbf,6,8.93
8c9d0e1f-2a3b-4c5d-6e7f-8a9b0c1d2e3f,Verificar Factura,4cd6a83f-a8b6-4b56-854d-5d3693ec4ab4,5,11.71
4c5d6e7f-8a9b-0c1d-2e3f-4a5b6c7d8e9f,Subir Borrador,4cd6a83f-a8b6-4b56-854d-5d3693ec4ab4,13,13.94
a7b21cc3-d8cf-48af-8bb0-22cba4567e9b,Entrega del Equipo,bebe41a9-85fc-43f3-a125-5c7f72b0898d,11,14.75
000a3793-827e-4616-84f9-0a23863e0a35,Evaluación Técnica,f65f0bd7-27f5-4b8c-9641-94729f51744a,11,9.79
000a3793-827e-4616-84f9-0a23863e0a35,Aprobación Costos,7949fc3c-9284-40a0-8161-7b39cf9f9b2d,13,15.0
4c5d6e7f-8a9b-0c1d-2e3f-4a5b6c7d8e9f,Inicio del Proceso,87f8e8d1-83e9-4ddb-9be0-fc955228db6d,2,3.96
3c4d5e6f-7a8b-9c0d-1e2f-3a4b5c6d7e8f,Dispersión de Fondos,a9eff785-5679-4a1b-91ef-6ca8712ddd18,7,9.8
6720c739-1916-432b-b392-e698dcfd8112,Aprobación del manager,14791e8e-28e4-4f61-9593-d7a2653d97a3,7,10.19
31ece703-f961-4e8e-a5c5-cd5c5b47e3db,Iniciar Baja,2084f511-720a-4096-80cd-5bc9b91cf5b6,5,8.8
31ece703-f961-4e8e-a5c5-cd5c5b47e3db,Validar Capacitación,e1c69265-87e8-417b-b13a-2ae72c53d4e3,0,5.04
439df689-d1cf-41c3-883c-1b7713fe68e5,Validar Elegibilidad,8490fcc8-7f53-4704-ac48-99b48356b21c,13,12.98
993a46fb-a0b2-4d2c-88eb-11ab1c3d4e8c,Revisión Contable,0eea38fa-f85e-4c73-b47b-0a1985db1227,10,13.97
5c6d7e8f-9a0b-1c2d-3e4f-5a6b7c8d9e0f,Aprobación del manager,4cd6a83f-a8b6-4b56-854d-5d3693ec4ab4,2,7.77
111e9d86-cbd2-45ff-a809-4072bbe6a4d0,Registrar Recibos,87f8e8d1-83e9-4ddb-9be0-fc955228db6d,15,16.15
4c5d6e7f-8a9b-0c1d-2e3f-4a5b6c7d8e9f,Entrega del Equipo,bebe41a9-85fc-43f3-a125-5c7f72b0898d,3,6.85
6720c739-1916-432b-b392-e698dcfd8112,Autorización Gerencia,2e310583-c106-4f2c-a6c3-c4b12ec30658,8,10.25
6720c739-1916-432b-b392-e698dcfd8112,Revisión Contable,2b549288-04a4-4705-bcd0-0332b683df27,14,15.91
7c8d9e0f-1a2b-3c4d-5e6f-7a8b9c0d1e2f,Validar Elegibilidad,f615b16b-8fd1-43c9-97c0-a65e08960291,11,9.83
5c6d7e8f-9a0b-1c2d-3e4f-5a6b7c8d9e0f,Setup Tecnológico,c017087e-fcbc-4f47-ae54-78008d243fbf,15,15.34
4c5d6e7f-8a9b-0c1d-2e3f-4a5b6c7d8e9f,Validar Capacitación,14791e8e-28e4-4f61-9593-d7a2653d97a3,15,13.77
5c6d7e8f-9a0b-1c2d-3e4f-5a6b7c8d9e0f,Cerrar Accesos,d9b58f63-b601-433e-9861-2bf2ad90eeb6,2,7.14
31ece703-f961-4e8e-a5c5-cd5c5b47e3db,Cerrar Accesos,a9eff785-5679-4a1b-91ef-6ca8712ddd18,1,5.78
f5ba7581-b2ac-4b3a-830e-64ab112f975a,Validar Elegibilidad,8490fcc8-7f53-4704-ac48-99b48356b21c,13,13.39
4c5d6e7f-8a9b-0c1d-2e3f-4a5b6c7d8e9f,Procesar Transferencia,2b549288-04a4-4705-bcd0-0332b683df27,8,8.37
000a3793-827e-4616-84f9-0a23863e0a35,Validar Capacitación,d9b58f63-b601-433e-9861-2bf2ad90eeb6,15,14.06
5c6d7e8f-9a0b-1c2d-3e4f-5a6b7c8d9e0f,Validar Comercial,c017087e-fcbc-4f47-ae54-78008d243fbf,6,12.82
439df689-d1cf-41c3-883c-1b7713fe68e5,Entrega del Equipo,db614129-bb28-4b41-8a46-bea1444c388c,14,15.56
7c8d9e0f-1a2b-3c4d-5e6f-7a8b9c0d1e2f,Dispersión de Fondos,0eea38fa-f85e-4c73-b47b-0a1985db1227,14,13.37
f5ba7581-b2ac-4b3a-830e-64ab112f975a,Instalar Licencia,bebe41a9-85fc-43f3-a125-5c7f72b0898d,11,12.29
5c6d7e8f-9a0b-1c2d-3e4f-5a6b7c8d9e0f,Iniciar Baja,4cd6a83f-a8b6-4b56-854d-5d3693ec4ab4,10,14.83
8c9d0e1f-2a3b-4c5d-6e7f-8a9b0c1d2e3f,Procesar Transferencia,d9b58f63-b601-433e-9861-2bf2ad90eeb6,8,13.19
4c5d6e7f-8a9b-0c1d-2e3f-4a5b6c7d8e9f,Solicitar Adelanto,2b549288-04a4-4705-bcd0-0332b683df27,14,13.75
2c3d4e5f-6a7b-8c9d-0e1f-2a3b4c5d6e7f,Iniciar Baja,8490fcc8-7f53-4704-ac48-99b48356b21c,2,4.32
bd9966b2-5fa2-4a4b-b924-59e817a5e756,Feedback de Manager,2084f511-720a-4096-80cd-5bc9b91cf5b6,1,3.76
993a46fb-a0b2-4d2c-88eb-11ab1c3d4e8c,Preparar Firma,7949fc3c-9284-40a0-8161-7b39cf9f9b2d,2,6.4
5c6d7e8f-9a0b-1c2d-3e4f-5a6b7c8d9e0f,Revisión Gerencial,a9eff785-5679-4a1b-91ef-6ca8712ddd18,0,7.91
111e9d86-cbd2-45ff-a809-4072bbe6a4d0,Consolidación de RRHH,d9b58f63-b601-433e-9861-2bf2ad90eeb6,8,9.52
6720c739-1916-432b-b392-e698dcfd8112,Evaluación Técnica,14791e8e-28e4-4f61-9593-d7a2653d97a3,5,6.55
0e1f2a3b-4c5d-6e7f-8a9b-0c1d2e3f4a5b,Aprobar Presupuesto,2084f511-720a-4096-80cd-5bc9b91cf5b6,6,5.72
0e1f2a3b-4c5d-6e7f-8a9b-0c1d2e3f4a5b,Validar Elegibilidad,e1c69265-87e8-417b-b13a-2ae72c53d4e3,4,4.88
2c3d4e5f-6a7b-8c9d-0e1f-2a3b4c5d6e7f,Consolidación de RRHH,7949fc3c-9284-40a0-8161-7b39cf9f9b2d,3,4.78
bd9966b2-5fa2-4a4b-b924-59e817a5e756,Aprobación de Pago,8490fcc8-7f53-4704-ac48-99b48356b21c,12,13.53
2c3d4e5f-6a7b-8c9d-0e1f-2a3b4c5d6e7f,Validar Capacitación,d822aaf2-81c6-4054-b63b-a2bec2d53509,10,11.17
bd9966b2-5fa2-4a4b-b924-59e817a5e756,Habilitar Permisos,f65f0bd7-27f5-4b8c-9641-94729f51744a,14,14.06
000a3793-827e-4616-84f9-0a23863e0a35,Consolidar Gastos,a9eff785-5679-4a1b-91ef-6ca8712ddd18,3,7.32
000a3793-827e-4616-84f9-0a23863e0a35,Aprobación Costos,8490fcc8-7f53-4704-ac48-99b48356b21c,10,9.12
8c9d0e1f-2a3b-4c5d-6e7f-8a9b0c1d2e3f,Consolidación de RRHH,e04f861d-b880-4d7f-bf03-59ce8e435929,15,16.69
7c8d9e0f-1a2b-3c4d-5e6f-7a8b9c0d1e2f,Feedback de Manager,2b549288-04a4-4705-bcd0-0332b683df27,8,12.76
31ece703-f961-4e8e-a5c5-cd5c5b47e3db,Inicio de la solicitud,4cd6a83f-a8b6-4b56-854d-5d3693ec4ab4,3,7.62
6c7d8e9f-0a1b-2c3d-4e5f-6a7b8c9d0e1f,Aprobación del manager,e1c69265-87e8-417b-b13a-2ae72c53d4e3,13,13.47
000a3793-827e-4616-84f9-0a23863e0a35,Subir Borrador,8490fcc8-7f53-4704-ac48-99b48356b21c,3,5.29
0e1f2a3b-4c5d-6e7f-8a9b-0c1d2e3f4a5b,Revisión Contable,a9eff785-5679-4a1b-91ef-6ca8712ddd18,9,9.71
5c6d7e8f-9a0b-1c2d-3e4f-5a6b7c8d9e0f,Consolidar Gastos,eccb7c0d-52a7-4143-baad-ebee05361b50,7,14.52
111e9d86-cbd2-45ff-a809-4072bbe6a4d0,Validar Elegibilidad,d9b58f63-b601-433e-9861-2bf2ad90eeb6,1,6.66
9c0d1e2f-3a4b-5c6d-7e8f-9a0b1c2d3e4f,Aprobación Presupuesto,2084f511-720a-4096-80cd-5bc9b91cf5b6,4,6.24
439df689-d1cf-41c3-883c-1b7713fe68e5,Inicio de la solicitud,c017087e-fcbc-4f47-ae54-78008d243fbf,7,9.56
6c7d8e9f-0a1b-2c3d-4e5f-6a7b8c9d0e1f,Inicio de la solicitud,4cd6a83f-a8b6-4b56-854d-5d3693ec4ab4,1,2.0
2c3d4e5f-6a7b-8c9d-0e1f-2a3b4c5d6e7f,Presentar Requerimiento,bebe41a9-85fc-43f3-a125-5c7f72b0898d,1,3.98
bd9966b2-5fa2-4a4b-b924-59e817a5e756,Habilitar Permisos,e121cbea-1209-4fe7-ad22-6cf09caf5b95,13,12.43
439df689-d1cf-41c3-883c-1b7713fe68e5,Detallar Curso,c017087e-fcbc-4f47-ae54-78008d243fbf,0,5.74
439df689-d1cf-41c3-883c-1b7713fe68e5,Inicio de la solicitud,0eea38fa-f85e-4c73-b47b-0a1985db1227,10,13.05
bd9966b2-5fa2-4a4b-b924-59e817a5e756,Solicitar Adelanto,c017087e-fcbc-4f47-ae54-78008d243fbf,11,13.28
6c7d8e9f-0a1b-2c3d-4e5f-6a7b8c9d0e1f,Habilitar Permisos,c017087e-fcbc-4f47-ae54-78008d243fbf,3,5.54
6c7d8e9f-0a1b-2c3d-4e5f-6a7b8c9d0e1f,Revisión Gerencial,2b549288-04a4-4705-bcd0-0332b683df27,13,14.28
bd9966b2-5fa2-4a4b-b924-59e817a5e756,Habilitar Permisos,2084f511-720a-4096-80cd-5bc9b91cf5b6,1,6.86
2c3d4e5f-6a7b-8c9d-0e1f-2a3b4c5d6e7f,Cerrar Accesos,14791e8e-28e4-4f61-9593-d7a2653d97a3,2,2.99
993a46fb-a0b2-4d2c-88eb-11ab1c3d4e8c,Preparar Firma,c017087e-fcbc-4f47-ae54-78008d243fbf,2,8.9
439df689-d1cf-41c3-883c-1b7713fe68e5,Iniciar Baja,87f8e8d1-83e9-4ddb-9be0-fc955228db6d,12,13.18
6c7d8e9f-0a1b-2c3d-4e5f-6a7b8c9d0e1f,Solicitar Adelanto,bebe41a9-85fc-43f3-a125-5c7f72b0898d,6,9.46
993a46fb-a0b2-4d2c-88eb-11ab1c3d4e8c,Subir Borrador,f615b16b-8fd1-43c9-97c0-a65e08960291,8,14.44
a7b21cc3-d8cf-48af-8bb0-22cba4567e9b,Entrega del Equipo,c017087e-fcbc-4f47-ae54-78008d243fbf,4,7.15
a7b21cc3-d8cf-48af-8bb0-22cba4567e9b,Dispersión de Fondos,0eea38fa-f85e-4c73-b47b-0a1985db1227,10,8.9
2c3d4e5f-6a7b-8c9d-0e1f-2a3b4c5d6e7f,Dispersión de Fondos,2e310583-c106-4f2c-a6c3-c4b12ec30658,11,11.38
6c7d8e9f-0a1b-2c3d-4e5f-6a7b8c9d0e1f,Revisión Contable,14791e8e-28e4-4f61-9593-d7a2653d97a3,2,4.84
0e1f2a3b-4c5d-6e7f-8a9b-0c1d2e3f4a5b,Autorización Gerencia,c017087e-fcbc-4f47-ae54-78008d243fbf,15,13.36
f5ba7581-b2ac-4b3a-830e-64ab112f975a,Detallar Curso,d822aaf2-81c6-4054-b63b-a2bec2d53509,8,11.26
31ece703-f961-4e8e-a5c5-cd5c5b47e3db,Presentar Requerimiento,a9eff785-5679-4a1b-91ef-6ca8712ddd18,13,12.68
f5ba7581-b2ac-4b3a-830e-64ab112f975a,Feedback de Manager,2e310583-c106-4f2c-a6c3-c4b12ec30658,14,12.69
6720c739-1916-432b-b392-e698dcfd8112,Validación de RRHH,c017087e-fcbc-4f47-ae54-78008d243fbf,4,5.59
439df689-d1cf-41c3-883c-1b7713fe68e5,Feedback de Manager,c017087e-fcbc-4f47-ae54-78008d243fbf,11,12.41
31ece703-f961-4e8e-a5c5-cd5c5b47e3db,Enviar solicitud de vacaciones,87f8e8d1-83e9-4ddb-9be0-fc955228db6d,10,11.74
31ece703-f961-4e8e-a5c5-cd5c5b47e3db,Entrega del Equipo,4cd6a83f-a8b6-4b56-854d-5d3693ec4ab4,12,14.0
6720c739-1916-432b-b392-e698dcfd8112,Especificar Licencia,bebe41a9-85fc-43f3-a125-5c7f72b0898d,13,14.64
3c4d5e6f-7a8b-9c0d-1e2f-3a4b5c6d7e8f,Validar Capacitación,c017087e-fcbc-4f47-ae54-78008d243fbf,13,13.46
7c8d9e0f-1a2b-3c4d-5e6f-7a8b9c0d1e2f,Aprobación Presupuesto,4cd6a83f-a8b6-4b56-854d-5d3693ec4ab4,3,6.66
31ece703-f961-4e8e-a5c5-cd5c5b47e3db,Revisión de Seguridad,f65f0bd7-27f5-4b8c-9641-94729f51744a,1,4.79
a7b21cc3-d8cf-48af-8bb0-22cba4567e9b,Entrega del Equipo,f615b16b-8fd1-43c9-97c0-a65e08960291,12,14.05
6c7d8e9f-0a1b-2c3d-4e5f-6a7b8c9d0e1f,Detallar Curso,c017087e-fcbc-4f47-ae54-78008d243fbf,15,14.45
111e9d86-cbd2-45ff-a809-4072bbe6a4d0,Validar Capacitación,2b549288-04a4-4705-bcd0-0332b683df27,5,7.37
111e9d86-cbd2-45ff-a809-4072bbe6a4d0,Preparar Firma,e1c69265-87e8-417b-b13a-2ae72c53d4e3,7,9.14
111e9d86-cbd2-45ff-a809-4072bbe6a4d0,Validación de RRHH,c017087e-fcbc-4f47-ae54-78008d243fbf,10,13.44
31ece703-f961-4e8e-a5c5-cd5c5b47e3db,Procesar Transferencia,e1c69265-87e8-417b-b13a-2ae72c53d4e3,1,6.36
000a3793-827e-4616-84f9-0a23863e0a35,Solicitar Adelanto,2b549288-04a4-4705-bcd0-0332b683df27,12,11.52
31ece703-f961-4e8e-a5c5-cd5c5b47e3db,Procesar Transferencia,e121cbea-1209-4fe7-ad22-6cf09caf5b95,8,10.67
111e9d86-cbd2-45ff-a809-4072bbe6a4d0,Consolidación de RRHH,e04f861d-b880-4d7f-bf03-59ce8e435929,2,7.76
2c3d4e5f-6a7b-8c9d-0e1f-2a3b4c5d6e7f,Instalar Licencia,7949fc3c-9284-40a0-8161-7b39cf9f9b2d,7,9.76
4c5d6e7f-8a9b-0c1d-2e3f-4a5b6c7d8e9f,Revisión Gerencial,bebe41a9-85fc-43f3-a125-5c7f72b0898d,0,2.37
000a3793-827e-4616-84f9-0a23863e0a35,Preparar Firma,bebe41a9-85fc-43f3-a125-5c7f72b0898d,9,9.77
7c8d9e0f-1a2b-3c4d-5e6f-7a8b9c0d1e2f,Pago de Liquidación,bebe41a9-85fc-43f3-a125-5c7f72b0898d,15,16.74
111e9d86-cbd2-45ff-a809-4072bbe6a4d0,Entrega del Equipo,db614129-bb28-4b41-8a46-bea1444c388c,5,8.57
439df689-d1cf-41c3-883c-1b7713fe68e5,Validar Capacitación,e1c69265-87e8-417b-b13a-2ae72c53d4e3,13,13.55
6c7d8e9f-0a1b-2c3d-4e5f-6a7b8c9d0e1f,Preparar Firma,d9b58f63-b601-433e-9861-2bf2ad90eeb6,11,13.9
111e9d86-cbd2-45ff-a809-4072bbe6a4d0,Pago de Liquidación,3f72a8b2-777b-43c8-ba37-8f5d9fbd2135,13,12.14
4c5d6e7f-8a9b-0c1d-2e3f-4a5b6c7d8e9f,Pago de Liquidación,8490fcc8-7f53-4704-ac48-99b48356b21c,9,8.25
439df689-d1cf-41c3-883c-1b7713fe68e5,Inicio del Proceso,d822aaf2-81c6-4054-b63b-a2bec2d53509,4,8.53
8c9d0e1f-2a3b-4c5d-6e7f-8a9b0c1d2e3f,Reunión Bienvenida,3f72a8b2-777b-43c8-ba37-8f5d9fbd2135,6,9.89
31ece703-f961-4e8e-a5c5-cd5c5b47e3db,Subir Borrador,d822aaf2-81c6-4054-b63b-a2bec2d53509,2,4.97
993a46fb-a0b2-4d2c-88eb-11ab1c3d4e8c,Setup Tecnológico,c017087e-fcbc-4f47-ae54-78008d243fbf,15,18.4
5c6d7e8f-9a0b-1c2d-3e4f-5a6b7c8d9e0f,Autoevaluación,eccb7c0d-52a7-4143-baad-ebee05361b50,15,16.31
0e1f2a3b-4c5d-6e7f-8a9b-0c1d2e3f4a5b,Aprobar Presupuesto,14791e8e-28e4-4f61-9593-d7a2653d97a3,15,12.35
bd9966b2-5fa2-4a4b-b924-59e817a5e756,Entrega del Equipo,14791e8e-28e4-4f61-9593-d7a2653d97a3,2,4.56
9c0d1e2f-3a4b-5c6d-7e8f-9a0b1c2d3e4f,Detallar Curso,f615b16b-8fd1-43c9-97c0-a65e08960291,13,15.31
4c5d6e7f-8a9b-0c1d-2e3f-4a5b6c7d8e9f,Consolidar Gastos,0eea38fa-f85e-4c73-b47b-0a1985db1227,12,13.71
439df689-d1cf-41c3-883c-1b7713fe68e5,Inicio del Proceso,d9b58f63-b601-433e-9861-2bf2ad90eeb6,8,7.18
7c8d9e0f-1a2b-3c4d-5e6f-7a8b9c0d1e2f,Aprobación Costos,db614129-bb28-4b41-8a46-bea1444c388c,9,12.16
993a46fb-a0b2-4d2c-88eb-11ab1c3d4e8c,Enviar solicitud de vacaciones,e1c69265-87e8-417b-b13a-2ae72c53d4e3,15,15.61
9c0d1e2f-3a4b-5c6d-7e8f-9a0b1c2d3e4f,Detallar Curso,0eea38fa-f85e-4c73-b47b-0a1985db1227,15,15.28
9c0d1e2f-3a4b-5c6d-7e8f-9a0b1c2d3e4f,Autorización Gerencia,2084f511-720a-4096-80cd-5bc9b91cf5b6,0,3.57
3c4d5e6f-7a8b-9c0d-1e2f-3a4b5c6d7e8f,Habilitar Permisos,2b549288-04a4-4705-bcd0-0332b683df27,2,6.77
a7b21cc3-d8cf-48af-8bb0-22cba4567e9b,Autorización Gerencia,db614129-bb28-4b41-8a46-bea1444c388c,3,8.49
5c6d7e8f-9a0b-1c2d-3e4f-5a6b7c8d9e0f,Revisión de Seguridad,d9b58f63-b601-433e-9861-2bf2ad90eeb6,14,19.19
31ece703-f961-4e8e-a5c5-cd5c5b47e3db,Revisión Contable,87f8e8d1-83e9-4ddb-9be0-fc955228db6d,3,7.76
5c6d7e8f-9a0b-1c2d-3e4f-5a6b7c8d9e0f,Inicio del Proceso,bebe41a9-85fc-43f3-a125-5c7f72b0898d,12,16.9
5c6d7e8f-9a0b-1c2d-3e4f-5a6b7c8d9e0f,Verificar Stock,d9b58f63-b601-433e-9861-2bf2ad90eeb6,13,18.14
6c7d8e9f-0a1b-2c3d-4e5f-6a7b8c9d0e1f,Reunión Bienvenida,c017087e-fcbc-4f47-ae54-78008d243fbf,6,9.74
439df689-d1cf-41c3-883c-1b7713fe68e5,Revisión Contable,8490fcc8-7f53-4704-ac48-99b48356b21c,2,6.17
f5ba7581-b2ac-4b3a-830e-64ab112f975a,Validar Comercial,4cd6a83f-a8b6-4b56-854d-5d3693ec4ab4,11,12.34
6720c739-1916-432b-b392-e698dcfd8112,Detallar Curso,8490fcc8-7f53-4704-ac48-99b48356b21c,13,13.45
a7b21cc3-d8cf-48af-8bb0-22cba4567e9b,Preparar Firma,eccb7c0d-52a7-4143-baad-ebee05361b50,1,5.6
f5ba7581-b2ac-4b3a-830e-64ab112f975a,Aprobar Presupuesto,2084f511-720a-4096-80cd-5bc9b91cf5b6,14,14.41
2c3d4e5f-6a7b-8c9d-0e1f-2a3b4c5d6e7f,Aprobar Presupuesto,eccb7c0d-52a7-4143-baad-ebee05361b50,5,6.95
6720c739-1916-432b-b392-e698dcfd8112,Revisión Contable,2084f511-720a-4096-80cd-5bc9b91cf5b6,4,7.58
993a46fb-a0b2-4d2c-88eb-11ab1c3d4e8c,Entrega del Equipo,eccb7c0d-52a7-4143-baad-ebee05361b50,4,12.47
a7b21cc3-d8cf-48af-8bb0-22cba4567e9b,Revisión de Seguridad,87f8e8d1-83e9-4ddb-9be0-fc955228db6d,6,9.35
9c0d1e2f-3a4b-5c6d-7e8f-9a0b1c2d3e4f,Validar Capacitación,4cd6a83f-a8b6-4b56-854d-5d3693ec4ab4,12,12.49
111e9d86-cbd2-45ff-a809-4072bbe6a4d0,Revisión Gerencial,f65f0bd7-27f5-4b8c-9641-94729f51744a,5,6.62
993a46fb-a0b2-4d2c-88eb-11ab1c3d4e8c,Validación de RRHH,bebe41a9-85fc-43f3-a125-5c7f72b0898d,15,19.97
8c9d0e1f-2a3b-4c5d-6e7f-8a9b0c1d2e3f,Presentar Requerimiento,bebe41a9-85fc-43f3-a125-5c7f72b0898d,1,6.08
000a3793-827e-4616-84f9-0a23863e0a35,Habilitar Permisos,4cd6a83f-a8b6-4b56-854d-5d3693ec4ab4,4,5.75
f5ba7581-b2ac-4b3a-830e-64ab112f975a,Evaluación Técnica,d9b58f63-b601-433e-9861-2bf2ad90eeb6,1,6.24
111e9d86-cbd2-45ff-a809-4072bbe6a4d0,Habilitar Permisos,a9eff785-5679-4a1b-91ef-6ca8712ddd18,4,6.49
5c6d7e8f-9a0b-1c2d-3e4f-5a6b7c8d9e0f,Consolidar Gastos,2084f511-720a-4096-80cd-5bc9b91cf5b6,11,16.22
3c4d5e6f-7a8b-9c0d-1e2f-3a4b5c6d7e8f,Evaluación Técnica,0eea38fa-f85e-4c73-b47b-0a1985db1227,4,5.94
0e1f2a3b-4c5d-6e7f-8a9b-0c1d2e3f4a5b,Aprobación del manager,2b549288-04a4-4705-bcd0-0332b683df27,4,4.94
2c3d4e5f-6a7b-8c9d-0e1f-2a3b4c5d6e7f,Preparar Firma,14791e8e-28e4-4f61-9593-d7a2653d97a3,11,12.15
a7b21cc3-d8cf-48af-8bb0-22cba4567e9b,Verificar Factura,f65f0bd7-27f5-4b8c-9641-94729f51744a,13,14.96
111e9d86-cbd2-45ff-a809-4072bbe6a4d0,Presentar Requerimiento,a9eff785-5679-4a1b-91ef-6ca8712ddd18,11,10.9
bd9966b2-5fa2-4a4b-b924-59e817a5e756,Procesar Transferencia,eccb7c0d-52a7-4143-baad-ebee05361b50,5,8.62
439df689-d1cf-41c3-883c-1b7713fe68e5,Aprobación de Pago,87f8e8d1-83e9-4ddb-9be0-fc955228db6d,6,9.71
111e9d86-cbd2-45ff-a809-4072bbe6a4d0,Aprobación de Pago,3f72a8b2-777b-43c8-ba37-8f5d9fbd2135,3,3.91
6720c739-1916-432b-b392-e698dcfd8112,Inicio de la solicitud,d822aaf2-81c6-4054-b63b-a2bec2d53509,9,12.12
993a46fb-a0b2-4d2c-88eb-11ab1c3d4e8c,Aprobación Presupuesto,4cd6a83f-a8b6-4b56-854d-5d3693ec4ab4,14,20.42
993a46fb-a0b2-4d2c-88eb-11ab1c3d4e8c,Consolidar Gastos,f615b16b-8fd1-43c9-97c0-a65e08960291,8,12.48
0e1f2a3b-4c5d-6e7f-8a9b-0c1d2e3f4a5b,Enviar solicitud de vacaciones,2b549288-04a4-4705-bcd0-0332b683df27,10,10.2
a7b21cc3-d8cf-48af-8bb0-22cba4567e9b,Aprobación de Pago,a9eff785-5679-4a1b-91ef-6ca8712ddd18,1,5.66
31ece703-f961-4e8e-a5c5-cd5c5b47e3db,Inicio de la solicitud,7949fc3c-9284-40a0-8161-7b39cf9f9b2d,10,12.27
8c9d0e1f-2a3b-4c5d-6e7f-8a9b0c1d2e3f,Revisión de Seguridad,eccb7c0d-52a7-4143-baad-ebee05361b50,4,9.98
111e9d86-cbd2-45ff-a809-4072bbe6a4d0,Firma Director,a9eff785-5679-4a1b-91ef-6ca8712ddd18,1,7.0
2c3d4e5f-6a7b-8c9d-0e1f-2a3b4c5d6e7f,Aprobación Presupuesto,2e310583-c106-4f2c-a6c3-c4b12ec30658,6,7.67
a7b21cc3-d8cf-48af-8bb0-22cba4567e9b,Presentar Requerimiento,e1c69265-87e8-417b-b13a-2ae72c53d4e3,15,14.75
439df689-d1cf-41c3-883c-1b7713fe68e5,Revisión de Seguridad,bebe41a9-85fc-43f3-a125-5c7f72b0898d,7,9.99
111e9d86-cbd2-45ff-a809-4072bbe6a4d0,Habilitar Permisos,db614129-bb28-4b41-8a46-bea1444c388c,7,7.59
31ece703-f961-4e8e-a5c5-cd5c5b47e3db,Consolidar Gastos,3f72a8b2-777b-43c8-ba37-8f5d9fbd2135,14,14.79
6c7d8e9f-0a1b-2c3d-4e5f-6a7b8c9d0e1f,Presentar Requerimiento,eccb7c0d-52a7-4143-baad-ebee05361b50,15,14.35
bd9966b2-5fa2-4a4b-b924-59e817a5e756,Presentar Requerimiento,2e310583-c106-4f2c-a6c3-c4b12ec30658,1,4.05
111e9d86-cbd2-45ff-a809-4072bbe6a4d0,Preparar Firma,87f8e8d1-83e9-4ddb-9be0-fc955228db6d,0,5.14
7c8d9e0f-1a2b-3c4d-5e6f-7a8b9c0d1e2f,Revisión de Seguridad,8490fcc8-7f53-4704-ac48-99b48356b21c,4,4.76
993a46fb-a0b2-4d2c-88eb-11ab1c3d4e8c,Entrega del Equipo,e04f861d-b880-4d7f-bf03-59ce8e435929,4,10.34
0e1f2a3b-4c5d-6e7f-8a9b-0c1d2e3f4a5b,Validar Comercial,14791e8e-28e4-4f61-9593-d7a2653d97a3,7,6.62
5c6d7e8f-9a0b-1c2d-3e4f-5a6b7c8d9e0f,Solicitar Adelanto,d9b58f63-b601-433e-9861-2bf2ad90eeb6,2,9.9
000a3793-827e-4616-84f9-0a23863e0a35,Inicio del Proceso,2084f511-720a-4096-80cd-5bc9b91cf5b6,12,11.53
bd9966b2-5fa2-4a4b-b924-59e817a5e756,Presentar Requerimiento,eccb7c0d-52a7-4143-baad-ebee05361b50,6,7.49
439df689-d1cf-41c3-883c-1b7713fe68e5,Feedback de Manager,e1c69265-87e8-417b-b13a-2ae72c53d4e3,7,8.87
4c5d6e7f-8a9b-0c1d-2e3f-4a5b6c7d8e9f,Revisión de Seguridad,2e310583-c106-4f2c-a6c3-c4b12ec30658,2,3.91
31ece703-f961-4e8e-a5c5-cd5c5b47e3db,Presentar Requerimiento,8490fcc8-7f53-4704-ac48-99b48356b21c,0,3.54
9c0d1e2f-3a4b-5c6d-7e8f-9a0b1c2d3e4f,Setup Tecnológico,d822aaf2-81c6-4054-b63b-a2bec2d53509,4,4.84
a7b21cc3-d8cf-48af-8bb0-22cba4567e9b,Autorización Gerencia,87f8e8d1-83e9-4ddb-9be0-fc955228db6d,10,9.36
f5ba7581-b2ac-4b3a-830e-64ab112f975a,Validar Elegibilidad,8490fcc8-7f53-4704-ac48-99b48356b21c,6,6.72
6c7d8e9f-0a1b-2c3d-4e5f-6a7b8c9d0e1f,Firma Director,8490fcc8-7f53-4704-ac48-99b48356b21c,11,12.6
9c0d1e2f-3a4b-5c6d-7e8f-9a0b1c2d3e4f,Revisión Gerencial,2e310583-c106-4f2c-a6c3-c4b12ec30658,5,7.13
439df689-d1cf-41c3-883c-1b7713fe68e5,Solicitar Adelanto,87f8e8d1-83e9-4ddb-9be0-fc955228db6d,5,9.43
7c8d9e0f-1a2b-3c4d-5e6f-7a8b9c0d1e2f,Presentar Requerimiento,db614129-bb28-4b41-8a46-bea1444c388c,12,11.4
0e1f2a3b-4c5d-6e7f-8a9b-0c1d2e3f4a5b,Preparar Firma,2b549288-04a4-4705-bcd0-0332b683df27,10,9.49
000a3793-827e-4616-84f9-0a23863e0a35,Inicio de la solicitud,f615b16b-8fd1-43c9-97c0-a65e08960291,15,13.35
f5ba7581-b2ac-4b3a-830e-64ab112f975a,Cerrar Accesos,14791e8e-28e4-4f61-9593-d7a2653d97a3,6,9.57
7c8d9e0f-1a2b-3c4d-5e6f-7a8b9c0d1e2f,Preparar Firma,c017087e-fcbc-4f47-ae54-78008d243fbf,1,4.25
a7b21cc3-d8cf-48af-8bb0-22cba4567e9b,Revisión Contable,c017087e-fcbc-4f47-ae54-78008d243fbf,15,16.11
6c7d8e9f-0a1b-2c3d-4e5f-6a7b8c9d0e1f,Verificar Factura,d9b58f63-b601-433e-9861-2bf2ad90eeb6,3,6.15
f5ba7581-b2ac-4b3a-830e-64ab112f975a,Especificar Servidores,d9b58f63-b601-433e-9861-2bf2ad90eeb6,6,11.18
bd9966b2-5fa2-4a4b-b924-59e817a5e756,Inicio de la solicitud,0eea38fa-f85e-4c73-b47b-0a1985db1227,13,14.64
4c5d6e7f-8a9b-0c1d-2e3f-4a5b6c7d8e9f,Aprobación de Pago,bebe41a9-85fc-43f3-a125-5c7f72b0898d,2,7.06
111e9d86-cbd2-45ff-a809-4072bbe6a4d0,Enviar solicitud de vacaciones,bebe41a9-85fc-43f3-a125-5c7f72b0898d,9,8.63
993a46fb-a0b2-4d2c-88eb-11ab1c3d4e8c,Revisión Contable,f615b16b-8fd1-43c9-97c0-a65e08960291,12,16.1
bd9966b2-5fa2-4a4b-b924-59e817a5e756,Consolidación de RRHH,f65f0bd7-27f5-4b8c-9641-94729f51744a,1,5.5
9c0d1e2f-3a4b-5c6d-7e8f-9a0b1c2d3e4f,Detallar Curso,db614129-bb28-4b41-8a46-bea1444c388c,14,13.04
993a46fb-a0b2-4d2c-88eb-11ab1c3d4e8c,Cerrar Accesos,87f8e8d1-83e9-4ddb-9be0-fc955228db6d,10,16.18
8c9d0e1f-2a3b-4c5d-6e7f-8a9b0c1d2e3f,Especificar Licencia,c017087e-fcbc-4f47-ae54-78008d243fbf,10,13.56
f5ba7581-b2ac-4b3a-830e-64ab112f975a,Inicio de la solicitud,4cd6a83f-a8b6-4b56-854d-5d3693ec4ab4,3,5.26
9c0d1e2f-3a4b-5c6d-7e8f-9a0b1c2d3e4f,Entrega del Equipo,e1c69265-87e8-417b-b13a-2ae72c53d4e3,11,11.84
2c3d4e5f-6a7b-8c9d-0e1f-2a3b4c5d6e7f,Preparar Firma,c017087e-fcbc-4f47-ae54-78008d243fbf,8,8.64
6720c739-1916-432b-b392-e698dcfd8112,Presentar Requerimiento,2e310583-c106-4f2c-a6c3-c4b12ec30658,8,11.06
4c5d6e7f-8a9b-0c1d-2e3f-4a5b6c7d8e9f,Especificar Licencia,3f72a8b2-777b-43c8-ba37-8f5d9fbd2135,2,7.23
2c3d4e5f-6a7b-8c9d-0e1f-2a3b4c5d6e7f,Validar Capacitación,f615b16b-8fd1-43c9-97c0-a65e08960291,4,5.33
0e1f2a3b-4c5d-6e7f-8a9b-0c1d2e3f4a5b,Dispersión de Fondos,3f72a8b2-777b-43c8-ba37-8f5d9fbd2135,4,4.5
8c9d0e1f-2a3b-4c5d-6e7f-8a9b0c1d2e3f,Verificar Factura,87f8e8d1-83e9-4ddb-9be0-fc955228db6d,9,10.32
7c8d9e0f-1a2b-3c4d-5e6f-7a8b9c0d1e2f,Setup Tecnológico,e121cbea-1209-4fe7-ad22-6cf09caf5b95,12,11.8
9c0d1e2f-3a4b-5c6d-7e8f-9a0b1c2d3e4f,Setup Tecnológico,e121cbea-1209-4fe7-ad22-6cf09caf5b95,11,10.31
31ece703-f961-4e8e-a5c5-cd5c5b47e3db,Revisión Contable,e121cbea-1209-4fe7-ad22-6cf09caf5b95,0,4.56
0e1f2a3b-4c5d-6e7f-8a9b-0c1d2e3f4a5b,Inicio del Proceso,87f8e8d1-83e9-4ddb-9be0-fc955228db6d,11,10.92
7c8d9e0f-1a2b-3c4d-5e6f-7a8b9c0d1e2f,Instalar Licencia,c017087e-fcbc-4f47-ae54-78008d243fbf,6,6.61
7c8d9e0f-1a2b-3c4d-5e6f-7a8b9c0d1e2f,Registrar Recibos,7949fc3c-9284-40a0-8161-7b39cf9f9b2d,6,6.73
a7b21cc3-d8cf-48af-8bb0-22cba4567e9b,Validar Capacitación,db614129-bb28-4b41-8a46-bea1444c388c,6,7.69
f5ba7581-b2ac-4b3a-830e-64ab112f975a,Verificar Stock,f65f0bd7-27f5-4b8c-9641-94729f51744a,5,6.75
31ece703-f961-4e8e-a5c5-cd5c5b47e3db,Cerrar Accesos,c017087e-fcbc-4f47-ae54-78008d243fbf,13,14.7
5c6d7e8f-9a0b-1c2d-3e4f-5a6b7c8d9e0f,Verificar Factura,14791e8e-28e4-4f61-9593-d7a2653d97a3,12,13.25
a7b21cc3-d8cf-48af-8bb0-22cba4567e9b,Habilitar Permisos,2e310583-c106-4f2c-a6c3-c4b12ec30658,7,9.71
a7b21cc3-d8cf-48af-8bb0-22cba4567e9b,Verificar Factura,d9b58f63-b601-433e-9861-2bf2ad90eeb6,13,13.57
6720c739-1916-432b-b392-e698dcfd8112,Validación de RRHH,2e310583-c106-4f2c-a6c3-c4b12ec30658,14,14.84
000a3793-827e-4616-84f9-0a23863e0a35,Pago de Liquidación,d9b58f63-b601-433e-9861-2bf2ad90eeb6,14,13.64
111e9d86-cbd2-45ff-a809-4072bbe6a4d0,Aprobación del manager,0eea38fa-f85e-4c73-b47b-0a1985db1227,1,5.11
9c0d1e2f-3a4b-5c6d-7e8f-9a0b1c2d3e4f,Presentar Requerimiento,a9eff785-5679-4a1b-91ef-6ca8712ddd18,1,2.69
2c3d4e5f-6a7b-8c9d-0e1f-2a3b4c5d6e7f,Aprobación Presupuesto,db614129-bb28-4b41-8a46-bea1444c388c,6,8.14
439df689-d1cf-41c3-883c-1b7713fe68e5,Cerrar Accesos,7949fc3c-9284-40a0-8161-7b39cf9f9b2d,0,4.02
439df689-d1cf-41c3-883c-1b7713fe68e5,Presentar Requerimiento,eccb7c0d-52a7-4143-baad-ebee05361b50,14,13.48
000a3793-827e-4616-84f9-0a23863e0a35,Instalar Licencia,eccb7c0d-52a7-4143-baad-ebee05361b50,8,11.8
31ece703-f961-4e8e-a5c5-cd5c5b47e3db,Setup Tecnológico,3f72a8b2-777b-43c8-ba37-8f5d9fbd2135,10,12.66
2c3d4e5f-6a7b-8c9d-0e1f-2a3b4c5d6e7f,Verificar Factura,14791e8e-28e4-4f61-9593-d7a2653d97a3,10,12.14
993a46fb-a0b2-4d2c-88eb-11ab1c3d4e8c,Revisión de Seguridad,d822aaf2-81c6-4054-b63b-a2bec2d53509,13,19.54
6c7d8e9f-0a1b-2c3d-4e5f-6a7b8c9d0e1f,Cerrar Accesos,e121cbea-1209-4fe7-ad22-6cf09caf5b95,14,15.33
000a3793-827e-4616-84f9-0a23863e0a35,Registrar Recibos,e1c69265-87e8-417b-b13a-2ae72c53d4e3,1,7.08
bd9966b2-5fa2-4a4b-b924-59e817a5e756,Consolidación de RRHH,db614129-bb28-4b41-8a46-bea1444c388c,8,9.39
6720c739-1916-432b-b392-e698dcfd8112,Validar Elegibilidad,a9eff785-5679-4a1b-91ef-6ca8712ddd18,10,11.59
5c6d7e8f-9a0b-1c2d-3e4f-5a6b7c8d9e0f,Validación de RRHH,bebe41a9-85fc-43f3-a125-5c7f72b0898d,12,14.69
2c3d4e5f-6a7b-8c9d-0e1f-2a3b4c5d6e7f,Evaluación Técnica,eccb7c0d-52a7-4143-baad-ebee05361b50,0,3.69
3c4d5e6f-7a8b-9c0d-1e2f-3a4b5c6d7e8f,Reunión Bienvenida,2b549288-04a4-4705-bcd0-0332b683df27,7,9.37
9c0d1e2f-3a4b-5c6d-7e8f-9a0b1c2d3e4f,Revisión de Seguridad,2084f511-720a-4096-80cd-5bc9b91cf5b6,7,10.2
6c7d8e9f-0a1b-2c3d-4e5f-6a7b8c9d0e1f,Presentar Requerimiento,8490fcc8-7f53-4704-ac48-99b48356b21c,1,3.52
4c5d6e7f-8a9b-0c1d-2e3f-4a5b6c7d8e9f,Aprobación Presupuesto,2084f511-720a-4096-80cd-5bc9b91cf5b6,15,14.2
111e9d86-cbd2-45ff-a809-4072bbe6a4d0,Evaluación Técnica,0eea38fa-f85e-4c73-b47b-0a1985db1227,11,11.06
6c7d8e9f-0a1b-2c3d-4e5f-6a7b8c9d0e1f,Enviar solicitud de vacaciones,2b549288-04a4-4705-bcd0-0332b683df27,11,10.93
3c4d5e6f-7a8b-9c0d-1e2f-3a4b5c6d7e8f,Verificar Factura,7949fc3c-9284-40a0-8161-7b39cf9f9b2d,6,10.15
9c0d1e2f-3a4b-5c6d-7e8f-9a0b1c2d3e4f,Consolidar Gastos,e121cbea-1209-4fe7-ad22-6cf09caf5b95,9,10.01
31ece703-f961-4e8e-a5c5-cd5c5b47e3db,Enviar solicitud de vacaciones,db614129-bb28-4b41-8a46-bea1444c388c,9,11.04
bd9966b2-5fa2-4a4b-b924-59e817a5e756,Inicio de la solicitud,bebe41a9-85fc-43f3-a125-5c7f72b0898d,3,7.54
9c0d1e2f-3a4b-5c6d-7e8f-9a0b1c2d3e4f,Presentar Requerimiento,2084f511-720a-4096-80cd-5bc9b91cf5b6,4,8.06
6c7d8e9f-0a1b-2c3d-4e5f-6a7b8c9d0e1f,Procesar Transferencia,f615b16b-8fd1-43c9-97c0-a65e08960291,3,6.74
7c8d9e0f-1a2b-3c4d-5e6f-7a8b9c0d1e2f,Inicio de la solicitud,87f8e8d1-83e9-4ddb-9be0-fc955228db6d,4,6.78
439df689-d1cf-41c3-883c-1b7713fe68e5,Entrega del Equipo,2e310583-c106-4f2c-a6c3-c4b12ec30658,5,5.07
2c3d4e5f-6a7b-8c9d-0e1f-2a3b4c5d6e7f,Consolidación de RRHH,4cd6a83f-a8b6-4b56-854d-5d3693ec4ab4,6,5.6
3c4d5e6f-7a8b-9c0d-1e2f-3a4b5c6d7e8f,Inicio de la solicitud,2e310583-c106-4f2c-a6c3-c4b12ec30658,10,12.05
439df689-d1cf-41c3-883c-1b7713fe68e5,Validar Capacitación,a9eff785-5679-4a1b-91ef-6ca8712ddd18,10,13.13
31ece703-f961-4e8e-a5c5-cd5c5b47e3db,Cerrar Accesos,2084f511-720a-4096-80cd-5bc9b91cf5b6,13,15.34
bd9966b2-5fa2-4a4b-b924-59e817a5e756,Especificar Licencia,4cd6a83f-a8b6-4b56-854d-5d3693ec4ab4,12,12.16
000a3793-827e-4616-84f9-0a23863e0a35,Autoevaluación,d9b58f63-b601-433e-9861-2bf2ad90eeb6,6,6.43
000a3793-827e-4616-84f9-0a23863e0a35,Aprobación del manager,c017087e-fcbc-4f47-ae54-78008d243fbf,14,16.35
bd9966b2-5fa2-4a4b-b924-59e817a5e756,Habilitar Permisos,2084f511-720a-4096-80cd-5bc9b91cf5b6,4,6.03
000a3793-827e-4616-84f9-0a23863e0a35,Autorización Gerencia,eccb7c0d-52a7-4143-baad-ebee05361b50,12,11.48
6c7d8e9f-0a1b-2c3d-4e5f-6a7b8c9d0e1f,Cerrar Accesos,7949fc3c-9284-40a0-8161-7b39cf9f9b2d,10,11.47
3c4d5e6f-7a8b-9c0d-1e2f-3a4b5c6d7e8f,Aprobación de Pago,e04f861d-b880-4d7f-bf03-59ce8e435929,9,9.76
5c6d7e8f-9a0b-1c2d-3e4f-5a6b7c8d9e0f,Aprobación de Pago,d9b58f63-b601-433e-9861-2bf2ad90eeb6,14,20.17
6720c739-1916-432b-b392-e698dcfd8112,Inicio de la solicitud,d822aaf2-81c6-4054-b63b-a2bec2d53509,15,13.63
31ece703-f961-4e8e-a5c5-cd5c5b47e3db,Validar Capacitación,f65f0bd7-27f5-4b8c-9641-94729f51744a,3,5.73
4c5d6e7f-8a9b-0c1d-2e3f-4a5b6c7d8e9f,Aprobación Presupuesto,f65f0bd7-27f5-4b8c-9641-94729f51744a,8,9.29
2c3d4e5f-6a7b-8c9d-0e1f-2a3b4c5d6e7f,Firma Director,e04f861d-b880-4d7f-bf03-59ce8e435929,1,6.81
111e9d86-cbd2-45ff-a809-4072bbe6a4d0,Aprobación del manager,2e310583-c106-4f2c-a6c3-c4b12ec30658,3,5.31
a7b21cc3-d8cf-48af-8bb0-22cba4567e9b,Presentar Requerimiento,8490fcc8-7f53-4704-ac48-99b48356b21c,10,12.38
0e1f2a3b-4c5d-6e7f-8a9b-0c1d2e3f4a5b,Revisión Gerencial,14791e8e-28e4-4f61-9593-d7a2653d97a3,2,3.13
2c3d4e5f-6a7b-8c9d-0e1f-2a3b4c5d6e7f,Revisión Contable,c017087e-fcbc-4f47-ae54-78008d243fbf,12,13.76
4c5d6e7f-8a9b-0c1d-2e3f-4a5b6c7d8e9f,Entrega del Equipo,4cd6a83f-a8b6-4b56-854d-5d3693ec4ab4,4,7.07
5c6d7e8f-9a0b-1c2d-3e4f-5a6b7c8d9e0f,Feedback de Manager,2e310583-c106-4f2c-a6c3-c4b12ec30658,6,11.63
bd9966b2-5fa2-4a4b-b924-59e817a5e756,Aprobación del manager,87f8e8d1-83e9-4ddb-9be0-fc955228db6d,3,5.57
31ece703-f961-4e8e-a5c5-cd5c5b47e3db,Setup Tecnológico,f65f0bd7-27f5-4b8c-9641-94729f51744a,9,9.13
000a3793-827e-4616-84f9-0a23863e0a35,Autorización Gerencia,d822aaf2-81c6-4054-b63b-a2bec2d53509,7,10.66
993a46fb-a0b2-4d2c-88eb-11ab1c3d4e8c,Dispersión de Fondos,14791e8e-28e4-4f61-9593-d7a2653d97a3,1,5.39
000a3793-827e-4616-84f9-0a23863e0a35,Pago de Liquidación,e04f861d-b880-4d7f-bf03-59ce8e435929,7,10.59
2c3d4e5f-6a7b-8c9d-0e1f-2a3b4c5d6e7f,Subir Borrador,2b549288-04a4-4705-bcd0-0332b683df27,6,10.52
3c4d5e6f-7a8b-9c0d-1e2f-3a4b5c6d7e8f,Aprobación de Pago,bebe41a9-85fc-43f3-a125-5c7f72b0898d,6,8.03
0e1f2a3b-4c5d-6e7f-8a9b-0c1d2e3f4a5b,Presentar Requerimiento,0eea38fa-f85e-4c73-b47b-0a1985db1227,12,10.88
111e9d86-cbd2-45ff-a809-4072bbe6a4d0,Verificar Stock,d9b58f63-b601-433e-9861-2bf2ad90eeb6,10,11.46
6720c739-1916-432b-b392-e698dcfd8112,Reunión Bienvenida,7949fc3c-9284-40a0-8161-7b39cf9f9b2d,8,9.14
6720c739-1916-432b-b392-e698dcfd8112,Detallar Curso,14791e8e-28e4-4f61-9593-d7a2653d97a3,12,15.15
3c4d5e6f-7a8b-9c0d-1e2f-3a4b5c6d7e8f,Especificar Licencia,a9eff785-5679-4a1b-91ef-6ca8712ddd18,1,4.43
bd9966b2-5fa2-4a4b-b924-59e817a5e756,Especificar Servidores,2e310583-c106-4f2c-a6c3-c4b12ec30658,14,13.22
4c5d6e7f-8a9b-0c1d-2e3f-4a5b6c7d8e9f,Revisión Gerencial,2e310583-c106-4f2c-a6c3-c4b12ec30658,10,10.02
4c5d6e7f-8a9b-0c1d-2e3f-4a5b6c7d8e9f,Validar Elegibilidad,3f72a8b2-777b-43c8-ba37-8f5d9fbd2135,0,5.62
993a46fb-a0b2-4d2c-88eb-11ab1c3d4e8c,Dispersión de Fondos,14791e8e-28e4-4f61-9593-d7a2653d97a3,6,12.51
5c6d7e8f-9a0b-1c2d-3e4f-5a6b7c8d9e0f,Validar Capacitación,d822aaf2-81c6-4054-b63b-a2bec2d53509,4,12.74
7c8d9e0f-1a2b-3c4d-5e6f-7a8b9c0d1e2f,Validar Capacitación,87f8e8d1-83e9-4ddb-9be0-fc955228db6d,15,15.57
6c7d8e9f-0a1b-2c3d-4e5f-6a7b8c9d0e1f,Aprobación de Pago,e121cbea-1209-4fe7-ad22-6cf09caf5b95,5,8.47
5c6d7e8f-9a0b-1c2d-3e4f-5a6b7c8d9e0f,Instalar Licencia,e121cbea-1209-4fe7-ad22-6cf09caf5b95,8,11.5
4c5d6e7f-8a9b-0c1d-2e3f-4a5b6c7d8e9f,Revisión Contable,eccb7c0d-52a7-4143-baad-ebee05361b50,0,6.45
6720c739-1916-432b-b392-e698dcfd8112,Detallar Curso,2e310583-c106-4f2c-a6c3-c4b12ec30658,9,9.05
bd9966b2-5fa2-4a4b-b924-59e817a5e756,Revisión de Seguridad,4cd6a83f-a8b6-4b56-854d-5d3693ec4ab4,10,10.66
0e1f2a3b-4c5d-6e7f-8a9b-0c1d2e3f4a5b,Autoevaluación,d9b58f63-b601-433e-9861-2bf2ad90eeb6,9,8.4
f5ba7581-b2ac-4b3a-830e-64ab112f975a,Subir Borrador,14791e8e-28e4-4f61-9593-d7a2653d97a3,4,5.59
31ece703-f961-4e8e-a5c5-cd5c5b47e3db,Pago de Liquidación,eccb7c0d-52a7-4143-baad-ebee05361b50,1,5.2
5c6d7e8f-9a0b-1c2d-3e4f-5a6b7c8d9e0f,Validación de RRHH,d9b58f63-b601-433e-9861-2bf2ad90eeb6,4,7.79
6720c739-1916-432b-b392-e698dcfd8112,Revisión Contable,bebe41a9-85fc-43f3-a125-5c7f72b0898d,11,10.9
a7b21cc3-d8cf-48af-8bb0-22cba4567e9b,Autorización Gerencia,7949fc3c-9284-40a0-8161-7b39cf9f9b2d,12,14.54
993a46fb-a0b2-4d2c-88eb-11ab1c3d4e8c,Validar Capacitación,2e310583-c106-4f2c-a6c3-c4b12ec30658,5,7.7
6720c739-1916-432b-b392-e698dcfd8112,Registrar Recibos,3f72a8b2-777b-43c8-ba37-8f5d9fbd2135,11,14.34
a7b21cc3-d8cf-48af-8bb0-22cba4567e9b,Inicio del Proceso,eccb7c0d-52a7-4143-baad-ebee05361b50,8,11.0
4c5d6e7f-8a9b-0c1d-2e3f-4a5b6c7d8e9f,Revisión Contable,2e310583-c106-4f2c-a6c3-c4b12ec30658,1,4.99
000a3793-827e-4616-84f9-0a23863e0a35,Detallar Curso,0eea38fa-f85e-4c73-b47b-0a1985db1227,12,14.48
439df689-d1cf-41c3-883c-1b7713fe68e5,Dispersión de Fondos,c017087e-fcbc-4f47-ae54-78008d243fbf,9,10.98
a7b21cc3-d8cf-48af-8bb0-22cba4567e9b,Revisión Contable,87f8e8d1-83e9-4ddb-9be0-fc955228db6d,2,4.68
31ece703-f961-4e8e-a5c5-cd5c5b47e3db,Setup Tecnológico,e04f861d-b880-4d7f-bf03-59ce8e435929,14,16.71
bd9966b2-5fa2-4a4b-b924-59e817a5e756,Verificar Factura,2b549288-04a4-4705-bcd0-0332b683df27,6,6.69
8c9d0e1f-2a3b-4c5d-6e7f-8a9b0c1d2e3f,Autorización Gerencia,d9b58f63-b601-433e-9861-2bf2ad90eeb6,14,17.33
4c5d6e7f-8a9b-0c1d-2e3f-4a5b6c7d8e9f,Validar Capacitación,3f72a8b2-777b-43c8-ba37-8f5d9fbd2135,2,6.24
6c7d8e9f-0a1b-2c3d-4e5f-6a7b8c9d0e1f,Dispersión de Fondos,eccb7c0d-52a7-4143-baad-ebee05361b50,7,9.44
9c0d1e2f-3a4b-5c6d-7e8f-9a0b1c2d3e4f,Validar Capacitación,e121cbea-1209-4fe7-ad22-6cf09caf5b95,7,11.15
439df689-d1cf-41c3-883c-1b7713fe68e5,Aprobación de Pago,0eea38fa-f85e-4c73-b47b-0a1985db1227,2,4.66
7c8d9e0f-1a2b-3c4d-5e6f-7a8b9c0d1e2f,Autoevaluación,c017087e-fcbc-4f47-ae54-78008d243fbf,3,6.06
0e1f2a3b-4c5d-6e7f-8a9b-0c1d2e3f4a5b,Aprobar Presupuesto,0eea38fa-f85e-4c73-b47b-0a1985db1227,8,7.79
993a46fb-a0b2-4d2c-88eb-11ab1c3d4e8c,Aprobación Costos,d9b58f63-b601-433e-9861-2bf2ad90eeb6,7,12.31
0e1f2a3b-4c5d-6e7f-8a9b-0c1d2e3f4a5b,Aprobación Costos,2e310583-c106-4f2c-a6c3-c4b12ec30658,4,4.46
9c0d1e2f-3a4b-5c6d-7e8f-9a0b1c2d3e4f,Enviar solicitud de vacaciones,f65f0bd7-27f5-4b8c-9641-94729f51744a,6,7.11
3c4d5e6f-7a8b-9c0d-1e2f-3a4b5c6d7e8f,Preparar Firma,bebe41a9-85fc-43f3-a125-5c7f72b0898d,11,13.88
000a3793-827e-4616-84f9-0a23863e0a35,Enviar solicitud de vacaciones,f615b16b-8fd1-43c9-97c0-a65e08960291,9,10.69
f5ba7581-b2ac-4b3a-830e-64ab112f975a,Reunión Bienvenida,db614129-bb28-4b41-8a46-bea1444c388c,2,6.88
8c9d0e1f-2a3b-4c5d-6e7f-8a9b0c1d2e3f,Detallar Curso,3f72a8b2-777b-43c8-ba37-8f5d9fbd2135,13,19.12
6720c739-1916-432b-b392-e698dcfd8112,Setup Tecnológico,87f8e8d1-83e9-4ddb-9be0-fc955228db6d,5,7.92
6720c739-1916-432b-b392-e698dcfd8112,Registrar Recibos,db614129-bb28-4b41-8a46-bea1444c388c,9,9.88
5c6d7e8f-9a0b-1c2d-3e4f-5a6b7c8d9e0f,Dispersión de Fondos,e121cbea-1209-4fe7-ad22-6cf09caf5b95,5,11.38
8c9d0e1f-2a3b-4c5d-6e7f-8a9b0c1d2e3f,Iniciar Baja,e04f861d-b880-4d7f-bf03-59ce8e435929,2,6.0
111e9d86-cbd2-45ff-a809-4072bbe6a4d0,Validar Elegibilidad,e121cbea-1209-4fe7-ad22-6cf09caf5b95,12,13.89
5c6d7e8f-9a0b-1c2d-3e4f-5a6b7c8d9e0f,Setup Tecnológico,8490fcc8-7f53-4704-ac48-99b48356b21c,8,16.01
3c4d5e6f-7a8b-9c0d-1e2f-3a4b5c6d7e8f,Especificar Servidores,87f8e8d1-83e9-4ddb-9be0-fc955228db6d,13,14.2
6c7d8e9f-0a1b-2c3d-4e5f-6a7b8c9d0e1f,Cerrar Accesos,a9eff785-5679-4a1b-91ef-6ca8712ddd18,7,10.2
3c4d5e6f-7a8b-9c0d-1e2f-3a4b5c6d7e8f,Registrar Recibos,e04f861d-b880-4d7f-bf03-59ce8e435929,3,6.57
9c0d1e2f-3a4b-5c6d-7e8f-9a0b1c2d3e4f,Revisión Contable,f65f0bd7-27f5-4b8c-9641-94729f51744a,15,13.62
9c0d1e2f-3a4b-5c6d-7e8f-9a0b1c2d3e4f,Setup Tecnológico,e1c69265-87e8-417b-b13a-2ae72c53d4e3,0,4.04
bd9966b2-5fa2-4a4b-b924-59e817a5e756,Enviar solicitud de vacaciones,2b549288-04a4-4705-bcd0-0332b683df27,5,7.73
6c7d8e9f-0a1b-2c3d-4e5f-6a7b8c9d0e1f,Iniciar Baja,d822aaf2-81c6-4054-b63b-a2bec2d53509,12,13.67
8c9d0e1f-2a3b-4c5d-6e7f-8a9b0c1d2e3f,Presentar Requerimiento,e04f861d-b880-4d7f-bf03-59ce8e435929,3,7.11
3c4d5e6f-7a8b-9c0d-1e2f-3a4b5c6d7e8f,Validación de RRHH,2084f511-720a-4096-80cd-5bc9b91cf5b6,15,14.2
9c0d1e2f-3a4b-5c6d-7e8f-9a0b1c2d3e4f,Aprobación Costos,87f8e8d1-83e9-4ddb-9be0-fc955228db6d,8,8.12
0e1f2a3b-4c5d-6e7f-8a9b-0c1d2e3f4a5b,Revisión de Seguridad,87f8e8d1-83e9-4ddb-9be0-fc955228db6d,14,13.94
31ece703-f961-4e8e-a5c5-cd5c5b47e3db,Cerrar Accesos,7949fc3c-9284-40a0-8161-7b39cf9f9b2d,2,3.5
3c4d5e6f-7a8b-9c0d-1e2f-3a4b5c6d7e8f,Inicio de la solicitud,7949fc3c-9284-40a0-8161-7b39cf9f9b2d,0,3.18
bd9966b2-5fa2-4a4b-b924-59e817a5e756,Setup Tecnológico,d822aaf2-81c6-4054-b63b-a2bec2d53509,11,10.98
a7b21cc3-d8cf-48af-8bb0-22cba4567e9b,Instalar Licencia,bebe41a9-85fc-43f3-a125-5c7f72b0898d,7,7.88
a7b21cc3-d8cf-48af-8bb0-22cba4567e9b,Iniciar Baja,4cd6a83f-a8b6-4b56-854d-5d3693ec4ab4,15,16.05
31ece703-f961-4e8e-a5c5-cd5c5b47e3db,Presentar Requerimiento,bebe41a9-85fc-43f3-a125-5c7f72b0898d,10,10.59
a7b21cc3-d8cf-48af-8bb0-22cba4567e9b,Setup Tecnológico,7949fc3c-9284-40a0-8161-7b39cf9f9b2d,11,12.6
f5ba7581-b2ac-4b3a-830e-64ab112f975a,Revisión Gerencial,e121cbea-1209-4fe7-ad22-6cf09caf5b95,4,6.83
0e1f2a3b-4c5d-6e7f-8a9b-0c1d2e3f4a5b,Verificar Stock,0eea38fa-f85e-4c73-b47b-0a1985db1227,1,2.41
2c3d4e5f-6a7b-8c9d-0e1f-2a3b4c5d6e7f,Firma Director,7949fc3c-9284-40a0-8161-7b39cf9f9b2d,9,9.98
993a46fb-a0b2-4d2c-88eb-11ab1c3d4e8c,Enviar solicitud de vacaciones,e121cbea-1209-4fe7-ad22-6cf09caf5b95,7,11.11
111e9d86-cbd2-45ff-a809-4072bbe6a4d0,Aprobación del manager,bebe41a9-85fc-43f3-a125-5c7f72b0898d,1,3.77
439df689-d1cf-41c3-883c-1b7713fe68e5,Aprobar Presupuesto,bebe41a9-85fc-43f3-a125-5c7f72b0898d,15,15.36
f5ba7581-b2ac-4b3a-830e-64ab112f975a,Verificar Stock,2e310583-c106-4f2c-a6c3-c4b12ec30658,10,11.32
3c4d5e6f-7a8b-9c0d-1e2f-3a4b5c6d7e8f,Especificar Licencia,c017087e-fcbc-4f47-ae54-78008d243fbf,7,9.93
9c0d1e2f-3a4b-5c6d-7e8f-9a0b1c2d3e4f,Revisión Contable,e04f861d-b880-4d7f-bf03-59ce8e435929,6,8.56
31ece703-f961-4e8e-a5c5-cd5c5b47e3db,Dispersión de Fondos,f615b16b-8fd1-43c9-97c0-a65e08960291,1,2.43
5c6d7e8f-9a0b-1c2d-3e4f-5a6b7c8d9e0f,Entrega del Equipo,a9eff785-5679-4a1b-91ef-6ca8712ddd18,11,14.2
4c5d6e7f-8a9b-0c1d-2e3f-4a5b6c7d8e9f,Autorización Gerencia,87f8e8d1-83e9-4ddb-9be0-fc955228db6d,4,8.46
a7b21cc3-d8cf-48af-8bb0-22cba4567e9b,Subir Borrador,2084f511-720a-4096-80cd-5bc9b91cf5b6,15,14.09
000a3793-827e-4616-84f9-0a23863e0a35,Verificar Stock,f615b16b-8fd1-43c9-97c0-a65e08960291,0,5.88
9c0d1e2f-3a4b-5c6d-7e8f-9a0b1c2d3e4f,Autorización Gerencia,0eea38fa-f85e-4c73-b47b-0a1985db1227,0,3.38
111e9d86-cbd2-45ff-a809-4072bbe6a4d0,Procesar Transferencia,c017087e-fcbc-4f47-ae54-78008d243fbf,13,14.76
bd9966b2-5fa2-4a4b-b924-59e817a5e756,Revisión Contable,3f72a8b2-777b-43c8-ba37-8f5d9fbd2135,7,9.05
4c5d6e7f-8a9b-0c1d-2e3f-4a5b6c7d8e9f,Aprobación de Pago,d822aaf2-81c6-4054-b63b-a2bec2d53509,7,8.87
439df689-d1cf-41c3-883c-1b7713fe68e5,Revisión de Seguridad,a9eff785-5679-4a1b-91ef-6ca8712ddd18,9,9.66
31ece703-f961-4e8e-a5c5-cd5c5b47e3db,Dispersión de Fondos,4cd6a83f-a8b6-4b56-854d-5d3693ec4ab4,4,5.49
7c8d9e0f-1a2b-3c4d-5e6f-7a8b9c0d1e2f,Validar Elegibilidad,3f72a8b2-777b-43c8-ba37-8f5d9fbd2135,11,11.76
6720c739-1916-432b-b392-e698dcfd8112,Entrega del Equipo,87f8e8d1-83e9-4ddb-9be0-fc955228db6d,12,10.42
2c3d4e5f-6a7b-8c9d-0e1f-2a3b4c5d6e7f,Dispersión de Fondos,4cd6a83f-a8b6-4b56-854d-5d3693ec4ab4,11,10.5
000a3793-827e-4616-84f9-0a23863e0a35,Autoevaluación,f615b16b-8fd1-43c9-97c0-a65e08960291,12,12.84
0e1f2a3b-4c5d-6e7f-8a9b-0c1d2e3f4a5b,Entrega del Equipo,db614129-bb28-4b41-8a46-bea1444c388c,13,10.03
3c4d5e6f-7a8b-9c0d-1e2f-3a4b5c6d7e8f,Habilitar Permisos,bebe41a9-85fc-43f3-a125-5c7f72b0898d,14,14.07
f5ba7581-b2ac-4b3a-830e-64ab112f975a,Subir Borrador,2084f511-720a-4096-80cd-5bc9b91cf5b6,14,15.19
9c0d1e2f-3a4b-5c6d-7e8f-9a0b1c2d3e4f,Validar Elegibilidad,d9b58f63-b601-433e-9861-2bf2ad90eeb6,15,14.5
31ece703-f961-4e8e-a5c5-cd5c5b47e3db,Iniciar Baja,c017087e-fcbc-4f47-ae54-78008d243fbf,3,7.48
7c8d9e0f-1a2b-3c4d-5e6f-7a8b9c0d1e2f,Inicio de la solicitud,0eea38fa-f85e-4c73-b47b-0a1985db1227,2,3.58
9c0d1e2f-3a4b-5c6d-7e8f-9a0b1c2d3e4f,Evaluación Técnica,4cd6a83f-a8b6-4b56-854d-5d3693ec4ab4,12,10.89
6c7d8e9f-0a1b-2c3d-4e5f-6a7b8c9d0e1f,Reunión Bienvenida,2e310583-c106-4f2c-a6c3-c4b12ec30658,8,11.24
000a3793-827e-4616-84f9-0a23863e0a35,Entrega del Equipo,eccb7c0d-52a7-4143-baad-ebee05361b50,9,9.71
7c8d9e0f-1a2b-3c4d-5e6f-7a8b9c0d1e2f,Subir Borrador,a9eff785-5679-4a1b-91ef-6ca8712ddd18,1,4.86
9c0d1e2f-3a4b-5c6d-7e8f-9a0b1c2d3e4f,Especificar Servidores,7949fc3c-9284-40a0-8161-7b39cf9f9b2d,2,5.51
2c3d4e5f-6a7b-8c9d-0e1f-2a3b4c5d6e7f,Inicio del Proceso,db614129-bb28-4b41-8a46-bea1444c388c,10,12.71
5c6d7e8f-9a0b-1c2d-3e4f-5a6b7c8d9e0f,Setup Tecnológico,eccb7c0d-52a7-4143-baad-ebee05361b50,10,16.68
6c7d8e9f-0a1b-2c3d-4e5f-6a7b8c9d0e1f,Revisión Gerencial,d822aaf2-81c6-4054-b63b-a2bec2d53509,3,5.9
000a3793-827e-4616-84f9-0a23863e0a35,Consolidación de RRHH,f615b16b-8fd1-43c9-97c0-a65e08960291,13,11.77
000a3793-827e-4616-84f9-0a23863e0a35,Autoevaluación,2b549288-04a4-4705-bcd0-0332b683df27,7,9.2
5c6d7e8f-9a0b-1c2d-3e4f-5a6b7c8d9e0f,Instalar Licencia,14791e8e-28e4-4f61-9593-d7a2653d97a3,4,10.32
2c3d4e5f-6a7b-8c9d-0e1f-2a3b4c5d6e7f,Enviar solicitud de vacaciones,2b549288-04a4-4705-bcd0-0332b683df27,8,8.36
6720c739-1916-432b-b392-e698dcfd8112,Validación de RRHH,2b549288-04a4-4705-bcd0-0332b683df27,10,10.75
3c4d5e6f-7a8b-9c0d-1e2f-3a4b5c6d7e8f,Verificar Stock,a9eff785-5679-4a1b-91ef-6ca8712ddd18,2,4.74
a7b21cc3-d8cf-48af-8bb0-22cba4567e9b,Feedback de Manager,eccb7c0d-52a7-4143-baad-ebee05361b50,1,6.06
0e1f2a3b-4c5d-6e7f-8a9b-0c1d2e3f4a5b,Validar Elegibilidad,2e310583-c106-4f2c-a6c3-c4b12ec30658,3,4.67
993a46fb-a0b2-4d2c-88eb-11ab1c3d4e8c,Validar Elegibilidad,e1c69265-87e8-417b-b13a-2ae72c53d4e3,0,8.06
993a46fb-a0b2-4d2c-88eb-11ab1c3d4e8c,Evaluación Técnica,4cd6a83f-a8b6-4b56-854d-5d3693ec4ab4,7,12.18
0e1f2a3b-4c5d-6e7f-8a9b-0c1d2e3f4a5b,Cerrar Accesos,f65f0bd7-27f5-4b8c-9641-94729f51744a,4,5.89
6720c739-1916-432b-b392-e698dcfd8112,Autoevaluación,8490fcc8-7f53-4704-ac48-99b48356b21c,12,11.92
5c6d7e8f-9a0b-1c2d-3e4f-5a6b7c8d9e0f,Aprobación de Pago,14791e8e-28e4-4f61-9593-d7a2653d97a3,15,21.2
4c5d6e7f-8a9b-0c1d-2e3f-4a5b6c7d8e9f,Revisión Gerencial,0eea38fa-f85e-4c73-b47b-0a1985db1227,3,5.86
8c9d0e1f-2a3b-4c5d-6e7f-8a9b0c1d2e3f,Procesar Transferencia,87f8e8d1-83e9-4ddb-9be0-fc955228db6d,5,8.84
f5ba7581-b2ac-4b3a-830e-64ab112f975a,Firma Director,e04f861d-b880-4d7f-bf03-59ce8e435929,14,14.33
6c7d8e9f-0a1b-2c3d-4e5f-6a7b8c9d0e1f,Especificar Licencia,d822aaf2-81c6-4054-b63b-a2bec2d53509,12,14.83
0e1f2a3b-4c5d-6e7f-8a9b-0c1d2e3f4a5b,Iniciar Baja,c017087e-fcbc-4f47-ae54-78008d243fbf,6,7.31
111e9d86-cbd2-45ff-a809-4072bbe6a4d0,Aprobación del manager,0eea38fa-f85e-4c73-b47b-0a1985db1227,3,6.74
439df689-d1cf-41c3-883c-1b7713fe68e5,Revisión Contable,8490fcc8-7f53-4704-ac48-99b48356b21c,14,15.34
a7b21cc3-d8cf-48af-8bb0-22cba4567e9b,Validar Capacitación,2b549288-04a4-4705-bcd0-0332b683df27,1,2.47
4c5d6e7f-8a9b-0c1d-2e3f-4a5b6c7d8e9f,Inicio del Proceso,2b549288-04a4-4705-bcd0-0332b683df27,2,4.72
5c6d7e8f-9a0b-1c2d-3e4f-5a6b7c8d9e0f,Entrega del Equipo,2b549288-04a4-4705-bcd0-0332b683df27,0,8.61
4c5d6e7f-8a9b-0c1d-2e3f-4a5b6c7d8e9f,Enviar solicitud de vacaciones,2b549288-04a4-4705-bcd0-0332b683df27,4,7.53
000a3793-827e-4616-84f9-0a23863e0a35,Aprobación de Pago,14791e8e-28e4-4f61-9593-d7a2653d97a3,5,9.15
0e1f2a3b-4c5d-6e7f-8a9b-0c1d2e3f4a5b,Aprobación de Pago,7949fc3c-9284-40a0-8161-7b39cf9f9b2d,14,12.41
111e9d86-cbd2-45ff-a809-4072bbe6a4d0,Habilitar Permisos,e121cbea-1209-4fe7-ad22-6cf09caf5b95,3,7.83
8c9d0e1f-2a3b-4c5d-6e7f-8a9b0c1d2e3f,Aprobación de Pago,2b549288-04a4-4705-bcd0-0332b683df27,3,7.44
0e1f2a3b-4c5d-6e7f-8a9b-0c1d2e3f4a5b,Especificar Licencia,87f8e8d1-83e9-4ddb-9be0-fc955228db6d,8,8.49
5c6d7e8f-9a0b-1c2d-3e4f-5a6b7c8d9e0f,Instalar Licencia,0eea38fa-f85e-4c73-b47b-0a1985db1227,10,13.42
000a3793-827e-4616-84f9-0a23863e0a35,Instalar Licencia,14791e8e-28e4-4f61-9593-d7a2653d97a3,5,8.35
7c8d9e0f-1a2b-3c4d-5e6f-7a8b9c0d1e2f,Revisión Contable,e04f861d-b880-4d7f-bf03-59ce8e435929,7,11.39
0e1f2a3b-4c5d-6e7f-8a9b-0c1d2e3f4a5b,Dispersión de Fondos,a9eff785-5679-4a1b-91ef-6ca8712ddd18,12,11.9
f5ba7581-b2ac-4b3a-830e-64ab112f975a,Feedback de Manager,bebe41a9-85fc-43f3-a125-5c7f72b0898d,4,8.82
8c9d0e1f-2a3b-4c5d-6e7f-8a9b0c1d2e3f,Instalar Licencia,2e310583-c106-4f2c-a6c3-c4b12ec30658,12,18.68
31ece703-f961-4e8e-a5c5-cd5c5b47e3db,Registrar Recibos,e04f861d-b880-4d7f-bf03-59ce8e435929,3,4.41
31ece703-f961-4e8e-a5c5-cd5c5b47e3db,Dispersión de Fondos,d822aaf2-81c6-4054-b63b-a2bec2d53509,4,6.99
6c7d8e9f-0a1b-2c3d-4e5f-6a7b8c9d0e1f,Autoevaluación,a9eff785-5679-4a1b-91ef-6ca8712ddd18,15,14.39
111e9d86-cbd2-45ff-a809-4072bbe6a4d0,Consolidar Gastos,e1c69265-87e8-417b-b13a-2ae72c53d4e3,3,6.07
4c5d6e7f-8a9b-0c1d-2e3f-4a5b6c7d8e9f,Aprobar Presupuesto,db614129-bb28-4b41-8a46-bea1444c388c,2,7.04
4c5d6e7f-8a9b-0c1d-2e3f-4a5b6c7d8e9f,Dispersión de Fondos,e1c69265-87e8-417b-b13a-2ae72c53d4e3,8,10.08
111e9d86-cbd2-45ff-a809-4072bbe6a4d0,Dispersión de Fondos,2b549288-04a4-4705-bcd0-0332b683df27,9,10.39
0e1f2a3b-4c5d-6e7f-8a9b-0c1d2e3f4a5b,Habilitar Permisos,d822aaf2-81c6-4054-b63b-a2bec2d53509,8,8.23
6c7d8e9f-0a1b-2c3d-4e5f-6a7b8c9d0e1f,Validar Elegibilidad,2e310583-c106-4f2c-a6c3-c4b12ec30658,10,12.06
5c6d7e8f-9a0b-1c2d-3e4f-5a6b7c8d9e0f,Validar Capacitación,0eea38fa-f85e-4c73-b47b-0a1985db1227,11,15.41
111e9d86-cbd2-45ff-a809-4072bbe6a4d0,Solicitar Adelanto,eccb7c0d-52a7-4143-baad-ebee05361b50,1,3.97
0e1f2a3b-4c5d-6e7f-8a9b-0c1d2e3f4a5b,Entrega del Equipo,f65f0bd7-27f5-4b8c-9641-94729f51744a,9,9.46
2c3d4e5f-6a7b-8c9d-0e1f-2a3b4c5d6e7f,Aprobación del manager,e04f861d-b880-4d7f-bf03-59ce8e435929,1,3.12
3c4d5e6f-7a8b-9c0d-1e2f-3a4b5c6d7e8f,Reunión Bienvenida,e04f861d-b880-4d7f-bf03-59ce8e435929,12,12.64
bd9966b2-5fa2-4a4b-b924-59e817a5e756,Enviar solicitud de vacaciones,db614129-bb28-4b41-8a46-bea1444c388c,8,10.42
2c3d4e5f-6a7b-8c9d-0e1f-2a3b4c5d6e7f,Especificar Licencia,7949fc3c-9284-40a0-8161-7b39cf9f9b2d,9,11.69
2c3d4e5f-6a7b-8c9d-0e1f-2a3b4c5d6e7f,Inicio del Proceso,bebe41a9-85fc-43f3-a125-5c7f72b0898d,0,5.08
8c9d0e1f-2a3b-4c5d-6e7f-8a9b0c1d2e3f,Presentar Requerimiento,eccb7c0d-52a7-4143-baad-ebee05361b50,0,4.55
439df689-d1cf-41c3-883c-1b7713fe68e5,Aprobación del manager,f65f0bd7-27f5-4b8c-9641-94729f51744a,13,14.75
8c9d0e1f-2a3b-4c5d-6e7f-8a9b0c1d2e3f,Validar Elegibilidad,f65f0bd7-27f5-4b8c-9641-94729f51744a,13,15.6
7c8d9e0f-1a2b-3c4d-5e6f-7a8b9c0d1e2f,Aprobación Presupuesto,87f8e8d1-83e9-4ddb-9be0-fc955228db6d,2,5.25
4c5d6e7f-8a9b-0c1d-2e3f-4a5b6c7d8e9f,Habilitar Permisos,e04f861d-b880-4d7f-bf03-59ce8e435929,14,13.72
bd9966b2-5fa2-4a4b-b924-59e817a5e756,Verificar Factura,87f8e8d1-83e9-4ddb-9be0-fc955228db6d,3,7.13
6c7d8e9f-0a1b-2c3d-4e5f-6a7b8c9d0e1f,Preparar Firma,3f72a8b2-777b-43c8-ba37-8f5d9fbd2135,13,14.88
993a46fb-a0b2-4d2c-88eb-11ab1c3d4e8c,Entrega del Equipo,2e310583-c106-4f2c-a6c3-c4b12ec30658,1,9.28
31ece703-f961-4e8e-a5c5-cd5c5b47e3db,Aprobación de Pago,2b549288-04a4-4705-bcd0-0332b683df27,0,3.65
000a3793-827e-4616-84f9-0a23863e0a35,Especificar Licencia,d822aaf2-81c6-4054-b63b-a2bec2d53509,6,10.24
2c3d4e5f-6a7b-8c9d-0e1f-2a3b4c5d6e7f,Entrega del Equipo,14791e8e-28e4-4f61-9593-d7a2653d97a3,4,8.82
9c0d1e2f-3a4b-5c6d-7e8f-9a0b1c2d3e4f,Procesar Transferencia,87f8e8d1-83e9-4ddb-9be0-fc955228db6d,1,6.68
7c8d9e0f-1a2b-3c4d-5e6f-7a8b9c0d1e2f,Enviar solicitud de vacaciones,db614129-bb28-4b41-8a46-bea1444c388c,8,8.48
993a46fb-a0b2-4d2c-88eb-11ab1c3d4e8c,Verificar Factura,4cd6a83f-a8b6-4b56-854d-5d3693ec4ab4,9,15.03
000a3793-827e-4616-84f9-0a23863e0a35,Setup Tecnológico,e121cbea-1209-4fe7-ad22-6cf09caf5b95,7,7.86
8c9d0e1f-2a3b-4c5d-6e7f-8a9b0c1d2e3f,Aprobación de Pago,2084f511-720a-4096-80cd-5bc9b91cf5b6,4,9.22
bd9966b2-5fa2-4a4b-b924-59e817a5e756,Pago de Liquidación,14791e8e-28e4-4f61-9593-d7a2653d97a3,8,9.3
0e1f2a3b-4c5d-6e7f-8a9b-0c1d2e3f4a5b,Procesar Transferencia,d822aaf2-81c6-4054-b63b-a2bec2d53509,3,3.69
2c3d4e5f-6a7b-8c9d-0e1f-2a3b4c5d6e7f,Subir Borrador,e121cbea-1209-4fe7-ad22-6cf09caf5b95,5,6.85
31ece703-f961-4e8e-a5c5-cd5c5b47e3db,Inicio del Proceso,8490fcc8-7f53-4704-ac48-99b48356b21c,12,12.91
439df689-d1cf-41c3-883c-1b7713fe68e5,Dispersión de Fondos,d9b58f63-b601-433e-9861-2bf2ad90eeb6,14,14.66
6720c739-1916-432b-b392-e698dcfd8112,Habilitar Permisos,db614129-bb28-4b41-8a46-bea1444c388c,15,13.45
f5ba7581-b2ac-4b3a-830e-64ab112f975a,Consolidar Gastos,2084f511-720a-4096-80cd-5bc9b91cf5b6,13,14.47
f5ba7581-b2ac-4b3a-830e-64ab112f975a,Autoevaluación,e1c69265-87e8-417b-b13a-2ae72c53d4e3,15,14.32
8c9d0e1f-2a3b-4c5d-6e7f-8a9b0c1d2e3f,Cerrar Accesos,eccb7c0d-52a7-4143-baad-ebee05361b50,15,19.91
4c5d6e7f-8a9b-0c1d-2e3f-4a5b6c7d8e9f,Subir Borrador,2e310583-c106-4f2c-a6c3-c4b12ec30658,14,13.95
31ece703-f961-4e8e-a5c5-cd5c5b47e3db,Revisión Gerencial,f65f0bd7-27f5-4b8c-9641-94729f51744a,13,14.32
bd9966b2-5fa2-4a4b-b924-59e817a5e756,Preparar Firma,f615b16b-8fd1-43c9-97c0-a65e08960291,8,9.64
993a46fb-a0b2-4d2c-88eb-11ab1c3d4e8c,Revisión de Seguridad,2b549288-04a4-4705-bcd0-0332b683df27,11,18.92
7c8d9e0f-1a2b-3c4d-5e6f-7a8b9c0d1e2f,Solicitar Adelanto,2e310583-c106-4f2c-a6c3-c4b12ec30658,12,13.0
6720c739-1916-432b-b392-e698dcfd8112,Preparar Firma,d822aaf2-81c6-4054-b63b-a2bec2d53509,1,4.34
2c3d4e5f-6a7b-8c9d-0e1f-2a3b4c5d6e7f,Aprobar Presupuesto,e04f861d-b880-4d7f-bf03-59ce8e435929,9,9.59
8c9d0e1f-2a3b-4c5d-6e7f-8a9b0c1d2e3f,Reunión Bienvenida,e121cbea-1209-4fe7-ad22-6cf09caf5b95,1,10.45
0e1f2a3b-4c5d-6e7f-8a9b-0c1d2e3f4a5b,Enviar solicitud de vacaciones,db614129-bb28-4b41-8a46-bea1444c388c,6,6.31
7c8d9e0f-1a2b-3c4d-5e6f-7a8b9c0d1e2f,Consolidar Gastos,e1c69265-87e8-417b-b13a-2ae72c53d4e3,12,11.63
9c0d1e2f-3a4b-5c6d-7e8f-9a0b1c2d3e4f,Consolidación de RRHH,8490fcc8-7f53-4704-ac48-99b48356b21c,14,13.95
4c5d6e7f-8a9b-0c1d-2e3f-4a5b6c7d8e9f,Aprobación Costos,2b549288-04a4-4705-bcd0-0332b683df27,10,11.12
439df689-d1cf-41c3-883c-1b7713fe68e5,Entrega del Equipo,87f8e8d1-83e9-4ddb-9be0-fc955228db6d,7,10.85
439df689-d1cf-41c3-883c-1b7713fe68e5,Instalar Licencia,d822aaf2-81c6-4054-b63b-a2bec2d53509,1,3.9
a7b21cc3-d8cf-48af-8bb0-22cba4567e9b,Autoevaluación,87f8e8d1-83e9-4ddb-9be0-fc955228db6d,4,6.88
3c4d5e6f-7a8b-9c0d-1e2f-3a4b5c6d7e8f,Solicitar Adelanto,db614129-bb28-4b41-8a46-bea1444c388c,15,15.89
6c7d8e9f-0a1b-2c3d-4e5f-6a7b8c9d0e1f,Consolidar Gastos,8490fcc8-7f53-4704-ac48-99b48356b21c,4,7.3
bd9966b2-5fa2-4a4b-b924-59e817a5e756,Especificar Servidores,8490fcc8-7f53-4704-ac48-99b48356b21c,11,11.88
0e1f2a3b-4c5d-6e7f-8a9b-0c1d2e3f4a5b,Aprobación del manager,14791e8e-28e4-4f61-9593-d7a2653d97a3,8,6.77
3c4d5e6f-7a8b-9c0d-1e2f-3a4b5c6d7e8f,Aprobación Presupuesto,2e310583-c106-4f2c-a6c3-c4b12ec30658,14,15.03
bd9966b2-5fa2-4a4b-b924-59e817a5e756,Validar Capacitación,e1c69265-87e8-417b-b13a-2ae72c53d4e3,9,9.41
7c8d9e0f-1a2b-3c4d-5e6f-7a8b9c0d1e2f,Reunión Bienvenida,2b549288-04a4-4705-bcd0-0332b683df27,12,12.71
bd9966b2-5fa2-4a4b-b924-59e817a5e756,Validación de RRHH,a9eff785-5679-4a1b-91ef-6ca8712ddd18,3,7.62
993a46fb-a0b2-4d2c-88eb-11ab1c3d4e8c,Consolidar Gastos,f65f0bd7-27f5-4b8c-9641-94729f51744a,5,14.17
4c5d6e7f-8a9b-0c1d-2e3f-4a5b6c7d8e9f,Subir Borrador,3f72a8b2-777b-43c8-ba37-8f5d9fbd2135,12,12.72
4c5d6e7f-8a9b-0c1d-2e3f-4a5b6c7d8e9f,Iniciar Baja,7949fc3c-9284-40a0-8161-7b39cf9f9b2d,4,4.68
8c9d0e1f-2a3b-4c5d-6e7f-8a9b0c1d2e3f,Subir Borrador,87f8e8d1-83e9-4ddb-9be0-fc955228db6d,0,5.3
6c7d8e9f-0a1b-2c3d-4e5f-6a7b8c9d0e1f,Cerrar Accesos,4cd6a83f-a8b6-4b56-854d-5d3693ec4ab4,11,12.55
31ece703-f961-4e8e-a5c5-cd5c5b47e3db,Especificar Servidores,87f8e8d1-83e9-4ddb-9be0-fc955228db6d,14,15.26
2c3d4e5f-6a7b-8c9d-0e1f-2a3b4c5d6e7f,Registrar Recibos,a9eff785-5679-4a1b-91ef-6ca8712ddd18,6,7.55
a7b21cc3-d8cf-48af-8bb0-22cba4567e9b,Aprobar Presupuesto,db614129-bb28-4b41-8a46-bea1444c388c,8,10.24
000a3793-827e-4616-84f9-0a23863e0a35,Validar Capacitación,4cd6a83f-a8b6-4b56-854d-5d3693ec4ab4,12,12.26
439df689-d1cf-41c3-883c-1b7713fe68e5,Especificar Licencia,14791e8e-28e4-4f61-9593-d7a2653d97a3,15,13.88
111e9d86-cbd2-45ff-a809-4072bbe6a4d0,Presentar Requerimiento,8490fcc8-7f53-4704-ac48-99b48356b21c,6,6.5
bd9966b2-5fa2-4a4b-b924-59e817a5e756,Validación de RRHH,e04f861d-b880-4d7f-bf03-59ce8e435929,3,4.81
000a3793-827e-4616-84f9-0a23863e0a35,Revisión Contable,87f8e8d1-83e9-4ddb-9be0-fc955228db6d,11,10.72
f5ba7581-b2ac-4b3a-830e-64ab112f975a,Solicitar Adelanto,e04f861d-b880-4d7f-bf03-59ce8e435929,7,10.53
439df689-d1cf-41c3-883c-1b7713fe68e5,Aprobación Presupuesto,7949fc3c-9284-40a0-8161-7b39cf9f9b2d,15,15.48
8c9d0e1f-2a3b-4c5d-6e7f-8a9b0c1d2e3f,Subir Borrador,4cd6a83f-a8b6-4b56-854d-5d3693ec4ab4,6,9.18
f5ba7581-b2ac-4b3a-830e-64ab112f975a,Registrar Recibos,d822aaf2-81c6-4054-b63b-a2bec2d53509,13,15.54
5c6d7e8f-9a0b-1c2d-3e4f-5a6b7c8d9e0f,Cerrar Accesos,3f72a8b2-777b-43c8-ba37-8f5d9fbd2135,14,14.04
8c9d0e1f-2a3b-4c5d-6e7f-8a9b0c1d2e3f,Aprobación Presupuesto,c017087e-fcbc-4f47-ae54-78008d243fbf,14,16.03
9c0d1e2f-3a4b-5c6d-7e8f-9a0b1c2d3e4f,Habilitar Permisos,3f72a8b2-777b-43c8-ba37-8f5d9fbd2135,1,6.54
000a3793-827e-4616-84f9-0a23863e0a35,Revisión Gerencial,a9eff785-5679-4a1b-91ef-6ca8712ddd18,10,13.39
2c3d4e5f-6a7b-8c9d-0e1f-2a3b4c5d6e7f,Instalar Licencia,3f72a8b2-777b-43c8-ba37-8f5d9fbd2135,11,11.67
993a46fb-a0b2-4d2c-88eb-11ab1c3d4e8c,Iniciar Baja,2b549288-04a4-4705-bcd0-0332b683df27,13,13.58
8c9d0e1f-2a3b-4c5d-6e7f-8a9b0c1d2e3f,Revisión Contable,14791e8e-28e4-4f61-9593-d7a2653d97a3,0,5.87
439df689-d1cf-41c3-883c-1b7713fe68e5,Firma Director,7949fc3c-9284-40a0-8161-7b39cf9f9b2d,1,5.43
993a46fb-a0b2-4d2c-88eb-11ab1c3d4e8c,Consolidación de RRHH,bebe41a9-85fc-43f3-a125-5c7f72b0898d,8,11.04
a7b21cc3-d8cf-48af-8bb0-22cba4567e9b,Validar Elegibilidad,c017087e-fcbc-4f47-ae54-78008d243fbf,4,7.1
439df689-d1cf-41c3-883c-1b7713fe68e5,Inicio del Proceso,f65f0bd7-27f5-4b8c-9641-94729f51744a,14,12.81
bd9966b2-5fa2-4a4b-b924-59e817a5e756,Reunión Bienvenida,7949fc3c-9284-40a0-8161-7b39cf9f9b2d,12,14.01
2c3d4e5f-6a7b-8c9d-0e1f-2a3b4c5d6e7f,Reunión Bienvenida,db614129-bb28-4b41-8a46-bea1444c388c,14,15.64
6720c739-1916-432b-b392-e698dcfd8112,Setup Tecnológico,d822aaf2-81c6-4054-b63b-a2bec2d53509,9,8.22
3c4d5e6f-7a8b-9c0d-1e2f-3a4b5c6d7e8f,Verificar Factura,4cd6a83f-a8b6-4b56-854d-5d3693ec4ab4,7,8.5
6c7d8e9f-0a1b-2c3d-4e5f-6a7b8c9d0e1f,Procesar Transferencia,2b549288-04a4-4705-bcd0-0332b683df27,1,6.38
6c7d8e9f-0a1b-2c3d-4e5f-6a7b8c9d0e1f,Autoevaluación,bebe41a9-85fc-43f3-a125-5c7f72b0898d,3,4.28
bd9966b2-5fa2-4a4b-b924-59e817a5e756,Aprobación del manager,7949fc3c-9284-40a0-8161-7b39cf9f9b2d,11,10.06
6c7d8e9f-0a1b-2c3d-4e5f-6a7b8c9d0e1f,Aprobación del manager,e121cbea-1209-4fe7-ad22-6cf09caf5b95,12,11.8
2c3d4e5f-6a7b-8c9d-0e1f-2a3b4c5d6e7f,Autoevaluación,db614129-bb28-4b41-8a46-bea1444c388c,7,9.39
111e9d86-cbd2-45ff-a809-4072bbe6a4d0,Autoevaluación,f65f0bd7-27f5-4b8c-9641-94729f51744a,7,8.3
4c5d6e7f-8a9b-0c1d-2e3f-4a5b6c7d8e9f,Revisión Contable,eccb7c0d-52a7-4143-baad-ebee05361b50,15,13.77
2c3d4e5f-6a7b-8c9d-0e1f-2a3b4c5d6e7f,Firma Director,14791e8e-28e4-4f61-9593-d7a2653d97a3,0,4.14
993a46fb-a0b2-4d2c-88eb-11ab1c3d4e8c,Aprobación Presupuesto,f65f0bd7-27f5-4b8c-9641-94729f51744a,14,15.79
6720c739-1916-432b-b392-e698dcfd8112,Dispersión de Fondos,0eea38fa-f85e-4c73-b47b-0a1985db1227,10,13.72
439df689-d1cf-41c3-883c-1b7713fe68e5,Revisión Contable,d9b58f63-b601-433e-9861-2bf2ad90eeb6,15,15.89
9c0d1e2f-3a4b-5c6d-7e8f-9a0b1c2d3e4f,Revisión Contable,a9eff785-5679-4a1b-91ef-6ca8712ddd18,8,8.23
2c3d4e5f-6a7b-8c9d-0e1f-2a3b4c5d6e7f,Aprobación del manager,8490fcc8-7f53-4704-ac48-99b48356b21c,12,11.82
000a3793-827e-4616-84f9-0a23863e0a35,Detallar Curso,a9eff785-5679-4a1b-91ef-6ca8712ddd18,7,10.74
5c6d7e8f-9a0b-1c2d-3e4f-5a6b7c8d9e0f,Autorización Gerencia,2b549288-04a4-4705-bcd0-0332b683df27,11,14.64
0e1f2a3b-4c5d-6e7f-8a9b-0c1d2e3f4a5b,Detallar Curso,3f72a8b2-777b-43c8-ba37-8f5d9fbd2135,0,2.25
6720c739-1916-432b-b392-e698dcfd8112,Feedback de Manager,e121cbea-1209-4fe7-ad22-6cf09caf5b95,6,9.63
439df689-d1cf-41c3-883c-1b7713fe68e5,Enviar solicitud de vacaciones,eccb7c0d-52a7-4143-baad-ebee05361b50,12,12.18
6c7d8e9f-0a1b-2c3d-4e5f-6a7b8c9d0e1f,Verificar Stock,d822aaf2-81c6-4054-b63b-a2bec2d53509,6,9.64
8c9d0e1f-2a3b-4c5d-6e7f-8a9b0c1d2e3f,Solicitar Adelanto,f65f0bd7-27f5-4b8c-9641-94729f51744a,7,15.53
a7b21cc3-d8cf-48af-8bb0-22cba4567e9b,Presentar Requerimiento,7949fc3c-9284-40a0-8161-7b39cf9f9b2d,11,12.59
0e1f2a3b-4c5d-6e7f-8a9b-0c1d2e3f4a5b,Instalar Licencia,e04f861d-b880-4d7f-bf03-59ce8e435929,14,12.04
9c0d1e2f-3a4b-5c6d-7e8f-9a0b1c2d3e4f,Verificar Stock,c017087e-fcbc-4f47-ae54-78008d243fbf,9,12.31
5c6d7e8f-9a0b-1c2d-3e4f-5a6b7c8d9e0f,Procesar Transferencia,14791e8e-28e4-4f61-9593-d7a2653d97a3,2,6.09
2c3d4e5f-6a7b-8c9d-0e1f-2a3b4c5d6e7f,Enviar solicitud de vacaciones,f65f0bd7-27f5-4b8c-9641-94729f51744a,11,13.41
993a46fb-a0b2-4d2c-88eb-11ab1c3d4e8c,Cerrar Accesos,f615b16b-8fd1-43c9-97c0-a65e08960291,4,12.41
5c6d7e8f-9a0b-1c2d-3e4f-5a6b7c8d9e0f,Especificar Licencia,0eea38fa-f85e-4c73-b47b-0a1985db1227,2,10.86
0e1f2a3b-4c5d-6e7f-8a9b-0c1d2e3f4a5b,Revisión Contable,db614129-bb28-4b41-8a46-bea1444c388c,8,8.92
6720c739-1916-432b-b392-e698dcfd8112,Revisión Contable,eccb7c0d-52a7-4143-baad-ebee05361b50,11,14.16
2c3d4e5f-6a7b-8c9d-0e1f-2a3b4c5d6e7f,Inicio del Proceso,14791e8e-28e4-4f61-9593-d7a2653d97a3,4,7.44
439df689-d1cf-41c3-883c-1b7713fe68e5,Feedback de Manager,3f72a8b2-777b-43c8-ba37-8f5d9fbd2135,14,15.03
000a3793-827e-4616-84f9-0a23863e0a35,Instalar Licencia,14791e8e-28e4-4f61-9593-d7a2653d97a3,2,5.56
9c0d1e2f-3a4b-5c6d-7e8f-9a0b1c2d3e4f,Firma Director,f615b16b-8fd1-43c9-97c0-a65e08960291,5,4.99
000a3793-827e-4616-84f9-0a23863e0a35,Aprobación Presupuesto,0eea38fa-f85e-4c73-b47b-0a1985db1227,10,11.54
8c9d0e1f-2a3b-4c5d-6e7f-8a9b0c1d2e3f,Enviar solicitud de vacaciones,7949fc3c-9284-40a0-8161-7b39cf9f9b2d,8,9.82
9c0d1e2f-3a4b-5c6d-7e8f-9a0b1c2d3e4f,Habilitar Permisos,f65f0bd7-27f5-4b8c-9641-94729f51744a,3,6.62
2c3d4e5f-6a7b-8c9d-0e1f-2a3b4c5d6e7f,Reunión Bienvenida,f615b16b-8fd1-43c9-97c0-a65e08960291,5,7.47
111e9d86-cbd2-45ff-a809-4072bbe6a4d0,Autorización Gerencia,2084f511-720a-4096-80cd-5bc9b91cf5b6,4,9.08
2c3d4e5f-6a7b-8c9d-0e1f-2a3b4c5d6e7f,Aprobación del manager,2e310583-c106-4f2c-a6c3-c4b12ec30658,15,16.81
6c7d8e9f-0a1b-2c3d-4e5f-6a7b8c9d0e1f,Revisión de Seguridad,7949fc3c-9284-40a0-8161-7b39cf9f9b2d,12,12.22
993a46fb-a0b2-4d2c-88eb-11ab1c3d4e8c,Firma Director,14791e8e-28e4-4f61-9593-d7a2653d97a3,1,6.08
4c5d6e7f-8a9b-0c1d-2e3f-4a5b6c7d8e9f,Subir Borrador,4cd6a83f-a8b6-4b56-854d-5d3693ec4ab4,9,11.26
0e1f2a3b-4c5d-6e7f-8a9b-0c1d2e3f4a5b,Especificar Licencia,d822aaf2-81c6-4054-b63b-a2bec2d53509,10,10.85
2c3d4e5f-6a7b-8c9d-0e1f-2a3b4c5d6e7f,Autoevaluación,e04f861d-b880-4d7f-bf03-59ce8e435929,8,10.68
6720c739-1916-432b-b392-e698dcfd8112,Reunión Bienvenida,0eea38fa-f85e-4c73-b47b-0a1985db1227,9,9.61
5c6d7e8f-9a0b-1c2d-3e4f-5a6b7c8d9e0f,Consolidación de RRHH,3f72a8b2-777b-43c8-ba37-8f5d9fbd2135,3,11.08
bd9966b2-5fa2-4a4b-b924-59e817a5e756,Feedback de Manager,eccb7c0d-52a7-4143-baad-ebee05361b50,4,7.7
9c0d1e2f-3a4b-5c6d-7e8f-9a0b1c2d3e4f,Procesar Transferencia,14791e8e-28e4-4f61-9593-d7a2653d97a3,8,10.65
2c3d4e5f-6a7b-8c9d-0e1f-2a3b4c5d6e7f,Pago de Liquidación,db614129-bb28-4b41-8a46-bea1444c388c,11,10.38
8c9d0e1f-2a3b-4c5d-6e7f-8a9b0c1d2e3f,Cerrar Accesos,d822aaf2-81c6-4054-b63b-a2bec2d53509,7,14.43
9c0d1e2f-3a4b-5c6d-7e8f-9a0b1c2d3e4f,Presentar Requerimiento,87f8e8d1-83e9-4ddb-9be0-fc955228db6d,13,13.02
a7b21cc3-d8cf-48af-8bb0-22cba4567e9b,Especificar Licencia,8490fcc8-7f53-4704-ac48-99b48356b21c,1,6.2
6720c739-1916-432b-b392-e698dcfd8112,Aprobación Presupuesto,87f8e8d1-83e9-4ddb-9be0-fc955228db6d,2,4.93
6c7d8e9f-0a1b-2c3d-4e5f-6a7b8c9d0e1f,Validar Capacitación,2e310583-c106-4f2c-a6c3-c4b12ec30658,6,9.12
4c5d6e7f-8a9b-0c1d-2e3f-4a5b6c7d8e9f,Aprobación Presupuesto,eccb7c0d-52a7-4143-baad-ebee05361b50,1,2.72
000a3793-827e-4616-84f9-0a23863e0a35,Solicitar Adelanto,d822aaf2-81c6-4054-b63b-a2bec2d53509,11,10.5
f5ba7581-b2ac-4b3a-830e-64ab112f975a,Preparar Firma,2b549288-04a4-4705-bcd0-0332b683df27,13,13.5
31ece703-f961-4e8e-a5c5-cd5c5b47e3db,Especificar Licencia,e121cbea-1209-4fe7-ad22-6cf09caf5b95,10,13.28
4c5d6e7f-8a9b-0c1d-2e3f-4a5b6c7d8e9f,Autoevaluación,d9b58f63-b601-433e-9861-2bf2ad90eeb6,2,4.68
2c3d4e5f-6a7b-8c9d-0e1f-2a3b4c5d6e7f,Reunión Bienvenida,87f8e8d1-83e9-4ddb-9be0-fc955228db6d,7,10.01
bd9966b2-5fa2-4a4b-b924-59e817a5e756,Solicitar Adelanto,2e310583-c106-4f2c-a6c3-c4b12ec30658,12,14.43
111e9d86-cbd2-45ff-a809-4072bbe6a4d0,Registrar Recibos,db614129-bb28-4b41-8a46-bea1444c388c,10,9.79
a7b21cc3-d8cf-48af-8bb0-22cba4567e9b,Evaluación Técnica,0eea38fa-f85e-4c73-b47b-0a1985db1227,14,13.12
f5ba7581-b2ac-4b3a-830e-64ab112f975a,Validar Capacitación,f65f0bd7-27f5-4b8c-9641-94729f51744a,4,7.97
8c9d0e1f-2a3b-4c5d-6e7f-8a9b0c1d2e3f,Validación de RRHH,2b549288-04a4-4705-bcd0-0332b683df27,2,7.75
5c6d7e8f-9a0b-1c2d-3e4f-5a6b7c8d9e0f,Evaluación Técnica,14791e8e-28e4-4f61-9593-d7a2653d97a3,12,16.85
f5ba7581-b2ac-4b3a-830e-64ab112f975a,Feedback de Manager,3f72a8b2-777b-43c8-ba37-8f5d9fbd2135,8,12.6
111e9d86-cbd2-45ff-a809-4072bbe6a4d0,Aprobación de Pago,d9b58f63-b601-433e-9861-2bf2ad90eeb6,15,14.54
111e9d86-cbd2-45ff-a809-4072bbe6a4d0,Consolidar Gastos,eccb7c0d-52a7-4143-baad-ebee05361b50,11,10.84
439df689-d1cf-41c3-883c-1b7713fe68e5,Aprobación Costos,e121cbea-1209-4fe7-ad22-6cf09caf5b95,9,9.54
439df689-d1cf-41c3-883c-1b7713fe68e5,Revisión de Seguridad,2084f511-720a-4096-80cd-5bc9b91cf5b6,8,10.81
3c4d5e6f-7a8b-9c0d-1e2f-3a4b5c6d7e8f,Pago de Liquidación,2084f511-720a-4096-80cd-5bc9b91cf5b6,0,3.43
8c9d0e1f-2a3b-4c5d-6e7f-8a9b0c1d2e3f,Verificar Stock,f615b16b-8fd1-43c9-97c0-a65e08960291,14,14.2
0e1f2a3b-4c5d-6e7f-8a9b-0c1d2e3f4a5b,Inicio de la solicitud,2084f511-720a-4096-80cd-5bc9b91cf5b6,3,5.42
6c7d8e9f-0a1b-2c3d-4e5f-6a7b8c9d0e1f,Validación de RRHH,2e310583-c106-4f2c-a6c3-c4b12ec30658,2,4.61
5c6d7e8f-9a0b-1c2d-3e4f-5a6b7c8d9e0f,Instalar Licencia,e121cbea-1209-4fe7-ad22-6cf09caf5b95,1,6.69
a7b21cc3-d8cf-48af-8bb0-22cba4567e9b,Detallar Curso,2e310583-c106-4f2c-a6c3-c4b12ec30658,14,13.49
8c9d0e1f-2a3b-4c5d-6e7f-8a9b0c1d2e3f,Habilitar Permisos,a9eff785-5679-4a1b-91ef-6ca8712ddd18,3,7.4
8c9d0e1f-2a3b-4c5d-6e7f-8a9b0c1d2e3f,Consolidación de RRHH,7949fc3c-9284-40a0-8161-7b39cf9f9b2d,5,8.81
bd9966b2-5fa2-4a4b-b924-59e817a5e756,Reunión Bienvenida,14791e8e-28e4-4f61-9593-d7a2653d97a3,15,17.38
993a46fb-a0b2-4d2c-88eb-11ab1c3d4e8c,Aprobación Presupuesto,f615b16b-8fd1-43c9-97c0-a65e08960291,12,16.68
439df689-d1cf-41c3-883c-1b7713fe68e5,Aprobar Presupuesto,d822aaf2-81c6-4054-b63b-a2bec2d53509,4,8.49
9c0d1e2f-3a4b-5c6d-7e8f-9a0b1c2d3e4f,Validar Capacitación,2084f511-720a-4096-80cd-5bc9b91cf5b6,1,3.72
000a3793-827e-4616-84f9-0a23863e0a35,Habilitar Permisos,d9b58f63-b601-433e-9861-2bf2ad90eeb6,3,8.74
3c4d5e6f-7a8b-9c0d-1e2f-3a4b5c6d7e8f,Solicitar Adelanto,eccb7c0d-52a7-4143-baad-ebee05361b50,4,5.34
7c8d9e0f-1a2b-3c4d-5e6f-7a8b9c0d1e2f,Presentar Requerimiento,8490fcc8-7f53-4704-ac48-99b48356b21c,14,13.74
111e9d86-cbd2-45ff-a809-4072bbe6a4d0,Enviar solicitud de vacaciones,3f72a8b2-777b-43c8-ba37-8f5d9fbd2135,1,5.74
439df689-d1cf-41c3-883c-1b7713fe68e5,Detallar Curso,d822aaf2-81c6-4054-b63b-a2bec2d53509,15,16.97
0e1f2a3b-4c5d-6e7f-8a9b-0c1d2e3f4a5b,Validación de RRHH,f65f0bd7-27f5-4b8c-9641-94729f51744a,15,13.66
7c8d9e0f-1a2b-3c4d-5e6f-7a8b9c0d1e2f,Verificar Factura,e1c69265-87e8-417b-b13a-2ae72c53d4e3,3,6.11
f5ba7581-b2ac-4b3a-830e-64ab112f975a,Validación de RRHH,a9eff785-5679-4a1b-91ef-6ca8712ddd18,10,13.96
993a46fb-a0b2-4d2c-88eb-11ab1c3d4e8c,Revisión Gerencial,4cd6a83f-a8b6-4b56-854d-5d3693ec4ab4,10,15.14
31ece703-f961-4e8e-a5c5-cd5c5b47e3db,Inicio de la solicitud,c017087e-fcbc-4f47-ae54-78008d243fbf,3,4.91
5c6d7e8f-9a0b-1c2d-3e4f-5a6b7c8d9e0f,Verificar Factura,db614129-bb28-4b41-8a46-bea1444c388c,3,10.76
6720c739-1916-432b-b392-e698dcfd8112,Cerrar Accesos,2084f511-720a-4096-80cd-5bc9b91cf5b6,9,8.16
31ece703-f961-4e8e-a5c5-cd5c5b47e3db,Firma Director,4cd6a83f-a8b6-4b56-854d-5d3693ec4ab4,6,7.64
9c0d1e2f-3a4b-5c6d-7e8f-9a0b1c2d3e4f,Especificar Licencia,2b549288-04a4-4705-bcd0-0332b683df27,14,14.59
7c8d9e0f-1a2b-3c4d-5e6f-7a8b9c0d1e2f,Feedback de Manager,e121cbea-1209-4fe7-ad22-6cf09caf5b95,15,15.88
a7b21cc3-d8cf-48af-8bb0-22cba4567e9b,Preparar Firma,a9eff785-5679-4a1b-91ef-6ca8712ddd18,13,11.1
3c4d5e6f-7a8b-9c0d-1e2f-3a4b5c6d7e8f,Habilitar Permisos,eccb7c0d-52a7-4143-baad-ebee05361b50,4,9.73
7c8d9e0f-1a2b-3c4d-5e6f-7a8b9c0d1e2f,Dispersión de Fondos,bebe41a9-85fc-43f3-a125-5c7f72b0898d,11,11.13
3c4d5e6f-7a8b-9c0d-1e2f-3a4b5c6d7e8f,Enviar solicitud de vacaciones,2084f511-720a-4096-80cd-5bc9b91cf5b6,0,3.58
a7b21cc3-d8cf-48af-8bb0-22cba4567e9b,Autorización Gerencia,4cd6a83f-a8b6-4b56-854d-5d3693ec4ab4,3,6.27
9c0d1e2f-3a4b-5c6d-7e8f-9a0b1c2d3e4f,Cerrar Accesos,4cd6a83f-a8b6-4b56-854d-5d3693ec4ab4,0,1.96
0e1f2a3b-4c5d-6e7f-8a9b-0c1d2e3f4a5b,Consolidación de RRHH,2084f511-720a-4096-80cd-5bc9b91cf5b6,14,12.15
0e1f2a3b-4c5d-6e7f-8a9b-0c1d2e3f4a5b,Detallar Curso,4cd6a83f-a8b6-4b56-854d-5d3693ec4ab4,15,14.23
6c7d8e9f-0a1b-2c3d-4e5f-6a7b8c9d0e1f,Instalar Licencia,db614129-bb28-4b41-8a46-bea1444c388c,3,7.07
000a3793-827e-4616-84f9-0a23863e0a35,Revisión Contable,db614129-bb28-4b41-8a46-bea1444c388c,13,14.24
8c9d0e1f-2a3b-4c5d-6e7f-8a9b0c1d2e3f,Detallar Curso,eccb7c0d-52a7-4143-baad-ebee05361b50,9,11.34
6720c739-1916-432b-b392-e698dcfd8112,Consolidar Gastos,e121cbea-1209-4fe7-ad22-6cf09caf5b95,7,8.16
5c6d7e8f-9a0b-1c2d-3e4f-5a6b7c8d9e0f,Enviar solicitud de vacaciones,0eea38fa-f85e-4c73-b47b-0a1985db1227,3,7.92
0e1f2a3b-4c5d-6e7f-8a9b-0c1d2e3f4a5b,Detallar Curso,d822aaf2-81c6-4054-b63b-a2bec2d53509,4,6.68
a7b21cc3-d8cf-48af-8bb0-22cba4567e9b,Validar Capacitación,2e310583-c106-4f2c-a6c3-c4b12ec30658,10,12.16
993a46fb-a0b2-4d2c-88eb-11ab1c3d4e8c,Cerrar Accesos,2e310583-c106-4f2c-a6c3-c4b12ec30658,11,18.5
2c3d4e5f-6a7b-8c9d-0e1f-2a3b4c5d6e7f,Feedback de Manager,e1c69265-87e8-417b-b13a-2ae72c53d4e3,7,7.62
000a3793-827e-4616-84f9-0a23863e0a35,Revisión Contable,d9b58f63-b601-433e-9861-2bf2ad90eeb6,11,13.78
000a3793-827e-4616-84f9-0a23863e0a35,Entrega del Equipo,2084f511-720a-4096-80cd-5bc9b91cf5b6,2,6.72
bd9966b2-5fa2-4a4b-b924-59e817a5e756,Revisión Contable,14791e8e-28e4-4f61-9593-d7a2653d97a3,2,4.23
6c7d8e9f-0a1b-2c3d-4e5f-6a7b8c9d0e1f,Evaluación Técnica,f65f0bd7-27f5-4b8c-9641-94729f51744a,11,14.25
2c3d4e5f-6a7b-8c9d-0e1f-2a3b4c5d6e7f,Instalar Licencia,d9b58f63-b601-433e-9861-2bf2ad90eeb6,12,11.89
439df689-d1cf-41c3-883c-1b7713fe68e5,Revisión Contable,e121cbea-1209-4fe7-ad22-6cf09caf5b95,10,9.72
5c6d7e8f-9a0b-1c2d-3e4f-5a6b7c8d9e0f,Validar Capacitación,bebe41a9-85fc-43f3-a125-5c7f72b0898d,8,13.93
bd9966b2-5fa2-4a4b-b924-59e817a5e756,Revisión Gerencial,c017087e-fcbc-4f47-ae54-78008d243fbf,8,9.57
bd9966b2-5fa2-4a4b-b924-59e817a5e756,Instalar Licencia,3f72a8b2-777b-43c8-ba37-8f5d9fbd2135,2,3.58
a7b21cc3-d8cf-48af-8bb0-22cba4567e9b,Firma Director,d822aaf2-81c6-4054-b63b-a2bec2d53509,3,7.74
4c5d6e7f-8a9b-0c1d-2e3f-4a5b6c7d8e9f,Validar Comercial,bebe41a9-85fc-43f3-a125-5c7f72b0898d,6,9.05
111e9d86-cbd2-45ff-a809-4072bbe6a4d0,Solicitar Adelanto,14791e8e-28e4-4f61-9593-d7a2653d97a3,11,10.25
111e9d86-cbd2-45ff-a809-4072bbe6a4d0,Verificar Factura,0eea38fa-f85e-4c73-b47b-0a1985db1227,9,11.08
111e9d86-cbd2-45ff-a809-4072bbe6a4d0,Entrega del Equipo,eccb7c0d-52a7-4143-baad-ebee05361b50,1,6.26
6720c739-1916-432b-b392-e698dcfd8112,Firma Director,f65f0bd7-27f5-4b8c-9641-94729f51744a,9,11.42
a7b21cc3-d8cf-48af-8bb0-22cba4567e9b,Especificar Licencia,e1c69265-87e8-417b-b13a-2ae72c53d4e3,3,6.55
993a46fb-a0b2-4d2c-88eb-11ab1c3d4e8c,Validar Elegibilidad,f65f0bd7-27f5-4b8c-9641-94729f51744a,8,15.5
7c8d9e0f-1a2b-3c4d-5e6f-7a8b9c0d1e2f,Especificar Servidores,14791e8e-28e4-4f61-9593-d7a2653d97a3,13,11.28
f5ba7581-b2ac-4b3a-830e-64ab112f975a,Revisión Contable,f615b16b-8fd1-43c9-97c0-a65e08960291,13,13.39
6720c739-1916-432b-b392-e698dcfd8112,Habilitar Permisos,8490fcc8-7f53-4704-ac48-99b48356b21c,14,16.37
4c5d6e7f-8a9b-0c1d-2e3f-4a5b6c7d8e9f,Enviar solicitud de vacaciones,eccb7c0d-52a7-4143-baad-ebee05361b50,15,13.81
31ece703-f961-4e8e-a5c5-cd5c5b47e3db,Aprobación Presupuesto,f65f0bd7-27f5-4b8c-9641-94729f51744a,8,11.93
9c0d1e2f-3a4b-5c6d-7e8f-9a0b1c2d3e4f,Enviar solicitud de vacaciones,a9eff785-5679-4a1b-91ef-6ca8712ddd18,2,7.47
3c4d5e6f-7a8b-9c0d-1e2f-3a4b5c6d7e8f,Registrar Recibos,0eea38fa-f85e-4c73-b47b-0a1985db1227,15,13.69
6c7d8e9f-0a1b-2c3d-4e5f-6a7b8c9d0e1f,Validación de RRHH,2084f511-720a-4096-80cd-5bc9b91cf5b6,13,14.09
f5ba7581-b2ac-4b3a-830e-64ab112f975a,Registrar Recibos,f65f0bd7-27f5-4b8c-9641-94729f51744a,9,9.69
993a46fb-a0b2-4d2c-88eb-11ab1c3d4e8c,Evaluación Técnica,14791e8e-28e4-4f61-9593-d7a2653d97a3,1,5.45
6c7d8e9f-0a1b-2c3d-4e5f-6a7b8c9d0e1f,Presentar Requerimiento,87f8e8d1-83e9-4ddb-9be0-fc955228db6d,0,2.15
bd9966b2-5fa2-4a4b-b924-59e817a5e756,Inicio de la solicitud,2084f511-720a-4096-80cd-5bc9b91cf5b6,9,9.78
993a46fb-a0b2-4d2c-88eb-11ab1c3d4e8c,Especificar Licencia,2b549288-04a4-4705-bcd0-0332b683df27,4,11.47
6720c739-1916-432b-b392-e698dcfd8112,Evaluación Técnica,2084f511-720a-4096-80cd-5bc9b91cf5b6,3,4.64
6c7d8e9f-0a1b-2c3d-4e5f-6a7b8c9d0e1f,Especificar Licencia,bebe41a9-85fc-43f3-a125-5c7f72b0898d,3,6.59
0e1f2a3b-4c5d-6e7f-8a9b-0c1d2e3f4a5b,Entrega del Equipo,2b549288-04a4-4705-bcd0-0332b683df27,10,8.23
3c4d5e6f-7a8b-9c0d-1e2f-3a4b5c6d7e8f,Subir Borrador,f615b16b-8fd1-43c9-97c0-a65e08960291,6,11.05
a7b21cc3-d8cf-48af-8bb0-22cba4567e9b,Aprobación Costos,4cd6a83f-a8b6-4b56-854d-5d3693ec4ab4,5,8.62
8c9d0e1f-2a3b-4c5d-6e7f-8a9b0c1d2e3f,Instalar Licencia,3f72a8b2-777b-43c8-ba37-8f5d9fbd2135,13,18.92
6c7d8e9f-0a1b-2c3d-4e5f-6a7b8c9d0e1f,Aprobación Costos,14791e8e-28e4-4f61-9593-d7a2653d97a3,12,14.21
993a46fb-a0b2-4d2c-88eb-11ab1c3d4e8c,Revisión de Seguridad,14791e8e-28e4-4f61-9593-d7a2653d97a3,15,17.13
6720c739-1916-432b-b392-e698dcfd8112,Registrar Recibos,f65f0bd7-27f5-4b8c-9641-94729f51744a,11,12.86
439df689-d1cf-41c3-883c-1b7713fe68e5,Inicio de la solicitud,f615b16b-8fd1-43c9-97c0-a65e08960291,2,5.3
7c8d9e0f-1a2b-3c4d-5e6f-7a8b9c0d1e2f,Presentar Requerimiento,d822aaf2-81c6-4054-b63b-a2bec2d53509,2,3.71
f5ba7581-b2ac-4b3a-830e-64ab112f975a,Reunión Bienvenida,db614129-bb28-4b41-8a46-bea1444c388c,6,8.75
4c5d6e7f-8a9b-0c1d-2e3f-4a5b6c7d8e9f,Cerrar Accesos,e1c69265-87e8-417b-b13a-2ae72c53d4e3,11,11.79
993a46fb-a0b2-4d2c-88eb-11ab1c3d4e8c,Consolidar Gastos,bebe41a9-85fc-43f3-a125-5c7f72b0898d,5,7.54
31ece703-f961-4e8e-a5c5-cd5c5b47e3db,Consolidación de RRHH,c017087e-fcbc-4f47-ae54-78008d243fbf,5,7.34
5c6d7e8f-9a0b-1c2d-3e4f-5a6b7c8d9e0f,Revisión Gerencial,d822aaf2-81c6-4054-b63b-a2bec2d53509,0,5.25
000a3793-827e-4616-84f9-0a23863e0a35,Firma Director,2084f511-720a-4096-80cd-5bc9b91cf5b6,11,13.42
000a3793-827e-4616-84f9-0a23863e0a35,Verificar Factura,0eea38fa-f85e-4c73-b47b-0a1985db1227,1,3.61
8c9d0e1f-2a3b-4c5d-6e7f-8a9b0c1d2e3f,Validar Comercial,eccb7c0d-52a7-4143-baad-ebee05361b50,15,18.21
9c0d1e2f-3a4b-5c6d-7e8f-9a0b1c2d3e4f,Presentar Requerimiento,d9b58f63-b601-433e-9861-2bf2ad90eeb6,5,7.05
9c0d1e2f-3a4b-5c6d-7e8f-9a0b1c2d3e4f,Revisión Contable,2e310583-c106-4f2c-a6c3-c4b12ec30658,0,4.46
6c7d8e9f-0a1b-2c3d-4e5f-6a7b8c9d0e1f,Feedback de Manager,14791e8e-28e4-4f61-9593-d7a2653d97a3,14,15.78
4c5d6e7f-8a9b-0c1d-2e3f-4a5b6c7d8e9f,Procesar Transferencia,f615b16b-8fd1-43c9-97c0-a65e08960291,13,14.28
9c0d1e2f-3a4b-5c6d-7e8f-9a0b1c2d3e4f,Validar Elegibilidad,c017087e-fcbc-4f47-ae54-78008d243fbf,12,13.15
439df689-d1cf-41c3-883c-1b7713fe68e5,Especificar Servidores,d9b58f63-b601-433e-9861-2bf2ad90eeb6,15,16.52
111e9d86-cbd2-45ff-a809-4072bbe6a4d0,Validar Capacitación,7949fc3c-9284-40a0-8161-7b39cf9f9b2d,2,5.3
6c7d8e9f-0a1b-2c3d-4e5f-6a7b8c9d0e1f,Validación de RRHH,4cd6a83f-a8b6-4b56-854d-5d3693ec4ab4,14,15.06
439df689-d1cf-41c3-883c-1b7713fe68e5,Presentar Requerimiento,c017087e-fcbc-4f47-ae54-78008d243fbf,8,10.87
3c4d5e6f-7a8b-9c0d-1e2f-3a4b5c6d7e8f,Validación de RRHH,8490fcc8-7f53-4704-ac48-99b48356b21c,11,10.54
f5ba7581-b2ac-4b3a-830e-64ab112f975a,Habilitar Permisos,0eea38fa-f85e-4c73-b47b-0a1985db1227,3,6.41
4c5d6e7f-8a9b-0c1d-2e3f-4a5b6c7d8e9f,Aprobación Presupuesto,c017087e-fcbc-4f47-ae54-78008d243fbf,4,9.36
a7b21cc3-d8cf-48af-8bb0-22cba4567e9b,Dispersión de Fondos,7949fc3c-9284-40a0-8161-7b39cf9f9b2d,10,12.63
a7b21cc3-d8cf-48af-8bb0-22cba4567e9b,Aprobación Presupuesto,db614129-bb28-4b41-8a46-bea1444c388c,8,10.39
8c9d0e1f-2a3b-4c5d-6e7f-8a9b0c1d2e3f,Aprobación Presupuesto,db614129-bb28-4b41-8a46-bea1444c388c,5,11.64
000a3793-827e-4616-84f9-0a23863e0a35,Verificar Factura,7949fc3c-9284-40a0-8161-7b39cf9f9b2d,13,12.07
2c3d4e5f-6a7b-8c9d-0e1f-2a3b4c5d6e7f,Inicio de la solicitud,4cd6a83f-a8b6-4b56-854d-5d3693ec4ab4,4,8.88
6720c739-1916-432b-b392-e698dcfd8112,Validar Comercial,87f8e8d1-83e9-4ddb-9be0-fc955228db6d,11,13.49
31ece703-f961-4e8e-a5c5-cd5c5b47e3db,Autorización Gerencia,c017087e-fcbc-4f47-ae54-78008d243fbf,10,11.75
6720c739-1916-432b-b392-e698dcfd8112,Enviar solicitud de vacaciones,87f8e8d1-83e9-4ddb-9be0-fc955228db6d,9,9.89
3c4d5e6f-7a8b-9c0d-1e2f-3a4b5c6d7e8f,Feedback de Manager,3f72a8b2-777b-43c8-ba37-8f5d9fbd2135,6,8.07
f5ba7581-b2ac-4b3a-830e-64ab112f975a,Subir Borrador,e1c69265-87e8-417b-b13a-2ae72c53d4e3,5,9.64
000a3793-827e-4616-84f9-0a23863e0a35,Validar Elegibilidad,f615b16b-8fd1-43c9-97c0-a65e08960291,10,10.5
bd9966b2-5fa2-4a4b-b924-59e817a5e756,Reunión Bienvenida,f65f0bd7-27f5-4b8c-9641-94729f51744a,14,16.1
4c5d6e7f-8a9b-0c1d-2e3f-4a5b6c7d8e9f,Consolidar Gastos,4cd6a83f-a8b6-4b56-854d-5d3693ec4ab4,15,15.88
993a46fb-a0b2-4d2c-88eb-11ab1c3d4e8c,Reunión Bienvenida,f65f0bd7-27f5-4b8c-9641-94729f51744a,8,10.8
3c4d5e6f-7a8b-9c0d-1e2f-3a4b5c6d7e8f,Revisión de Seguridad,0eea38fa-f85e-4c73-b47b-0a1985db1227,15,15.4
f5ba7581-b2ac-4b3a-830e-64ab112f975a,Enviar solicitud de vacaciones,eccb7c0d-52a7-4143-baad-ebee05361b50,14,12.33
5c6d7e8f-9a0b-1c2d-3e4f-5a6b7c8d9e0f,Revisión Gerencial,3f72a8b2-777b-43c8-ba37-8f5d9fbd2135,12,18.45
8c9d0e1f-2a3b-4c5d-6e7f-8a9b0c1d2e3f,Validar Elegibilidad,8490fcc8-7f53-4704-ac48-99b48356b21c,6,9.33
000a3793-827e-4616-84f9-0a23863e0a35,Subir Borrador,e1c69265-87e8-417b-b13a-2ae72c53d4e3,2,4.44
6720c739-1916-432b-b392-e698dcfd8112,Cerrar Accesos,c017087e-fcbc-4f47-ae54-78008d243fbf,6,8.56
f5ba7581-b2ac-4b3a-830e-64ab112f975a,Verificar Factura,e04f861d-b880-4d7f-bf03-59ce8e435929,6,8.56
f5ba7581-b2ac-4b3a-830e-64ab112f975a,Inicio de la solicitud,2084f511-720a-4096-80cd-5bc9b91cf5b6,15,16.35
4c5d6e7f-8a9b-0c1d-2e3f-4a5b6c7d8e9f,Aprobación Presupuesto,2e310583-c106-4f2c-a6c3-c4b12ec30658,1,5.2
9c0d1e2f-3a4b-5c6d-7e8f-9a0b1c2d3e4f,Especificar Servidores,8490fcc8-7f53-4704-ac48-99b48356b21c,1,7.23
bd9966b2-5fa2-4a4b-b924-59e817a5e756,Preparar Firma,eccb7c0d-52a7-4143-baad-ebee05361b50,2,5.99
993a46fb-a0b2-4d2c-88eb-11ab1c3d4e8c,Subir Borrador,4cd6a83f-a8b6-4b56-854d-5d3693ec4ab4,12,17.26
6720c739-1916-432b-b392-e698dcfd8112,Validar Comercial,f615b16b-8fd1-43c9-97c0-a65e08960291,6,9.15
6720c739-1916-432b-b392-e698dcfd8112,Revisión de Seguridad,db614129-bb28-4b41-8a46-bea1444c388c,9,11.81
2c3d4e5f-6a7b-8c9d-0e1f-2a3b4c5d6e7f,Firma Director,2e310583-c106-4f2c-a6c3-c4b12ec30658,10,11.34
6720c739-1916-432b-b392-e698dcfd8112,Firma Director,0eea38fa-f85e-4c73-b47b-0a1985db1227,7,7.01
111e9d86-cbd2-45ff-a809-4072bbe6a4d0,Evaluación Técnica,f615b16b-8fd1-43c9-97c0-a65e08960291,11,12.99
6c7d8e9f-0a1b-2c3d-4e5f-6a7b8c9d0e1f,Revisión Contable,8490fcc8-7f53-4704-ac48-99b48356b21c,5,9.77
8c9d0e1f-2a3b-4c5d-6e7f-8a9b0c1d2e3f,Preparar Firma,87f8e8d1-83e9-4ddb-9be0-fc955228db6d,4,11.19
6c7d8e9f-0a1b-2c3d-4e5f-6a7b8c9d0e1f,Consolidar Gastos,3f72a8b2-777b-43c8-ba37-8f5d9fbd2135,15,14.96
439df689-d1cf-41c3-883c-1b7713fe68e5,Preparar Firma,e04f861d-b880-4d7f-bf03-59ce8e435929,11,13.13
3c4d5e6f-7a8b-9c0d-1e2f-3a4b5c6d7e8f,Aprobación del manager,14791e8e-28e4-4f61-9593-d7a2653d97a3,8,11.04
31ece703-f961-4e8e-a5c5-cd5c5b47e3db,Revisión Gerencial,7949fc3c-9284-40a0-8161-7b39cf9f9b2d,7,8.75
111e9d86-cbd2-45ff-a809-4072bbe6a4d0,Enviar solicitud de vacaciones,0eea38fa-f85e-4c73-b47b-0a1985db1227,0,5.02
9c0d1e2f-3a4b-5c6d-7e8f-9a0b1c2d3e4f,Presentar Requerimiento,d822aaf2-81c6-4054-b63b-a2bec2d53509,12,13.95
7c8d9e0f-1a2b-3c4d-5e6f-7a8b9c0d1e2f,Validar Capacitación,2e310583-c106-4f2c-a6c3-c4b12ec30658,5,7.39
6720c739-1916-432b-b392-e698dcfd8112,Revisión Gerencial,14791e8e-28e4-4f61-9593-d7a2653d97a3,8,10.49
9c0d1e2f-3a4b-5c6d-7e8f-9a0b1c2d3e4f,Verificar Stock,d9b58f63-b601-433e-9861-2bf2ad90eeb6,12,11.31
111e9d86-cbd2-45ff-a809-4072bbe6a4d0,Iniciar Baja,2084f511-720a-4096-80cd-5bc9b91cf5b6,15,14.33
439df689-d1cf-41c3-883c-1b7713fe68e5,Entrega del Equipo,bebe41a9-85fc-43f3-a125-5c7f72b0898d,8,8.96
2c3d4e5f-6a7b-8c9d-0e1f-2a3b4c5d6e7f,Cerrar Accesos,2e310583-c106-4f2c-a6c3-c4b12ec30658,8,7.92
a7b21cc3-d8cf-48af-8bb0-22cba4567e9b,Habilitar Permisos,e121cbea-1209-4fe7-ad22-6cf09caf5b95,14,16.73
8c9d0e1f-2a3b-4c5d-6e7f-8a9b0c1d2e3f,Dispersión de Fondos,eccb7c0d-52a7-4143-baad-ebee05361b50,6,13.42
2c3d4e5f-6a7b-8c9d-0e1f-2a3b4c5d6e7f,Feedback de Manager,d822aaf2-81c6-4054-b63b-a2bec2d53509,9,10.04
3c4d5e6f-7a8b-9c0d-1e2f-3a4b5c6d7e8f,Cerrar Accesos,d822aaf2-81c6-4054-b63b-a2bec2d53509,3,5.83
7c8d9e0f-1a2b-3c4d-5e6f-7a8b9c0d1e2f,Iniciar Baja,e1c69265-87e8-417b-b13a-2ae72c53d4e3,9,11.39
2c3d4e5f-6a7b-8c9d-0e1f-2a3b4c5d6e7f,Autoevaluación,87f8e8d1-83e9-4ddb-9be0-fc955228db6d,0,4.42
439df689-d1cf-41c3-883c-1b7713fe68e5,Habilitar Permisos,4cd6a83f-a8b6-4b56-854d-5d3693ec4ab4,7,10.26
000a3793-827e-4616-84f9-0a23863e0a35,Presentar Requerimiento,0eea38fa-f85e-4c73-b47b-0a1985db1227,13,13.86
7c8d9e0f-1a2b-3c4d-5e6f-7a8b9c0d1e2f,Enviar solicitud de vacaciones,8490fcc8-7f53-4704-ac48-99b48356b21c,9,8.69
6c7d8e9f-0a1b-2c3d-4e5f-6a7b8c9d0e1f,Especificar Servidores,7949fc3c-9284-40a0-8161-7b39cf9f9b2d,2,5.02
000a3793-827e-4616-84f9-0a23863e0a35,Especificar Servidores,14791e8e-28e4-4f61-9593-d7a2653d97a3,3,5.94
6720c739-1916-432b-b392-e698dcfd8112,Aprobación de Pago,87f8e8d1-83e9-4ddb-9be0-fc955228db6d,13,12.67
111e9d86-cbd2-45ff-a809-4072bbe6a4d0,Subir Borrador,2084f511-720a-4096-80cd-5bc9b91cf5b6,11,13.35
993a46fb-a0b2-4d2c-88eb-11ab1c3d4e8c,Firma Director,e04f861d-b880-4d7f-bf03-59ce8e435929,12,16.82
9c0d1e2f-3a4b-5c6d-7e8f-9a0b1c2d3e4f,Entrega del Equipo,2e310583-c106-4f2c-a6c3-c4b12ec30658,7,8.75
bd9966b2-5fa2-4a4b-b924-59e817a5e756,Revisión Contable,db614129-bb28-4b41-8a46-bea1444c388c,10,13.14
bd9966b2-5fa2-4a4b-b924-59e817a5e756,Validación de RRHH,a9eff785-5679-4a1b-91ef-6ca8712ddd18,12,12.41
993a46fb-a0b2-4d2c-88eb-11ab1c3d4e8c,Detallar Curso,f615b16b-8fd1-43c9-97c0-a65e08960291,5,12.22
6720c739-1916-432b-b392-e698dcfd8112,Procesar Transferencia,d9b58f63-b601-433e-9861-2bf2ad90eeb6,6,9.62
2c3d4e5f-6a7b-8c9d-0e1f-2a3b4c5d6e7f,Especificar Licencia,e1c69265-87e8-417b-b13a-2ae72c53d4e3,7,8.73
6c7d8e9f-0a1b-2c3d-4e5f-6a7b8c9d0e1f,Evaluación Técnica,8490fcc8-7f53-4704-ac48-99b48356b21c,4,7.51
5c6d7e8f-9a0b-1c2d-3e4f-5a6b7c8d9e0f,Validar Capacitación,f615b16b-8fd1-43c9-97c0-a65e08960291,5,7.67
31ece703-f961-4e8e-a5c5-cd5c5b47e3db,Aprobación Costos,3f72a8b2-777b-43c8-ba37-8f5d9fbd2135,14,13.42
8c9d0e1f-2a3b-4c5d-6e7f-8a9b0c1d2e3f,Aprobación del manager,d9b58f63-b601-433e-9861-2bf2ad90eeb6,5,11.08
a7b21cc3-d8cf-48af-8bb0-22cba4567e9b,Aprobación Presupuesto,eccb7c0d-52a7-4143-baad-ebee05361b50,1,2.39
6720c739-1916-432b-b392-e698dcfd8112,Detallar Curso,14791e8e-28e4-4f61-9593-d7a2653d97a3,5,10.06
f5ba7581-b2ac-4b3a-830e-64ab112f975a,Instalar Licencia,d822aaf2-81c6-4054-b63b-a2bec2d53509,13,14.52
111e9d86-cbd2-45ff-a809-4072bbe6a4d0,Validación de RRHH,87f8e8d1-83e9-4ddb-9be0-fc955228db6d,4,5.28
a7b21cc3-d8cf-48af-8bb0-22cba4567e9b,Aprobación Presupuesto,3f72a8b2-777b-43c8-ba37-8f5d9fbd2135,15,15.41
31ece703-f961-4e8e-a5c5-cd5c5b47e3db,Registrar Recibos,c017087e-fcbc-4f47-ae54-78008d243fbf,11,12.71
bd9966b2-5fa2-4a4b-b924-59e817a5e756,Setup Tecnológico,eccb7c0d-52a7-4143-baad-ebee05361b50,4,6.35
993a46fb-a0b2-4d2c-88eb-11ab1c3d4e8c,Revisión Contable,d822aaf2-81c6-4054-b63b-a2bec2d53509,12,18.8
0e1f2a3b-4c5d-6e7f-8a9b-0c1d2e3f4a5b,Entrega del Equipo,f65f0bd7-27f5-4b8c-9641-94729f51744a,13,11.36
6720c739-1916-432b-b392-e698dcfd8112,Consolidar Gastos,e121cbea-1209-4fe7-ad22-6cf09caf5b95,14,15.65
2c3d4e5f-6a7b-8c9d-0e1f-2a3b4c5d6e7f,Cerrar Accesos,a9eff785-5679-4a1b-91ef-6ca8712ddd18,5,8.42
2c3d4e5f-6a7b-8c9d-0e1f-2a3b4c5d6e7f,Cerrar Accesos,2e310583-c106-4f2c-a6c3-c4b12ec30658,8,8.74
993a46fb-a0b2-4d2c-88eb-11ab1c3d4e8c,Especificar Servidores,e121cbea-1209-4fe7-ad22-6cf09caf5b95,14,17.83
6c7d8e9f-0a1b-2c3d-4e5f-6a7b8c9d0e1f,Aprobación del manager,e1c69265-87e8-417b-b13a-2ae72c53d4e3,0,1.12
a7b21cc3-d8cf-48af-8bb0-22cba4567e9b,Cerrar Accesos,3f72a8b2-777b-43c8-ba37-8f5d9fbd2135,15,14.56
9c0d1e2f-3a4b-5c6d-7e8f-9a0b1c2d3e4f,Aprobación Costos,bebe41a9-85fc-43f3-a125-5c7f72b0898d,1,3.41
5c6d7e8f-9a0b-1c2d-3e4f-5a6b7c8d9e0f,Validar Elegibilidad,2b549288-04a4-4705-bcd0-0332b683df27,10,11.11
993a46fb-a0b2-4d2c-88eb-11ab1c3d4e8c,Iniciar Baja,8490fcc8-7f53-4704-ac48-99b48356b21c,15,18.12
31ece703-f961-4e8e-a5c5-cd5c5b47e3db,Revisión Gerencial,2084f511-720a-4096-80cd-5bc9b91cf5b6,15,13.55
6720c739-1916-432b-b392-e698dcfd8112,Presentar Requerimiento,3f72a8b2-777b-43c8-ba37-8f5d9fbd2135,3,7.71
6720c739-1916-432b-b392-e698dcfd8112,Validar Comercial,e04f861d-b880-4d7f-bf03-59ce8e435929,8,10.82
bd9966b2-5fa2-4a4b-b924-59e817a5e756,Verificar Factura,3f72a8b2-777b-43c8-ba37-8f5d9fbd2135,4,9.23
8c9d0e1f-2a3b-4c5d-6e7f-8a9b0c1d2e3f,Entrega del Equipo,a9eff785-5679-4a1b-91ef-6ca8712ddd18,1,4.74
993a46fb-a0b2-4d2c-88eb-11ab1c3d4e8c,Verificar Factura,f65f0bd7-27f5-4b8c-9641-94729f51744a,13,16.22
31ece703-f961-4e8e-a5c5-cd5c5b47e3db,Especificar Servidores,2084f511-720a-4096-80cd-5bc9b91cf5b6,2,3.07
f5ba7581-b2ac-4b3a-830e-64ab112f975a,Validar Elegibilidad,2084f511-720a-4096-80cd-5bc9b91cf5b6,12,14.4
0e1f2a3b-4c5d-6e7f-8a9b-0c1d2e3f4a5b,Presentar Requerimiento,4cd6a83f-a8b6-4b56-854d-5d3693ec4ab4,12,10.9
8c9d0e1f-2a3b-4c5d-6e7f-8a9b0c1d2e3f,Subir Borrador,4cd6a83f-a8b6-4b56-854d-5d3693ec4ab4,4,13.76
31ece703-f961-4e8e-a5c5-cd5c5b47e3db,Preparar Firma,3f72a8b2-777b-43c8-ba37-8f5d9fbd2135,6,7.33
0e1f2a3b-4c5d-6e7f-8a9b-0c1d2e3f4a5b,Detallar Curso,eccb7c0d-52a7-4143-baad-ebee05361b50,5,5.48
f5ba7581-b2ac-4b3a-830e-64ab112f975a,Registrar Recibos,2e310583-c106-4f2c-a6c3-c4b12ec30658,3,6.36
0e1f2a3b-4c5d-6e7f-8a9b-0c1d2e3f4a5b,Iniciar Baja,87f8e8d1-83e9-4ddb-9be0-fc955228db6d,12,11.8
6c7d8e9f-0a1b-2c3d-4e5f-6a7b8c9d0e1f,Aprobación Costos,a9eff785-5679-4a1b-91ef-6ca8712ddd18,4,7.74
000a3793-827e-4616-84f9-0a23863e0a35,Inicio de la solicitud,e1c69265-87e8-417b-b13a-2ae72c53d4e3,13,14.44
0e1f2a3b-4c5d-6e7f-8a9b-0c1d2e3f4a5b,Revisión de Seguridad,7949fc3c-9284-40a0-8161-7b39cf9f9b2d,11,9.86
0e1f2a3b-4c5d-6e7f-8a9b-0c1d2e3f4a5b,Registrar Recibos,e04f861d-b880-4d7f-bf03-59ce8e435929,14,10.71
9c0d1e2f-3a4b-5c6d-7e8f-9a0b1c2d3e4f,Consolidación de RRHH,8490fcc8-7f53-4704-ac48-99b48356b21c,14,13.49
6c7d8e9f-0a1b-2c3d-4e5f-6a7b8c9d0e1f,Validación de RRHH,e121cbea-1209-4fe7-ad22-6cf09caf5b95,14,15.75
9c0d1e2f-3a4b-5c6d-7e8f-9a0b1c2d3e4f,Iniciar Baja,d9b58f63-b601-433e-9861-2bf2ad90eeb6,4,5.15
0e1f2a3b-4c5d-6e7f-8a9b-0c1d2e3f4a5b,Procesar Transferencia,7949fc3c-9284-40a0-8161-7b39cf9f9b2d,0,1.22
439df689-d1cf-41c3-883c-1b7713fe68e5,Especificar Servidores,3f72a8b2-777b-43c8-ba37-8f5d9fbd2135,8,12.68
5c6d7e8f-9a0b-1c2d-3e4f-5a6b7c8d9e0f,Pago de Liquidación,8490fcc8-7f53-4704-ac48-99b48356b21c,14,14.24
6c7d8e9f-0a1b-2c3d-4e5f-6a7b8c9d0e1f,Revisión Gerencial,f615b16b-8fd1-43c9-97c0-a65e08960291,2,6.15
0e1f2a3b-4c5d-6e7f-8a9b-0c1d2e3f4a5b,Inicio de la solicitud,f65f0bd7-27f5-4b8c-9641-94729f51744a,14,12.57
2c3d4e5f-6a7b-8c9d-0e1f-2a3b4c5d6e7f,Inicio del Proceso,d822aaf2-81c6-4054-b63b-a2bec2d53509,3,7.29
6720c739-1916-432b-b392-e698dcfd8112,Especificar Servidores,e121cbea-1209-4fe7-ad22-6cf09caf5b95,0,2.55
993a46fb-a0b2-4d2c-88eb-11ab1c3d4e8c,Aprobación del manager,e121cbea-1209-4fe7-ad22-6cf09caf5b95,12,14.52
31ece703-f961-4e8e-a5c5-cd5c5b47e3db,Registrar Recibos,db614129-bb28-4b41-8a46-bea1444c388c,13,15.17
2c3d4e5f-6a7b-8c9d-0e1f-2a3b4c5d6e7f,Especificar Servidores,8490fcc8-7f53-4704-ac48-99b48356b21c,10,13.28
4c5d6e7f-8a9b-0c1d-2e3f-4a5b6c7d8e9f,Revisión Contable,3f72a8b2-777b-43c8-ba37-8f5d9fbd2135,12,13.35
7c8d9e0f-1a2b-3c4d-5e6f-7a8b9c0d1e2f,Preparar Firma,e04f861d-b880-4d7f-bf03-59ce8e435929,10,11.97
7c8d9e0f-1a2b-3c4d-5e6f-7a8b9c0d1e2f,Consolidar Gastos,e1c69265-87e8-417b-b13a-2ae72c53d4e3,6,7.91
8c9d0e1f-2a3b-4c5d-6e7f-8a9b0c1d2e3f,Registrar Recibos,14791e8e-28e4-4f61-9593-d7a2653d97a3,10,11.34
6720c739-1916-432b-b392-e698dcfd8112,Verificar Factura,7949fc3c-9284-40a0-8161-7b39cf9f9b2d,15,13.28
7c8d9e0f-1a2b-3c4d-5e6f-7a8b9c0d1e2f,Subir Borrador,d822aaf2-81c6-4054-b63b-a2bec2d53509,1,2.48
9c0d1e2f-3a4b-5c6d-7e8f-9a0b1c2d3e4f,Validar Elegibilidad,3f72a8b2-777b-43c8-ba37-8f5d9fbd2135,4,6.96
6c7d8e9f-0a1b-2c3d-4e5f-6a7b8c9d0e1f,Instalar Licencia,7949fc3c-9284-40a0-8161-7b39cf9f9b2d,12,13.65
2c3d4e5f-6a7b-8c9d-0e1f-2a3b4c5d6e7f,Entrega del Equipo,f65f0bd7-27f5-4b8c-9641-94729f51744a,11,14.17
111e9d86-cbd2-45ff-a809-4072bbe6a4d0,Detallar Curso,7949fc3c-9284-40a0-8161-7b39cf9f9b2d,9,12.05
f5ba7581-b2ac-4b3a-830e-64ab112f975a,Revisión Contable,e121cbea-1209-4fe7-ad22-6cf09caf5b95,7,6.89
111e9d86-cbd2-45ff-a809-4072bbe6a4d0,Aprobación del manager,d822aaf2-81c6-4054-b63b-a2bec2d53509,0,3.57
4c5d6e7f-8a9b-0c1d-2e3f-4a5b6c7d8e9f,Iniciar Baja,8490fcc8-7f53-4704-ac48-99b48356b21c,3,6.84
3c4d5e6f-7a8b-9c0d-1e2f-3a4b5c6d7e8f,Revisión Contable,e121cbea-1209-4fe7-ad22-6cf09caf5b95,3,6.9
4c5d6e7f-8a9b-0c1d-2e3f-4a5b6c7d8e9f,Validación de RRHH,c017087e-fcbc-4f47-ae54-78008d243fbf,11,12.44
439df689-d1cf-41c3-883c-1b7713fe68e5,Especificar Servidores,14791e8e-28e4-4f61-9593-d7a2653d97a3,7,10.84
bd9966b2-5fa2-4a4b-b924-59e817a5e756,Inicio de la solicitud,c017087e-fcbc-4f47-ae54-78008d243fbf,12,13.35
000a3793-827e-4616-84f9-0a23863e0a35,Setup Tecnológico,2b549288-04a4-4705-bcd0-0332b683df27,4,8.2
a7b21cc3-d8cf-48af-8bb0-22cba4567e9b,Registrar Recibos,e04f861d-b880-4d7f-bf03-59ce8e435929,2,7.4
6720c739-1916-432b-b392-e698dcfd8112,Especificar Licencia,eccb7c0d-52a7-4143-baad-ebee05361b50,1,4.65
0e1f2a3b-4c5d-6e7f-8a9b-0c1d2e3f4a5b,Revisión Gerencial,f615b16b-8fd1-43c9-97c0-a65e08960291,12,9.89
6720c739-1916-432b-b392-e698dcfd8112,Evaluación Técnica,2084f511-720a-4096-80cd-5bc9b91cf5b6,12,12.39
a7b21cc3-d8cf-48af-8bb0-22cba4567e9b,Setup Tecnológico,2084f511-720a-4096-80cd-5bc9b91cf5b6,1,5.3
f5ba7581-b2ac-4b3a-830e-64ab112f975a,Evaluación Técnica,4cd6a83f-a8b6-4b56-854d-5d3693ec4ab4,15,13.07
2c3d4e5f-6a7b-8c9d-0e1f-2a3b4c5d6e7f,Revisión Contable,2084f511-720a-4096-80cd-5bc9b91cf5b6,7,8.0
6c7d8e9f-0a1b-2c3d-4e5f-6a7b8c9d0e1f,Dispersión de Fondos,87f8e8d1-83e9-4ddb-9be0-fc955228db6d,15,17.15
4c5d6e7f-8a9b-0c1d-2e3f-4a5b6c7d8e9f,Inicio de la solicitud,3f72a8b2-777b-43c8-ba37-8f5d9fbd2135,2,3.88
31ece703-f961-4e8e-a5c5-cd5c5b47e3db,Solicitar Adelanto,e121cbea-1209-4fe7-ad22-6cf09caf5b95,14,14.67
2c3d4e5f-6a7b-8c9d-0e1f-2a3b4c5d6e7f,Instalar Licencia,db614129-bb28-4b41-8a46-bea1444c388c,2,4.78
439df689-d1cf-41c3-883c-1b7713fe68e5,Habilitar Permisos,c017087e-fcbc-4f47-ae54-78008d243fbf,5,7.72
bd9966b2-5fa2-4a4b-b924-59e817a5e756,Firma Director,f65f0bd7-27f5-4b8c-9641-94729f51744a,8,10.29
6c7d8e9f-0a1b-2c3d-4e5f-6a7b8c9d0e1f,Detallar Curso,c017087e-fcbc-4f47-ae54-78008d243fbf,2,5.74
7c8d9e0f-1a2b-3c4d-5e6f-7a8b9c0d1e2f,Revisión Contable,0eea38fa-f85e-4c73-b47b-0a1985db1227,10,13.16
2c3d4e5f-6a7b-8c9d-0e1f-2a3b4c5d6e7f,Procesar Transferencia,3f72a8b2-777b-43c8-ba37-8f5d9fbd2135,2,5.39
3c4d5e6f-7a8b-9c0d-1e2f-3a4b5c6d7e8f,Preparar Firma,d822aaf2-81c6-4054-b63b-a2bec2d53509,7,7.04
8c9d0e1f-2a3b-4c5d-6e7f-8a9b0c1d2e3f,Inicio del Proceso,e1c69265-87e8-417b-b13a-2ae72c53d4e3,6,9.57
6c7d8e9f-0a1b-2c3d-4e5f-6a7b8c9d0e1f,Consolidar Gastos,2084f511-720a-4096-80cd-5bc9b91cf5b6,14,15.61
111e9d86-cbd2-45ff-a809-4072bbe6a4d0,Setup Tecnológico,7949fc3c-9284-40a0-8161-7b39cf9f9b2d,9,9.02
9c0d1e2f-3a4b-5c6d-7e8f-9a0b1c2d3e4f,Aprobación de Pago,87f8e8d1-83e9-4ddb-9be0-fc955228db6d,11,9.99
000a3793-827e-4616-84f9-0a23863e0a35,Aprobación Costos,2e310583-c106-4f2c-a6c3-c4b12ec30658,6,9.76
8c9d0e1f-2a3b-4c5d-6e7f-8a9b0c1d2e3f,Habilitar Permisos,e04f861d-b880-4d7f-bf03-59ce8e435929,1,6.16
2c3d4e5f-6a7b-8c9d-0e1f-2a3b4c5d6e7f,Inicio del Proceso,e121cbea-1209-4fe7-ad22-6cf09caf5b95,3,6.18
bd9966b2-5fa2-4a4b-b924-59e817a5e756,Especificar Licencia,87f8e8d1-83e9-4ddb-9be0-fc955228db6d,0,4.64
439df689-d1cf-41c3-883c-1b7713fe68e5,Aprobar Presupuesto,2084f511-720a-4096-80cd-5bc9b91cf5b6,4,5.33
111e9d86-cbd2-45ff-a809-4072bbe6a4d0,Subir Borrador,14791e8e-28e4-4f61-9593-d7a2653d97a3,1,6.45
3c4d5e6f-7a8b-9c0d-1e2f-3a4b5c6d7e8f,Especificar Servidores,eccb7c0d-52a7-4143-baad-ebee05361b50,12,11.71
f5ba7581-b2ac-4b3a-830e-64ab112f975a,Procesar Transferencia,14791e8e-28e4-4f61-9593-d7a2653d97a3,2,5.05
6720c739-1916-432b-b392-e698dcfd8112,Procesar Transferencia,8490fcc8-7f53-4704-ac48-99b48356b21c,12,12.7
f5ba7581-b2ac-4b3a-830e-64ab112f975a,Aprobación Costos,bebe41a9-85fc-43f3-a125-5c7f72b0898d,9,8.66
31ece703-f961-4e8e-a5c5-cd5c5b47e3db,Registrar Recibos,f65f0bd7-27f5-4b8c-9641-94729f51744a,14,12.15
3c4d5e6f-7a8b-9c0d-1e2f-3a4b5c6d7e8f,Especificar Licencia,e121cbea-1209-4fe7-ad22-6cf09caf5b95,11,10.84
000a3793-827e-4616-84f9-0a23863e0a35,Validar Elegibilidad,14791e8e-28e4-4f61-9593-d7a2653d97a3,10,13.33
000a3793-827e-4616-84f9-0a23863e0a35,Validación de RRHH,0eea38fa-f85e-4c73-b47b-0a1985db1227,13,11.71
9c0d1e2f-3a4b-5c6d-7e8f-9a0b1c2d3e4f,Reunión Bienvenida,0eea38fa-f85e-4c73-b47b-0a1985db1227,2,5.36
a7b21cc3-d8cf-48af-8bb0-22cba4567e9b,Validar Comercial,eccb7c0d-52a7-4143-baad-ebee05361b50,4,9.01
9c0d1e2f-3a4b-5c6d-7e8f-9a0b1c2d3e4f,Entrega del Equipo,7949fc3c-9284-40a0-8161-7b39cf9f9b2d,1,4.12
2c3d4e5f-6a7b-8c9d-0e1f-2a3b4c5d6e7f,Verificar Stock,f65f0bd7-27f5-4b8c-9641-94729f51744a,3,7.42
31ece703-f961-4e8e-a5c5-cd5c5b47e3db,Inicio de la solicitud,2084f511-720a-4096-80cd-5bc9b91cf5b6,7,11.13
f5ba7581-b2ac-4b3a-830e-64ab112f975a,Setup Tecnológico,8490fcc8-7f53-4704-ac48-99b48356b21c,13,14.72
6720c739-1916-432b-b392-e698dcfd8112,Dispersión de Fondos,2b549288-04a4-4705-bcd0-0332b683df27,14,13.34
6720c739-1916-432b-b392-e698dcfd8112,Pago de Liquidación,c017087e-fcbc-4f47-ae54-78008d243fbf,11,11.11
bd9966b2-5fa2-4a4b-b924-59e817a5e756,Feedback de Manager,87f8e8d1-83e9-4ddb-9be0-fc955228db6d,9,10.62
bd9966b2-5fa2-4a4b-b924-59e817a5e756,Evaluación Técnica,a9eff785-5679-4a1b-91ef-6ca8712ddd18,0,2.85
a7b21cc3-d8cf-48af-8bb0-22cba4567e9b,Revisión de Seguridad,e04f861d-b880-4d7f-bf03-59ce8e435929,14,11.85
9c0d1e2f-3a4b-5c6d-7e8f-9a0b1c2d3e4f,Aprobación Presupuesto,0eea38fa-f85e-4c73-b47b-0a1985db1227,11,12.34
993a46fb-a0b2-4d2c-88eb-11ab1c3d4e8c,Feedback de Manager,14791e8e-28e4-4f61-9593-d7a2653d97a3,1,9.19
6720c739-1916-432b-b392-e698dcfd8112,Firma Director,14791e8e-28e4-4f61-9593-d7a2653d97a3,11,10.04
9c0d1e2f-3a4b-5c6d-7e8f-9a0b1c2d3e4f,Aprobación Presupuesto,8490fcc8-7f53-4704-ac48-99b48356b21c,5,6.08
993a46fb-a0b2-4d2c-88eb-11ab1c3d4e8c,Firma Director,e121cbea-1209-4fe7-ad22-6cf09caf5b95,2,10.66
993a46fb-a0b2-4d2c-88eb-11ab1c3d4e8c,Revisión Contable,0eea38fa-f85e-4c73-b47b-0a1985db1227,9,15.89
000a3793-827e-4616-84f9-0a23863e0a35,Validación de RRHH,d822aaf2-81c6-4054-b63b-a2bec2d53509,12,13.3
5c6d7e8f-9a0b-1c2d-3e4f-5a6b7c8d9e0f,Inicio del Proceso,4cd6a83f-a8b6-4b56-854d-5d3693ec4ab4,7,13.61
a7b21cc3-d8cf-48af-8bb0-22cba4567e9b,Especificar Servidores,db614129-bb28-4b41-8a46-bea1444c388c,4,5.64
f5ba7581-b2ac-4b3a-830e-64ab112f975a,Habilitar Permisos,2b549288-04a4-4705-bcd0-0332b683df27,11,13.13
7c8d9e0f-1a2b-3c4d-5e6f-7a8b9c0d1e2f,Consolidación de RRHH,db614129-bb28-4b41-8a46-bea1444c388c,12,12.42
bd9966b2-5fa2-4a4b-b924-59e817a5e756,Validar Elegibilidad,d9b58f63-b601-433e-9861-2bf2ad90eeb6,15,17.29
bd9966b2-5fa2-4a4b-b924-59e817a5e756,Setup Tecnológico,2084f511-720a-4096-80cd-5bc9b91cf5b6,0,4.09
f5ba7581-b2ac-4b3a-830e-64ab112f975a,Inicio del Proceso,e121cbea-1209-4fe7-ad22-6cf09caf5b95,12,14.28
8c9d0e1f-2a3b-4c5d-6e7f-8a9b0c1d2e3f,Iniciar Baja,d822aaf2-81c6-4054-b63b-a2bec2d53509,9,11.08
f5ba7581-b2ac-4b3a-830e-64ab112f975a,Presentar Requerimiento,14791e8e-28e4-4f61-9593-d7a2653d97a3,3,7.28
0e1f2a3b-4c5d-6e7f-8a9b-0c1d2e3f4a5b,Reunión Bienvenida,eccb7c0d-52a7-4143-baad-ebee05361b50,6,7.02
8c9d0e1f-2a3b-4c5d-6e7f-8a9b0c1d2e3f,Setup Tecnológico,bebe41a9-85fc-43f3-a125-5c7f72b0898d,12,16.32
9c0d1e2f-3a4b-5c6d-7e8f-9a0b1c2d3e4f,Consolidación de RRHH,db614129-bb28-4b41-8a46-bea1444c388c,12,13.06
111e9d86-cbd2-45ff-a809-4072bbe6a4d0,Reunión Bienvenida,eccb7c0d-52a7-4143-baad-ebee05361b50,15,15.29
f5ba7581-b2ac-4b3a-830e-64ab112f975a,Aprobar Presupuesto,7949fc3c-9284-40a0-8161-7b39cf9f9b2d,12,11.39
bd9966b2-5fa2-4a4b-b924-59e817a5e756,Preparar Firma,4cd6a83f-a8b6-4b56-854d-5d3693ec4ab4,8,11.0
8c9d0e1f-2a3b-4c5d-6e7f-8a9b0c1d2e3f,Habilitar Permisos,2b549288-04a4-4705-bcd0-0332b683df27,2,7.66
111e9d86-cbd2-45ff-a809-4072bbe6a4d0,Validar Elegibilidad,2084f511-720a-4096-80cd-5bc9b91cf5b6,14,14.35
6720c739-1916-432b-b392-e698dcfd8112,Detallar Curso,4cd6a83f-a8b6-4b56-854d-5d3693ec4ab4,12,12.09
7c8d9e0f-1a2b-3c4d-5e6f-7a8b9c0d1e2f,Aprobar Presupuesto,c017087e-fcbc-4f47-ae54-78008d243fbf,11,12.18
31ece703-f961-4e8e-a5c5-cd5c5b47e3db,Registrar Recibos,0eea38fa-f85e-4c73-b47b-0a1985db1227,11,11.26
9c0d1e2f-3a4b-5c6d-7e8f-9a0b1c2d3e4f,Verificar Stock,a9eff785-5679-4a1b-91ef-6ca8712ddd18,13,11.75
8c9d0e1f-2a3b-4c5d-6e7f-8a9b0c1d2e3f,Dispersión de Fondos,d822aaf2-81c6-4054-b63b-a2bec2d53509,0,9.26
8c9d0e1f-2a3b-4c5d-6e7f-8a9b0c1d2e3f,Autoevaluación,db614129-bb28-4b41-8a46-bea1444c388c,0,9.81
6c7d8e9f-0a1b-2c3d-4e5f-6a7b8c9d0e1f,Pago de Liquidación,14791e8e-28e4-4f61-9593-d7a2653d97a3,6,7.03
31ece703-f961-4e8e-a5c5-cd5c5b47e3db,Procesar Transferencia,f615b16b-8fd1-43c9-97c0-a65e08960291,3,8.36
993a46fb-a0b2-4d2c-88eb-11ab1c3d4e8c,Revisión Gerencial,14791e8e-28e4-4f61-9593-d7a2653d97a3,11,12.65
f5ba7581-b2ac-4b3a-830e-64ab112f975a,Inicio del Proceso,e1c69265-87e8-417b-b13a-2ae72c53d4e3,13,13.25
0e1f2a3b-4c5d-6e7f-8a9b-0c1d2e3f4a5b,Revisión de Seguridad,2e310583-c106-4f2c-a6c3-c4b12ec30658,7,6.27
000a3793-827e-4616-84f9-0a23863e0a35,Verificar Stock,3f72a8b2-777b-43c8-ba37-8f5d9fbd2135,15,16.49
6720c739-1916-432b-b392-e698dcfd8112,Firma Director,bebe41a9-85fc-43f3-a125-5c7f72b0898d,4,5.7
31ece703-f961-4e8e-a5c5-cd5c5b47e3db,Especificar Servidores,eccb7c0d-52a7-4143-baad-ebee05361b50,4,7.34
5c6d7e8f-9a0b-1c2d-3e4f-5a6b7c8d9e0f,Subir Borrador,2b549288-04a4-4705-bcd0-0332b683df27,0,5.29
111e9d86-cbd2-45ff-a809-4072bbe6a4d0,Instalar Licencia,e1c69265-87e8-417b-b13a-2ae72c53d4e3,8,10.4
111e9d86-cbd2-45ff-a809-4072bbe6a4d0,Pago de Liquidación,87f8e8d1-83e9-4ddb-9be0-fc955228db6d,6,6.3
000a3793-827e-4616-84f9-0a23863e0a35,Revisión de Seguridad,e121cbea-1209-4fe7-ad22-6cf09caf5b95,7,7.21
6c7d8e9f-0a1b-2c3d-4e5f-6a7b8c9d0e1f,Inicio del Proceso,4cd6a83f-a8b6-4b56-854d-5d3693ec4ab4,2,6.05
6720c739-1916-432b-b392-e698dcfd8112,Subir Borrador,d9b58f63-b601-433e-9861-2bf2ad90eeb6,13,13.28
7c8d9e0f-1a2b-3c4d-5e6f-7a8b9c0d1e2f,Autoevaluación,3f72a8b2-777b-43c8-ba37-8f5d9fbd2135,2,6.1
a7b21cc3-d8cf-48af-8bb0-22cba4567e9b,Subir Borrador,2e310583-c106-4f2c-a6c3-c4b12ec30658,8,11.08
31ece703-f961-4e8e-a5c5-cd5c5b47e3db,Verificar Stock,e1c69265-87e8-417b-b13a-2ae72c53d4e3,3,6.76
2c3d4e5f-6a7b-8c9d-0e1f-2a3b4c5d6e7f,Validar Comercial,87f8e8d1-83e9-4ddb-9be0-fc955228db6d,2,6.09
2c3d4e5f-6a7b-8c9d-0e1f-2a3b4c5d6e7f,Especificar Licencia,a9eff785-5679-4a1b-91ef-6ca8712ddd18,9,9.86
2c3d4e5f-6a7b-8c9d-0e1f-2a3b4c5d6e7f,Inicio de la solicitud,d822aaf2-81c6-4054-b63b-a2bec2d53509,5,7.11
bd9966b2-5fa2-4a4b-b924-59e817a5e756,Iniciar Baja,d822aaf2-81c6-4054-b63b-a2bec2d53509,9,10.54
31ece703-f961-4e8e-a5c5-cd5c5b47e3db,Procesar Transferencia,e121cbea-1209-4fe7-ad22-6cf09caf5b95,0,3.06
7c8d9e0f-1a2b-3c4d-5e6f-7a8b9c0d1e2f,Firma Director,bebe41a9-85fc-43f3-a125-5c7f72b0898d,10,10.44
4c5d6e7f-8a9b-0c1d-2e3f-4a5b6c7d8e9f,Preparar Firma,c017087e-fcbc-4f47-ae54-78008d243fbf,13,14.63
3c4d5e6f-7a8b-9c0d-1e2f-3a4b5c6d7e8f,Procesar Transferencia,e04f861d-b880-4d7f-bf03-59ce8e435929,5,8.17
000a3793-827e-4616-84f9-0a23863e0a35,Habilitar Permisos,14791e8e-28e4-4f61-9593-d7a2653d97a3,2,5.63
31ece703-f961-4e8e-a5c5-cd5c5b47e3db,Revisión de Seguridad,db614129-bb28-4b41-8a46-bea1444c388c,7,9.92
439df689-d1cf-41c3-883c-1b7713fe68e5,Inicio del Proceso,a9eff785-5679-4a1b-91ef-6ca8712ddd18,13,15.29
31ece703-f961-4e8e-a5c5-cd5c5b47e3db,Dispersión de Fondos,3f72a8b2-777b-43c8-ba37-8f5d9fbd2135,6,10.11
111e9d86-cbd2-45ff-a809-4072bbe6a4d0,Instalar Licencia,4cd6a83f-a8b6-4b56-854d-5d3693ec4ab4,4,7.24
f5ba7581-b2ac-4b3a-830e-64ab112f975a,Autoevaluación,f615b16b-8fd1-43c9-97c0-a65e08960291,3,7.16
2c3d4e5f-6a7b-8c9d-0e1f-2a3b4c5d6e7f,Revisión de Seguridad,db614129-bb28-4b41-8a46-bea1444c388c,5,8.58
000a3793-827e-4616-84f9-0a23863e0a35,Revisión Gerencial,f65f0bd7-27f5-4b8c-9641-94729f51744a,3,6.58
31ece703-f961-4e8e-a5c5-cd5c5b47e3db,Evaluación Técnica,7949fc3c-9284-40a0-8161-7b39cf9f9b2d,5,9.41
f5ba7581-b2ac-4b3a-830e-64ab112f975a,Feedback de Manager,d9b58f63-b601-433e-9861-2bf2ad90eeb6,1,6.29
8c9d0e1f-2a3b-4c5d-6e7f-8a9b0c1d2e3f,Dispersión de Fondos,7949fc3c-9284-40a0-8161-7b39cf9f9b2d,0,10.53
3c4d5e6f-7a8b-9c0d-1e2f-3a4b5c6d7e8f,Revisión Gerencial,2084f511-720a-4096-80cd-5bc9b91cf5b6,7,8.03
bd9966b2-5fa2-4a4b-b924-59e817a5e756,Aprobación Presupuesto,eccb7c0d-52a7-4143-baad-ebee05361b50,9,10.31
9c0d1e2f-3a4b-5c6d-7e8f-9a0b1c2d3e4f,Iniciar Baja,db614129-bb28-4b41-8a46-bea1444c388c,1,5.17
31ece703-f961-4e8e-a5c5-cd5c5b47e3db,Setup Tecnológico,2b549288-04a4-4705-bcd0-0332b683df27,5,9.68
bd9966b2-5fa2-4a4b-b924-59e817a5e756,Aprobación del manager,eccb7c0d-52a7-4143-baad-ebee05361b50,2,4.68
2c3d4e5f-6a7b-8c9d-0e1f-2a3b4c5d6e7f,Procesar Transferencia,db614129-bb28-4b41-8a46-bea1444c388c,7,8.08
bd9966b2-5fa2-4a4b-b924-59e817a5e756,Verificar Stock,e04f861d-b880-4d7f-bf03-59ce8e435929,15,15.97
2c3d4e5f-6a7b-8c9d-0e1f-2a3b4c5d6e7f,Subir Borrador,2084f511-720a-4096-80cd-5bc9b91cf5b6,7,8.33
000a3793-827e-4616-84f9-0a23863e0a35,Aprobación del manager,f65f0bd7-27f5-4b8c-9641-94729f51744a,8,12.39
3c4d5e6f-7a8b-9c0d-1e2f-3a4b5c6d7e8f,Presentar Requerimiento,8490fcc8-7f53-4704-ac48-99b48356b21c,10,11.36
993a46fb-a0b2-4d2c-88eb-11ab1c3d4e8c,Autorización Gerencia,8490fcc8-7f53-4704-ac48-99b48356b21c,5,9.69
3c4d5e6f-7a8b-9c0d-1e2f-3a4b5c6d7e8f,Iniciar Baja,d822aaf2-81c6-4054-b63b-a2bec2d53509,3,3.94
4c5d6e7f-8a9b-0c1d-2e3f-4a5b6c7d8e9f,Feedback de Manager,14791e8e-28e4-4f61-9593-d7a2653d97a3,12,12.02
5c6d7e8f-9a0b-1c2d-3e4f-5a6b7c8d9e0f,Autoevaluación,f65f0bd7-27f5-4b8c-9641-94729f51744a,6,8.89
111e9d86-cbd2-45ff-a809-4072bbe6a4d0,Dispersión de Fondos,d9b58f63-b601-433e-9861-2bf2ad90eeb6,4,8.94
0e1f2a3b-4c5d-6e7f-8a9b-0c1d2e3f4a5b,Aprobar Presupuesto,7949fc3c-9284-40a0-8161-7b39cf9f9b2d,11,9.42
3c4d5e6f-7a8b-9c0d-1e2f-3a4b5c6d7e8f,Especificar Servidores,d9b58f63-b601-433e-9861-2bf2ad90eeb6,7,9.43
a7b21cc3-d8cf-48af-8bb0-22cba4567e9b,Setup Tecnológico,f65f0bd7-27f5-4b8c-9641-94729f51744a,1,4.59
f5ba7581-b2ac-4b3a-830e-64ab112f975a,Presentar Requerimiento,e04f861d-b880-4d7f-bf03-59ce8e435929,5,8.91
6720c739-1916-432b-b392-e698dcfd8112,Validar Capacitación,7949fc3c-9284-40a0-8161-7b39cf9f9b2d,13,15.76
6c7d8e9f-0a1b-2c3d-4e5f-6a7b8c9d0e1f,Validar Capacitación,bebe41a9-85fc-43f3-a125-5c7f72b0898d,1,5.96
2c3d4e5f-6a7b-8c9d-0e1f-2a3b4c5d6e7f,Reunión Bienvenida,e1c69265-87e8-417b-b13a-2ae72c53d4e3,0,5.88
439df689-d1cf-41c3-883c-1b7713fe68e5,Solicitar Adelanto,db614129-bb28-4b41-8a46-bea1444c388c,12,14.07
31ece703-f961-4e8e-a5c5-cd5c5b47e3db,Validar Capacitación,d822aaf2-81c6-4054-b63b-a2bec2d53509,11,10.76
8c9d0e1f-2a3b-4c5d-6e7f-8a9b0c1d2e3f,Validar Elegibilidad,4cd6a83f-a8b6-4b56-854d-5d3693ec4ab4,3,6.07
993a46fb-a0b2-4d2c-88eb-11ab1c3d4e8c,Reunión Bienvenida,2084f511-720a-4096-80cd-5bc9b91cf5b6,3,10.22
9c0d1e2f-3a4b-5c6d-7e8f-9a0b1c2d3e4f,Habilitar Permisos,3f72a8b2-777b-43c8-ba37-8f5d9fbd2135,4,8.76
6c7d8e9f-0a1b-2c3d-4e5f-6a7b8c9d0e1f,Especificar Licencia,8490fcc8-7f53-4704-ac48-99b48356b21c,15,14.93
439df689-d1cf-41c3-883c-1b7713fe68e5,Feedback de Manager,87f8e8d1-83e9-4ddb-9be0-fc955228db6d,13,12.82
a7b21cc3-d8cf-48af-8bb0-22cba4567e9b,Autorización Gerencia,c017087e-fcbc-4f47-ae54-78008d243fbf,6,9.41
111e9d86-cbd2-45ff-a809-4072bbe6a4d0,Registrar Recibos,c017087e-fcbc-4f47-ae54-78008d243fbf,4,8.45
111e9d86-cbd2-45ff-a809-4072bbe6a4d0,Presentar Requerimiento,2084f511-720a-4096-80cd-5bc9b91cf5b6,11,13.0
a7b21cc3-d8cf-48af-8bb0-22cba4567e9b,Setup Tecnológico,2e310583-c106-4f2c-a6c3-c4b12ec30658,9,11.84
5c6d7e8f-9a0b-1c2d-3e4f-5a6b7c8d9e0f,Preparar Firma,2084f511-720a-4096-80cd-5bc9b91cf5b6,14,17.11
993a46fb-a0b2-4d2c-88eb-11ab1c3d4e8c,Inicio del Proceso,87f8e8d1-83e9-4ddb-9be0-fc955228db6d,0,4.23
439df689-d1cf-41c3-883c-1b7713fe68e5,Revisión Contable,3f72a8b2-777b-43c8-ba37-8f5d9fbd2135,4,8.38
0e1f2a3b-4c5d-6e7f-8a9b-0c1d2e3f4a5b,Pago de Liquidación,d9b58f63-b601-433e-9861-2bf2ad90eeb6,5,5.77
5c6d7e8f-9a0b-1c2d-3e4f-5a6b7c8d9e0f,Consolidación de RRHH,87f8e8d1-83e9-4ddb-9be0-fc955228db6d,11,16.33
439df689-d1cf-41c3-883c-1b7713fe68e5,Aprobación del manager,8490fcc8-7f53-4704-ac48-99b48356b21c,4,6.74
0e1f2a3b-4c5d-6e7f-8a9b-0c1d2e3f4a5b,Autoevaluación,db614129-bb28-4b41-8a46-bea1444c388c,15,13.85
6720c739-1916-432b-b392-e698dcfd8112,Reunión Bienvenida,2084f511-720a-4096-80cd-5bc9b91cf5b6,4,6.45
3c4d5e6f-7a8b-9c0d-1e2f-3a4b5c6d7e8f,Feedback de Manager,e1c69265-87e8-417b-b13a-2ae72c53d4e3,13,13.85
bd9966b2-5fa2-4a4b-b924-59e817a5e756,Revisión Gerencial,a9eff785-5679-4a1b-91ef-6ca8712ddd18,14,14.92
7c8d9e0f-1a2b-3c4d-5e6f-7a8b9c0d1e2f,Instalar Licencia,f65f0bd7-27f5-4b8c-9641-94729f51744a,2,4.13
111e9d86-cbd2-45ff-a809-4072bbe6a4d0,Revisión Contable,e04f861d-b880-4d7f-bf03-59ce8e435929,2,4.36
f5ba7581-b2ac-4b3a-830e-64ab112f975a,Revisión Contable,3f72a8b2-777b-43c8-ba37-8f5d9fbd2135,10,12.81
439df689-d1cf-41c3-883c-1b7713fe68e5,Autorización Gerencia,f65f0bd7-27f5-4b8c-9641-94729f51744a,1,3.55
6c7d8e9f-0a1b-2c3d-4e5f-6a7b8c9d0e1f,Cerrar Accesos,e1c69265-87e8-417b-b13a-2ae72c53d4e3,4,8.3
993a46fb-a0b2-4d2c-88eb-11ab1c3d4e8c,Inicio del Proceso,2084f511-720a-4096-80cd-5bc9b91cf5b6,10,14.63
5c6d7e8f-9a0b-1c2d-3e4f-5a6b7c8d9e0f,Solicitar Adelanto,d9b58f63-b601-433e-9861-2bf2ad90eeb6,7,14.45
bd9966b2-5fa2-4a4b-b924-59e817a5e756,Evaluación Técnica,14791e8e-28e4-4f61-9593-d7a2653d97a3,11,12.24
9c0d1e2f-3a4b-5c6d-7e8f-9a0b1c2d3e4f,Validación de RRHH,2e310583-c106-4f2c-a6c3-c4b12ec30658,11,13.44
a7b21cc3-d8cf-48af-8bb0-22cba4567e9b,Procesar Transferencia,c017087e-fcbc-4f47-ae54-78008d243fbf,9,8.71
6c7d8e9f-0a1b-2c3d-4e5f-6a7b8c9d0e1f,Validar Capacitación,e04f861d-b880-4d7f-bf03-59ce8e435929,15,15.72
6c7d8e9f-0a1b-2c3d-4e5f-6a7b8c9d0e1f,Verificar Factura,87f8e8d1-83e9-4ddb-9be0-fc955228db6d,11,12.99
2c3d4e5f-6a7b-8c9d-0e1f-2a3b4c5d6e7f,Validar Comercial,7949fc3c-9284-40a0-8161-7b39cf9f9b2d,3,5.07
5c6d7e8f-9a0b-1c2d-3e4f-5a6b7c8d9e0f,Verificar Factura,d9b58f63-b601-433e-9861-2bf2ad90eeb6,2,9.28
439df689-d1cf-41c3-883c-1b7713fe68e5,Validación de RRHH,e121cbea-1209-4fe7-ad22-6cf09caf5b95,10,11.04
f5ba7581-b2ac-4b3a-830e-64ab112f975a,Instalar Licencia,2084f511-720a-4096-80cd-5bc9b91cf5b6,5,9.53
000a3793-827e-4616-84f9-0a23863e0a35,Validar Comercial,4cd6a83f-a8b6-4b56-854d-5d3693ec4ab4,5,9.28
8c9d0e1f-2a3b-4c5d-6e7f-8a9b0c1d2e3f,Firma Director,3f72a8b2-777b-43c8-ba37-8f5d9fbd2135,8,15.67
8c9d0e1f-2a3b-4c5d-6e7f-8a9b0c1d2e3f,Consolidación de RRHH,4cd6a83f-a8b6-4b56-854d-5d3693ec4ab4,1,6.88
31ece703-f961-4e8e-a5c5-cd5c5b47e3db,Aprobar Presupuesto,e121cbea-1209-4fe7-ad22-6cf09caf5b95,0,3.35
5c6d7e8f-9a0b-1c2d-3e4f-5a6b7c8d9e0f,Instalar Licencia,8490fcc8-7f53-4704-ac48-99b48356b21c,10,13.06
31ece703-f961-4e8e-a5c5-cd5c5b47e3db,Dispersión de Fondos,db614129-bb28-4b41-8a46-bea1444c388c,7,10.13
a7b21cc3-d8cf-48af-8bb0-22cba4567e9b,Subir Borrador,14791e8e-28e4-4f61-9593-d7a2653d97a3,0,6.12
a7b21cc3-d8cf-48af-8bb0-22cba4567e9b,Validar Comercial,2084f511-720a-4096-80cd-5bc9b91cf5b6,8,9.18
bd9966b2-5fa2-4a4b-b924-59e817a5e756,Revisión de Seguridad,c017087e-fcbc-4f47-ae54-78008d243fbf,3,6.6
6c7d8e9f-0a1b-2c3d-4e5f-6a7b8c9d0e1f,Setup Tecnológico,2b549288-04a4-4705-bcd0-0332b683df27,11,12.85
5c6d7e8f-9a0b-1c2d-3e4f-5a6b7c8d9e0f,Procesar Transferencia,7949fc3c-9284-40a0-8161-7b39cf9f9b2d,15,18.7
5c6d7e8f-9a0b-1c2d-3e4f-5a6b7c8d9e0f,Evaluación Técnica,7949fc3c-9284-40a0-8161-7b39cf9f9b2d,1,6.24
6720c739-1916-432b-b392-e698dcfd8112,Revisión de Seguridad,d9b58f63-b601-433e-9861-2bf2ad90eeb6,4,7.74
bd9966b2-5fa2-4a4b-b924-59e817a5e756,Setup Tecnológico,db614129-bb28-4b41-8a46-bea1444c388c,7,7.79
7c8d9e0f-1a2b-3c4d-5e6f-7a8b9c0d1e2f,Reunión Bienvenida,db614129-bb28-4b41-8a46-bea1444c388c,11,14.07
2c3d4e5f-6a7b-8c9d-0e1f-2a3b4c5d6e7f,Verificar Stock,e121cbea-1209-4fe7-ad22-6cf09caf5b95,3,3.86
4c5d6e7f-8a9b-0c1d-2e3f-4a5b6c7d8e9f,Evaluación Técnica,f615b16b-8fd1-43c9-97c0-a65e08960291,15,14.27
0e1f2a3b-4c5d-6e7f-8a9b-0c1d2e3f4a5b,Firma Director,bebe41a9-85fc-43f3-a125-5c7f72b0898d,13,12.36
3c4d5e6f-7a8b-9c0d-1e2f-3a4b5c6d7e8f,Inicio del Proceso,2b549288-04a4-4705-bcd0-0332b683df27,15,15.45
4c5d6e7f-8a9b-0c1d-2e3f-4a5b6c7d8e9f,Aprobación del manager,8490fcc8-7f53-4704-ac48-99b48356b21c,10,10.02
f5ba7581-b2ac-4b3a-830e-64ab112f975a,Aprobar Presupuesto,eccb7c0d-52a7-4143-baad-ebee05361b50,14,13.24
7c8d9e0f-1a2b-3c4d-5e6f-7a8b9c0d1e2f,Presentar Requerimiento,d822aaf2-81c6-4054-b63b-a2bec2d53509,14,14.54
bd9966b2-5fa2-4a4b-b924-59e817a5e756,Aprobación del manager,2b549288-04a4-4705-bcd0-0332b683df27,13,12.93
0e1f2a3b-4c5d-6e7f-8a9b-0c1d2e3f4a5b,Especificar Servidores,8490fcc8-7f53-4704-ac48-99b48356b21c,10,10.28
9c0d1e2f-3a4b-5c6d-7e8f-9a0b1c2d3e4f,Habilitar Permisos,4cd6a83f-a8b6-4b56-854d-5d3693ec4ab4,2,2.94
0e1f2a3b-4c5d-6e7f-8a9b-0c1d2e3f4a5b,Setup Tecnológico,4cd6a83f-a8b6-4b56-854d-5d3693ec4ab4,7,8.0
4c5d6e7f-8a9b-0c1d-2e3f-4a5b6c7d8e9f,Evaluación Técnica,2084f511-720a-4096-80cd-5bc9b91cf5b6,12,13.67
bd9966b2-5fa2-4a4b-b924-59e817a5e756,Consolidación de RRHH,14791e8e-28e4-4f61-9593-d7a2653d97a3,10,10.63
a7b21cc3-d8cf-48af-8bb0-22cba4567e9b,Especificar Licencia,8490fcc8-7f53-4704-ac48-99b48356b21c,11,11.7
0e1f2a3b-4c5d-6e7f-8a9b-0c1d2e3f4a5b,Solicitar Adelanto,87f8e8d1-83e9-4ddb-9be0-fc955228db6d,1,1.58
000a3793-827e-4616-84f9-0a23863e0a35,Consolidar Gastos,0eea38fa-f85e-4c73-b47b-0a1985db1227,10,10.79
9c0d1e2f-3a4b-5c6d-7e8f-9a0b1c2d3e4f,Especificar Licencia,f65f0bd7-27f5-4b8c-9641-94729f51744a,9,8.85
993a46fb-a0b2-4d2c-88eb-11ab1c3d4e8c,Detallar Curso,3f72a8b2-777b-43c8-ba37-8f5d9fbd2135,1,8.05
993a46fb-a0b2-4d2c-88eb-11ab1c3d4e8c,Validar Capacitación,e04f861d-b880-4d7f-bf03-59ce8e435929,11,13.66
8c9d0e1f-2a3b-4c5d-6e7f-8a9b0c1d2e3f,Revisión de Seguridad,db614129-bb28-4b41-8a46-bea1444c388c,3,10.15
f5ba7581-b2ac-4b3a-830e-64ab112f975a,Detallar Curso,bebe41a9-85fc-43f3-a125-5c7f72b0898d,14,12.1
2c3d4e5f-6a7b-8c9d-0e1f-2a3b4c5d6e7f,Consolidación de RRHH,7949fc3c-9284-40a0-8161-7b39cf9f9b2d,11,13.37
0e1f2a3b-4c5d-6e7f-8a9b-0c1d2e3f4a5b,Presentar Requerimiento,e1c69265-87e8-417b-b13a-2ae72c53d4e3,15,14.27
2c3d4e5f-6a7b-8c9d-0e1f-2a3b4c5d6e7f,Aprobación de Pago,d9b58f63-b601-433e-9861-2bf2ad90eeb6,1,3.11
0e1f2a3b-4c5d-6e7f-8a9b-0c1d2e3f4a5b,Revisión Gerencial,a9eff785-5679-4a1b-91ef-6ca8712ddd18,3,5.19
4c5d6e7f-8a9b-0c1d-2e3f-4a5b6c7d8e9f,Validar Capacitación,e1c69265-87e8-417b-b13a-2ae72c53d4e3,1,5.32
2c3d4e5f-6a7b-8c9d-0e1f-2a3b4c5d6e7f,Validar Elegibilidad,0eea38fa-f85e-4c73-b47b-0a1985db1227,2,5.21
9c0d1e2f-3a4b-5c6d-7e8f-9a0b1c2d3e4f,Reunión Bienvenida,4cd6a83f-a8b6-4b56-854d-5d3693ec4ab4,1,6.29
bd9966b2-5fa2-4a4b-b924-59e817a5e756,Validar Elegibilidad,7949fc3c-9284-40a0-8161-7b39cf9f9b2d,12,12.2
439df689-d1cf-41c3-883c-1b7713fe68e5,Detallar Curso,2084f511-720a-4096-80cd-5bc9b91cf5b6,13,13.79
f5ba7581-b2ac-4b3a-830e-64ab112f975a,Registrar Recibos,f615b16b-8fd1-43c9-97c0-a65e08960291,9,9.02
7c8d9e0f-1a2b-3c4d-5e6f-7a8b9c0d1e2f,Consolidación de RRHH,4cd6a83f-a8b6-4b56-854d-5d3693ec4ab4,3,5.38
6720c739-1916-432b-b392-e698dcfd8112,Cerrar Accesos,7949fc3c-9284-40a0-8161-7b39cf9f9b2d,4,6.05
8c9d0e1f-2a3b-4c5d-6e7f-8a9b0c1d2e3f,Feedback de Manager,d9b58f63-b601-433e-9861-2bf2ad90eeb6,8,10.79
9c0d1e2f-3a4b-5c6d-7e8f-9a0b1c2d3e4f,Revisión de Seguridad,2b549288-04a4-4705-bcd0-0332b683df27,9,10.85
6c7d8e9f-0a1b-2c3d-4e5f-6a7b8c9d0e1f,Aprobación de Pago,d9b58f63-b601-433e-9861-2bf2ad90eeb6,11,10.49
000a3793-827e-4616-84f9-0a23863e0a35,Solicitar Adelanto,14791e8e-28e4-4f61-9593-d7a2653d97a3,6,8.79
6720c739-1916-432b-b392-e698dcfd8112,Feedback de Manager,0eea38fa-f85e-4c73-b47b-0a1985db1227,2,7.14
2c3d4e5f-6a7b-8c9d-0e1f-2a3b4c5d6e7f,Revisión Contable,db614129-bb28-4b41-8a46-bea1444c388c,7,9.52
6720c739-1916-432b-b392-e698dcfd8112,Habilitar Permisos,e1c69265-87e8-417b-b13a-2ae72c53d4e3,1,3.78
3c4d5e6f-7a8b-9c0d-1e2f-3a4b5c6d7e8f,Subir Borrador,e1c69265-87e8-417b-b13a-2ae72c53d4e3,11,12.73
31ece703-f961-4e8e-a5c5-cd5c5b47e3db,Evaluación Técnica,a9eff785-5679-4a1b-91ef-6ca8712ddd18,8,10.67
4c5d6e7f-8a9b-0c1d-2e3f-4a5b6c7d8e9f,Aprobación Costos,7949fc3c-9284-40a0-8161-7b39cf9f9b2d,10,10.62
31ece703-f961-4e8e-a5c5-cd5c5b47e3db,Aprobación Presupuesto,7949fc3c-9284-40a0-8161-7b39cf9f9b2d,0,3.34
7c8d9e0f-1a2b-3c4d-5e6f-7a8b9c0d1e2f,Especificar Servidores,f65f0bd7-27f5-4b8c-9641-94729f51744a,4,7.67
9c0d1e2f-3a4b-5c6d-7e8f-9a0b1c2d3e4f,Consolidar Gastos,14791e8e-28e4-4f61-9593-d7a2653d97a3,15,16.96
6720c739-1916-432b-b392-e698dcfd8112,Aprobar Presupuesto,bebe41a9-85fc-43f3-a125-5c7f72b0898d,3,4.8
000a3793-827e-4616-84f9-0a23863e0a35,Pago de Liquidación,2e310583-c106-4f2c-a6c3-c4b12ec30658,6,8.51
6c7d8e9f-0a1b-2c3d-4e5f-6a7b8c9d0e1f,Presentar Requerimiento,d9b58f63-b601-433e-9861-2bf2ad90eeb6,2,4.34
bd9966b2-5fa2-4a4b-b924-59e817a5e756,Revisión de Seguridad,87f8e8d1-83e9-4ddb-9be0-fc955228db6d,1,4.41
2c3d4e5f-6a7b-8c9d-0e1f-2a3b4c5d6e7f,Reunión Bienvenida,f615b16b-8fd1-43c9-97c0-a65e08960291,3,4.91
0e1f2a3b-4c5d-6e7f-8a9b-0c1d2e3f4a5b,Autorización Gerencia,db614129-bb28-4b41-8a46-bea1444c388c,3,4.59
2c3d4e5f-6a7b-8c9d-0e1f-2a3b4c5d6e7f,Especificar Licencia,d9b58f63-b601-433e-9861-2bf2ad90eeb6,5,9.76
111e9d86-cbd2-45ff-a809-4072bbe6a4d0,Evaluación Técnica,e1c69265-87e8-417b-b13a-2ae72c53d4e3,8,7.45
9c0d1e2f-3a4b-5c6d-7e8f-9a0b1c2d3e4f,Aprobar Presupuesto,a9eff785-5679-4a1b-91ef-6ca8712ddd18,15,16.41
5c6d7e8f-9a0b-1c2d-3e4f-5a6b7c8d9e0f,Subir Borrador,f615b16b-8fd1-43c9-97c0-a65e08960291,4,7.71
4c5d6e7f-8a9b-0c1d-2e3f-4a5b6c7d8e9f,Aprobación Costos,8490fcc8-7f53-4704-ac48-99b48356b21c,5,8.46
439df689-d1cf-41c3-883c-1b7713fe68e5,Dispersión de Fondos,bebe41a9-85fc-43f3-a125-5c7f72b0898d,12,14.49
000a3793-827e-4616-84f9-0a23863e0a35,Inicio del Proceso,87f8e8d1-83e9-4ddb-9be0-fc955228db6d,5,9.03
5c6d7e8f-9a0b-1c2d-3e4f-5a6b7c8d9e0f,Aprobación de Pago,2e310583-c106-4f2c-a6c3-c4b12ec30658,5,11.76
9c0d1e2f-3a4b-5c6d-7e8f-9a0b1c2d3e4f,Subir Borrador,8490fcc8-7f53-4704-ac48-99b48356b21c,6,7.61
000a3793-827e-4616-84f9-0a23863e0a35,Enviar solicitud de vacaciones,2b549288-04a4-4705-bcd0-0332b683df27,12,12.08
f5ba7581-b2ac-4b3a-830e-64ab112f975a,Validar Comercial,2084f511-720a-4096-80cd-5bc9b91cf5b6,9,8.45
4c5d6e7f-8a9b-0c1d-2e3f-4a5b6c7d8e9f,Reunión Bienvenida,c017087e-fcbc-4f47-ae54-78008d243fbf,9,11.17
6c7d8e9f-0a1b-2c3d-4e5f-6a7b8c9d0e1f,Revisión de Seguridad,7949fc3c-9284-40a0-8161-7b39cf9f9b2d,0,2.3
3c4d5e6f-7a8b-9c0d-1e2f-3a4b5c6d7e8f,Aprobar Presupuesto,7949fc3c-9284-40a0-8161-7b39cf9f9b2d,1,5.77
6c7d8e9f-0a1b-2c3d-4e5f-6a7b8c9d0e1f,Consolidar Gastos,2b549288-04a4-4705-bcd0-0332b683df27,10,10.57
9c0d1e2f-3a4b-5c6d-7e8f-9a0b1c2d3e4f,Aprobación Costos,87f8e8d1-83e9-4ddb-9be0-fc955228db6d,12,13.68
6c7d8e9f-0a1b-2c3d-4e5f-6a7b8c9d0e1f,Evaluación Técnica,8490fcc8-7f53-4704-ac48-99b48356b21c,11,12.77
2c3d4e5f-6a7b-8c9d-0e1f-2a3b4c5d6e7f,Instalar Licencia,bebe41a9-85fc-43f3-a125-5c7f72b0898d,1,6.1
000a3793-827e-4616-84f9-0a23863e0a35,Feedback de Manager,2b549288-04a4-4705-bcd0-0332b683df27,2,4.2
7c8d9e0f-1a2b-3c4d-5e6f-7a8b9c0d1e2f,Feedback de Manager,87f8e8d1-83e9-4ddb-9be0-fc955228db6d,4,5.22
0e1f2a3b-4c5d-6e7f-8a9b-0c1d2e3f4a5b,Iniciar Baja,87f8e8d1-83e9-4ddb-9be0-fc955228db6d,14,12.94
9c0d1e2f-3a4b-5c6d-7e8f-9a0b1c2d3e4f,Registrar Recibos,2e310583-c106-4f2c-a6c3-c4b12ec30658,5,7.86
111e9d86-cbd2-45ff-a809-4072bbe6a4d0,Instalar Licencia,14791e8e-28e4-4f61-9593-d7a2653d97a3,15,15.66
8c9d0e1f-2a3b-4c5d-6e7f-8a9b0c1d2e3f,Firma Director,e1c69265-87e8-417b-b13a-2ae72c53d4e3,13,17.62
993a46fb-a0b2-4d2c-88eb-11ab1c3d4e8c,Firma Director,87f8e8d1-83e9-4ddb-9be0-fc955228db6d,14,15.71
6720c739-1916-432b-b392-e698dcfd8112,Solicitar Adelanto,3f72a8b2-777b-43c8-ba37-8f5d9fbd2135,4,7.29
2c3d4e5f-6a7b-8c9d-0e1f-2a3b4c5d6e7f,Reunión Bienvenida,e04f861d-b880-4d7f-bf03-59ce8e435929,3,6.66
6720c739-1916-432b-b392-e698dcfd8112,Solicitar Adelanto,2084f511-720a-4096-80cd-5bc9b91cf5b6,5,7.63
993a46fb-a0b2-4d2c-88eb-11ab1c3d4e8c,Instalar Licencia,c017087e-fcbc-4f47-ae54-78008d243fbf,0,8.51
4c5d6e7f-8a9b-0c1d-2e3f-4a5b6c7d8e9f,Aprobación Costos,bebe41a9-85fc-43f3-a125-5c7f72b0898d,2,3.18
7c8d9e0f-1a2b-3c4d-5e6f-7a8b9c0d1e2f,Revisión de Seguridad,c017087e-fcbc-4f47-ae54-78008d243fbf,13,12.58
31ece703-f961-4e8e-a5c5-cd5c5b47e3db,Presentar Requerimiento,a9eff785-5679-4a1b-91ef-6ca8712ddd18,4,9.89
2c3d4e5f-6a7b-8c9d-0e1f-2a3b4c5d6e7f,Autoevaluación,d822aaf2-81c6-4054-b63b-a2bec2d53509,15,14.43
4c5d6e7f-8a9b-0c1d-2e3f-4a5b6c7d8e9f,Enviar solicitud de vacaciones,8490fcc8-7f53-4704-ac48-99b48356b21c,3,7.85
439df689-d1cf-41c3-883c-1b7713fe68e5,Presentar Requerimiento,d9b58f63-b601-433e-9861-2bf2ad90eeb6,13,14.92
9c0d1e2f-3a4b-5c6d-7e8f-9a0b1c2d3e4f,Instalar Licencia,d9b58f63-b601-433e-9861-2bf2ad90eeb6,15,15.38
31ece703-f961-4e8e-a5c5-cd5c5b47e3db,Validación de RRHH,a9eff785-5679-4a1b-91ef-6ca8712ddd18,12,13.59
bd9966b2-5fa2-4a4b-b924-59e817a5e756,Validar Elegibilidad,a9eff785-5679-4a1b-91ef-6ca8712ddd18,9,9.83
6c7d8e9f-0a1b-2c3d-4e5f-6a7b8c9d0e1f,Dispersión de Fondos,c017087e-fcbc-4f47-ae54-78008d243fbf,0,5.28
993a46fb-a0b2-4d2c-88eb-11ab1c3d4e8c,Consolidación de RRHH,2084f511-720a-4096-80cd-5bc9b91cf5b6,11,12.46
993a46fb-a0b2-4d2c-88eb-11ab1c3d4e8c,Inicio de la solicitud,2084f511-720a-4096-80cd-5bc9b91cf5b6,9,14.48
8c9d0e1f-2a3b-4c5d-6e7f-8a9b0c1d2e3f,Preparar Firma,e04f861d-b880-4d7f-bf03-59ce8e435929,13,16.3
439df689-d1cf-41c3-883c-1b7713fe68e5,Cerrar Accesos,bebe41a9-85fc-43f3-a125-5c7f72b0898d,11,10.81
111e9d86-cbd2-45ff-a809-4072bbe6a4d0,Entrega del Equipo,2b549288-04a4-4705-bcd0-0332b683df27,10,12.89
f5ba7581-b2ac-4b3a-830e-64ab112f975a,Firma Director,c017087e-fcbc-4f47-ae54-78008d243fbf,7,11.61
6720c739-1916-432b-b392-e698dcfd8112,Presentar Requerimiento,f615b16b-8fd1-43c9-97c0-a65e08960291,14,11.96
bd9966b2-5fa2-4a4b-b924-59e817a5e756,Especificar Servidores,0eea38fa-f85e-4c73-b47b-0a1985db1227,10,13.15
31ece703-f961-4e8e-a5c5-cd5c5b47e3db,Aprobación Costos,f65f0bd7-27f5-4b8c-9641-94729f51744a,4,8.65
31ece703-f961-4e8e-a5c5-cd5c5b47e3db,Setup Tecnológico,c017087e-fcbc-4f47-ae54-78008d243fbf,14,14.81
f5ba7581-b2ac-4b3a-830e-64ab112f975a,Aprobación del manager,7949fc3c-9284-40a0-8161-7b39cf9f9b2d,8,9.63
5c6d7e8f-9a0b-1c2d-3e4f-5a6b7c8d9e0f,Revisión Contable,8490fcc8-7f53-4704-ac48-99b48356b21c,2,4.83
a7b21cc3-d8cf-48af-8bb0-22cba4567e9b,Reunión Bienvenida,d9b58f63-b601-433e-9861-2bf2ad90eeb6,0,4.43
8c9d0e1f-2a3b-4c5d-6e7f-8a9b0c1d2e3f,Habilitar Permisos,bebe41a9-85fc-43f3-a125-5c7f72b0898d,11,17.26
111e9d86-cbd2-45ff-a809-4072bbe6a4d0,Especificar Servidores,2084f511-720a-4096-80cd-5bc9b91cf5b6,13,13.09
993a46fb-a0b2-4d2c-88eb-11ab1c3d4e8c,Especificar Servidores,f615b16b-8fd1-43c9-97c0-a65e08960291,10,12.17
f5ba7581-b2ac-4b3a-830e-64ab112f975a,Detallar Curso,eccb7c0d-52a7-4143-baad-ebee05361b50,7,9.19
6720c739-1916-432b-b392-e698dcfd8112,Aprobación Presupuesto,87f8e8d1-83e9-4ddb-9be0-fc955228db6d,2,6.58
439df689-d1cf-41c3-883c-1b7713fe68e5,Revisión Contable,e04f861d-b880-4d7f-bf03-59ce8e435929,7,9.53
6720c739-1916-432b-b392-e698dcfd8112,Inicio de la solicitud,0eea38fa-f85e-4c73-b47b-0a1985db1227,11,12.8
993a46fb-a0b2-4d2c-88eb-11ab1c3d4e8c,Cerrar Accesos,f615b16b-8fd1-43c9-97c0-a65e08960291,13,18.63
a7b21cc3-d8cf-48af-8bb0-22cba4567e9b,Iniciar Baja,d9b58f63-b601-433e-9861-2bf2ad90eeb6,10,14.32
7c8d9e0f-1a2b-3c4d-5e6f-7a8b9c0d1e2f,Registrar Recibos,2b549288-04a4-4705-bcd0-0332b683df27,3,6.68
31ece703-f961-4e8e-a5c5-cd5c5b47e3db,Validar Capacitación,2e310583-c106-4f2c-a6c3-c4b12ec30658,9,9.72
6c7d8e9f-0a1b-2c3d-4e5f-6a7b8c9d0e1f,Validar Elegibilidad,d822aaf2-81c6-4054-b63b-a2bec2d53509,15,13.71
8c9d0e1f-2a3b-4c5d-6e7f-8a9b0c1d2e3f,Presentar Requerimiento,db614129-bb28-4b41-8a46-bea1444c388c,13,18.65
5c6d7e8f-9a0b-1c2d-3e4f-5a6b7c8d9e0f,Setup Tecnológico,c017087e-fcbc-4f47-ae54-78008d243fbf,6,10.43
0e1f2a3b-4c5d-6e7f-8a9b-0c1d2e3f4a5b,Inicio de la solicitud,3f72a8b2-777b-43c8-ba37-8f5d9fbd2135,7,6.26
8c9d0e1f-2a3b-4c5d-6e7f-8a9b0c1d2e3f,Validar Elegibilidad,f615b16b-8fd1-43c9-97c0-a65e08960291,1,8.71
7c8d9e0f-1a2b-3c4d-5e6f-7a8b9c0d1e2f,Enviar solicitud de vacaciones,db614129-bb28-4b41-8a46-bea1444c388c,15,14.99
0e1f2a3b-4c5d-6e7f-8a9b-0c1d2e3f4a5b,Especificar Servidores,2b549288-04a4-4705-bcd0-0332b683df27,6,7.68
993a46fb-a0b2-4d2c-88eb-11ab1c3d4e8c,Verificar Stock,f615b16b-8fd1-43c9-97c0-a65e08960291,8,13.43
7c8d9e0f-1a2b-3c4d-5e6f-7a8b9c0d1e2f,Validación de RRHH,e1c69265-87e8-417b-b13a-2ae72c53d4e3,6,8.49
993a46fb-a0b2-4d2c-88eb-11ab1c3d4e8c,Procesar Transferencia,f65f0bd7-27f5-4b8c-9641-94729f51744a,2,8.4
5c6d7e8f-9a0b-1c2d-3e4f-5a6b7c8d9e0f,Iniciar Baja,0eea38fa-f85e-4c73-b47b-0a1985db1227,8,12.19
111e9d86-cbd2-45ff-a809-4072bbe6a4d0,Autorización Gerencia,f615b16b-8fd1-43c9-97c0-a65e08960291,9,12.75
111e9d86-cbd2-45ff-a809-4072bbe6a4d0,Habilitar Permisos,e121cbea-1209-4fe7-ad22-6cf09caf5b95,2,6.44
9c0d1e2f-3a4b-5c6d-7e8f-9a0b1c2d3e4f,Consolidación de RRHH,f615b16b-8fd1-43c9-97c0-a65e08960291,0,3.9
9c0d1e2f-3a4b-5c6d-7e8f-9a0b1c2d3e4f,Aprobación Presupuesto,4cd6a83f-a8b6-4b56-854d-5d3693ec4ab4,10,13.52
439df689-d1cf-41c3-883c-1b7713fe68e5,Procesar Transferencia,e1c69265-87e8-417b-b13a-2ae72c53d4e3,9,10.88
6720c739-1916-432b-b392-e698dcfd8112,Solicitar Adelanto,7949fc3c-9284-40a0-8161-7b39cf9f9b2d,10,11.62
0e1f2a3b-4c5d-6e7f-8a9b-0c1d2e3f4a5b,Cerrar Accesos,3f72a8b2-777b-43c8-ba37-8f5d9fbd2135,0,2.83
000a3793-827e-4616-84f9-0a23863e0a35,Validar Capacitación,8490fcc8-7f53-4704-ac48-99b48356b21c,8,10.59
a7b21cc3-d8cf-48af-8bb0-22cba4567e9b,Solicitar Adelanto,e1c69265-87e8-417b-b13a-2ae72c53d4e3,8,10.21
f5ba7581-b2ac-4b3a-830e-64ab112f975a,Revisión Gerencial,7949fc3c-9284-40a0-8161-7b39cf9f9b2d,11,11.2
3c4d5e6f-7a8b-9c0d-1e2f-3a4b5c6d7e8f,Revisión de Seguridad,87f8e8d1-83e9-4ddb-9be0-fc955228db6d,0,3.73
5c6d7e8f-9a0b-1c2d-3e4f-5a6b7c8d9e0f,Verificar Stock,4cd6a83f-a8b6-4b56-854d-5d3693ec4ab4,6,12.8
439df689-d1cf-41c3-883c-1b7713fe68e5,Firma Director,2e310583-c106-4f2c-a6c3-c4b12ec30658,11,13.71
000a3793-827e-4616-84f9-0a23863e0a35,Consolidar Gastos,c017087e-fcbc-4f47-ae54-78008d243fbf,4,4.81
a7b21cc3-d8cf-48af-8bb0-22cba4567e9b,Validar Comercial,14791e8e-28e4-4f61-9593-d7a2653d97a3,4,7.7
111e9d86-cbd2-45ff-a809-4072bbe6a4d0,Validar Elegibilidad,0eea38fa-f85e-4c73-b47b-0a1985db1227,13,14.4
0e1f2a3b-4c5d-6e7f-8a9b-0c1d2e3f4a5b,Revisión de Seguridad,2e310583-c106-4f2c-a6c3-c4b12ec30658,10,9.44
f5ba7581-b2ac-4b3a-830e-64ab112f975a,Subir Borrador,eccb7c0d-52a7-4143-baad-ebee05361b50,5,7.85
31ece703-f961-4e8e-a5c5-cd5c5b47e3db,Aprobación del manager,3f72a8b2-777b-43c8-ba37-8f5d9fbd2135,15,15.04
9c0d1e2f-3a4b-5c6d-7e8f-9a0b1c2d3e4f,Aprobar Presupuesto,14791e8e-28e4-4f61-9593-d7a2653d97a3,7,8.78
f5ba7581-b2ac-4b3a-830e-64ab112f975a,Enviar solicitud de vacaciones,2084f511-720a-4096-80cd-5bc9b91cf5b6,4,4.47
6720c739-1916-432b-b392-e698dcfd8112,Validar Capacitación,f65f0bd7-27f5-4b8c-9641-94729f51744a,15,15.93
8c9d0e1f-2a3b-4c5d-6e7f-8a9b0c1d2e3f,Inicio de la solicitud,2084f511-720a-4096-80cd-5bc9b91cf5b6,9,15.96
439df689-d1cf-41c3-883c-1b7713fe68e5,Revisión Gerencial,d822aaf2-81c6-4054-b63b-a2bec2d53509,8,8.52
a7b21cc3-d8cf-48af-8bb0-22cba4567e9b,Aprobación de Pago,f65f0bd7-27f5-4b8c-9641-94729f51744a,12,13.0
9c0d1e2f-3a4b-5c6d-7e8f-9a0b1c2d3e4f,Revisión Gerencial,7949fc3c-9284-40a0-8161-7b39cf9f9b2d,3,6.88
9c0d1e2f-3a4b-5c6d-7e8f-9a0b1c2d3e4f,Validación de RRHH,eccb7c0d-52a7-4143-baad-ebee05361b50,13,15.27
2c3d4e5f-6a7b-8c9d-0e1f-2a3b4c5d6e7f,Pago de Liquidación,4cd6a83f-a8b6-4b56-854d-5d3693ec4ab4,13,11.63
111e9d86-cbd2-45ff-a809-4072bbe6a4d0,Validar Comercial,8490fcc8-7f53-4704-ac48-99b48356b21c,0,2.64
7c8d9e0f-1a2b-3c4d-5e6f-7a8b9c0d1e2f,Autorización Gerencia,bebe41a9-85fc-43f3-a125-5c7f72b0898d,10,10.6
bd9966b2-5fa2-4a4b-b924-59e817a5e756,Registrar Recibos,e04f861d-b880-4d7f-bf03-59ce8e435929,3,7.24
6c7d8e9f-0a1b-2c3d-4e5f-6a7b8c9d0e1f,Detallar Curso,2b549288-04a4-4705-bcd0-0332b683df27,6,9.1
6c7d8e9f-0a1b-2c3d-4e5f-6a7b8c9d0e1f,Habilitar Permisos,f65f0bd7-27f5-4b8c-9641-94729f51744a,9,10.28
7c8d9e0f-1a2b-3c4d-5e6f-7a8b9c0d1e2f,Aprobación del manager,7949fc3c-9284-40a0-8161-7b39cf9f9b2d,8,10.53
3c4d5e6f-7a8b-9c0d-1e2f-3a4b5c6d7e8f,Revisión Contable,f615b16b-8fd1-43c9-97c0-a65e08960291,6,5.98
31ece703-f961-4e8e-a5c5-cd5c5b47e3db,Consolidación de RRHH,c017087e-fcbc-4f47-ae54-78008d243fbf,10,11.16
7c8d9e0f-1a2b-3c4d-5e6f-7a8b9c0d1e2f,Inicio de la solicitud,db614129-bb28-4b41-8a46-bea1444c388c,13,12.24
8c9d0e1f-2a3b-4c5d-6e7f-8a9b0c1d2e3f,Autoevaluación,2e310583-c106-4f2c-a6c3-c4b12ec30658,7,14.3
8c9d0e1f-2a3b-4c5d-6e7f-8a9b0c1d2e3f,Revisión de Seguridad,4cd6a83f-a8b6-4b56-854d-5d3693ec4ab4,10,16.54
439df689-d1cf-41c3-883c-1b7713fe68e5,Consolidación de RRHH,c017087e-fcbc-4f47-ae54-78008d243fbf,1,6.37
bd9966b2-5fa2-4a4b-b924-59e817a5e756,Dispersión de Fondos,2e310583-c106-4f2c-a6c3-c4b12ec30658,11,13.39
993a46fb-a0b2-4d2c-88eb-11ab1c3d4e8c,Solicitar Adelanto,87f8e8d1-83e9-4ddb-9be0-fc955228db6d,4,11.26
111e9d86-cbd2-45ff-a809-4072bbe6a4d0,Autorización Gerencia,0eea38fa-f85e-4c73-b47b-0a1985db1227,6,10.91
2c3d4e5f-6a7b-8c9d-0e1f-2a3b4c5d6e7f,Registrar Recibos,db614129-bb28-4b41-8a46-bea1444c388c,0,6.82
6720c739-1916-432b-b392-e698dcfd8112,Revisión de Seguridad,e121cbea-1209-4fe7-ad22-6cf09caf5b95,1,6.71
a7b21cc3-d8cf-48af-8bb0-22cba4567e9b,Subir Borrador,0eea38fa-f85e-4c73-b47b-0a1985db1227,4,8.93
2c3d4e5f-6a7b-8c9d-0e1f-2a3b4c5d6e7f,Verificar Stock,14791e8e-28e4-4f61-9593-d7a2653d97a3,3,8.07
7c8d9e0f-1a2b-3c4d-5e6f-7a8b9c0d1e2f,Consolidación de RRHH,d822aaf2-81c6-4054-b63b-a2bec2d53509,3,4.75
31ece703-f961-4e8e-a5c5-cd5c5b47e3db,Dispersión de Fondos,e1c69265-87e8-417b-b13a-2ae72c53d4e3,1,3.34
111e9d86-cbd2-45ff-a809-4072bbe6a4d0,Verificar Factura,a9eff785-5679-4a1b-91ef-6ca8712ddd18,7,8.74
31ece703-f961-4e8e-a5c5-cd5c5b47e3db,Cerrar Accesos,e1c69265-87e8-417b-b13a-2ae72c53d4e3,4,4.95
3c4d5e6f-7a8b-9c0d-1e2f-3a4b5c6d7e8f,Autoevaluación,d9b58f63-b601-433e-9861-2bf2ad90eeb6,0,5.31
5c6d7e8f-9a0b-1c2d-3e4f-5a6b7c8d9e0f,Verificar Factura,c017087e-fcbc-4f47-ae54-78008d243fbf,11,17.66
6c7d8e9f-0a1b-2c3d-4e5f-6a7b8c9d0e1f,Aprobación de Pago,2084f511-720a-4096-80cd-5bc9b91cf5b6,3,5.44
bd9966b2-5fa2-4a4b-b924-59e817a5e756,Autorización Gerencia,2b549288-04a4-4705-bcd0-0332b683df27,7,8.8
6c7d8e9f-0a1b-2c3d-4e5f-6a7b8c9d0e1f,Firma Director,c017087e-fcbc-4f47-ae54-78008d243fbf,11,14.58
9c0d1e2f-3a4b-5c6d-7e8f-9a0b1c2d3e4f,Validar Comercial,3f72a8b2-777b-43c8-ba37-8f5d9fbd2135,14,13.48
3c4d5e6f-7a8b-9c0d-1e2f-3a4b5c6d7e8f,Subir Borrador,e121cbea-1209-4fe7-ad22-6cf09caf5b95,3,4.39
3c4d5e6f-7a8b-9c0d-1e2f-3a4b5c6d7e8f,Autoevaluación,3f72a8b2-777b-43c8-ba37-8f5d9fbd2135,2,7.18
111e9d86-cbd2-45ff-a809-4072bbe6a4d0,Aprobación de Pago,14791e8e-28e4-4f61-9593-d7a2653d97a3,10,12.2
8c9d0e1f-2a3b-4c5d-6e7f-8a9b0c1d2e3f,Dispersión de Fondos,e04f861d-b880-4d7f-bf03-59ce8e435929,10,15.83
4c5d6e7f-8a9b-0c1d-2e3f-4a5b6c7d8e9f,Validación de RRHH,c017087e-fcbc-4f47-ae54-78008d243fbf,5,6.71
111e9d86-cbd2-45ff-a809-4072bbe6a4d0,Autorización Gerencia,7949fc3c-9284-40a0-8161-7b39cf9f9b2d,14,14.65
4c5d6e7f-8a9b-0c1d-2e3f-4a5b6c7d8e9f,Validación de RRHH,e04f861d-b880-4d7f-bf03-59ce8e435929,0,4.17
a7b21cc3-d8cf-48af-8bb0-22cba4567e9b,Subir Borrador,2b549288-04a4-4705-bcd0-0332b683df27,8,10.87
9c0d1e2f-3a4b-5c6d-7e8f-9a0b1c2d3e4f,Detallar Curso,2084f511-720a-4096-80cd-5bc9b91cf5b6,3,6.79
3c4d5e6f-7a8b-9c0d-1e2f-3a4b5c6d7e8f,Validar Elegibilidad,d9b58f63-b601-433e-9861-2bf2ad90eeb6,13,13.89
0e1f2a3b-4c5d-6e7f-8a9b-0c1d2e3f4a5b,Revisión de Seguridad,7949fc3c-9284-40a0-8161-7b39cf9f9b2d,12,9.23
3c4d5e6f-7a8b-9c0d-1e2f-3a4b5c6d7e8f,Inicio del Proceso,4cd6a83f-a8b6-4b56-854d-5d3693ec4ab4,12,13.41
0e1f2a3b-4c5d-6e7f-8a9b-0c1d2e3f4a5b,Revisión Contable,4cd6a83f-a8b6-4b56-854d-5d3693ec4ab4,7,7.34
4c5d6e7f-8a9b-0c1d-2e3f-4a5b6c7d8e9f,Aprobación de Pago,0eea38fa-f85e-4c73-b47b-0a1985db1227,1,4.79
6720c739-1916-432b-b392-e698dcfd8112,Especificar Licencia,0eea38fa-f85e-4c73-b47b-0a1985db1227,10,10.36
31ece703-f961-4e8e-a5c5-cd5c5b47e3db,Revisión de Seguridad,2e310583-c106-4f2c-a6c3-c4b12ec30658,2,8.16
5c6d7e8f-9a0b-1c2d-3e4f-5a6b7c8d9e0f,Entrega del Equipo,c017087e-fcbc-4f47-ae54-78008d243fbf,12,19.09
8c9d0e1f-2a3b-4c5d-6e7f-8a9b0c1d2e3f,Enviar solicitud de vacaciones,14791e8e-28e4-4f61-9593-d7a2653d97a3,10,13.26
2c3d4e5f-6a7b-8c9d-0e1f-2a3b4c5d6e7f,Instalar Licencia,2e310583-c106-4f2c-a6c3-c4b12ec30658,2,7.46
439df689-d1cf-41c3-883c-1b7713fe68e5,Entrega del Equipo,4cd6a83f-a8b6-4b56-854d-5d3693ec4ab4,4,6.17
bd9966b2-5fa2-4a4b-b924-59e817a5e756,Evaluación Técnica,d822aaf2-81c6-4054-b63b-a2bec2d53509,9,10.63
111e9d86-cbd2-45ff-a809-4072bbe6a4d0,Evaluación Técnica,0eea38fa-f85e-4c73-b47b-0a1985db1227,6,7.9
000a3793-827e-4616-84f9-0a23863e0a35,Aprobación de Pago,0eea38fa-f85e-4c73-b47b-0a1985db1227,14,15.64
f5ba7581-b2ac-4b3a-830e-64ab112f975a,Instalar Licencia,4cd6a83f-a8b6-4b56-854d-5d3693ec4ab4,11,14.57
f5ba7581-b2ac-4b3a-830e-64ab112f975a,Solicitar Adelanto,e121cbea-1209-4fe7-ad22-6cf09caf5b95,8,9.0
0e1f2a3b-4c5d-6e7f-8a9b-0c1d2e3f4a5b,Validación de RRHH,eccb7c0d-52a7-4143-baad-ebee05361b50,2,4.23
bd9966b2-5fa2-4a4b-b924-59e817a5e756,Consolidación de RRHH,2b549288-04a4-4705-bcd0-0332b683df27,7,7.81
0e1f2a3b-4c5d-6e7f-8a9b-0c1d2e3f4a5b,Aprobar Presupuesto,2e310583-c106-4f2c-a6c3-c4b12ec30658,8,7.93
3c4d5e6f-7a8b-9c0d-1e2f-3a4b5c6d7e8f,Entrega del Equipo,87f8e8d1-83e9-4ddb-9be0-fc955228db6d,7,9.82
439df689-d1cf-41c3-883c-1b7713fe68e5,Validar Capacitación,f65f0bd7-27f5-4b8c-9641-94729f51744a,1,5.77
3c4d5e6f-7a8b-9c0d-1e2f-3a4b5c6d7e8f,Validar Capacitación,7949fc3c-9284-40a0-8161-7b39cf9f9b2d,10,11.46
31ece703-f961-4e8e-a5c5-cd5c5b47e3db,Autoevaluación,db614129-bb28-4b41-8a46-bea1444c388c,12,10.89
7c8d9e0f-1a2b-3c4d-5e6f-7a8b9c0d1e2f,Enviar solicitud de vacaciones,f65f0bd7-27f5-4b8c-9641-94729f51744a,15,13.38
4c5d6e7f-8a9b-0c1d-2e3f-4a5b6c7d8e9f,Feedback de Manager,2b549288-04a4-4705-bcd0-0332b683df27,0,4.61
5c6d7e8f-9a0b-1c2d-3e4f-5a6b7c8d9e0f,Procesar Transferencia,c017087e-fcbc-4f47-ae54-78008d243fbf,3,8.0
000a3793-827e-4616-84f9-0a23863e0a35,Setup Tecnológico,4cd6a83f-a8b6-4b56-854d-5d3693ec4ab4,6,8.42
6720c739-1916-432b-b392-e698dcfd8112,Detallar Curso,3f72a8b2-777b-43c8-ba37-8f5d9fbd2135,10,12.35
a7b21cc3-d8cf-48af-8bb0-22cba4567e9b,Verificar Stock,14791e8e-28e4-4f61-9593-d7a2653d97a3,13,14.19
4c5d6e7f-8a9b-0c1d-2e3f-4a5b6c7d8e9f,Preparar Firma,2084f511-720a-4096-80cd-5bc9b91cf5b6,1,2.96
9c0d1e2f-3a4b-5c6d-7e8f-9a0b1c2d3e4f,Evaluación Técnica,3f72a8b2-777b-43c8-ba37-8f5d9fbd2135,1,3.7
f5ba7581-b2ac-4b3a-830e-64ab112f975a,Registrar Recibos,87f8e8d1-83e9-4ddb-9be0-fc955228db6d,3,6.01
bd9966b2-5fa2-4a4b-b924-59e817a5e756,Iniciar Baja,87f8e8d1-83e9-4ddb-9be0-fc955228db6d,10,9.94
6c7d8e9f-0a1b-2c3d-4e5f-6a7b8c9d0e1f,Revisión de Seguridad,2b549288-04a4-4705-bcd0-0332b683df27,10,13.93
bd9966b2-5fa2-4a4b-b924-59e817a5e756,Revisión de Seguridad,8490fcc8-7f53-4704-ac48-99b48356b21c,6,9.28
5c6d7e8f-9a0b-1c2d-3e4f-5a6b7c8d9e0f,Feedback de Manager,0eea38fa-f85e-4c73-b47b-0a1985db1227,9,15.38
0e1f2a3b-4c5d-6e7f-8a9b-0c1d2e3f4a5b,Verificar Factura,4cd6a83f-a8b6-4b56-854d-5d3693ec4ab4,6,6.38
31ece703-f961-4e8e-a5c5-cd5c5b47e3db,Validar Elegibilidad,14791e8e-28e4-4f61-9593-d7a2653d97a3,1,3.85
993a46fb-a0b2-4d2c-88eb-11ab1c3d4e8c,Dispersión de Fondos,8490fcc8-7f53-4704-ac48-99b48356b21c,2,10.61
111e9d86-cbd2-45ff-a809-4072bbe6a4d0,Dispersión de Fondos,14791e8e-28e4-4f61-9593-d7a2653d97a3,0,3.25
bd9966b2-5fa2-4a4b-b924-59e817a5e756,Validación de RRHH,f615b16b-8fd1-43c9-97c0-a65e08960291,11,12.67
5c6d7e8f-9a0b-1c2d-3e4f-5a6b7c8d9e0f,Autoevaluación,d822aaf2-81c6-4054-b63b-a2bec2d53509,9,11.68
6c7d8e9f-0a1b-2c3d-4e5f-6a7b8c9d0e1f,Revisión Gerencial,e04f861d-b880-4d7f-bf03-59ce8e435929,12,13.17
31ece703-f961-4e8e-a5c5-cd5c5b47e3db,Reunión Bienvenida,f65f0bd7-27f5-4b8c-9641-94729f51744a,0,2.68
111e9d86-cbd2-45ff-a809-4072bbe6a4d0,Revisión Gerencial,bebe41a9-85fc-43f3-a125-5c7f72b0898d,1,3.32
439df689-d1cf-41c3-883c-1b7713fe68e5,Entrega del Equipo,db614129-bb28-4b41-8a46-bea1444c388c,6,9.08
8c9d0e1f-2a3b-4c5d-6e7f-8a9b0c1d2e3f,Pago de Liquidación,e04f861d-b880-4d7f-bf03-59ce8e435929,8,11.57
7c8d9e0f-1a2b-3c4d-5e6f-7a8b9c0d1e2f,Validar Comercial,8490fcc8-7f53-4704-ac48-99b48356b21c,1,4.18
3c4d5e6f-7a8b-9c0d-1e2f-3a4b5c6d7e8f,Presentar Requerimiento,2084f511-720a-4096-80cd-5bc9b91cf5b6,1,5.38
3c4d5e6f-7a8b-9c0d-1e2f-3a4b5c6d7e8f,Reunión Bienvenida,14791e8e-28e4-4f61-9593-d7a2653d97a3,10,11.09
6c7d8e9f-0a1b-2c3d-4e5f-6a7b8c9d0e1f,Solicitar Adelanto,a9eff785-5679-4a1b-91ef-6ca8712ddd18,5,5.97
111e9d86-cbd2-45ff-a809-4072bbe6a4d0,Aprobación del manager,2b549288-04a4-4705-bcd0-0332b683df27,9,10.26
4c5d6e7f-8a9b-0c1d-2e3f-4a5b6c7d8e9f,Aprobación del manager,2e310583-c106-4f2c-a6c3-c4b12ec30658,4,8.66
9c0d1e2f-3a4b-5c6d-7e8f-9a0b1c2d3e4f,Pago de Liquidación,d9b58f63-b601-433e-9861-2bf2ad90eeb6,15,14.09
31ece703-f961-4e8e-a5c5-cd5c5b47e3db,Cerrar Accesos,87f8e8d1-83e9-4ddb-9be0-fc955228db6d,15,14.55
2c3d4e5f-6a7b-8c9d-0e1f-2a3b4c5d6e7f,Aprobar Presupuesto,f615b16b-8fd1-43c9-97c0-a65e08960291,10,11.38
993a46fb-a0b2-4d2c-88eb-11ab1c3d4e8c,Inicio del Proceso,0eea38fa-f85e-4c73-b47b-0a1985db1227,12,18.11
0e1f2a3b-4c5d-6e7f-8a9b-0c1d2e3f4a5b,Consolidación de RRHH,7949fc3c-9284-40a0-8161-7b39cf9f9b2d,5,5.69
5c6d7e8f-9a0b-1c2d-3e4f-5a6b7c8d9e0f,Especificar Servidores,c017087e-fcbc-4f47-ae54-78008d243fbf,5,12.38
3c4d5e6f-7a8b-9c0d-1e2f-3a4b5c6d7e8f,Aprobación del manager,c017087e-fcbc-4f47-ae54-78008d243fbf,11,11.03
6720c739-1916-432b-b392-e698dcfd8112,Aprobación Costos,e1c69265-87e8-417b-b13a-2ae72c53d4e3,12,13.23
4c5d6e7f-8a9b-0c1d-2e3f-4a5b6c7d8e9f,Pago de Liquidación,4cd6a83f-a8b6-4b56-854d-5d3693ec4ab4,2,5.85
993a46fb-a0b2-4d2c-88eb-11ab1c3d4e8c,Revisión Contable,d822aaf2-81c6-4054-b63b-a2bec2d53509,9,14.92
993a46fb-a0b2-4d2c-88eb-11ab1c3d4e8c,Setup Tecnológico,a9eff785-5679-4a1b-91ef-6ca8712ddd18,6,15.44
111e9d86-cbd2-45ff-a809-4072bbe6a4d0,Aprobación Presupuesto,7949fc3c-9284-40a0-8161-7b39cf9f9b2d,8,8.56
6c7d8e9f-0a1b-2c3d-4e5f-6a7b8c9d0e1f,Consolidación de RRHH,f65f0bd7-27f5-4b8c-9641-94729f51744a,1,6.14
a7b21cc3-d8cf-48af-8bb0-22cba4567e9b,Inicio de la solicitud,2e310583-c106-4f2c-a6c3-c4b12ec30658,3,7.64
993a46fb-a0b2-4d2c-88eb-11ab1c3d4e8c,Registrar Recibos,c017087e-fcbc-4f47-ae54-78008d243fbf,6,9.4
31ece703-f961-4e8e-a5c5-cd5c5b47e3db,Aprobación de Pago,a9eff785-5679-4a1b-91ef-6ca8712ddd18,13,15.37
a7b21cc3-d8cf-48af-8bb0-22cba4567e9b,Procesar Transferencia,e04f861d-b880-4d7f-bf03-59ce8e435929,11,14.78
993a46fb-a0b2-4d2c-88eb-11ab1c3d4e8c,Subir Borrador,e04f861d-b880-4d7f-bf03-59ce8e435929,5,10.79
6720c739-1916-432b-b392-e698dcfd8112,Aprobar Presupuesto,4cd6a83f-a8b6-4b56-854d-5d3693ec4ab4,2,5.88
8c9d0e1f-2a3b-4c5d-6e7f-8a9b0c1d2e3f,Especificar Servidores,7949fc3c-9284-40a0-8161-7b39cf9f9b2d,10,13.17
31ece703-f961-4e8e-a5c5-cd5c5b47e3db,Inicio de la solicitud,7949fc3c-9284-40a0-8161-7b39cf9f9b2d,7,11.02
6c7d8e9f-0a1b-2c3d-4e5f-6a7b8c9d0e1f,Validar Elegibilidad,4cd6a83f-a8b6-4b56-854d-5d3693ec4ab4,14,13.67
9c0d1e2f-3a4b-5c6d-7e8f-9a0b1c2d3e4f,Especificar Servidores,2e310583-c106-4f2c-a6c3-c4b12ec30658,10,9.52
5c6d7e8f-9a0b-1c2d-3e4f-5a6b7c8d9e0f,Registrar Recibos,2b549288-04a4-4705-bcd0-0332b683df27,6,11.41
bd9966b2-5fa2-4a4b-b924-59e817a5e756,Subir Borrador,7949fc3c-9284-40a0-8161-7b39cf9f9b2d,7,8.42
000a3793-827e-4616-84f9-0a23863e0a35,Validar Comercial,a9eff785-5679-4a1b-91ef-6ca8712ddd18,7,10.57
9c0d1e2f-3a4b-5c6d-7e8f-9a0b1c2d3e4f,Setup Tecnológico,4cd6a83f-a8b6-4b56-854d-5d3693ec4ab4,9,8.52
0e1f2a3b-4c5d-6e7f-8a9b-0c1d2e3f4a5b,Habilitar Permisos,a9eff785-5679-4a1b-91ef-6ca8712ddd18,0,2.18
5c6d7e8f-9a0b-1c2d-3e4f-5a6b7c8d9e0f,Aprobación Costos,14791e8e-28e4-4f61-9593-d7a2653d97a3,3,9.95
7c8d9e0f-1a2b-3c4d-5e6f-7a8b9c0d1e2f,Instalar Licencia,14791e8e-28e4-4f61-9593-d7a2653d97a3,2,5.62
6720c739-1916-432b-b392-e698dcfd8112,Aprobación Presupuesto,f615b16b-8fd1-43c9-97c0-a65e08960291,6,7.53
31ece703-f961-4e8e-a5c5-cd5c5b47e3db,Iniciar Baja,d9b58f63-b601-433e-9861-2bf2ad90eeb6,3,5.36
8c9d0e1f-2a3b-4c5d-6e7f-8a9b0c1d2e3f,Registrar Recibos,2084f511-720a-4096-80cd-5bc9b91cf5b6,12,15.54
0e1f2a3b-4c5d-6e7f-8a9b-0c1d2e3f4a5b,Autorización Gerencia,a9eff785-5679-4a1b-91ef-6ca8712ddd18,10,9.55
6c7d8e9f-0a1b-2c3d-4e5f-6a7b8c9d0e1f,Pago de Liquidación,c017087e-fcbc-4f47-ae54-78008d243fbf,1,4.86
8c9d0e1f-2a3b-4c5d-6e7f-8a9b0c1d2e3f,Pago de Liquidación,14791e8e-28e4-4f61-9593-d7a2653d97a3,3,9.78
4c5d6e7f-8a9b-0c1d-2e3f-4a5b6c7d8e9f,Iniciar Baja,8490fcc8-7f53-4704-ac48-99b48356b21c,11,12.62
bd9966b2-5fa2-4a4b-b924-59e817a5e756,Habilitar Permisos,0eea38fa-f85e-4c73-b47b-0a1985db1227,11,14.65
5c6d7e8f-9a0b-1c2d-3e4f-5a6b7c8d9e0f,Aprobación Costos,2e310583-c106-4f2c-a6c3-c4b12ec30658,10,13.92
a7b21cc3-d8cf-48af-8bb0-22cba4567e9b,Revisión Gerencial,f615b16b-8fd1-43c9-97c0-a65e08960291,0,4.79
f5ba7581-b2ac-4b3a-830e-64ab112f975a,Habilitar Permisos,2b549288-04a4-4705-bcd0-0332b683df27,1,5.52
f5ba7581-b2ac-4b3a-830e-64ab112f975a,Registrar Recibos,87f8e8d1-83e9-4ddb-9be0-fc955228db6d,11,11.69
6c7d8e9f-0a1b-2c3d-4e5f-6a7b8c9d0e1f,Instalar Licencia,e1c69265-87e8-417b-b13a-2ae72c53d4e3,12,13.1
bd9966b2-5fa2-4a4b-b924-59e817a5e756,Consolidar Gastos,8490fcc8-7f53-4704-ac48-99b48356b21c,1,3.29
7c8d9e0f-1a2b-3c4d-5e6f-7a8b9c0d1e2f,Aprobación Presupuesto,f65f0bd7-27f5-4b8c-9641-94729f51744a,2,4.03
993a46fb-a0b2-4d2c-88eb-11ab1c3d4e8c,Revisión Gerencial,a9eff785-5679-4a1b-91ef-6ca8712ddd18,10,15.18
8c9d0e1f-2a3b-4c5d-6e7f-8a9b0c1d2e3f,Revisión Contable,db614129-bb28-4b41-8a46-bea1444c388c,7,11.42
3c4d5e6f-7a8b-9c0d-1e2f-3a4b5c6d7e8f,Enviar solicitud de vacaciones,4cd6a83f-a8b6-4b56-854d-5d3693ec4ab4,1,4.19
000a3793-827e-4616-84f9-0a23863e0a35,Aprobación Costos,d9b58f63-b601-433e-9861-2bf2ad90eeb6,3,7.0
f5ba7581-b2ac-4b3a-830e-64ab112f975a,Validar Elegibilidad,bebe41a9-85fc-43f3-a125-5c7f72b0898d,6,9.54
bd9966b2-5fa2-4a4b-b924-59e817a5e756,Revisión Contable,c017087e-fcbc-4f47-ae54-78008d243fbf,15,13.01
f5ba7581-b2ac-4b3a-830e-64ab112f975a,Instalar Licencia,4cd6a83f-a8b6-4b56-854d-5d3693ec4ab4,12,13.44
0e1f2a3b-4c5d-6e7f-8a9b-0c1d2e3f4a5b,Aprobación Costos,d9b58f63-b601-433e-9861-2bf2ad90eeb6,2,2.7
993a46fb-a0b2-4d2c-88eb-11ab1c3d4e8c,Validar Capacitación,4cd6a83f-a8b6-4b56-854d-5d3693ec4ab4,12,16.68
0e1f2a3b-4c5d-6e7f-8a9b-0c1d2e3f4a5b,Aprobar Presupuesto,e04f861d-b880-4d7f-bf03-59ce8e435929,4,4.52
f5ba7581-b2ac-4b3a-830e-64ab112f975a,Dispersión de Fondos,0eea38fa-f85e-4c73-b47b-0a1985db1227,15,16.08
a7b21cc3-d8cf-48af-8bb0-22cba4567e9b,Presentar Requerimiento,c017087e-fcbc-4f47-ae54-78008d243fbf,2,2.7
0e1f2a3b-4c5d-6e7f-8a9b-0c1d2e3f4a5b,Autorización Gerencia,0eea38fa-f85e-4c73-b47b-0a1985db1227,8,8.04
2c3d4e5f-6a7b-8c9d-0e1f-2a3b4c5d6e7f,Validar Elegibilidad,a9eff785-5679-4a1b-91ef-6ca8712ddd18,6,9.74
bd9966b2-5fa2-4a4b-b924-59e817a5e756,Autoevaluación,a9eff785-5679-4a1b-91ef-6ca8712ddd18,14,15.57
439df689-d1cf-41c3-883c-1b7713fe68e5,Aprobación del manager,4cd6a83f-a8b6-4b56-854d-5d3693ec4ab4,13,13.74
bd9966b2-5fa2-4a4b-b924-59e817a5e756,Firma Director,a9eff785-5679-4a1b-91ef-6ca8712ddd18,1,3.35
7c8d9e0f-1a2b-3c4d-5e6f-7a8b9c0d1e2f,Validar Comercial,bebe41a9-85fc-43f3-a125-5c7f72b0898d,12,10.72
993a46fb-a0b2-4d2c-88eb-11ab1c3d4e8c,Verificar Factura,2b549288-04a4-4705-bcd0-0332b683df27,1,9.82
bd9966b2-5fa2-4a4b-b924-59e817a5e756,Enviar solicitud de vacaciones,2e310583-c106-4f2c-a6c3-c4b12ec30658,6,7.15
bd9966b2-5fa2-4a4b-b924-59e817a5e756,Presentar Requerimiento,0eea38fa-f85e-4c73-b47b-0a1985db1227,3,6.09
31ece703-f961-4e8e-a5c5-cd5c5b47e3db,Detallar Curso,eccb7c0d-52a7-4143-baad-ebee05361b50,11,12.08
9c0d1e2f-3a4b-5c6d-7e8f-9a0b1c2d3e4f,Habilitar Permisos,e1c69265-87e8-417b-b13a-2ae72c53d4e3,14,14.01
6c7d8e9f-0a1b-2c3d-4e5f-6a7b8c9d0e1f,Subir Borrador,8490fcc8-7f53-4704-ac48-99b48356b21c,7,10.99
000a3793-827e-4616-84f9-0a23863e0a35,Especificar Licencia,bebe41a9-85fc-43f3-a125-5c7f72b0898d,12,13.0
3c4d5e6f-7a8b-9c0d-1e2f-3a4b5c6d7e8f,Habilitar Permisos,eccb7c0d-52a7-4143-baad-ebee05361b50,12,13.74
000a3793-827e-4616-84f9-0a23863e0a35,Dispersión de Fondos,c017087e-fcbc-4f47-ae54-78008d243fbf,14,17.21
9c0d1e2f-3a4b-5c6d-7e8f-9a0b1c2d3e4f,Validación de RRHH,eccb7c0d-52a7-4143-baad-ebee05361b50,11,10.42
f5ba7581-b2ac-4b3a-830e-64ab112f975a,Aprobar Presupuesto,2e310583-c106-4f2c-a6c3-c4b12ec30658,1,3.42
f5ba7581-b2ac-4b3a-830e-64ab112f975a,Verificar Stock,14791e8e-28e4-4f61-9593-d7a2653d97a3,1,2.69
bd9966b2-5fa2-4a4b-b924-59e817a5e756,Dispersión de Fondos,2b549288-04a4-4705-bcd0-0332b683df27,3,6.29
bd9966b2-5fa2-4a4b-b924-59e817a5e756,Pago de Liquidación,d9b58f63-b601-433e-9861-2bf2ad90eeb6,6,9.91
31ece703-f961-4e8e-a5c5-cd5c5b47e3db,Pago de Liquidación,db614129-bb28-4b41-8a46-bea1444c388c,6,9.4
9c0d1e2f-3a4b-5c6d-7e8f-9a0b1c2d3e4f,Autorización Gerencia,d9b58f63-b601-433e-9861-2bf2ad90eeb6,9,9.44
2c3d4e5f-6a7b-8c9d-0e1f-2a3b4c5d6e7f,Validación de RRHH,2b549288-04a4-4705-bcd0-0332b683df27,9,9.01
3c4d5e6f-7a8b-9c0d-1e2f-3a4b5c6d7e8f,Evaluación Técnica,db614129-bb28-4b41-8a46-bea1444c388c,10,12.62
2c3d4e5f-6a7b-8c9d-0e1f-2a3b4c5d6e7f,Especificar Licencia,d9b58f63-b601-433e-9861-2bf2ad90eeb6,15,13.82
4c5d6e7f-8a9b-0c1d-2e3f-4a5b6c7d8e9f,Preparar Firma,e04f861d-b880-4d7f-bf03-59ce8e435929,4,8.21
6720c739-1916-432b-b392-e698dcfd8112,Aprobación Presupuesto,e1c69265-87e8-417b-b13a-2ae72c53d4e3,5,5.96
6720c739-1916-432b-b392-e698dcfd8112,Inicio del Proceso,d822aaf2-81c6-4054-b63b-a2bec2d53509,7,7.1
6720c739-1916-432b-b392-e698dcfd8112,Verificar Factura,f615b16b-8fd1-43c9-97c0-a65e08960291,2,3.02
993a46fb-a0b2-4d2c-88eb-11ab1c3d4e8c,Consolidar Gastos,e1c69265-87e8-417b-b13a-2ae72c53d4e3,8,15.53
5c6d7e8f-9a0b-1c2d-3e4f-5a6b7c8d9e0f,Consolidar Gastos,db614129-bb28-4b41-8a46-bea1444c388c,2,4.67
993a46fb-a0b2-4d2c-88eb-11ab1c3d4e8c,Validar Capacitación,e1c69265-87e8-417b-b13a-2ae72c53d4e3,15,19.4
31ece703-f961-4e8e-a5c5-cd5c5b47e3db,Validar Elegibilidad,f615b16b-8fd1-43c9-97c0-a65e08960291,0,6.37
7c8d9e0f-1a2b-3c4d-5e6f-7a8b9c0d1e2f,Aprobación del manager,2e310583-c106-4f2c-a6c3-c4b12ec30658,3,6.53
439df689-d1cf-41c3-883c-1b7713fe68e5,Presentar Requerimiento,e04f861d-b880-4d7f-bf03-59ce8e435929,4,7.1
2c3d4e5f-6a7b-8c9d-0e1f-2a3b4c5d6e7f,Especificar Servidores,c017087e-fcbc-4f47-ae54-78008d243fbf,9,12.4
7c8d9e0f-1a2b-3c4d-5e6f-7a8b9c0d1e2f,Setup Tecnológico,bebe41a9-85fc-43f3-a125-5c7f72b0898d,1,4.08
8c9d0e1f-2a3b-4c5d-6e7f-8a9b0c1d2e3f,Validar Elegibilidad,e1c69265-87e8-417b-b13a-2ae72c53d4e3,4,10.71
6c7d8e9f-0a1b-2c3d-4e5f-6a7b8c9d0e1f,Validar Elegibilidad,7949fc3c-9284-40a0-8161-7b39cf9f9b2d,5,9.49
8c9d0e1f-2a3b-4c5d-6e7f-8a9b0c1d2e3f,Aprobación Presupuesto,2084f511-720a-4096-80cd-5bc9b91cf5b6,15,15.39
000a3793-827e-4616-84f9-0a23863e0a35,Consolidación de RRHH,d822aaf2-81c6-4054-b63b-a2bec2d53509,14,16.09
31ece703-f961-4e8e-a5c5-cd5c5b47e3db,Validar Capacitación,f65f0bd7-27f5-4b8c-9641-94729f51744a,11,12.56
2c3d4e5f-6a7b-8c9d-0e1f-2a3b4c5d6e7f,Inicio del Proceso,db614129-bb28-4b41-8a46-bea1444c388c,5,8.23
0e1f2a3b-4c5d-6e7f-8a9b-0c1d2e3f4a5b,Aprobación del manager,db614129-bb28-4b41-8a46-bea1444c388c,12,9.54
8c9d0e1f-2a3b-4c5d-6e7f-8a9b0c1d2e3f,Dispersión de Fondos,eccb7c0d-52a7-4143-baad-ebee05361b50,13,18.96
7c8d9e0f-1a2b-3c4d-5e6f-7a8b9c0d1e2f,Consolidación de RRHH,3f72a8b2-777b-43c8-ba37-8f5d9fbd2135,4,7.07
4c5d6e7f-8a9b-0c1d-2e3f-4a5b6c7d8e9f,Aprobación de Pago,7949fc3c-9284-40a0-8161-7b39cf9f9b2d,6,10.12
5c6d7e8f-9a0b-1c2d-3e4f-5a6b7c8d9e0f,Aprobación Costos,7949fc3c-9284-40a0-8161-7b39cf9f9b2d,2,9.83
3c4d5e6f-7a8b-9c0d-1e2f-3a4b5c6d7e8f,Aprobación Costos,4cd6a83f-a8b6-4b56-854d-5d3693ec4ab4,13,15.34
31ece703-f961-4e8e-a5c5-cd5c5b47e3db,Setup Tecnológico,eccb7c0d-52a7-4143-baad-ebee05361b50,10,10.23
31ece703-f961-4e8e-a5c5-cd5c5b47e3db,Entrega del Equipo,e04f861d-b880-4d7f-bf03-59ce8e435929,6,7.37
0e1f2a3b-4c5d-6e7f-8a9b-0c1d2e3f4a5b,Inicio del Proceso,7949fc3c-9284-40a0-8161-7b39cf9f9b2d,11,9.55
993a46fb-a0b2-4d2c-88eb-11ab1c3d4e8c,Solicitar Adelanto,c017087e-fcbc-4f47-ae54-78008d243fbf,7,10.82
4c5d6e7f-8a9b-0c1d-2e3f-4a5b6c7d8e9f,Entrega del Equipo,4cd6a83f-a8b6-4b56-854d-5d3693ec4ab4,7,8.15
7c8d9e0f-1a2b-3c4d-5e6f-7a8b9c0d1e2f,Validar Comercial,e04f861d-b880-4d7f-bf03-59ce8e435929,7,10.68
4c5d6e7f-8a9b-0c1d-2e3f-4a5b6c7d8e9f,Pago de Liquidación,e04f861d-b880-4d7f-bf03-59ce8e435929,4,4.5
7c8d9e0f-1a2b-3c4d-5e6f-7a8b9c0d1e2f,Pago de Liquidación,2b549288-04a4-4705-bcd0-0332b683df27,6,8.13
000a3793-827e-4616-84f9-0a23863e0a35,Consolidar Gastos,14791e8e-28e4-4f61-9593-d7a2653d97a3,9,12.14
2c3d4e5f-6a7b-8c9d-0e1f-2a3b4c5d6e7f,Especificar Licencia,8490fcc8-7f53-4704-ac48-99b48356b21c,7,9.04
111e9d86-cbd2-45ff-a809-4072bbe6a4d0,Reunión Bienvenida,4cd6a83f-a8b6-4b56-854d-5d3693ec4ab4,3,6.9
f5ba7581-b2ac-4b3a-830e-64ab112f975a,Revisión de Seguridad,2e310583-c106-4f2c-a6c3-c4b12ec30658,1,6.1
f5ba7581-b2ac-4b3a-830e-64ab112f975a,Iniciar Baja,f65f0bd7-27f5-4b8c-9641-94729f51744a,14,15.35
a7b21cc3-d8cf-48af-8bb0-22cba4567e9b,Autoevaluación,4cd6a83f-a8b6-4b56-854d-5d3693ec4ab4,3,6.85
993a46fb-a0b2-4d2c-88eb-11ab1c3d4e8c,Iniciar Baja,d9b58f63-b601-433e-9861-2bf2ad90eeb6,4,13.22
0e1f2a3b-4c5d-6e7f-8a9b-0c1d2e3f4a5b,Aprobación del manager,eccb7c0d-52a7-4143-baad-ebee05361b50,9,7.65
6c7d8e9f-0a1b-2c3d-4e5f-6a7b8c9d0e1f,Habilitar Permisos,db614129-bb28-4b41-8a46-bea1444c388c,9,12.03
0e1f2a3b-4c5d-6e7f-8a9b-0c1d2e3f4a5b,Consolidación de RRHH,4cd6a83f-a8b6-4b56-854d-5d3693ec4ab4,8,6.31
5c6d7e8f-9a0b-1c2d-3e4f-5a6b7c8d9e0f,Pago de Liquidación,7949fc3c-9284-40a0-8161-7b39cf9f9b2d,2,6.29
9c0d1e2f-3a4b-5c6d-7e8f-9a0b1c2d3e4f,Instalar Licencia,bebe41a9-85fc-43f3-a125-5c7f72b0898d,14,11.94
993a46fb-a0b2-4d2c-88eb-11ab1c3d4e8c,Consolidación de RRHH,2b549288-04a4-4705-bcd0-0332b683df27,12,13.69
7c8d9e0f-1a2b-3c4d-5e6f-7a8b9c0d1e2f,Setup Tecnológico,e04f861d-b880-4d7f-bf03-59ce8e435929,3,9.02
8c9d0e1f-2a3b-4c5d-6e7f-8a9b0c1d2e3f,Validar Elegibilidad,e121cbea-1209-4fe7-ad22-6cf09caf5b95,3,9.77
6720c739-1916-432b-b392-e698dcfd8112,Verificar Stock,f65f0bd7-27f5-4b8c-9641-94729f51744a,0,4.26
4c5d6e7f-8a9b-0c1d-2e3f-4a5b6c7d8e9f,Validar Elegibilidad,87f8e8d1-83e9-4ddb-9be0-fc955228db6d,8,12.73
993a46fb-a0b2-4d2c-88eb-11ab1c3d4e8c,Consolidación de RRHH,14791e8e-28e4-4f61-9593-d7a2653d97a3,9,11.69
5c6d7e8f-9a0b-1c2d-3e4f-5a6b7c8d9e0f,Validar Capacitación,e1c69265-87e8-417b-b13a-2ae72c53d4e3,14,17.05
bd9966b2-5fa2-4a4b-b924-59e817a5e756,Firma Director,4cd6a83f-a8b6-4b56-854d-5d3693ec4ab4,1,4.97
8c9d0e1f-2a3b-4c5d-6e7f-8a9b0c1d2e3f,Firma Director,3f72a8b2-777b-43c8-ba37-8f5d9fbd2135,1,7.03
9c0d1e2f-3a4b-5c6d-7e8f-9a0b1c2d3e4f,Preparar Firma,a9eff785-5679-4a1b-91ef-6ca8712ddd18,11,11.37
8c9d0e1f-2a3b-4c5d-6e7f-8a9b0c1d2e3f,Autoevaluación,f615b16b-8fd1-43c9-97c0-a65e08960291,10,11.35
5c6d7e8f-9a0b-1c2d-3e4f-5a6b7c8d9e0f,Presentar Requerimiento,7949fc3c-9284-40a0-8161-7b39cf9f9b2d,12,15.87
4c5d6e7f-8a9b-0c1d-2e3f-4a5b6c7d8e9f,Firma Director,14791e8e-28e4-4f61-9593-d7a2653d97a3,8,10.82
31ece703-f961-4e8e-a5c5-cd5c5b47e3db,Presentar Requerimiento,8490fcc8-7f53-4704-ac48-99b48356b21c,8,9.25
993a46fb-a0b2-4d2c-88eb-11ab1c3d4e8c,Subir Borrador,2084f511-720a-4096-80cd-5bc9b91cf5b6,10,15.13
8c9d0e1f-2a3b-4c5d-6e7f-8a9b0c1d2e3f,Especificar Licencia,e04f861d-b880-4d7f-bf03-59ce8e435929,14,16.21
6720c739-1916-432b-b392-e698dcfd8112,Aprobación del manager,e121cbea-1209-4fe7-ad22-6cf09caf5b95,8,8.04
f5ba7581-b2ac-4b3a-830e-64ab112f975a,Revisión de Seguridad,f615b16b-8fd1-43c9-97c0-a65e08960291,11,12.27
7c8d9e0f-1a2b-3c4d-5e6f-7a8b9c0d1e2f,Aprobación Presupuesto,8490fcc8-7f53-4704-ac48-99b48356b21c,3,6.13
0e1f2a3b-4c5d-6e7f-8a9b-0c1d2e3f4a5b,Setup Tecnológico,e1c69265-87e8-417b-b13a-2ae72c53d4e3,1,2.39
bd9966b2-5fa2-4a4b-b924-59e817a5e756,Validar Elegibilidad,0eea38fa-f85e-4c73-b47b-0a1985db1227,14,15.11
f5ba7581-b2ac-4b3a-830e-64ab112f975a,Consolidación de RRHH,eccb7c0d-52a7-4143-baad-ebee05361b50,5,4.87
000a3793-827e-4616-84f9-0a23863e0a35,Autorización Gerencia,d9b58f63-b601-433e-9861-2bf2ad90eeb6,4,6.15
3c4d5e6f-7a8b-9c0d-1e2f-3a4b5c6d7e8f,Aprobación Costos,c017087e-fcbc-4f47-ae54-78008d243fbf,14,13.5
439df689-d1cf-41c3-883c-1b7713fe68e5,Subir Borrador,87f8e8d1-83e9-4ddb-9be0-fc955228db6d,7,7.75
8c9d0e1f-2a3b-4c5d-6e7f-8a9b0c1d2e3f,Cerrar Accesos,2e310583-c106-4f2c-a6c3-c4b12ec30658,13,15.98
bd9966b2-5fa2-4a4b-b924-59e817a5e756,Aprobación Presupuesto,0eea38fa-f85e-4c73-b47b-0a1985db1227,8,11.12
31ece703-f961-4e8e-a5c5-cd5c5b47e3db,Enviar solicitud de vacaciones,bebe41a9-85fc-43f3-a125-5c7f72b0898d,14,16.05
f5ba7581-b2ac-4b3a-830e-64ab112f975a,Presentar Requerimiento,4cd6a83f-a8b6-4b56-854d-5d3693ec4ab4,3,6.18
000a3793-827e-4616-84f9-0a23863e0a35,Validar Comercial,e04f861d-b880-4d7f-bf03-59ce8e435929,13,13.94
993a46fb-a0b2-4d2c-88eb-11ab1c3d4e8c,Instalar Licencia,d822aaf2-81c6-4054-b63b-a2bec2d53509,15,18.08
31ece703-f961-4e8e-a5c5-cd5c5b47e3db,Dispersión de Fondos,2b549288-04a4-4705-bcd0-0332b683df27,0,3.6
3c4d5e6f-7a8b-9c0d-1e2f-3a4b5c6d7e8f,Enviar solicitud de vacaciones,2084f511-720a-4096-80cd-5bc9b91cf5b6,13,12.71
a7b21cc3-d8cf-48af-8bb0-22cba4567e9b,Iniciar Baja,3f72a8b2-777b-43c8-ba37-8f5d9fbd2135,15,14.81
9c0d1e2f-3a4b-5c6d-7e8f-9a0b1c2d3e4f,Inicio de la solicitud,2e310583-c106-4f2c-a6c3-c4b12ec30658,2,4.28
4c5d6e7f-8a9b-0c1d-2e3f-4a5b6c7d8e9f,Cerrar Accesos,f615b16b-8fd1-43c9-97c0-a65e08960291,10,12.83
2c3d4e5f-6a7b-8c9d-0e1f-2a3b4c5d6e7f,Reunión Bienvenida,db614129-bb28-4b41-8a46-bea1444c388c,7,8.58
a7b21cc3-d8cf-48af-8bb0-22cba4567e9b,Aprobar Presupuesto,4cd6a83f-a8b6-4b56-854d-5d3693ec4ab4,0,2.93
7c8d9e0f-1a2b-3c4d-5e6f-7a8b9c0d1e2f,Aprobación del manager,e121cbea-1209-4fe7-ad22-6cf09caf5b95,4,8.96
111e9d86-cbd2-45ff-a809-4072bbe6a4d0,Inicio de la solicitud,db614129-bb28-4b41-8a46-bea1444c388c,9,11.94
7c8d9e0f-1a2b-3c4d-5e6f-7a8b9c0d1e2f,Solicitar Adelanto,3f72a8b2-777b-43c8-ba37-8f5d9fbd2135,1,6.22
31ece703-f961-4e8e-a5c5-cd5c5b47e3db,Evaluación Técnica,e04f861d-b880-4d7f-bf03-59ce8e435929,8,9.88
bd9966b2-5fa2-4a4b-b924-59e817a5e756,Aprobación Presupuesto,7949fc3c-9284-40a0-8161-7b39cf9f9b2d,15,16.5
3c4d5e6f-7a8b-9c0d-1e2f-3a4b5c6d7e8f,Especificar Licencia,7949fc3c-9284-40a0-8161-7b39cf9f9b2d,5,6.76
6720c739-1916-432b-b392-e698dcfd8112,Inicio del Proceso,db614129-bb28-4b41-8a46-bea1444c388c,8,10.72
a7b21cc3-d8cf-48af-8bb0-22cba4567e9b,Solicitar Adelanto,f615b16b-8fd1-43c9-97c0-a65e08960291,11,10.72
5c6d7e8f-9a0b-1c2d-3e4f-5a6b7c8d9e0f,Revisión de Seguridad,3f72a8b2-777b-43c8-ba37-8f5d9fbd2135,4,11.9
8c9d0e1f-2a3b-4c5d-6e7f-8a9b0c1d2e3f,Preparar Firma,0eea38fa-f85e-4c73-b47b-0a1985db1227,15,18.01
2c3d4e5f-6a7b-8c9d-0e1f-2a3b4c5d6e7f,Cerrar Accesos,87f8e8d1-83e9-4ddb-9be0-fc955228db6d,2,6.05
5c6d7e8f-9a0b-1c2d-3e4f-5a6b7c8d9e0f,Solicitar Adelanto,3f72a8b2-777b-43c8-ba37-8f5d9fbd2135,2,7.23
31ece703-f961-4e8e-a5c5-cd5c5b47e3db,Subir Borrador,87f8e8d1-83e9-4ddb-9be0-fc955228db6d,8,10.64
111e9d86-cbd2-45ff-a809-4072bbe6a4d0,Solicitar Adelanto,7949fc3c-9284-40a0-8161-7b39cf9f9b2d,2,6.57
a7b21cc3-d8cf-48af-8bb0-22cba4567e9b,Verificar Factura,c017087e-fcbc-4f47-ae54-78008d243fbf,9,12.36
f5ba7581-b2ac-4b3a-830e-64ab112f975a,Aprobación de Pago,2e310583-c106-4f2c-a6c3-c4b12ec30658,3,6.19
8c9d0e1f-2a3b-4c5d-6e7f-8a9b0c1d2e3f,Revisión Contable,8490fcc8-7f53-4704-ac48-99b48356b21c,1,6.0
5c6d7e8f-9a0b-1c2d-3e4f-5a6b7c8d9e0f,Entrega del Equipo,c017087e-fcbc-4f47-ae54-78008d243fbf,8,10.2
000a3793-827e-4616-84f9-0a23863e0a35,Setup Tecnológico,7949fc3c-9284-40a0-8161-7b39cf9f9b2d,2,6.01
6720c739-1916-432b-b392-e698dcfd8112,Autorización Gerencia,a9eff785-5679-4a1b-91ef-6ca8712ddd18,3,6.11
bd9966b2-5fa2-4a4b-b924-59e817a5e756,Revisión de Seguridad,e1c69265-87e8-417b-b13a-2ae72c53d4e3,9,9.64
a7b21cc3-d8cf-48af-8bb0-22cba4567e9b,Especificar Servidores,bebe41a9-85fc-43f3-a125-5c7f72b0898d,0,3.52
6c7d8e9f-0a1b-2c3d-4e5f-6a7b8c9d0e1f,Solicitar Adelanto,c017087e-fcbc-4f47-ae54-78008d243fbf,6,7.79
9c0d1e2f-3a4b-5c6d-7e8f-9a0b1c2d3e4f,Validar Elegibilidad,db614129-bb28-4b41-8a46-bea1444c388c,12,14.84
439df689-d1cf-41c3-883c-1b7713fe68e5,Aprobación del manager,0eea38fa-f85e-4c73-b47b-0a1985db1227,10,12.3
5c6d7e8f-9a0b-1c2d-3e4f-5a6b7c8d9e0f,Revisión de Seguridad,bebe41a9-85fc-43f3-a125-5c7f72b0898d,6,8.95
f5ba7581-b2ac-4b3a-830e-64ab112f975a,Firma Director,e121cbea-1209-4fe7-ad22-6cf09caf5b95,3,5.0
a7b21cc3-d8cf-48af-8bb0-22cba4567e9b,Aprobación de Pago,f615b16b-8fd1-43c9-97c0-a65e08960291,2,6.42
5c6d7e8f-9a0b-1c2d-3e4f-5a6b7c8d9e0f,Aprobar Presupuesto,d9b58f63-b601-433e-9861-2bf2ad90eeb6,15,16.97
3c4d5e6f-7a8b-9c0d-1e2f-3a4b5c6d7e8f,Preparar Firma,3f72a8b2-777b-43c8-ba37-8f5d9fbd2135,5,9.67
a7b21cc3-d8cf-48af-8bb0-22cba4567e9b,Iniciar Baja,7949fc3c-9284-40a0-8161-7b39cf9f9b2d,12,11.68
993a46fb-a0b2-4d2c-88eb-11ab1c3d4e8c,Aprobación Costos,e121cbea-1209-4fe7-ad22-6cf09caf5b95,2,7.64
8c9d0e1f-2a3b-4c5d-6e7f-8a9b0c1d2e3f,Aprobación Presupuesto,8490fcc8-7f53-4704-ac48-99b48356b21c,12,19.82
bd9966b2-5fa2-4a4b-b924-59e817a5e756,Entrega del Equipo,bebe41a9-85fc-43f3-a125-5c7f72b0898d,5,5.55
8c9d0e1f-2a3b-4c5d-6e7f-8a9b0c1d2e3f,Reunión Bienvenida,8490fcc8-7f53-4704-ac48-99b48356b21c,3,9.24
6720c739-1916-432b-b392-e698dcfd8112,Pago de Liquidación,4cd6a83f-a8b6-4b56-854d-5d3693ec4ab4,7,8.94
6c7d8e9f-0a1b-2c3d-4e5f-6a7b8c9d0e1f,Verificar Stock,c017087e-fcbc-4f47-ae54-78008d243fbf,10,11.23
6c7d8e9f-0a1b-2c3d-4e5f-6a7b8c9d0e1f,Autorización Gerencia,e1c69265-87e8-417b-b13a-2ae72c53d4e3,0,2.65
6720c739-1916-432b-b392-e698dcfd8112,Consolidar Gastos,d822aaf2-81c6-4054-b63b-a2bec2d53509,13,15.99
000a3793-827e-4616-84f9-0a23863e0a35,Aprobación Costos,f65f0bd7-27f5-4b8c-9641-94729f51744a,12,14.16
7c8d9e0f-1a2b-3c4d-5e6f-7a8b9c0d1e2f,Validar Elegibilidad,2084f511-720a-4096-80cd-5bc9b91cf5b6,4,5.55
7c8d9e0f-1a2b-3c4d-5e6f-7a8b9c0d1e2f,Verificar Stock,d9b58f63-b601-433e-9861-2bf2ad90eeb6,8,8.45
a7b21cc3-d8cf-48af-8bb0-22cba4567e9b,Verificar Stock,3f72a8b2-777b-43c8-ba37-8f5d9fbd2135,4,5.26
4c5d6e7f-8a9b-0c1d-2e3f-4a5b6c7d8e9f,Autorización Gerencia,d9b58f63-b601-433e-9861-2bf2ad90eeb6,1,5.3
9c0d1e2f-3a4b-5c6d-7e8f-9a0b1c2d3e4f,Enviar solicitud de vacaciones,d9b58f63-b601-433e-9861-2bf2ad90eeb6,12,12.3
0e1f2a3b-4c5d-6e7f-8a9b-0c1d2e3f4a5b,Subir Borrador,c017087e-fcbc-4f47-ae54-78008d243fbf,13,11.39
6720c739-1916-432b-b392-e698dcfd8112,Validación de RRHH,c017087e-fcbc-4f47-ae54-78008d243fbf,2,3.43
7c8d9e0f-1a2b-3c4d-5e6f-7a8b9c0d1e2f,Aprobación Costos,d822aaf2-81c6-4054-b63b-a2bec2d53509,11,10.04
6720c739-1916-432b-b392-e698dcfd8112,Revisión de Seguridad,14791e8e-28e4-4f61-9593-d7a2653d97a3,3,3.98
439df689-d1cf-41c3-883c-1b7713fe68e5,Preparar Firma,2e310583-c106-4f2c-a6c3-c4b12ec30658,2,5.04
31ece703-f961-4e8e-a5c5-cd5c5b47e3db,Aprobación de Pago,a9eff785-5679-4a1b-91ef-6ca8712ddd18,15,13.23
2c3d4e5f-6a7b-8c9d-0e1f-2a3b4c5d6e7f,Aprobación Presupuesto,8490fcc8-7f53-4704-ac48-99b48356b21c,0,4.63
f5ba7581-b2ac-4b3a-830e-64ab112f975a,Verificar Factura,3f72a8b2-777b-43c8-ba37-8f5d9fbd2135,0,1.5
7c8d9e0f-1a2b-3c4d-5e6f-7a8b9c0d1e2f,Aprobación del manager,0eea38fa-f85e-4c73-b47b-0a1985db1227,1,5.5
6c7d8e9f-0a1b-2c3d-4e5f-6a7b8c9d0e1f,Cerrar Accesos,bebe41a9-85fc-43f3-a125-5c7f72b0898d,9,9.29
4c5d6e7f-8a9b-0c1d-2e3f-4a5b6c7d8e9f,Autorización Gerencia,e1c69265-87e8-417b-b13a-2ae72c53d4e3,9,11.22
000a3793-827e-4616-84f9-0a23863e0a35,Verificar Stock,e1c69265-87e8-417b-b13a-2ae72c53d4e3,15,17.96
9c0d1e2f-3a4b-5c6d-7e8f-9a0b1c2d3e4f,Solicitar Adelanto,2084f511-720a-4096-80cd-5bc9b91cf5b6,4,8.2
8c9d0e1f-2a3b-4c5d-6e7f-8a9b0c1d2e3f,Cerrar Accesos,d9b58f63-b601-433e-9861-2bf2ad90eeb6,1,5.54
5c6d7e8f-9a0b-1c2d-3e4f-5a6b7c8d9e0f,Firma Director,7949fc3c-9284-40a0-8161-7b39cf9f9b2d,5,12.58
4c5d6e7f-8a9b-0c1d-2e3f-4a5b6c7d8e9f,Revisión Gerencial,f615b16b-8fd1-43c9-97c0-a65e08960291,5,8.78
bd9966b2-5fa2-4a4b-b924-59e817a5e756,Reunión Bienvenida,db614129-bb28-4b41-8a46-bea1444c388c,11,12.81
439df689-d1cf-41c3-883c-1b7713fe68e5,Autorización Gerencia,e121cbea-1209-4fe7-ad22-6cf09caf5b95,12,11.98
993a46fb-a0b2-4d2c-88eb-11ab1c3d4e8c,Especificar Licencia,bebe41a9-85fc-43f3-a125-5c7f72b0898d,6,11.38
bd9966b2-5fa2-4a4b-b924-59e817a5e756,Revisión Contable,e04f861d-b880-4d7f-bf03-59ce8e435929,8,10.42
9c0d1e2f-3a4b-5c6d-7e8f-9a0b1c2d3e4f,Validación de RRHH,e121cbea-1209-4fe7-ad22-6cf09caf5b95,2,5.4
0e1f2a3b-4c5d-6e7f-8a9b-0c1d2e3f4a5b,Consolidación de RRHH,db614129-bb28-4b41-8a46-bea1444c388c,15,13.39
4c5d6e7f-8a9b-0c1d-2e3f-4a5b6c7d8e9f,Solicitar Adelanto,eccb7c0d-52a7-4143-baad-ebee05361b50,7,8.54
000a3793-827e-4616-84f9-0a23863e0a35,Especificar Servidores,eccb7c0d-52a7-4143-baad-ebee05361b50,3,7.79
bd9966b2-5fa2-4a4b-b924-59e817a5e756,Iniciar Baja,e1c69265-87e8-417b-b13a-2ae72c53d4e3,1,5.93
7c8d9e0f-1a2b-3c4d-5e6f-7a8b9c0d1e2f,Detallar Curso,e121cbea-1209-4fe7-ad22-6cf09caf5b95,4,5.73
6720c739-1916-432b-b392-e698dcfd8112,Evaluación Técnica,8490fcc8-7f53-4704-ac48-99b48356b21c,1,3.54
6720c739-1916-432b-b392-e698dcfd8112,Preparar Firma,3f72a8b2-777b-43c8-ba37-8f5d9fbd2135,6,7.87
6c7d8e9f-0a1b-2c3d-4e5f-6a7b8c9d0e1f,Inicio del Proceso,f65f0bd7-27f5-4b8c-9641-94729f51744a,0,2.92
439df689-d1cf-41c3-883c-1b7713fe68e5,Especificar Licencia,bebe41a9-85fc-43f3-a125-5c7f72b0898d,2,8.12
bd9966b2-5fa2-4a4b-b924-59e817a5e756,Especificar Servidores,2084f511-720a-4096-80cd-5bc9b91cf5b6,7,9.53
3c4d5e6f-7a8b-9c0d-1e2f-3a4b5c6d7e8f,Enviar solicitud de vacaciones,bebe41a9-85fc-43f3-a125-5c7f72b0898d,4,7.13
6c7d8e9f-0a1b-2c3d-4e5f-6a7b8c9d0e1f,Registrar Recibos,d822aaf2-81c6-4054-b63b-a2bec2d53509,3,5.49
9c0d1e2f-3a4b-5c6d-7e8f-9a0b1c2d3e4f,Presentar Requerimiento,d822aaf2-81c6-4054-b63b-a2bec2d53509,2,6.12
9c0d1e2f-3a4b-5c6d-7e8f-9a0b1c2d3e4f,Autoevaluación,a9eff785-5679-4a1b-91ef-6ca8712ddd18,9,10.7
a7b21cc3-d8cf-48af-8bb0-22cba4567e9b,Presentar Requerimiento,d822aaf2-81c6-4054-b63b-a2bec2d53509,2,5.78
4c5d6e7f-8a9b-0c1d-2e3f-4a5b6c7d8e9f,Preparar Firma,d822aaf2-81c6-4054-b63b-a2bec2d53509,7,8.62
a7b21cc3-d8cf-48af-8bb0-22cba4567e9b,Habilitar Permisos,f615b16b-8fd1-43c9-97c0-a65e08960291,9,11.05
bd9966b2-5fa2-4a4b-b924-59e817a5e756,Reunión Bienvenida,c017087e-fcbc-4f47-ae54-78008d243fbf,1,5.88
0e1f2a3b-4c5d-6e7f-8a9b-0c1d2e3f4a5b,Aprobación Costos,e04f861d-b880-4d7f-bf03-59ce8e435929,14,11.04
a7b21cc3-d8cf-48af-8bb0-22cba4567e9b,Instalar Licencia,c017087e-fcbc-4f47-ae54-78008d243fbf,5,6.49
bd9966b2-5fa2-4a4b-b924-59e817a5e756,Preparar Firma,e04f861d-b880-4d7f-bf03-59ce8e435929,5,5.77
439df689-d1cf-41c3-883c-1b7713fe68e5,Solicitar Adelanto,7949fc3c-9284-40a0-8161-7b39cf9f9b2d,1,6.06
111e9d86-cbd2-45ff-a809-4072bbe6a4d0,Pago de Liquidación,2e310583-c106-4f2c-a6c3-c4b12ec30658,5,8.4
6c7d8e9f-0a1b-2c3d-4e5f-6a7b8c9d0e1f,Validación de RRHH,f615b16b-8fd1-43c9-97c0-a65e08960291,4,7.75
6720c739-1916-432b-b392-e698dcfd8112,Especificar Licencia,f615b16b-8fd1-43c9-97c0-a65e08960291,13,14.16
993a46fb-a0b2-4d2c-88eb-11ab1c3d4e8c,Inicio de la solicitud,14791e8e-28e4-4f61-9593-d7a2653d97a3,5,11.21
0e1f2a3b-4c5d-6e7f-8a9b-0c1d2e3f4a5b,Presentar Requerimiento,8490fcc8-7f53-4704-ac48-99b48356b21c,14,12.9
5c6d7e8f-9a0b-1c2d-3e4f-5a6b7c8d9e0f,Entrega del Equipo,e1c69265-87e8-417b-b13a-2ae72c53d4e3,13,15.45
2c3d4e5f-6a7b-8c9d-0e1f-2a3b4c5d6e7f,Habilitar Permisos,8490fcc8-7f53-4704-ac48-99b48356b21c,9,11.35
5c6d7e8f-9a0b-1c2d-3e4f-5a6b7c8d9e0f,Setup Tecnológico,87f8e8d1-83e9-4ddb-9be0-fc955228db6d,13,16.49
bd9966b2-5fa2-4a4b-b924-59e817a5e756,Detallar Curso,2b549288-04a4-4705-bcd0-0332b683df27,12,13.5
bd9966b2-5fa2-4a4b-b924-59e817a5e756,Validar Elegibilidad,eccb7c0d-52a7-4143-baad-ebee05361b50,4,8.42
31ece703-f961-4e8e-a5c5-cd5c5b47e3db,Entrega del Equipo,bebe41a9-85fc-43f3-a125-5c7f72b0898d,3,4.0
0e1f2a3b-4c5d-6e7f-8a9b-0c1d2e3f4a5b,Instalar Licencia,f65f0bd7-27f5-4b8c-9641-94729f51744a,5,5.24
3c4d5e6f-7a8b-9c0d-1e2f-3a4b5c6d7e8f,Inicio de la solicitud,87f8e8d1-83e9-4ddb-9be0-fc955228db6d,6,8.38
000a3793-827e-4616-84f9-0a23863e0a35,Presentar Requerimiento,d9b58f63-b601-433e-9861-2bf2ad90eeb6,14,14.3
439df689-d1cf-41c3-883c-1b7713fe68e5,Presentar Requerimiento,e121cbea-1209-4fe7-ad22-6cf09caf5b95,11,11.63
7c8d9e0f-1a2b-3c4d-5e6f-7a8b9c0d1e2f,Feedback de Manager,a9eff785-5679-4a1b-91ef-6ca8712ddd18,8,9.85
bd9966b2-5fa2-4a4b-b924-59e817a5e756,Cerrar Accesos,87f8e8d1-83e9-4ddb-9be0-fc955228db6d,10,12.76
439df689-d1cf-41c3-883c-1b7713fe68e5,Consolidación de RRHH,4cd6a83f-a8b6-4b56-854d-5d3693ec4ab4,6,7.6
31ece703-f961-4e8e-a5c5-cd5c5b47e3db,Autoevaluación,87f8e8d1-83e9-4ddb-9be0-fc955228db6d,14,12.14
0e1f2a3b-4c5d-6e7f-8a9b-0c1d2e3f4a5b,Aprobación Presupuesto,2084f511-720a-4096-80cd-5bc9b91cf5b6,13,11.97
000a3793-827e-4616-84f9-0a23863e0a35,Preparar Firma,f65f0bd7-27f5-4b8c-9641-94729f51744a,11,13.74
3c4d5e6f-7a8b-9c0d-1e2f-3a4b5c6d7e8f,Firma Director,8490fcc8-7f53-4704-ac48-99b48356b21c,12,12.42
0e1f2a3b-4c5d-6e7f-8a9b-0c1d2e3f4a5b,Revisión de Seguridad,e1c69265-87e8-417b-b13a-2ae72c53d4e3,3,5.15
6c7d8e9f-0a1b-2c3d-4e5f-6a7b8c9d0e1f,Autorización Gerencia,eccb7c0d-52a7-4143-baad-ebee05361b50,4,6.91
31ece703-f961-4e8e-a5c5-cd5c5b47e3db,Feedback de Manager,eccb7c0d-52a7-4143-baad-ebee05361b50,14,13.2
5c6d7e8f-9a0b-1c2d-3e4f-5a6b7c8d9e0f,Feedback de Manager,3f72a8b2-777b-43c8-ba37-8f5d9fbd2135,1,7.74
9c0d1e2f-3a4b-5c6d-7e8f-9a0b1c2d3e4f,Evaluación Técnica,e04f861d-b880-4d7f-bf03-59ce8e435929,1,5.56
111e9d86-cbd2-45ff-a809-4072bbe6a4d0,Validar Elegibilidad,f65f0bd7-27f5-4b8c-9641-94729f51744a,11,11.57
000a3793-827e-4616-84f9-0a23863e0a35,Consolidar Gastos,87f8e8d1-83e9-4ddb-9be0-fc955228db6d,0,5.66
439df689-d1cf-41c3-883c-1b7713fe68e5,Detallar Curso,7949fc3c-9284-40a0-8161-7b39cf9f9b2d,7,8.27
31ece703-f961-4e8e-a5c5-cd5c5b47e3db,Revisión Contable,4cd6a83f-a8b6-4b56-854d-5d3693ec4ab4,15,16.25
439df689-d1cf-41c3-883c-1b7713fe68e5,Registrar Recibos,4cd6a83f-a8b6-4b56-854d-5d3693ec4ab4,1,3.56
439df689-d1cf-41c3-883c-1b7713fe68e5,Firma Director,e1c69265-87e8-417b-b13a-2ae72c53d4e3,6,9.76
439df689-d1cf-41c3-883c-1b7713fe68e5,Inicio del Proceso,db614129-bb28-4b41-8a46-bea1444c388c,5,6.73
3c4d5e6f-7a8b-9c0d-1e2f-3a4b5c6d7e8f,Enviar solicitud de vacaciones,d822aaf2-81c6-4054-b63b-a2bec2d53509,0,1.84
993a46fb-a0b2-4d2c-88eb-11ab1c3d4e8c,Verificar Stock,4cd6a83f-a8b6-4b56-854d-5d3693ec4ab4,6,8.57
f5ba7581-b2ac-4b3a-830e-64ab112f975a,Revisión Gerencial,2e310583-c106-4f2c-a6c3-c4b12ec30658,5,6.22
4c5d6e7f-8a9b-0c1d-2e3f-4a5b6c7d8e9f,Inicio del Proceso,d822aaf2-81c6-4054-b63b-a2bec2d53509,10,10.68
8c9d0e1f-2a3b-4c5d-6e7f-8a9b0c1d2e3f,Reunión Bienvenida,f65f0bd7-27f5-4b8c-9641-94729f51744a,8,14.16
2c3d4e5f-6a7b-8c9d-0e1f-2a3b4c5d6e7f,Firma Director,7949fc3c-9284-40a0-8161-7b39cf9f9b2d,6,8.75
bd9966b2-5fa2-4a4b-b924-59e817a5e756,Inicio de la solicitud,bebe41a9-85fc-43f3-a125-5c7f72b0898d,0,4.86
f5ba7581-b2ac-4b3a-830e-64ab112f975a,Validar Capacitación,0eea38fa-f85e-4c73-b47b-0a1985db1227,13,14.36
6c7d8e9f-0a1b-2c3d-4e5f-6a7b8c9d0e1f,Inicio de la solicitud,e1c69265-87e8-417b-b13a-2ae72c53d4e3,9,12.05
000a3793-827e-4616-84f9-0a23863e0a35,Cerrar Accesos,3f72a8b2-777b-43c8-ba37-8f5d9fbd2135,5,7.12
2c3d4e5f-6a7b-8c9d-0e1f-2a3b4c5d6e7f,Validar Elegibilidad,8490fcc8-7f53-4704-ac48-99b48356b21c,2,7.07
993a46fb-a0b2-4d2c-88eb-11ab1c3d4e8c,Pago de Liquidación,c017087e-fcbc-4f47-ae54-78008d243fbf,2,7.0
2c3d4e5f-6a7b-8c9d-0e1f-2a3b4c5d6e7f,Inicio de la solicitud,2084f511-720a-4096-80cd-5bc9b91cf5b6,5,7.08
5c6d7e8f-9a0b-1c2d-3e4f-5a6b7c8d9e0f,Procesar Transferencia,e121cbea-1209-4fe7-ad22-6cf09caf5b95,7,13.91
3c4d5e6f-7a8b-9c0d-1e2f-3a4b5c6d7e8f,Preparar Firma,0eea38fa-f85e-4c73-b47b-0a1985db1227,7,7.56
8c9d0e1f-2a3b-4c5d-6e7f-8a9b0c1d2e3f,Inicio del Proceso,8490fcc8-7f53-4704-ac48-99b48356b21c,11,15.03
6c7d8e9f-0a1b-2c3d-4e5f-6a7b8c9d0e1f,Cerrar Accesos,a9eff785-5679-4a1b-91ef-6ca8712ddd18,14,15.46
111e9d86-cbd2-45ff-a809-4072bbe6a4d0,Verificar Factura,f615b16b-8fd1-43c9-97c0-a65e08960291,2,5.34
9c0d1e2f-3a4b-5c6d-7e8f-9a0b1c2d3e4f,Registrar Recibos,14791e8e-28e4-4f61-9593-d7a2653d97a3,11,12.42
0e1f2a3b-4c5d-6e7f-8a9b-0c1d2e3f4a5b,Aprobación de Pago,4cd6a83f-a8b6-4b56-854d-5d3693ec4ab4,7,7.62
31ece703-f961-4e8e-a5c5-cd5c5b47e3db,Validar Comercial,eccb7c0d-52a7-4143-baad-ebee05361b50,13,13.55
f5ba7581-b2ac-4b3a-830e-64ab112f975a,Aprobación Presupuesto,eccb7c0d-52a7-4143-baad-ebee05361b50,0,6.25
5c6d7e8f-9a0b-1c2d-3e4f-5a6b7c8d9e0f,Enviar solicitud de vacaciones,0eea38fa-f85e-4c73-b47b-0a1985db1227,4,8.45
6720c739-1916-432b-b392-e698dcfd8112,Entrega del Equipo,f615b16b-8fd1-43c9-97c0-a65e08960291,2,5.19
7c8d9e0f-1a2b-3c4d-5e6f-7a8b9c0d1e2f,Aprobar Presupuesto,c017087e-fcbc-4f47-ae54-78008d243fbf,1,3.37
bd9966b2-5fa2-4a4b-b924-59e817a5e756,Evaluación Técnica,f65f0bd7-27f5-4b8c-9641-94729f51744a,14,16.61
000a3793-827e-4616-84f9-0a23863e0a35,Validación de RRHH,db614129-bb28-4b41-8a46-bea1444c388c,14,14.43
0e1f2a3b-4c5d-6e7f-8a9b-0c1d2e3f4a5b,Validar Comercial,d822aaf2-81c6-4054-b63b-a2bec2d53509,7,7.94
31ece703-f961-4e8e-a5c5-cd5c5b47e3db,Consolidación de RRHH,c017087e-fcbc-4f47-ae54-78008d243fbf,1,3.17
0e1f2a3b-4c5d-6e7f-8a9b-0c1d2e3f4a5b,Revisión de Seguridad,d822aaf2-81c6-4054-b63b-a2bec2d53509,10,9.13
111e9d86-cbd2-45ff-a809-4072bbe6a4d0,Feedback de Manager,4cd6a83f-a8b6-4b56-854d-5d3693ec4ab4,9,8.57
000a3793-827e-4616-84f9-0a23863e0a35,Consolidación de RRHH,d822aaf2-81c6-4054-b63b-a2bec2d53509,6,8.2
4c5d6e7f-8a9b-0c1d-2e3f-4a5b6c7d8e9f,Aprobar Presupuesto,e1c69265-87e8-417b-b13a-2ae72c53d4e3,7,7.34
9c0d1e2f-3a4b-5c6d-7e8f-9a0b1c2d3e4f,Enviar solicitud de vacaciones,4cd6a83f-a8b6-4b56-854d-5d3693ec4ab4,7,11.32
6720c739-1916-432b-b392-e698dcfd8112,Habilitar Permisos,d9b58f63-b601-433e-9861-2bf2ad90eeb6,12,11.15
2c3d4e5f-6a7b-8c9d-0e1f-2a3b4c5d6e7f,Aprobar Presupuesto,c017087e-fcbc-4f47-ae54-78008d243fbf,5,8.4
bd9966b2-5fa2-4a4b-b924-59e817a5e756,Reunión Bienvenida,2b549288-04a4-4705-bcd0-0332b683df27,3,4.04
993a46fb-a0b2-4d2c-88eb-11ab1c3d4e8c,Feedback de Manager,c017087e-fcbc-4f47-ae54-78008d243fbf,1,7.24
31ece703-f961-4e8e-a5c5-cd5c5b47e3db,Aprobación Presupuesto,2084f511-720a-4096-80cd-5bc9b91cf5b6,0,3.38
2c3d4e5f-6a7b-8c9d-0e1f-2a3b4c5d6e7f,Validar Capacitación,bebe41a9-85fc-43f3-a125-5c7f72b0898d,13,14.47
5c6d7e8f-9a0b-1c2d-3e4f-5a6b7c8d9e0f,Entrega del Equipo,2e310583-c106-4f2c-a6c3-c4b12ec30658,15,15.78
5c6d7e8f-9a0b-1c2d-3e4f-5a6b7c8d9e0f,Iniciar Baja,2b549288-04a4-4705-bcd0-0332b683df27,0,5.35
7c8d9e0f-1a2b-3c4d-5e6f-7a8b9c0d1e2f,Pago de Liquidación,e1c69265-87e8-417b-b13a-2ae72c53d4e3,3,5.27
9c0d1e2f-3a4b-5c6d-7e8f-9a0b1c2d3e4f,Inicio de la solicitud,eccb7c0d-52a7-4143-baad-ebee05361b50,13,12.48
9c0d1e2f-3a4b-5c6d-7e8f-9a0b1c2d3e4f,Autoevaluación,e04f861d-b880-4d7f-bf03-59ce8e435929,14,13.69
993a46fb-a0b2-4d2c-88eb-11ab1c3d4e8c,Aprobar Presupuesto,e1c69265-87e8-417b-b13a-2ae72c53d4e3,13,15.61
111e9d86-cbd2-45ff-a809-4072bbe6a4d0,Verificar Factura,d9b58f63-b601-433e-9861-2bf2ad90eeb6,9,10.58
6720c739-1916-432b-b392-e698dcfd8112,Reunión Bienvenida,e04f861d-b880-4d7f-bf03-59ce8e435929,15,14.61
f5ba7581-b2ac-4b3a-830e-64ab112f975a,Cerrar Accesos,14791e8e-28e4-4f61-9593-d7a2653d97a3,15,14.25
0e1f2a3b-4c5d-6e7f-8a9b-0c1d2e3f4a5b,Consolidación de RRHH,e1c69265-87e8-417b-b13a-2ae72c53d4e3,0,2.56
6720c739-1916-432b-b392-e698dcfd8112,Firma Director,2e310583-c106-4f2c-a6c3-c4b12ec30658,3,5.52
f5ba7581-b2ac-4b3a-830e-64ab112f975a,Revisión de Seguridad,c017087e-fcbc-4f47-ae54-78008d243fbf,4,5.15
7c8d9e0f-1a2b-3c4d-5e6f-7a8b9c0d1e2f,Instalar Licencia,f615b16b-8fd1-43c9-97c0-a65e08960291,12,10.68
2c3d4e5f-6a7b-8c9d-0e1f-2a3b4c5d6e7f,Procesar Transferencia,e121cbea-1209-4fe7-ad22-6cf09caf5b95,10,13.5
bd9966b2-5fa2-4a4b-b924-59e817a5e756,Inicio de la solicitud,2084f511-720a-4096-80cd-5bc9b91cf5b6,11,10.36
0e1f2a3b-4c5d-6e7f-8a9b-0c1d2e3f4a5b,Preparar Firma,e121cbea-1209-4fe7-ad22-6cf09caf5b95,10,9.85
439df689-d1cf-41c3-883c-1b7713fe68e5,Setup Tecnológico,e1c69265-87e8-417b-b13a-2ae72c53d4e3,8,8.52
2c3d4e5f-6a7b-8c9d-0e1f-2a3b4c5d6e7f,Aprobación del manager,3f72a8b2-777b-43c8-ba37-8f5d9fbd2135,0,2.07
7c8d9e0f-1a2b-3c4d-5e6f-7a8b9c0d1e2f,Autorización Gerencia,e121cbea-1209-4fe7-ad22-6cf09caf5b95,1,4.16
8c9d0e1f-2a3b-4c5d-6e7f-8a9b0c1d2e3f,Instalar Licencia,3f72a8b2-777b-43c8-ba37-8f5d9fbd2135,7,14.29
439df689-d1cf-41c3-883c-1b7713fe68e5,Feedback de Manager,f615b16b-8fd1-43c9-97c0-a65e08960291,13,11.98
0e1f2a3b-4c5d-6e7f-8a9b-0c1d2e3f4a5b,Firma Director,d9b58f63-b601-433e-9861-2bf2ad90eeb6,0,2.01
a7b21cc3-d8cf-48af-8bb0-22cba4567e9b,Registrar Recibos,f615b16b-8fd1-43c9-97c0-a65e08960291,4,4.16
bd9966b2-5fa2-4a4b-b924-59e817a5e756,Habilitar Permisos,f615b16b-8fd1-43c9-97c0-a65e08960291,14,15.07
bd9966b2-5fa2-4a4b-b924-59e817a5e756,Validación de RRHH,d9b58f63-b601-433e-9861-2bf2ad90eeb6,8,8.32
6c7d8e9f-0a1b-2c3d-4e5f-6a7b8c9d0e1f,Instalar Licencia,8490fcc8-7f53-4704-ac48-99b48356b21c,0,2.34
439df689-d1cf-41c3-883c-1b7713fe68e5,Verificar Factura,2084f511-720a-4096-80cd-5bc9b91cf5b6,3,5.27
9c0d1e2f-3a4b-5c6d-7e8f-9a0b1c2d3e4f,Firma Director,3f72a8b2-777b-43c8-ba37-8f5d9fbd2135,9,11.63
2c3d4e5f-6a7b-8c9d-0e1f-2a3b4c5d6e7f,Presentar Requerimiento,c017087e-fcbc-4f47-ae54-78008d243fbf,4,4.8
4c5d6e7f-8a9b-0c1d-2e3f-4a5b6c7d8e9f,Aprobación de Pago,d9b58f63-b601-433e-9861-2bf2ad90eeb6,14,15.47
439df689-d1cf-41c3-883c-1b7713fe68e5,Consolidación de RRHH,2b549288-04a4-4705-bcd0-0332b683df27,14,16.02
6c7d8e9f-0a1b-2c3d-4e5f-6a7b8c9d0e1f,Autoevaluación,bebe41a9-85fc-43f3-a125-5c7f72b0898d,13,12.16
f5ba7581-b2ac-4b3a-830e-64ab112f975a,Enviar solicitud de vacaciones,e1c69265-87e8-417b-b13a-2ae72c53d4e3,10,13.99
f5ba7581-b2ac-4b3a-830e-64ab112f975a,Aprobación Costos,f65f0bd7-27f5-4b8c-9641-94729f51744a,12,15.16
9c0d1e2f-3a4b-5c6d-7e8f-9a0b1c2d3e4f,Inicio de la solicitud,0eea38fa-f85e-4c73-b47b-0a1985db1227,3,7.6
bd9966b2-5fa2-4a4b-b924-59e817a5e756,Aprobación Costos,eccb7c0d-52a7-4143-baad-ebee05361b50,3,3.75
bd9966b2-5fa2-4a4b-b924-59e817a5e756,Inicio del Proceso,e1c69265-87e8-417b-b13a-2ae72c53d4e3,1,2.81
439df689-d1cf-41c3-883c-1b7713fe68e5,Registrar Recibos,2b549288-04a4-4705-bcd0-0332b683df27,12,11.74
31ece703-f961-4e8e-a5c5-cd5c5b47e3db,Verificar Stock,d822aaf2-81c6-4054-b63b-a2bec2d53509,11,12.32
4c5d6e7f-8a9b-0c1d-2e3f-4a5b6c7d8e9f,Dispersión de Fondos,f65f0bd7-27f5-4b8c-9641-94729f51744a,10,9.99
6c7d8e9f-0a1b-2c3d-4e5f-6a7b8c9d0e1f,Verificar Factura,a9eff785-5679-4a1b-91ef-6ca8712ddd18,15,14.14
000a3793-827e-4616-84f9-0a23863e0a35,Consolidación de RRHH,8490fcc8-7f53-4704-ac48-99b48356b21c,13,15.95
a7b21cc3-d8cf-48af-8bb0-22cba4567e9b,Solicitar Adelanto,2b549288-04a4-4705-bcd0-0332b683df27,2,7.22
3c4d5e6f-7a8b-9c0d-1e2f-3a4b5c6d7e8f,Revisión Gerencial,14791e8e-28e4-4f61-9593-d7a2653d97a3,14,12.68
439df689-d1cf-41c3-883c-1b7713fe68e5,Pago de Liquidación,eccb7c0d-52a7-4143-baad-ebee05361b50,14,14.16
bd9966b2-5fa2-4a4b-b924-59e817a5e756,Firma Director,db614129-bb28-4b41-8a46-bea1444c388c,12,11.35
000a3793-827e-4616-84f9-0a23863e0a35,Feedback de Manager,e04f861d-b880-4d7f-bf03-59ce8e435929,5,7.98
439df689-d1cf-41c3-883c-1b7713fe68e5,Iniciar Baja,db614129-bb28-4b41-8a46-bea1444c388c,13,15.16
439df689-d1cf-41c3-883c-1b7713fe68e5,Validación de RRHH,c017087e-fcbc-4f47-ae54-78008d243fbf,4,8.26
4c5d6e7f-8a9b-0c1d-2e3f-4a5b6c7d8e9f,Aprobación del manager,7949fc3c-9284-40a0-8161-7b39cf9f9b2d,12,11.31
2c3d4e5f-6a7b-8c9d-0e1f-2a3b4c5d6e7f,Entrega del Equipo,bebe41a9-85fc-43f3-a125-5c7f72b0898d,5,8.86
a7b21cc3-d8cf-48af-8bb0-22cba4567e9b,Autorización Gerencia,0eea38fa-f85e-4c73-b47b-0a1985db1227,5,9.21
7c8d9e0f-1a2b-3c4d-5e6f-7a8b9c0d1e2f,Evaluación Técnica,c017087e-fcbc-4f47-ae54-78008d243fbf,2,4.1
8c9d0e1f-2a3b-4c5d-6e7f-8a9b0c1d2e3f,Enviar solicitud de vacaciones,bebe41a9-85fc-43f3-a125-5c7f72b0898d,13,16.13
bd9966b2-5fa2-4a4b-b924-59e817a5e756,Aprobar Presupuesto,bebe41a9-85fc-43f3-a125-5c7f72b0898d,8,10.71
a7b21cc3-d8cf-48af-8bb0-22cba4567e9b,Presentar Requerimiento,2084f511-720a-4096-80cd-5bc9b91cf5b6,9,11.77
bd9966b2-5fa2-4a4b-b924-59e817a5e756,Autoevaluación,a9eff785-5679-4a1b-91ef-6ca8712ddd18,8,12.03
f5ba7581-b2ac-4b3a-830e-64ab112f975a,Inicio de la solicitud,2084f511-720a-4096-80cd-5bc9b91cf5b6,6,8.3
5c6d7e8f-9a0b-1c2d-3e4f-5a6b7c8d9e0f,Aprobar Presupuesto,e04f861d-b880-4d7f-bf03-59ce8e435929,11,18.22
993a46fb-a0b2-4d2c-88eb-11ab1c3d4e8c,Entrega del Equipo,bebe41a9-85fc-43f3-a125-5c7f72b0898d,9,11.08
439df689-d1cf-41c3-883c-1b7713fe68e5,Registrar Recibos,7949fc3c-9284-40a0-8161-7b39cf9f9b2d,7,7.99
6c7d8e9f-0a1b-2c3d-4e5f-6a7b8c9d0e1f,Verificar Factura,f65f0bd7-27f5-4b8c-9641-94729f51744a,10,11.69
a7b21cc3-d8cf-48af-8bb0-22cba4567e9b,Revisión Gerencial,3f72a8b2-777b-43c8-ba37-8f5d9fbd2135,0,2.39
9c0d1e2f-3a4b-5c6d-7e8f-9a0b1c2d3e4f,Entrega del Equipo,2b549288-04a4-4705-bcd0-0332b683df27,4,7.65
000a3793-827e-4616-84f9-0a23863e0a35,Aprobación Costos,14791e8e-28e4-4f61-9593-d7a2653d97a3,10,10.09
5c6d7e8f-9a0b-1c2d-3e4f-5a6b7c8d9e0f,Detallar Curso,c017087e-fcbc-4f47-ae54-78008d243fbf,13,17.98
bd9966b2-5fa2-4a4b-b924-59e817a5e756,Especificar Servidores,bebe41a9-85fc-43f3-a125-5c7f72b0898d,11,14.08
0e1f2a3b-4c5d-6e7f-8a9b-0c1d2e3f4a5b,Registrar Recibos,d9b58f63-b601-433e-9861-2bf2ad90eeb6,3,3.48
4c5d6e7f-8a9b-0c1d-2e3f-4a5b6c7d8e9f,Aprobación Presupuesto,3f72a8b2-777b-43c8-ba37-8f5d9fbd2135,14,12.85
439df689-d1cf-41c3-883c-1b7713fe68e5,Aprobación del manager,eccb7c0d-52a7-4143-baad-ebee05361b50,2,4.97
a7b21cc3-d8cf-48af-8bb0-22cba4567e9b,Verificar Stock,f615b16b-8fd1-43c9-97c0-a65e08960291,5,8.5
2c3d4e5f-6a7b-8c9d-0e1f-2a3b4c5d6e7f,Aprobación Presupuesto,c017087e-fcbc-4f47-ae54-78008d243fbf,8,9.85
3c4d5e6f-7a8b-9c0d-1e2f-3a4b5c6d7e8f,Habilitar Permisos,2e310583-c106-4f2c-a6c3-c4b12ec30658,7,8.49
000a3793-827e-4616-84f9-0a23863e0a35,Entrega del Equipo,e121cbea-1209-4fe7-ad22-6cf09caf5b95,9,9.83
5c6d7e8f-9a0b-1c2d-3e4f-5a6b7c8d9e0f,Verificar Stock,e04f861d-b880-4d7f-bf03-59ce8e435929,9,14.27
3c4d5e6f-7a8b-9c0d-1e2f-3a4b5c6d7e8f,Enviar solicitud de vacaciones,c017087e-fcbc-4f47-ae54-78008d243fbf,13,12.22
bd9966b2-5fa2-4a4b-b924-59e817a5e756,Dispersión de Fondos,2b549288-04a4-4705-bcd0-0332b683df27,8,10.93
a7b21cc3-d8cf-48af-8bb0-22cba4567e9b,Preparar Firma,8490fcc8-7f53-4704-ac48-99b48356b21c,2,8.1
6c7d8e9f-0a1b-2c3d-4e5f-6a7b8c9d0e1f,Aprobación Presupuesto,c017087e-fcbc-4f47-ae54-78008d243fbf,8,10.61
993a46fb-a0b2-4d2c-88eb-11ab1c3d4e8c,Solicitar Adelanto,e04f861d-b880-4d7f-bf03-59ce8e435929,8,14.89
2c3d4e5f-6a7b-8c9d-0e1f-2a3b4c5d6e7f,Validación de RRHH,8490fcc8-7f53-4704-ac48-99b48356b21c,12,14.06
6c7d8e9f-0a1b-2c3d-4e5f-6a7b8c9d0e1f,Revisión Gerencial,f615b16b-8fd1-43c9-97c0-a65e08960291,0,6.1
5c6d7e8f-9a0b-1c2d-3e4f-5a6b7c8d9e0f,Inicio de la solicitud,bebe41a9-85fc-43f3-a125-5c7f72b0898d,4,9.25
993a46fb-a0b2-4d2c-88eb-11ab1c3d4e8c,Consolidación de RRHH,eccb7c0d-52a7-4143-baad-ebee05361b50,15,17.59
2c3d4e5f-6a7b-8c9d-0e1f-2a3b4c5d6e7f,Consolidar Gastos,a9eff785-5679-4a1b-91ef-6ca8712ddd18,12,14.05
8c9d0e1f-2a3b-4c5d-6e7f-8a9b0c1d2e3f,Revisión Contable,c017087e-fcbc-4f47-ae54-78008d243fbf,5,12.34
993a46fb-a0b2-4d2c-88eb-11ab1c3d4e8c,Verificar Factura,2084f511-720a-4096-80cd-5bc9b91cf5b6,1,5.55
000a3793-827e-4616-84f9-0a23863e0a35,Autoevaluación,2084f511-720a-4096-80cd-5bc9b91cf5b6,2,6.09
8c9d0e1f-2a3b-4c5d-6e7f-8a9b0c1d2e3f,Inicio de la solicitud,87f8e8d1-83e9-4ddb-9be0-fc955228db6d,9,11.76
bd9966b2-5fa2-4a4b-b924-59e817a5e756,Validar Capacitación,4cd6a83f-a8b6-4b56-854d-5d3693ec4ab4,8,9.42
7c8d9e0f-1a2b-3c4d-5e6f-7a8b9c0d1e2f,Inicio del Proceso,f615b16b-8fd1-43c9-97c0-a65e08960291,4,9.57
bd9966b2-5fa2-4a4b-b924-59e817a5e756,Aprobación Costos,db614129-bb28-4b41-8a46-bea1444c388c,6,8.83
f5ba7581-b2ac-4b3a-830e-64ab112f975a,Aprobación de Pago,a9eff785-5679-4a1b-91ef-6ca8712ddd18,4,7.54
5c6d7e8f-9a0b-1c2d-3e4f-5a6b7c8d9e0f,Evaluación Técnica,db614129-bb28-4b41-8a46-bea1444c388c,10,12.75
3c4d5e6f-7a8b-9c0d-1e2f-3a4b5c6d7e8f,Revisión de Seguridad,e04f861d-b880-4d7f-bf03-59ce8e435929,3,4.69
a7b21cc3-d8cf-48af-8bb0-22cba4567e9b,Verificar Stock,2084f511-720a-4096-80cd-5bc9b91cf5b6,11,11.86
439df689-d1cf-41c3-883c-1b7713fe68e5,Autoevaluación,d9b58f63-b601-433e-9861-2bf2ad90eeb6,5,9.83
6720c739-1916-432b-b392-e698dcfd8112,Aprobación de Pago,db614129-bb28-4b41-8a46-bea1444c388c,9,11.51
8c9d0e1f-2a3b-4c5d-6e7f-8a9b0c1d2e3f,Setup Tecnológico,eccb7c0d-52a7-4143-baad-ebee05361b50,12,15.05
5c6d7e8f-9a0b-1c2d-3e4f-5a6b7c8d9e0f,Inicio de la solicitud,f65f0bd7-27f5-4b8c-9641-94729f51744a,8,10.19
8c9d0e1f-2a3b-4c5d-6e7f-8a9b0c1d2e3f,Verificar Stock,c017087e-fcbc-4f47-ae54-78008d243fbf,10,12.95
2c3d4e5f-6a7b-8c9d-0e1f-2a3b4c5d6e7f,Entrega del Equipo,2084f511-720a-4096-80cd-5bc9b91cf5b6,13,12.96
0e1f2a3b-4c5d-6e7f-8a9b-0c1d2e3f4a5b,Aprobación Costos,14791e8e-28e4-4f61-9593-d7a2653d97a3,7,7.32
a7b21cc3-d8cf-48af-8bb0-22cba4567e9b,Evaluación Técnica,d822aaf2-81c6-4054-b63b-a2bec2d53509,9,11.58
2c3d4e5f-6a7b-8c9d-0e1f-2a3b4c5d6e7f,Procesar Transferencia,d9b58f63-b601-433e-9861-2bf2ad90eeb6,5,5.39
4c5d6e7f-8a9b-0c1d-2e3f-4a5b6c7d8e9f,Aprobación Presupuesto,7949fc3c-9284-40a0-8161-7b39cf9f9b2d,15,15.47
8c9d0e1f-2a3b-4c5d-6e7f-8a9b0c1d2e3f,Revisión de Seguridad,bebe41a9-85fc-43f3-a125-5c7f72b0898d,3,7.5
111e9d86-cbd2-45ff-a809-4072bbe6a4d0,Registrar Recibos,a9eff785-5679-4a1b-91ef-6ca8712ddd18,8,9.04
5c6d7e8f-9a0b-1c2d-3e4f-5a6b7c8d9e0f,Registrar Recibos,4cd6a83f-a8b6-4b56-854d-5d3693ec4ab4,6,10.5
a7b21cc3-d8cf-48af-8bb0-22cba4567e9b,Detallar Curso,d9b58f63-b601-433e-9861-2bf2ad90eeb6,8,12.28
111e9d86-cbd2-45ff-a809-4072bbe6a4d0,Cerrar Accesos,e04f861d-b880-4d7f-bf03-59ce8e435929,2,5.31
439df689-d1cf-41c3-883c-1b7713fe68e5,Aprobación del manager,7949fc3c-9284-40a0-8161-7b39cf9f9b2d,8,9.28
0e1f2a3b-4c5d-6e7f-8a9b-0c1d2e3f4a5b,Validar Comercial,d822aaf2-81c6-4054-b63b-a2bec2d53509,12,11.43
0e1f2a3b-4c5d-6e7f-8a9b-0c1d2e3f4a5b,Entrega del Equipo,bebe41a9-85fc-43f3-a125-5c7f72b0898d,12,12.81
bd9966b2-5fa2-4a4b-b924-59e817a5e756,Feedback de Manager,0eea38fa-f85e-4c73-b47b-0a1985db1227,14,13.68
439df689-d1cf-41c3-883c-1b7713fe68e5,Consolidar Gastos,3f72a8b2-777b-43c8-ba37-8f5d9fbd2135,7,9.49
2c3d4e5f-6a7b-8c9d-0e1f-2a3b4c5d6e7f,Autoevaluación,eccb7c0d-52a7-4143-baad-ebee05361b50,2,4.7
000a3793-827e-4616-84f9-0a23863e0a35,Revisión Contable,e04f861d-b880-4d7f-bf03-59ce8e435929,6,7.72
2c3d4e5f-6a7b-8c9d-0e1f-2a3b4c5d6e7f,Registrar Recibos,3f72a8b2-777b-43c8-ba37-8f5d9fbd2135,7,10.39
8c9d0e1f-2a3b-4c5d-6e7f-8a9b0c1d2e3f,Revisión Contable,c017087e-fcbc-4f47-ae54-78008d243fbf,2,6.6
2c3d4e5f-6a7b-8c9d-0e1f-2a3b4c5d6e7f,Detallar Curso,f615b16b-8fd1-43c9-97c0-a65e08960291,15,13.3
6c7d8e9f-0a1b-2c3d-4e5f-6a7b8c9d0e1f,Autoevaluación,f615b16b-8fd1-43c9-97c0-a65e08960291,11,10.16
3c4d5e6f-7a8b-9c0d-1e2f-3a4b5c6d7e8f,Inicio de la solicitud,2084f511-720a-4096-80cd-5bc9b91cf5b6,0,6.46
3c4d5e6f-7a8b-9c0d-1e2f-3a4b5c6d7e8f,Especificar Licencia,8490fcc8-7f53-4704-ac48-99b48356b21c,4,5.77
3c4d5e6f-7a8b-9c0d-1e2f-3a4b5c6d7e8f,Habilitar Permisos,0eea38fa-f85e-4c73-b47b-0a1985db1227,4,6.86
f5ba7581-b2ac-4b3a-830e-64ab112f975a,Iniciar Baja,3f72a8b2-777b-43c8-ba37-8f5d9fbd2135,4,9.36
0e1f2a3b-4c5d-6e7f-8a9b-0c1d2e3f4a5b,Procesar Transferencia,f65f0bd7-27f5-4b8c-9641-94729f51744a,10,9.17
5c6d7e8f-9a0b-1c2d-3e4f-5a6b7c8d9e0f,Procesar Transferencia,0eea38fa-f85e-4c73-b47b-0a1985db1227,6,13.34
2c3d4e5f-6a7b-8c9d-0e1f-2a3b4c5d6e7f,Verificar Factura,e04f861d-b880-4d7f-bf03-59ce8e435929,10,11.8
111e9d86-cbd2-45ff-a809-4072bbe6a4d0,Registrar Recibos,e1c69265-87e8-417b-b13a-2ae72c53d4e3,0,5.31
111e9d86-cbd2-45ff-a809-4072bbe6a4d0,Registrar Recibos,c017087e-fcbc-4f47-ae54-78008d243fbf,4,6.14
9c0d1e2f-3a4b-5c6d-7e8f-9a0b1c2d3e4f,Detallar Curso,f65f0bd7-27f5-4b8c-9641-94729f51744a,8,10.88
7c8d9e0f-1a2b-3c4d-5e6f-7a8b9c0d1e2f,Especificar Servidores,4cd6a83f-a8b6-4b56-854d-5d3693ec4ab4,2,7.44
9c0d1e2f-3a4b-5c6d-7e8f-9a0b1c2d3e4f,Validar Capacitación,d9b58f63-b601-433e-9861-2bf2ad90eeb6,10,11.38
5c6d7e8f-9a0b-1c2d-3e4f-5a6b7c8d9e0f,Aprobación del manager,3f72a8b2-777b-43c8-ba37-8f5d9fbd2135,5,8.88
9c0d1e2f-3a4b-5c6d-7e8f-9a0b1c2d3e4f,Inicio de la solicitud,7949fc3c-9284-40a0-8161-7b39cf9f9b2d,0,2.47
993a46fb-a0b2-4d2c-88eb-11ab1c3d4e8c,Especificar Servidores,e121cbea-1209-4fe7-ad22-6cf09caf5b95,6,11.47
3c4d5e6f-7a8b-9c0d-1e2f-3a4b5c6d7e8f,Especificar Servidores,0eea38fa-f85e-4c73-b47b-0a1985db1227,15,15.87
0e1f2a3b-4c5d-6e7f-8a9b-0c1d2e3f4a5b,Registrar Recibos,2e310583-c106-4f2c-a6c3-c4b12ec30658,2,4.38
000a3793-827e-4616-84f9-0a23863e0a35,Revisión Gerencial,d822aaf2-81c6-4054-b63b-a2bec2d53509,9,10.06
f5ba7581-b2ac-4b3a-830e-64ab112f975a,Instalar Licencia,f615b16b-8fd1-43c9-97c0-a65e08960291,3,6.73
439df689-d1cf-41c3-883c-1b7713fe68e5,Iniciar Baja,c017087e-fcbc-4f47-ae54-78008d243fbf,1,3.52
000a3793-827e-4616-84f9-0a23863e0a35,Especificar Licencia,f615b16b-8fd1-43c9-97c0-a65e08960291,12,12.65
31ece703-f961-4e8e-a5c5-cd5c5b47e3db,Dispersión de Fondos,87f8e8d1-83e9-4ddb-9be0-fc955228db6d,10,10.19
993a46fb-a0b2-4d2c-88eb-11ab1c3d4e8c,Especificar Licencia,87f8e8d1-83e9-4ddb-9be0-fc955228db6d,14,18.11
8c9d0e1f-2a3b-4c5d-6e7f-8a9b0c1d2e3f,Aprobación Costos,f65f0bd7-27f5-4b8c-9641-94729f51744a,11,18.71
5c6d7e8f-9a0b-1c2d-3e4f-5a6b7c8d9e0f,Revisión Gerencial,3f72a8b2-777b-43c8-ba37-8f5d9fbd2135,10,16.99
2c3d4e5f-6a7b-8c9d-0e1f-2a3b4c5d6e7f,Solicitar Adelanto,d9b58f63-b601-433e-9861-2bf2ad90eeb6,4,7.3
a7b21cc3-d8cf-48af-8bb0-22cba4567e9b,Dispersión de Fondos,db614129-bb28-4b41-8a46-bea1444c388c,3,6.93
a7b21cc3-d8cf-48af-8bb0-22cba4567e9b,Iniciar Baja,8490fcc8-7f53-4704-ac48-99b48356b21c,0,2.63
31ece703-f961-4e8e-a5c5-cd5c5b47e3db,Evaluación Técnica,2084f511-720a-4096-80cd-5bc9b91cf5b6,8,8.72
31ece703-f961-4e8e-a5c5-cd5c5b47e3db,Autoevaluación,bebe41a9-85fc-43f3-a125-5c7f72b0898d,13,14.72
3c4d5e6f-7a8b-9c0d-1e2f-3a4b5c6d7e8f,Preparar Firma,3f72a8b2-777b-43c8-ba37-8f5d9fbd2135,3,4.41
bd9966b2-5fa2-4a4b-b924-59e817a5e756,Subir Borrador,2b549288-04a4-4705-bcd0-0332b683df27,2,6.17
f5ba7581-b2ac-4b3a-830e-64ab112f975a,Especificar Servidores,f615b16b-8fd1-43c9-97c0-a65e08960291,5,9.6
439df689-d1cf-41c3-883c-1b7713fe68e5,Iniciar Baja,7949fc3c-9284-40a0-8161-7b39cf9f9b2d,14,15.07
a7b21cc3-d8cf-48af-8bb0-22cba4567e9b,Validación de RRHH,a9eff785-5679-4a1b-91ef-6ca8712ddd18,3,7.06
6c7d8e9f-0a1b-2c3d-4e5f-6a7b8c9d0e1f,Solicitar Adelanto,eccb7c0d-52a7-4143-baad-ebee05361b50,13,16.47
f5ba7581-b2ac-4b3a-830e-64ab112f975a,Setup Tecnológico,d822aaf2-81c6-4054-b63b-a2bec2d53509,1,5.17
3c4d5e6f-7a8b-9c0d-1e2f-3a4b5c6d7e8f,Validar Capacitación,bebe41a9-85fc-43f3-a125-5c7f72b0898d,8,8.84
bd9966b2-5fa2-4a4b-b924-59e817a5e756,Iniciar Baja,87f8e8d1-83e9-4ddb-9be0-fc955228db6d,9,12.54
0e1f2a3b-4c5d-6e7f-8a9b-0c1d2e3f4a5b,Aprobar Presupuesto,4cd6a83f-a8b6-4b56-854d-5d3693ec4ab4,10,8.48
3c4d5e6f-7a8b-9c0d-1e2f-3a4b5c6d7e8f,Registrar Recibos,e121cbea-1209-4fe7-ad22-6cf09caf5b95,12,11.89
9c0d1e2f-3a4b-5c6d-7e8f-9a0b1c2d3e4f,Pago de Liquidación,f615b16b-8fd1-43c9-97c0-a65e08960291,6,6.99
111e9d86-cbd2-45ff-a809-4072bbe6a4d0,Validar Capacitación,a9eff785-5679-4a1b-91ef-6ca8712ddd18,4,7.12
a7b21cc3-d8cf-48af-8bb0-22cba4567e9b,Iniciar Baja,2e310583-c106-4f2c-a6c3-c4b12ec30658,13,14.02
439df689-d1cf-41c3-883c-1b7713fe68e5,Consolidar Gastos,7949fc3c-9284-40a0-8161-7b39cf9f9b2d,1,4.86
6c7d8e9f-0a1b-2c3d-4e5f-6a7b8c9d0e1f,Revisión de Seguridad,e1c69265-87e8-417b-b13a-2ae72c53d4e3,11,11.27
111e9d86-cbd2-45ff-a809-4072bbe6a4d0,Verificar Factura,4cd6a83f-a8b6-4b56-854d-5d3693ec4ab4,5,5.38
6720c739-1916-432b-b392-e698dcfd8112,Validar Comercial,d822aaf2-81c6-4054-b63b-a2bec2d53509,12,14.14
8c9d0e1f-2a3b-4c5d-6e7f-8a9b0c1d2e3f,Aprobación de Pago,87f8e8d1-83e9-4ddb-9be0-fc955228db6d,2,5.94
000a3793-827e-4616-84f9-0a23863e0a35,Procesar Transferencia,3f72a8b2-777b-43c8-ba37-8f5d9fbd2135,7,10.18
31ece703-f961-4e8e-a5c5-cd5c5b47e3db,Consolidación de RRHH,f65f0bd7-27f5-4b8c-9641-94729f51744a,15,15.87
000a3793-827e-4616-84f9-0a23863e0a35,Verificar Factura,f615b16b-8fd1-43c9-97c0-a65e08960291,6,5.92
6720c739-1916-432b-b392-e698dcfd8112,Enviar solicitud de vacaciones,4cd6a83f-a8b6-4b56-854d-5d3693ec4ab4,11,14.45
4c5d6e7f-8a9b-0c1d-2e3f-4a5b6c7d8e9f,Autorización Gerencia,d9b58f63-b601-433e-9861-2bf2ad90eeb6,15,15.28
a7b21cc3-d8cf-48af-8bb0-22cba4567e9b,Pago de Liquidación,bebe41a9-85fc-43f3-a125-5c7f72b0898d,0,3.98
9c0d1e2f-3a4b-5c6d-7e8f-9a0b1c2d3e4f,Registrar Recibos,f65f0bd7-27f5-4b8c-9641-94729f51744a,7,8.68
993a46fb-a0b2-4d2c-88eb-11ab1c3d4e8c,Validar Comercial,a9eff785-5679-4a1b-91ef-6ca8712ddd18,12,15.55
0e1f2a3b-4c5d-6e7f-8a9b-0c1d2e3f4a5b,Aprobación Costos,4cd6a83f-a8b6-4b56-854d-5d3693ec4ab4,0,2.7
993a46fb-a0b2-4d2c-88eb-11ab1c3d4e8c,Instalar Licencia,2e310583-c106-4f2c-a6c3-c4b12ec30658,4,7.55
000a3793-827e-4616-84f9-0a23863e0a35,Especificar Licencia,2084f511-720a-4096-80cd-5bc9b91cf5b6,7,9.47
2c3d4e5f-6a7b-8c9d-0e1f-2a3b4c5d6e7f,Verificar Factura,7949fc3c-9284-40a0-8161-7b39cf9f9b2d,14,13.16
000a3793-827e-4616-84f9-0a23863e0a35,Especificar Servidores,f65f0bd7-27f5-4b8c-9641-94729f51744a,0,3.68
31ece703-f961-4e8e-a5c5-cd5c5b47e3db,Presentar Requerimiento,f65f0bd7-27f5-4b8c-9641-94729f51744a,0,4.47
6c7d8e9f-0a1b-2c3d-4e5f-6a7b8c9d0e1f,Procesar Transferencia,2b549288-04a4-4705-bcd0-0332b683df27,12,13.38
2c3d4e5f-6a7b-8c9d-0e1f-2a3b4c5d6e7f,Validar Comercial,2e310583-c106-4f2c-a6c3-c4b12ec30658,13,14.25
5c6d7e8f-9a0b-1c2d-3e4f-5a6b7c8d9e0f,Dispersión de Fondos,87f8e8d1-83e9-4ddb-9be0-fc955228db6d,15,19.39
000a3793-827e-4616-84f9-0a23863e0a35,Detallar Curso,14791e8e-28e4-4f61-9593-d7a2653d97a3,6,9.46
111e9d86-cbd2-45ff-a809-4072bbe6a4d0,Especificar Servidores,f615b16b-8fd1-43c9-97c0-a65e08960291,11,13.62
2c3d4e5f-6a7b-8c9d-0e1f-2a3b4c5d6e7f,Aprobación Presupuesto,e04f861d-b880-4d7f-bf03-59ce8e435929,9,11.85
2c3d4e5f-6a7b-8c9d-0e1f-2a3b4c5d6e7f,Feedback de Manager,e04f861d-b880-4d7f-bf03-59ce8e435929,0,1.92
439df689-d1cf-41c3-883c-1b7713fe68e5,Verificar Stock,c017087e-fcbc-4f47-ae54-78008d243fbf,1,6.86
6720c739-1916-432b-b392-e698dcfd8112,Validar Capacitación,7949fc3c-9284-40a0-8161-7b39cf9f9b2d,10,13.55
6c7d8e9f-0a1b-2c3d-4e5f-6a7b8c9d0e1f,Presentar Requerimiento,7949fc3c-9284-40a0-8161-7b39cf9f9b2d,9,11.46
6c7d8e9f-0a1b-2c3d-4e5f-6a7b8c9d0e1f,Consolidar Gastos,eccb7c0d-52a7-4143-baad-ebee05361b50,11,12.0
f5ba7581-b2ac-4b3a-830e-64ab112f975a,Aprobación Presupuesto,2e310583-c106-4f2c-a6c3-c4b12ec30658,14,16.8
bd9966b2-5fa2-4a4b-b924-59e817a5e756,Reunión Bienvenida,f65f0bd7-27f5-4b8c-9641-94729f51744a,3,6.38
bd9966b2-5fa2-4a4b-b924-59e817a5e756,Verificar Factura,e1c69265-87e8-417b-b13a-2ae72c53d4e3,0,4.89
7c8d9e0f-1a2b-3c4d-5e6f-7a8b9c0d1e2f,Especificar Licencia,3f72a8b2-777b-43c8-ba37-8f5d9fbd2135,8,8.22
6c7d8e9f-0a1b-2c3d-4e5f-6a7b8c9d0e1f,Instalar Licencia,db614129-bb28-4b41-8a46-bea1444c388c,7,11.25
6c7d8e9f-0a1b-2c3d-4e5f-6a7b8c9d0e1f,Instalar Licencia,7949fc3c-9284-40a0-8161-7b39cf9f9b2d,0,4.36
8c9d0e1f-2a3b-4c5d-6e7f-8a9b0c1d2e3f,Especificar Servidores,2084f511-720a-4096-80cd-5bc9b91cf5b6,13,14.79
6c7d8e9f-0a1b-2c3d-4e5f-6a7b8c9d0e1f,Registrar Recibos,d822aaf2-81c6-4054-b63b-a2bec2d53509,9,11.56
993a46fb-a0b2-4d2c-88eb-11ab1c3d4e8c,Consolidación de RRHH,0eea38fa-f85e-4c73-b47b-0a1985db1227,1,5.95
31ece703-f961-4e8e-a5c5-cd5c5b47e3db,Aprobación Costos,2084f511-720a-4096-80cd-5bc9b91cf5b6,9,11.26
7c8d9e0f-1a2b-3c4d-5e6f-7a8b9c0d1e2f,Feedback de Manager,eccb7c0d-52a7-4143-baad-ebee05361b50,5,5.92
f5ba7581-b2ac-4b3a-830e-64ab112f975a,Validar Capacitación,7949fc3c-9284-40a0-8161-7b39cf9f9b2d,6,9.1
9c0d1e2f-3a4b-5c6d-7e8f-9a0b1c2d3e4f,Aprobación de Pago,14791e8e-28e4-4f61-9593-d7a2653d97a3,3,3.97
111e9d86-cbd2-45ff-a809-4072bbe6a4d0,Aprobar Presupuesto,2084f511-720a-4096-80cd-5bc9b91cf5b6,15,15.21
439df689-d1cf-41c3-883c-1b7713fe68e5,Enviar solicitud de vacaciones,c017087e-fcbc-4f47-ae54-78008d243fbf,4,7.41
6720c739-1916-432b-b392-e698dcfd8112,Setup Tecnológico,e1c69265-87e8-417b-b13a-2ae72c53d4e3,7,9.4
6c7d8e9f-0a1b-2c3d-4e5f-6a7b8c9d0e1f,Especificar Servidores,db614129-bb28-4b41-8a46-bea1444c388c,10,11.57
3c4d5e6f-7a8b-9c0d-1e2f-3a4b5c6d7e8f,Feedback de Manager,eccb7c0d-52a7-4143-baad-ebee05361b50,8,9.33
2c3d4e5f-6a7b-8c9d-0e1f-2a3b4c5d6e7f,Presentar Requerimiento,87f8e8d1-83e9-4ddb-9be0-fc955228db6d,2,2.77
5c6d7e8f-9a0b-1c2d-3e4f-5a6b7c8d9e0f,Enviar solicitud de vacaciones,db614129-bb28-4b41-8a46-bea1444c388c,6,8.7
111e9d86-cbd2-45ff-a809-4072bbe6a4d0,Instalar Licencia,14791e8e-28e4-4f61-9593-d7a2653d97a3,13,13.59
111e9d86-cbd2-45ff-a809-4072bbe6a4d0,Enviar solicitud de vacaciones,db614129-bb28-4b41-8a46-bea1444c388c,8,11.74
7c8d9e0f-1a2b-3c4d-5e6f-7a8b9c0d1e2f,Presentar Requerimiento,87f8e8d1-83e9-4ddb-9be0-fc955228db6d,5,9.55
7c8d9e0f-1a2b-3c4d-5e6f-7a8b9c0d1e2f,Revisión Contable,87f8e8d1-83e9-4ddb-9be0-fc955228db6d,14,14.9
5c6d7e8f-9a0b-1c2d-3e4f-5a6b7c8d9e0f,Revisión Contable,87f8e8d1-83e9-4ddb-9be0-fc955228db6d,8,10.26
8c9d0e1f-2a3b-4c5d-6e7f-8a9b0c1d2e3f,Cerrar Accesos,c017087e-fcbc-4f47-ae54-78008d243fbf,10,14.02
439df689-d1cf-41c3-883c-1b7713fe68e5,Autorización Gerencia,f615b16b-8fd1-43c9-97c0-a65e08960291,2,4.37
5c6d7e8f-9a0b-1c2d-3e4f-5a6b7c8d9e0f,Dispersión de Fondos,e04f861d-b880-4d7f-bf03-59ce8e435929,8,12.65
111e9d86-cbd2-45ff-a809-4072bbe6a4d0,Iniciar Baja,a9eff785-5679-4a1b-91ef-6ca8712ddd18,12,11.66
111e9d86-cbd2-45ff-a809-4072bbe6a4d0,Aprobación del manager,3f72a8b2-777b-43c8-ba37-8f5d9fbd2135,15,15.65
4c5d6e7f-8a9b-0c1d-2e3f-4a5b6c7d8e9f,Especificar Licencia,8490fcc8-7f53-4704-ac48-99b48356b21c,13,13.41
a7b21cc3-d8cf-48af-8bb0-22cba4567e9b,Aprobación Presupuesto,d9b58f63-b601-433e-9861-2bf2ad90eeb6,5,8.07
6720c739-1916-432b-b392-e698dcfd8112,Inicio del Proceso,4cd6a83f-a8b6-4b56-854d-5d3693ec4ab4,5,7.07
6720c739-1916-432b-b392-e698dcfd8112,Verificar Stock,3f72a8b2-777b-43c8-ba37-8f5d9fbd2135,13,14.15
2c3d4e5f-6a7b-8c9d-0e1f-2a3b4c5d6e7f,Aprobación Costos,f65f0bd7-27f5-4b8c-9641-94729f51744a,0,2.44
2c3d4e5f-6a7b-8c9d-0e1f-2a3b4c5d6e7f,Aprobación del manager,d822aaf2-81c6-4054-b63b-a2bec2d53509,14,14.12
6720c739-1916-432b-b392-e698dcfd8112,Verificar Stock,7949fc3c-9284-40a0-8161-7b39cf9f9b2d,5,7.6
f5ba7581-b2ac-4b3a-830e-64ab112f975a,Revisión Gerencial,e1c69265-87e8-417b-b13a-2ae72c53d4e3,3,7.86
8c9d0e1f-2a3b-4c5d-6e7f-8a9b0c1d2e3f,Validar Capacitación,0eea38fa-f85e-4c73-b47b-0a1985db1227,15,19.72
6c7d8e9f-0a1b-2c3d-4e5f-6a7b8c9d0e1f,Detallar Curso,f615b16b-8fd1-43c9-97c0-a65e08960291,3,5.9
7c8d9e0f-1a2b-3c4d-5e6f-7a8b9c0d1e2f,Inicio del Proceso,bebe41a9-85fc-43f3-a125-5c7f72b0898d,6,7.33
8c9d0e1f-2a3b-4c5d-6e7f-8a9b0c1d2e3f,Inicio del Proceso,db614129-bb28-4b41-8a46-bea1444c388c,1,8.65
9c0d1e2f-3a4b-5c6d-7e8f-9a0b1c2d3e4f,Aprobación Costos,2084f511-720a-4096-80cd-5bc9b91cf5b6,14,14.37
000a3793-827e-4616-84f9-0a23863e0a35,Detallar Curso,d9b58f63-b601-433e-9861-2bf2ad90eeb6,12,13.5
31ece703-f961-4e8e-a5c5-cd5c5b47e3db,Solicitar Adelanto,3f72a8b2-777b-43c8-ba37-8f5d9fbd2135,8,9.88
bd9966b2-5fa2-4a4b-b924-59e817a5e756,Enviar solicitud de vacaciones,8490fcc8-7f53-4704-ac48-99b48356b21c,3,6.3
3c4d5e6f-7a8b-9c0d-1e2f-3a4b5c6d7e8f,Iniciar Baja,e121cbea-1209-4fe7-ad22-6cf09caf5b95,8,11.4
000a3793-827e-4616-84f9-0a23863e0a35,Validar Capacitación,7949fc3c-9284-40a0-8161-7b39cf9f9b2d,0,4.62
6720c739-1916-432b-b392-e698dcfd8112,Setup Tecnológico,e04f861d-b880-4d7f-bf03-59ce8e435929,9,11.62
439df689-d1cf-41c3-883c-1b7713fe68e5,Aprobar Presupuesto,db614129-bb28-4b41-8a46-bea1444c388c,4,6.68
6c7d8e9f-0a1b-2c3d-4e5f-6a7b8c9d0e1f,Verificar Stock,2084f511-720a-4096-80cd-5bc9b91cf5b6,7,7.89
8c9d0e1f-2a3b-4c5d-6e7f-8a9b0c1d2e3f,Aprobación Presupuesto,14791e8e-28e4-4f61-9593-d7a2653d97a3,13,16.52
993a46fb-a0b2-4d2c-88eb-11ab1c3d4e8c,Especificar Licencia,14791e8e-28e4-4f61-9593-d7a2653d97a3,8,14.63
3c4d5e6f-7a8b-9c0d-1e2f-3a4b5c6d7e8f,Subir Borrador,2b549288-04a4-4705-bcd0-0332b683df27,10,13.21
439df689-d1cf-41c3-883c-1b7713fe68e5,Habilitar Permisos,eccb7c0d-52a7-4143-baad-ebee05361b50,2,5.13
7c8d9e0f-1a2b-3c4d-5e6f-7a8b9c0d1e2f,Aprobación Costos,f615b16b-8fd1-43c9-97c0-a65e08960291,8,12.04
439df689-d1cf-41c3-883c-1b7713fe68e5,Setup Tecnológico,7949fc3c-9284-40a0-8161-7b39cf9f9b2d,13,14.28
2c3d4e5f-6a7b-8c9d-0e1f-2a3b4c5d6e7f,Validar Capacitación,a9eff785-5679-4a1b-91ef-6ca8712ddd18,9,12.29
3c4d5e6f-7a8b-9c0d-1e2f-3a4b5c6d7e8f,Firma Director,3f72a8b2-777b-43c8-ba37-8f5d9fbd2135,5,7.76
439df689-d1cf-41c3-883c-1b7713fe68e5,Revisión Gerencial,e1c69265-87e8-417b-b13a-2ae72c53d4e3,6,10.21
9c0d1e2f-3a4b-5c6d-7e8f-9a0b1c2d3e4f,Pago de Liquidación,7949fc3c-9284-40a0-8161-7b39cf9f9b2d,0,4.83
993a46fb-a0b2-4d2c-88eb-11ab1c3d4e8c,Setup Tecnológico,2e310583-c106-4f2c-a6c3-c4b12ec30658,5,7.87
5c6d7e8f-9a0b-1c2d-3e4f-5a6b7c8d9e0f,Detallar Curso,f615b16b-8fd1-43c9-97c0-a65e08960291,6,11.85
31ece703-f961-4e8e-a5c5-cd5c5b47e3db,Inicio del Proceso,2084f511-720a-4096-80cd-5bc9b91cf5b6,5,7.66
31ece703-f961-4e8e-a5c5-cd5c5b47e3db,Validar Elegibilidad,2e310583-c106-4f2c-a6c3-c4b12ec30658,10,13.3
0e1f2a3b-4c5d-6e7f-8a9b-0c1d2e3f4a5b,Validar Comercial,14791e8e-28e4-4f61-9593-d7a2653d97a3,8,8.51
3c4d5e6f-7a8b-9c0d-1e2f-3a4b5c6d7e8f,Aprobación Costos,2e310583-c106-4f2c-a6c3-c4b12ec30658,1,3.14
439df689-d1cf-41c3-883c-1b7713fe68e5,Revisión de Seguridad,87f8e8d1-83e9-4ddb-9be0-fc955228db6d,0,5.16
31ece703-f961-4e8e-a5c5-cd5c5b47e3db,Entrega del Equipo,7949fc3c-9284-40a0-8161-7b39cf9f9b2d,1,5.41
2c3d4e5f-6a7b-8c9d-0e1f-2a3b4c5d6e7f,Habilitar Permisos,2b549288-04a4-4705-bcd0-0332b683df27,4,7.05
a7b21cc3-d8cf-48af-8bb0-22cba4567e9b,Consolidación de RRHH,bebe41a9-85fc-43f3-a125-5c7f72b0898d,0,2.63
6c7d8e9f-0a1b-2c3d-4e5f-6a7b8c9d0e1f,Entrega del Equipo,4cd6a83f-a8b6-4b56-854d-5d3693ec4ab4,1,5.77
f5ba7581-b2ac-4b3a-830e-64ab112f975a,Aprobar Presupuesto,14791e8e-28e4-4f61-9593-d7a2653d97a3,10,10.97
6720c739-1916-432b-b392-e698dcfd8112,Validar Elegibilidad,e121cbea-1209-4fe7-ad22-6cf09caf5b95,10,10.2
2c3d4e5f-6a7b-8c9d-0e1f-2a3b4c5d6e7f,Verificar Factura,2e310583-c106-4f2c-a6c3-c4b12ec30658,12,12.85
6720c739-1916-432b-b392-e698dcfd8112,Detallar Curso,f615b16b-8fd1-43c9-97c0-a65e08960291,0,3.48
2c3d4e5f-6a7b-8c9d-0e1f-2a3b4c5d6e7f,Solicitar Adelanto,d822aaf2-81c6-4054-b63b-a2bec2d53509,6,9.28
111e9d86-cbd2-45ff-a809-4072bbe6a4d0,Presentar Requerimiento,a9eff785-5679-4a1b-91ef-6ca8712ddd18,1,3.59
993a46fb-a0b2-4d2c-88eb-11ab1c3d4e8c,Verificar Factura,3f72a8b2-777b-43c8-ba37-8f5d9fbd2135,8,11.21
2c3d4e5f-6a7b-8c9d-0e1f-2a3b4c5d6e7f,Instalar Licencia,8490fcc8-7f53-4704-ac48-99b48356b21c,0,1.41
000a3793-827e-4616-84f9-0a23863e0a35,Aprobación Costos,db614129-bb28-4b41-8a46-bea1444c388c,12,11.05
6720c739-1916-432b-b392-e698dcfd8112,Feedback de Manager,a9eff785-5679-4a1b-91ef-6ca8712ddd18,15,15.12
8c9d0e1f-2a3b-4c5d-6e7f-8a9b0c1d2e3f,Evaluación Técnica,c017087e-fcbc-4f47-ae54-78008d243fbf,6,11.86
2c3d4e5f-6a7b-8c9d-0e1f-2a3b4c5d6e7f,Habilitar Permisos,c017087e-fcbc-4f47-ae54-78008d243fbf,15,16.23
3c4d5e6f-7a8b-9c0d-1e2f-3a4b5c6d7e8f,Especificar Servidores,2b549288-04a4-4705-bcd0-0332b683df27,15,13.35
3c4d5e6f-7a8b-9c0d-1e2f-3a4b5c6d7e8f,Especificar Licencia,0eea38fa-f85e-4c73-b47b-0a1985db1227,12,13.5
2c3d4e5f-6a7b-8c9d-0e1f-2a3b4c5d6e7f,Instalar Licencia,eccb7c0d-52a7-4143-baad-ebee05361b50,5,9.47
bd9966b2-5fa2-4a4b-b924-59e817a5e756,Subir Borrador,c017087e-fcbc-4f47-ae54-78008d243fbf,15,13.55
a7b21cc3-d8cf-48af-8bb0-22cba4567e9b,Autoevaluación,d822aaf2-81c6-4054-b63b-a2bec2d53509,8,10.45
000a3793-827e-4616-84f9-0a23863e0a35,Consolidación de RRHH,db614129-bb28-4b41-8a46-bea1444c388c,10,10.64
000a3793-827e-4616-84f9-0a23863e0a35,Verificar Stock,0eea38fa-f85e-4c73-b47b-0a1985db1227,3,6.26
9c0d1e2f-3a4b-5c6d-7e8f-9a0b1c2d3e4f,Aprobación del manager,14791e8e-28e4-4f61-9593-d7a2653d97a3,8,8.16
31ece703-f961-4e8e-a5c5-cd5c5b47e3db,Dispersión de Fondos,f65f0bd7-27f5-4b8c-9641-94729f51744a,13,15.15
8c9d0e1f-2a3b-4c5d-6e7f-8a9b0c1d2e3f,Iniciar Baja,e1c69265-87e8-417b-b13a-2ae72c53d4e3,8,14.72
000a3793-827e-4616-84f9-0a23863e0a35,Firma Director,e04f861d-b880-4d7f-bf03-59ce8e435929,4,6.83
7c8d9e0f-1a2b-3c4d-5e6f-7a8b9c0d1e2f,Preparar Firma,3f72a8b2-777b-43c8-ba37-8f5d9fbd2135,5,8.12
0e1f2a3b-4c5d-6e7f-8a9b-0c1d2e3f4a5b,Procesar Transferencia,2084f511-720a-4096-80cd-5bc9b91cf5b6,2,4.63
5c6d7e8f-9a0b-1c2d-3e4f-5a6b7c8d9e0f,Aprobar Presupuesto,8490fcc8-7f53-4704-ac48-99b48356b21c,7,15.35
f5ba7581-b2ac-4b3a-830e-64ab112f975a,Especificar Licencia,e121cbea-1209-4fe7-ad22-6cf09caf5b95,7,9.23
0e1f2a3b-4c5d-6e7f-8a9b-0c1d2e3f4a5b,Aprobación del manager,e121cbea-1209-4fe7-ad22-6cf09caf5b95,9,10.61
9c0d1e2f-3a4b-5c6d-7e8f-9a0b1c2d3e4f,Revisión Contable,2e310583-c106-4f2c-a6c3-c4b12ec30658,8,10.61
4c5d6e7f-8a9b-0c1d-2e3f-4a5b6c7d8e9f,Revisión de Seguridad,0eea38fa-f85e-4c73-b47b-0a1985db1227,11,9.49
4c5d6e7f-8a9b-0c1d-2e3f-4a5b6c7d8e9f,Pago de Liquidación,f615b16b-8fd1-43c9-97c0-a65e08960291,5,9.82
bd9966b2-5fa2-4a4b-b924-59e817a5e756,Verificar Stock,c017087e-fcbc-4f47-ae54-78008d243fbf,10,8.87
6720c739-1916-432b-b392-e698dcfd8112,Solicitar Adelanto,c017087e-fcbc-4f47-ae54-78008d243fbf,15,16.42
8c9d0e1f-2a3b-4c5d-6e7f-8a9b0c1d2e3f,Detallar Curso,0eea38fa-f85e-4c73-b47b-0a1985db1227,2,9.31
bd9966b2-5fa2-4a4b-b924-59e817a5e756,Iniciar Baja,4cd6a83f-a8b6-4b56-854d-5d3693ec4ab4,11,13.03
31ece703-f961-4e8e-a5c5-cd5c5b47e3db,Procesar Transferencia,3f72a8b2-777b-43c8-ba37-8f5d9fbd2135,7,8.04
f5ba7581-b2ac-4b3a-830e-64ab112f975a,Setup Tecnológico,db614129-bb28-4b41-8a46-bea1444c388c,10,12.46
bd9966b2-5fa2-4a4b-b924-59e817a5e756,Validación de RRHH,e121cbea-1209-4fe7-ad22-6cf09caf5b95,2,6.27
31ece703-f961-4e8e-a5c5-cd5c5b47e3db,Inicio de la solicitud,d9b58f63-b601-433e-9861-2bf2ad90eeb6,9,12.1
111e9d86-cbd2-45ff-a809-4072bbe6a4d0,Autorización Gerencia,e04f861d-b880-4d7f-bf03-59ce8e435929,12,11.54
993a46fb-a0b2-4d2c-88eb-11ab1c3d4e8c,Presentar Requerimiento,2b549288-04a4-4705-bcd0-0332b683df27,2,12.33
6c7d8e9f-0a1b-2c3d-4e5f-6a7b8c9d0e1f,Aprobación de Pago,2e310583-c106-4f2c-a6c3-c4b12ec30658,4,9.37
111e9d86-cbd2-45ff-a809-4072bbe6a4d0,Autorización Gerencia,4cd6a83f-a8b6-4b56-854d-5d3693ec4ab4,12,12.96
a7b21cc3-d8cf-48af-8bb0-22cba4567e9b,Subir Borrador,f615b16b-8fd1-43c9-97c0-a65e08960291,12,12.09
4c5d6e7f-8a9b-0c1d-2e3f-4a5b6c7d8e9f,Validar Comercial,3f72a8b2-777b-43c8-ba37-8f5d9fbd2135,11,13.01
5c6d7e8f-9a0b-1c2d-3e4f-5a6b7c8d9e0f,Pago de Liquidación,bebe41a9-85fc-43f3-a125-5c7f72b0898d,7,15.0
0e1f2a3b-4c5d-6e7f-8a9b-0c1d2e3f4a5b,Reunión Bienvenida,3f72a8b2-777b-43c8-ba37-8f5d9fbd2135,3,3.75
31ece703-f961-4e8e-a5c5-cd5c5b47e3db,Autoevaluación,c017087e-fcbc-4f47-ae54-78008d243fbf,15,14.28
f5ba7581-b2ac-4b3a-830e-64ab112f975a,Especificar Licencia,4cd6a83f-a8b6-4b56-854d-5d3693ec4ab4,11,9.88
bd9966b2-5fa2-4a4b-b924-59e817a5e756,Aprobación Costos,2e310583-c106-4f2c-a6c3-c4b12ec30658,14,13.53
0e1f2a3b-4c5d-6e7f-8a9b-0c1d2e3f4a5b,Detallar Curso,2b549288-04a4-4705-bcd0-0332b683df27,8,9.52
6720c739-1916-432b-b392-e698dcfd8112,Aprobación de Pago,e04f861d-b880-4d7f-bf03-59ce8e435929,3,5.53
f5ba7581-b2ac-4b3a-830e-64ab112f975a,Pago de Liquidación,d822aaf2-81c6-4054-b63b-a2bec2d53509,8,12.43
2c3d4e5f-6a7b-8c9d-0e1f-2a3b4c5d6e7f,Evaluación Técnica,f65f0bd7-27f5-4b8c-9641-94729f51744a,10,11.98
6720c739-1916-432b-b392-e698dcfd8112,Verificar Factura,eccb7c0d-52a7-4143-baad-ebee05361b50,5,8.67
9c0d1e2f-3a4b-5c6d-7e8f-9a0b1c2d3e4f,Revisión Gerencial,eccb7c0d-52a7-4143-baad-ebee05361b50,14,13.22
7c8d9e0f-1a2b-3c4d-5e6f-7a8b9c0d1e2f,Feedback de Manager,87f8e8d1-83e9-4ddb-9be0-fc955228db6d,12,14.58
5c6d7e8f-9a0b-1c2d-3e4f-5a6b7c8d9e0f,Procesar Transferencia,a9eff785-5679-4a1b-91ef-6ca8712ddd18,13,17.88
0e1f2a3b-4c5d-6e7f-8a9b-0c1d2e3f4a5b,Preparar Firma,8490fcc8-7f53-4704-ac48-99b48356b21c,13,13.22
0e1f2a3b-4c5d-6e7f-8a9b-0c1d2e3f4a5b,Validar Elegibilidad,e1c69265-87e8-417b-b13a-2ae72c53d4e3,5,5.37
0e1f2a3b-4c5d-6e7f-8a9b-0c1d2e3f4a5b,Revisión Gerencial,e04f861d-b880-4d7f-bf03-59ce8e435929,9,9.38
000a3793-827e-4616-84f9-0a23863e0a35,Consolidar Gastos,d822aaf2-81c6-4054-b63b-a2bec2d53509,8,8.68
5c6d7e8f-9a0b-1c2d-3e4f-5a6b7c8d9e0f,Procesar Transferencia,8490fcc8-7f53-4704-ac48-99b48356b21c,9,13.18
0e1f2a3b-4c5d-6e7f-8a9b-0c1d2e3f4a5b,Inicio del Proceso,d9b58f63-b601-433e-9861-2bf2ad90eeb6,1,2.48
2c3d4e5f-6a7b-8c9d-0e1f-2a3b4c5d6e7f,Verificar Stock,4cd6a83f-a8b6-4b56-854d-5d3693ec4ab4,9,12.41
4c5d6e7f-8a9b-0c1d-2e3f-4a5b6c7d8e9f,Autoevaluación,0eea38fa-f85e-4c73-b47b-0a1985db1227,0,5.73
000a3793-827e-4616-84f9-0a23863e0a35,Aprobación Costos,3f72a8b2-777b-43c8-ba37-8f5d9fbd2135,7,9.03
000a3793-827e-4616-84f9-0a23863e0a35,Detallar Curso,f615b16b-8fd1-43c9-97c0-a65e08960291,11,10.06
439df689-d1cf-41c3-883c-1b7713fe68e5,Solicitar Adelanto,e1c69265-87e8-417b-b13a-2ae72c53d4e3,7,9.72
8c9d0e1f-2a3b-4c5d-6e7f-8a9b0c1d2e3f,Enviar solicitud de vacaciones,7949fc3c-9284-40a0-8161-7b39cf9f9b2d,0,4.6
6720c739-1916-432b-b392-e698dcfd8112,Feedback de Manager,e121cbea-1209-4fe7-ad22-6cf09caf5b95,9,12.31
2c3d4e5f-6a7b-8c9d-0e1f-2a3b4c5d6e7f,Subir Borrador,0eea38fa-f85e-4c73-b47b-0a1985db1227,12,12.66
7c8d9e0f-1a2b-3c4d-5e6f-7a8b9c0d1e2f,Instalar Licencia,d9b58f63-b601-433e-9861-2bf2ad90eeb6,13,13.07
7c8d9e0f-1a2b-3c4d-5e6f-7a8b9c0d1e2f,Reunión Bienvenida,3f72a8b2-777b-43c8-ba37-8f5d9fbd2135,6,6.45
f5ba7581-b2ac-4b3a-830e-64ab112f975a,Setup Tecnológico,3f72a8b2-777b-43c8-ba37-8f5d9fbd2135,6,7.11
4c5d6e7f-8a9b-0c1d-2e3f-4a5b6c7d8e9f,Aprobar Presupuesto,a9eff785-5679-4a1b-91ef-6ca8712ddd18,15,17.85
6720c739-1916-432b-b392-e698dcfd8112,Iniciar Baja,e04f861d-b880-4d7f-bf03-59ce8e435929,10,11.31
31ece703-f961-4e8e-a5c5-cd5c5b47e3db,Iniciar Baja,2084f511-720a-4096-80cd-5bc9b91cf5b6,11,11.7
6c7d8e9f-0a1b-2c3d-4e5f-6a7b8c9d0e1f,Registrar Recibos,d9b58f63-b601-433e-9861-2bf2ad90eeb6,8,8.76
6720c739-1916-432b-b392-e698dcfd8112,Procesar Transferencia,f615b16b-8fd1-43c9-97c0-a65e08960291,12,12.02
111e9d86-cbd2-45ff-a809-4072bbe6a4d0,Verificar Stock,2084f511-720a-4096-80cd-5bc9b91cf5b6,10,9.62
6720c739-1916-432b-b392-e698dcfd8112,Verificar Factura,bebe41a9-85fc-43f3-a125-5c7f72b0898d,10,12.52
000a3793-827e-4616-84f9-0a23863e0a35,Validación de RRHH,eccb7c0d-52a7-4143-baad-ebee05361b50,2,3.56
a7b21cc3-d8cf-48af-8bb0-22cba4567e9b,Revisión Gerencial,f65f0bd7-27f5-4b8c-9641-94729f51744a,4,9.16
8c9d0e1f-2a3b-4c5d-6e7f-8a9b0c1d2e3f,Enviar solicitud de vacaciones,8490fcc8-7f53-4704-ac48-99b48356b21c,15,19.27
8c9d0e1f-2a3b-4c5d-6e7f-8a9b0c1d2e3f,Validar Elegibilidad,d822aaf2-81c6-4054-b63b-a2bec2d53509,1,4.17
bd9966b2-5fa2-4a4b-b924-59e817a5e756,Reunión Bienvenida,bebe41a9-85fc-43f3-a125-5c7f72b0898d,1,5.03
f5ba7581-b2ac-4b3a-830e-64ab112f975a,Especificar Licencia,2b549288-04a4-4705-bcd0-0332b683df27,6,7.2
6c7d8e9f-0a1b-2c3d-4e5f-6a7b8c9d0e1f,Registrar Recibos,e04f861d-b880-4d7f-bf03-59ce8e435929,13,15.67
6c7d8e9f-0a1b-2c3d-4e5f-6a7b8c9d0e1f,Solicitar Adelanto,bebe41a9-85fc-43f3-a125-5c7f72b0898d,10,12.72
0e1f2a3b-4c5d-6e7f-8a9b-0c1d2e3f4a5b,Validar Elegibilidad,e04f861d-b880-4d7f-bf03-59ce8e435929,3,4.32
31ece703-f961-4e8e-a5c5-cd5c5b47e3db,Inicio de la solicitud,c017087e-fcbc-4f47-ae54-78008d243fbf,7,11.17
bd9966b2-5fa2-4a4b-b924-59e817a5e756,Instalar Licencia,f65f0bd7-27f5-4b8c-9641-94729f51744a,1,6.37
a7b21cc3-d8cf-48af-8bb0-22cba4567e9b,Procesar Transferencia,e121cbea-1209-4fe7-ad22-6cf09caf5b95,2,4.81
9c0d1e2f-3a4b-5c6d-7e8f-9a0b1c2d3e4f,Revisión Contable,e04f861d-b880-4d7f-bf03-59ce8e435929,13,13.39
2c3d4e5f-6a7b-8c9d-0e1f-2a3b4c5d6e7f,Aprobación de Pago,0eea38fa-f85e-4c73-b47b-0a1985db1227,8,10.05
2c3d4e5f-6a7b-8c9d-0e1f-2a3b4c5d6e7f,Presentar Requerimiento,2e310583-c106-4f2c-a6c3-c4b12ec30658,11,12.16
31ece703-f961-4e8e-a5c5-cd5c5b47e3db,Validar Capacitación,bebe41a9-85fc-43f3-a125-5c7f72b0898d,2,6.17
8c9d0e1f-2a3b-4c5d-6e7f-8a9b0c1d2e3f,Habilitar Permisos,bebe41a9-85fc-43f3-a125-5c7f72b0898d,12,19.3
6720c739-1916-432b-b392-e698dcfd8112,Consolidar Gastos,db614129-bb28-4b41-8a46-bea1444c388c,10,9.38
31ece703-f961-4e8e-a5c5-cd5c5b47e3db,Revisión Gerencial,d9b58f63-b601-433e-9861-2bf2ad90eeb6,2,4.35
439df689-d1cf-41c3-883c-1b7713fe68e5,Verificar Stock,d9b58f63-b601-433e-9861-2bf2ad90eeb6,1,4.55
8c9d0e1f-2a3b-4c5d-6e7f-8a9b0c1d2e3f,Revisión Gerencial,d822aaf2-81c6-4054-b63b-a2bec2d53509,3,12.39
993a46fb-a0b2-4d2c-88eb-11ab1c3d4e8c,Preparar Firma,87f8e8d1-83e9-4ddb-9be0-fc955228db6d,8,11.4
4c5d6e7f-8a9b-0c1d-2e3f-4a5b6c7d8e9f,Reunión Bienvenida,0eea38fa-f85e-4c73-b47b-0a1985db1227,10,13.96
7c8d9e0f-1a2b-3c4d-5e6f-7a8b9c0d1e2f,Detallar Curso,e04f861d-b880-4d7f-bf03-59ce8e435929,5,10.33
2c3d4e5f-6a7b-8c9d-0e1f-2a3b4c5d6e7f,Verificar Factura,2e310583-c106-4f2c-a6c3-c4b12ec30658,9,11.01
a7b21cc3-d8cf-48af-8bb0-22cba4567e9b,Consolidación de RRHH,a9eff785-5679-4a1b-91ef-6ca8712ddd18,4,8.23
8c9d0e1f-2a3b-4c5d-6e7f-8a9b0c1d2e3f,Autorización Gerencia,e1c69265-87e8-417b-b13a-2ae72c53d4e3,11,14.12
6720c739-1916-432b-b392-e698dcfd8112,Especificar Licencia,2e310583-c106-4f2c-a6c3-c4b12ec30658,6,9.89
0e1f2a3b-4c5d-6e7f-8a9b-0c1d2e3f4a5b,Validar Comercial,d822aaf2-81c6-4054-b63b-a2bec2d53509,5,4.79
5c6d7e8f-9a0b-1c2d-3e4f-5a6b7c8d9e0f,Dispersión de Fondos,e04f861d-b880-4d7f-bf03-59ce8e435929,9,15.54
6c7d8e9f-0a1b-2c3d-4e5f-6a7b8c9d0e1f,Presentar Requerimiento,a9eff785-5679-4a1b-91ef-6ca8712ddd18,1,2.67
000a3793-827e-4616-84f9-0a23863e0a35,Especificar Servidores,bebe41a9-85fc-43f3-a125-5c7f72b0898d,1,5.66
f5ba7581-b2ac-4b3a-830e-64ab112f975a,Habilitar Permisos,e121cbea-1209-4fe7-ad22-6cf09caf5b95,12,11.9
8c9d0e1f-2a3b-4c5d-6e7f-8a9b0c1d2e3f,Revisión de Seguridad,2084f511-720a-4096-80cd-5bc9b91cf5b6,1,5.91
8c9d0e1f-2a3b-4c5d-6e7f-8a9b0c1d2e3f,Verificar Stock,a9eff785-5679-4a1b-91ef-6ca8712ddd18,10,18.3
0e1f2a3b-4c5d-6e7f-8a9b-0c1d2e3f4a5b,Consolidar Gastos,0eea38fa-f85e-4c73-b47b-0a1985db1227,0,0.5
439df689-d1cf-41c3-883c-1b7713fe68e5,Feedback de Manager,e1c69265-87e8-417b-b13a-2ae72c53d4e3,0,5.18
6720c739-1916-432b-b392-e698dcfd8112,Enviar solicitud de vacaciones,db614129-bb28-4b41-8a46-bea1444c388c,9,10.78
31ece703-f961-4e8e-a5c5-cd5c5b47e3db,Aprobación del manager,3f72a8b2-777b-43c8-ba37-8f5d9fbd2135,2,7.24
9c0d1e2f-3a4b-5c6d-7e8f-9a0b1c2d3e4f,Consolidación de RRHH,7949fc3c-9284-40a0-8161-7b39cf9f9b2d,1,2.47
3c4d5e6f-7a8b-9c0d-1e2f-3a4b5c6d7e8f,Dispersión de Fondos,e1c69265-87e8-417b-b13a-2ae72c53d4e3,13,14.25
0e1f2a3b-4c5d-6e7f-8a9b-0c1d2e3f4a5b,Inicio del Proceso,f615b16b-8fd1-43c9-97c0-a65e08960291,2,3.54
4c5d6e7f-8a9b-0c1d-2e3f-4a5b6c7d8e9f,Cerrar Accesos,e04f861d-b880-4d7f-bf03-59ce8e435929,14,14.13
3c4d5e6f-7a8b-9c0d-1e2f-3a4b5c6d7e8f,Setup Tecnológico,8490fcc8-7f53-4704-ac48-99b48356b21c,10,12.98
000a3793-827e-4616-84f9-0a23863e0a35,Aprobación Presupuesto,a9eff785-5679-4a1b-91ef-6ca8712ddd18,6,6.24
3c4d5e6f-7a8b-9c0d-1e2f-3a4b5c6d7e8f,Aprobación Costos,87f8e8d1-83e9-4ddb-9be0-fc955228db6d,7,9.44
111e9d86-cbd2-45ff-a809-4072bbe6a4d0,Subir Borrador,db614129-bb28-4b41-8a46-bea1444c388c,15,16.99
2c3d4e5f-6a7b-8c9d-0e1f-2a3b4c5d6e7f,Revisión de Seguridad,e1c69265-87e8-417b-b13a-2ae72c53d4e3,12,12.43
bd9966b2-5fa2-4a4b-b924-59e817a5e756,Aprobación del manager,d822aaf2-81c6-4054-b63b-a2bec2d53509,12,13.1
4c5d6e7f-8a9b-0c1d-2e3f-4a5b6c7d8e9f,Setup Tecnológico,f615b16b-8fd1-43c9-97c0-a65e08960291,13,14.15
31ece703-f961-4e8e-a5c5-cd5c5b47e3db,Iniciar Baja,e121cbea-1209-4fe7-ad22-6cf09caf5b95,4,7.91
4c5d6e7f-8a9b-0c1d-2e3f-4a5b6c7d8e9f,Iniciar Baja,8490fcc8-7f53-4704-ac48-99b48356b21c,9,10.14
f5ba7581-b2ac-4b3a-830e-64ab112f975a,Verificar Stock,3f72a8b2-777b-43c8-ba37-8f5d9fbd2135,1,4.59
000a3793-827e-4616-84f9-0a23863e0a35,Consolidar Gastos,3f72a8b2-777b-43c8-ba37-8f5d9fbd2135,12,11.52
7c8d9e0f-1a2b-3c4d-5e6f-7a8b9c0d1e2f,Aprobación Presupuesto,7949fc3c-9284-40a0-8161-7b39cf9f9b2d,13,11.45
3c4d5e6f-7a8b-9c0d-1e2f-3a4b5c6d7e8f,Reunión Bienvenida,4cd6a83f-a8b6-4b56-854d-5d3693ec4ab4,2,5.89
0e1f2a3b-4c5d-6e7f-8a9b-0c1d2e3f4a5b,Evaluación Técnica,eccb7c0d-52a7-4143-baad-ebee05361b50,5,4.61
31ece703-f961-4e8e-a5c5-cd5c5b47e3db,Instalar Licencia,14791e8e-28e4-4f61-9593-d7a2653d97a3,0,5.74
9c0d1e2f-3a4b-5c6d-7e8f-9a0b1c2d3e4f,Especificar Servidores,2b549288-04a4-4705-bcd0-0332b683df27,4,6.39
8c9d0e1f-2a3b-4c5d-6e7f-8a9b0c1d2e3f,Pago de Liquidación,e121cbea-1209-4fe7-ad22-6cf09caf5b95,10,11.91
2c3d4e5f-6a7b-8c9d-0e1f-2a3b4c5d6e7f,Autorización Gerencia,87f8e8d1-83e9-4ddb-9be0-fc955228db6d,12,10.41
31ece703-f961-4e8e-a5c5-cd5c5b47e3db,Feedback de Manager,e121cbea-1209-4fe7-ad22-6cf09caf5b95,3,5.94
7c8d9e0f-1a2b-3c4d-5e6f-7a8b9c0d1e2f,Revisión de Seguridad,2e310583-c106-4f2c-a6c3-c4b12ec30658,5,9.76
31ece703-f961-4e8e-a5c5-cd5c5b47e3db,Enviar solicitud de vacaciones,db614129-bb28-4b41-8a46-bea1444c388c,13,14.04
4c5d6e7f-8a9b-0c1d-2e3f-4a5b6c7d8e9f,Registrar Recibos,14791e8e-28e4-4f61-9593-d7a2653d97a3,15,15.85
f5ba7581-b2ac-4b3a-830e-64ab112f975a,Subir Borrador,f615b16b-8fd1-43c9-97c0-a65e08960291,1,5.1
439df689-d1cf-41c3-883c-1b7713fe68e5,Presentar Requerimiento,2e310583-c106-4f2c-a6c3-c4b12ec30658,0,5.01
8c9d0e1f-2a3b-4c5d-6e7f-8a9b0c1d2e3f,Aprobación Costos,0eea38fa-f85e-4c73-b47b-0a1985db1227,1,9.97
a7b21cc3-d8cf-48af-8bb0-22cba4567e9b,Registrar Recibos,f65f0bd7-27f5-4b8c-9641-94729f51744a,7,8.2
5c6d7e8f-9a0b-1c2d-3e4f-5a6b7c8d9e0f,Consolidar Gastos,f615b16b-8fd1-43c9-97c0-a65e08960291,8,14.94
a7b21cc3-d8cf-48af-8bb0-22cba4567e9b,Verificar Factura,bebe41a9-85fc-43f3-a125-5c7f72b0898d,2,7.2
0e1f2a3b-4c5d-6e7f-8a9b-0c1d2e3f4a5b,Aprobación del manager,87f8e8d1-83e9-4ddb-9be0-fc955228db6d,14,13.06
5c6d7e8f-9a0b-1c2d-3e4f-5a6b7c8d9e0f,Cerrar Accesos,e1c69265-87e8-417b-b13a-2ae72c53d4e3,13,18.83
5c6d7e8f-9a0b-1c2d-3e4f-5a6b7c8d9e0f,Subir Borrador,d822aaf2-81c6-4054-b63b-a2bec2d53509,12,13.11
3c4d5e6f-7a8b-9c0d-1e2f-3a4b5c6d7e8f,Consolidar Gastos,e04f861d-b880-4d7f-bf03-59ce8e435929,7,9.76
000a3793-827e-4616-84f9-0a23863e0a35,Procesar Transferencia,e121cbea-1209-4fe7-ad22-6cf09caf5b95,7,7.04
439df689-d1cf-41c3-883c-1b7713fe68e5,Entrega del Equipo,7949fc3c-9284-40a0-8161-7b39cf9f9b2d,7,9.23
6c7d8e9f-0a1b-2c3d-4e5f-6a7b8c9d0e1f,Especificar Licencia,2084f511-720a-4096-80cd-5bc9b91cf5b6,4,4.91
6720c739-1916-432b-b392-e698dcfd8112,Evaluación Técnica,7949fc3c-9284-40a0-8161-7b39cf9f9b2d,11,11.28
439df689-d1cf-41c3-883c-1b7713fe68e5,Presentar Requerimiento,eccb7c0d-52a7-4143-baad-ebee05361b50,7,9.82
a7b21cc3-d8cf-48af-8bb0-22cba4567e9b,Entrega del Equipo,4cd6a83f-a8b6-4b56-854d-5d3693ec4ab4,10,10.53
5c6d7e8f-9a0b-1c2d-3e4f-5a6b7c8d9e0f,Entrega del Equipo,87f8e8d1-83e9-4ddb-9be0-fc955228db6d,10,11.52
31ece703-f961-4e8e-a5c5-cd5c5b47e3db,Enviar solicitud de vacaciones,e1c69265-87e8-417b-b13a-2ae72c53d4e3,9,10.96
8c9d0e1f-2a3b-4c5d-6e7f-8a9b0c1d2e3f,Validar Capacitación,e04f861d-b880-4d7f-bf03-59ce8e435929,9,11.66
111e9d86-cbd2-45ff-a809-4072bbe6a4d0,Pago de Liquidación,a9eff785-5679-4a1b-91ef-6ca8712ddd18,15,16.87
a7b21cc3-d8cf-48af-8bb0-22cba4567e9b,Procesar Transferencia,f615b16b-8fd1-43c9-97c0-a65e08960291,12,14.45
111e9d86-cbd2-45ff-a809-4072bbe6a4d0,Evaluación Técnica,c017087e-fcbc-4f47-ae54-78008d243fbf,7,6.72
993a46fb-a0b2-4d2c-88eb-11ab1c3d4e8c,Aprobación del manager,14791e8e-28e4-4f61-9593-d7a2653d97a3,7,12.21
6720c739-1916-432b-b392-e698dcfd8112,Instalar Licencia,14791e8e-28e4-4f61-9593-d7a2653d97a3,8,10.17
a7b21cc3-d8cf-48af-8bb0-22cba4567e9b,Reunión Bienvenida,0eea38fa-f85e-4c73-b47b-0a1985db1227,15,16.23
4c5d6e7f-8a9b-0c1d-2e3f-4a5b6c7d8e9f,Validar Capacitación,3f72a8b2-777b-43c8-ba37-8f5d9fbd2135,2,6.43
439df689-d1cf-41c3-883c-1b7713fe68e5,Autorización Gerencia,e121cbea-1209-4fe7-ad22-6cf09caf5b95,7,10.3
a7b21cc3-d8cf-48af-8bb0-22cba4567e9b,Revisión Contable,f65f0bd7-27f5-4b8c-9641-94729f51744a,10,11.3
bd9966b2-5fa2-4a4b-b924-59e817a5e756,Aprobación Costos,db614129-bb28-4b41-8a46-bea1444c388c,14,14.03
6720c739-1916-432b-b392-e698dcfd8112,Evaluación Técnica,f615b16b-8fd1-43c9-97c0-a65e08960291,10,12.22
111e9d86-cbd2-45ff-a809-4072bbe6a4d0,Aprobación Presupuesto,bebe41a9-85fc-43f3-a125-5c7f72b0898d,13,12.96
439df689-d1cf-41c3-883c-1b7713fe68e5,Registrar Recibos,2b549288-04a4-4705-bcd0-0332b683df27,5,6.68
6720c739-1916-432b-b392-e698dcfd8112,Pago de Liquidación,0eea38fa-f85e-4c73-b47b-0a1985db1227,11,13.24
9c0d1e2f-3a4b-5c6d-7e8f-9a0b1c2d3e4f,Dispersión de Fondos,4cd6a83f-a8b6-4b56-854d-5d3693ec4ab4,14,15.16
9c0d1e2f-3a4b-5c6d-7e8f-9a0b1c2d3e4f,Aprobar Presupuesto,a9eff785-5679-4a1b-91ef-6ca8712ddd18,15,15.87
4c5d6e7f-8a9b-0c1d-2e3f-4a5b6c7d8e9f,Aprobar Presupuesto,f615b16b-8fd1-43c9-97c0-a65e08960291,0,2.94
4c5d6e7f-8a9b-0c1d-2e3f-4a5b6c7d8e9f,Revisión Contable,e121cbea-1209-4fe7-ad22-6cf09caf5b95,1,7.18
111e9d86-cbd2-45ff-a809-4072bbe6a4d0,Instalar Licencia,87f8e8d1-83e9-4ddb-9be0-fc955228db6d,6,10.19
111e9d86-cbd2-45ff-a809-4072bbe6a4d0,Inicio del Proceso,0eea38fa-f85e-4c73-b47b-0a1985db1227,10,11.83
111e9d86-cbd2-45ff-a809-4072bbe6a4d0,Registrar Recibos,db614129-bb28-4b41-8a46-bea1444c388c,9,12.22
2c3d4e5f-6a7b-8c9d-0e1f-2a3b4c5d6e7f,Especificar Servidores,f615b16b-8fd1-43c9-97c0-a65e08960291,0,5.2
f5ba7581-b2ac-4b3a-830e-64ab112f975a,Inicio de la solicitud,e121cbea-1209-4fe7-ad22-6cf09caf5b95,0,4.5
5c6d7e8f-9a0b-1c2d-3e4f-5a6b7c8d9e0f,Validar Elegibilidad,db614129-bb28-4b41-8a46-bea1444c388c,12,15.42
7c8d9e0f-1a2b-3c4d-5e6f-7a8b9c0d1e2f,Habilitar Permisos,e04f861d-b880-4d7f-bf03-59ce8e435929,0,5.1
9c0d1e2f-3a4b-5c6d-7e8f-9a0b1c2d3e4f,Revisión Contable,e121cbea-1209-4fe7-ad22-6cf09caf5b95,13,14.3
4c5d6e7f-8a9b-0c1d-2e3f-4a5b6c7d8e9f,Autorización Gerencia,d822aaf2-81c6-4054-b63b-a2bec2d53509,2,6.64
5c6d7e8f-9a0b-1c2d-3e4f-5a6b7c8d9e0f,Validar Capacitación,2b549288-04a4-4705-bcd0-0332b683df27,3,11.58
5c6d7e8f-9a0b-1c2d-3e4f-5a6b7c8d9e0f,Presentar Requerimiento,2e310583-c106-4f2c-a6c3-c4b12ec30658,11,18.15
7c8d9e0f-1a2b-3c4d-5e6f-7a8b9c0d1e2f,Consolidar Gastos,0eea38fa-f85e-4c73-b47b-0a1985db1227,12,11.99
6c7d8e9f-0a1b-2c3d-4e5f-6a7b8c9d0e1f,Consolidación de RRHH,87f8e8d1-83e9-4ddb-9be0-fc955228db6d,14,15.66
9c0d1e2f-3a4b-5c6d-7e8f-9a0b1c2d3e4f,Aprobación Costos,2e310583-c106-4f2c-a6c3-c4b12ec30658,7,8.72
7c8d9e0f-1a2b-3c4d-5e6f-7a8b9c0d1e2f,Verificar Factura,d9b58f63-b601-433e-9861-2bf2ad90eeb6,6,7.12
2c3d4e5f-6a7b-8c9d-0e1f-2a3b4c5d6e7f,Validar Elegibilidad,f615b16b-8fd1-43c9-97c0-a65e08960291,5,10.52
993a46fb-a0b2-4d2c-88eb-11ab1c3d4e8c,Validar Comercial,d9b58f63-b601-433e-9861-2bf2ad90eeb6,10,12.64
4c5d6e7f-8a9b-0c1d-2e3f-4a5b6c7d8e9f,Habilitar Permisos,db614129-bb28-4b41-8a46-bea1444c388c,7,10.75
bd9966b2-5fa2-4a4b-b924-59e817a5e756,Presentar Requerimiento,db614129-bb28-4b41-8a46-bea1444c388c,7,8.04
31ece703-f961-4e8e-a5c5-cd5c5b47e3db,Verificar Stock,3f72a8b2-777b-43c8-ba37-8f5d9fbd2135,3,6.85
7c8d9e0f-1a2b-3c4d-5e6f-7a8b9c0d1e2f,Validar Elegibilidad,2b549288-04a4-4705-bcd0-0332b683df27,12,14.11
8c9d0e1f-2a3b-4c5d-6e7f-8a9b0c1d2e3f,Revisión de Seguridad,f65f0bd7-27f5-4b8c-9641-94729f51744a,6,10.69
6c7d8e9f-0a1b-2c3d-4e5f-6a7b8c9d0e1f,Inicio del Proceso,f65f0bd7-27f5-4b8c-9641-94729f51744a,14,12.32
111e9d86-cbd2-45ff-a809-4072bbe6a4d0,Cerrar Accesos,3f72a8b2-777b-43c8-ba37-8f5d9fbd2135,0,3.5
a7b21cc3-d8cf-48af-8bb0-22cba4567e9b,Validar Capacitación,f65f0bd7-27f5-4b8c-9641-94729f51744a,2,6.3
111e9d86-cbd2-45ff-a809-4072bbe6a4d0,Autoevaluación,f615b16b-8fd1-43c9-97c0-a65e08960291,7,8.66
bd9966b2-5fa2-4a4b-b924-59e817a5e756,Autoevaluación,eccb7c0d-52a7-4143-baad-ebee05361b50,15,15.75
5c6d7e8f-9a0b-1c2d-3e4f-5a6b7c8d9e0f,Aprobar Presupuesto,2e310583-c106-4f2c-a6c3-c4b12ec30658,14,20.07
5c6d7e8f-9a0b-1c2d-3e4f-5a6b7c8d9e0f,Feedback de Manager,c017087e-fcbc-4f47-ae54-78008d243fbf,7,12.4
111e9d86-cbd2-45ff-a809-4072bbe6a4d0,Consolidación de RRHH,f65f0bd7-27f5-4b8c-9641-94729f51744a,9,8.9
f5ba7581-b2ac-4b3a-830e-64ab112f975a,Registrar Recibos,e121cbea-1209-4fe7-ad22-6cf09caf5b95,5,7.42
7c8d9e0f-1a2b-3c4d-5e6f-7a8b9c0d1e2f,Procesar Transferencia,e04f861d-b880-4d7f-bf03-59ce8e435929,9,11.65
8c9d0e1f-2a3b-4c5d-6e7f-8a9b0c1d2e3f,Entrega del Equipo,2b549288-04a4-4705-bcd0-0332b683df27,13,13.55
f5ba7581-b2ac-4b3a-830e-64ab112f975a,Especificar Servidores,f65f0bd7-27f5-4b8c-9641-94729f51744a,6,7.53
7c8d9e0f-1a2b-3c4d-5e6f-7a8b9c0d1e2f,Habilitar Permisos,3f72a8b2-777b-43c8-ba37-8f5d9fbd2135,7,9.21
4c5d6e7f-8a9b-0c1d-2e3f-4a5b6c7d8e9f,Validar Comercial,2b549288-04a4-4705-bcd0-0332b683df27,5,9.18
6c7d8e9f-0a1b-2c3d-4e5f-6a7b8c9d0e1f,Aprobación Presupuesto,d9b58f63-b601-433e-9861-2bf2ad90eeb6,3,6.35
4c5d6e7f-8a9b-0c1d-2e3f-4a5b6c7d8e9f,Instalar Licencia,c017087e-fcbc-4f47-ae54-78008d243fbf,11,9.94
2c3d4e5f-6a7b-8c9d-0e1f-2a3b4c5d6e7f,Preparar Firma,e121cbea-1209-4fe7-ad22-6cf09caf5b95,13,14.75
4c5d6e7f-8a9b-0c1d-2e3f-4a5b6c7d8e9f,Revisión Contable,e121cbea-1209-4fe7-ad22-6cf09caf5b95,12,12.44
6c7d8e9f-0a1b-2c3d-4e5f-6a7b8c9d0e1f,Registrar Recibos,7949fc3c-9284-40a0-8161-7b39cf9f9b2d,2,5.46
31ece703-f961-4e8e-a5c5-cd5c5b47e3db,Instalar Licencia,a9eff785-5679-4a1b-91ef-6ca8712ddd18,3,4.75
3c4d5e6f-7a8b-9c0d-1e2f-3a4b5c6d7e8f,Autoevaluación,4cd6a83f-a8b6-4b56-854d-5d3693ec4ab4,7,7.16
31ece703-f961-4e8e-a5c5-cd5c5b47e3db,Aprobar Presupuesto,db614129-bb28-4b41-8a46-bea1444c388c,9,8.8
2c3d4e5f-6a7b-8c9d-0e1f-2a3b4c5d6e7f,Autorización Gerencia,d822aaf2-81c6-4054-b63b-a2bec2d53509,1,5.17
6c7d8e9f-0a1b-2c3d-4e5f-6a7b8c9d0e1f,Instalar Licencia,87f8e8d1-83e9-4ddb-9be0-fc955228db6d,6,7.01
7c8d9e0f-1a2b-3c4d-5e6f-7a8b9c0d1e2f,Subir Borrador,e04f861d-b880-4d7f-bf03-59ce8e435929,2,7.23
f5ba7581-b2ac-4b3a-830e-64ab112f975a,Subir Borrador,e121cbea-1209-4fe7-ad22-6cf09caf5b95,12,11.87
7c8d9e0f-1a2b-3c4d-5e6f-7a8b9c0d1e2f,Aprobación Costos,8490fcc8-7f53-4704-ac48-99b48356b21c,12,12.36
8c9d0e1f-2a3b-4c5d-6e7f-8a9b0c1d2e3f,Cerrar Accesos,3f72a8b2-777b-43c8-ba37-8f5d9fbd2135,11,14.32
4c5d6e7f-8a9b-0c1d-2e3f-4a5b6c7d8e9f,Registrar Recibos,eccb7c0d-52a7-4143-baad-ebee05361b50,1,5.51
31ece703-f961-4e8e-a5c5-cd5c5b47e3db,Validar Capacitación,7949fc3c-9284-40a0-8161-7b39cf9f9b2d,5,6.44
31ece703-f961-4e8e-a5c5-cd5c5b47e3db,Subir Borrador,f65f0bd7-27f5-4b8c-9641-94729f51744a,15,16.91
f5ba7581-b2ac-4b3a-830e-64ab112f975a,Consolidar Gastos,87f8e8d1-83e9-4ddb-9be0-fc955228db6d,9,12.36
9c0d1e2f-3a4b-5c6d-7e8f-9a0b1c2d3e4f,Presentar Requerimiento,7949fc3c-9284-40a0-8161-7b39cf9f9b2d,13,13.94
4c5d6e7f-8a9b-0c1d-2e3f-4a5b6c7d8e9f,Evaluación Técnica,db614129-bb28-4b41-8a46-bea1444c388c,6,8.71
111e9d86-cbd2-45ff-a809-4072bbe6a4d0,Validación de RRHH,3f72a8b2-777b-43c8-ba37-8f5d9fbd2135,0,4.77
f5ba7581-b2ac-4b3a-830e-64ab112f975a,Dispersión de Fondos,3f72a8b2-777b-43c8-ba37-8f5d9fbd2135,8,8.54
000a3793-827e-4616-84f9-0a23863e0a35,Reunión Bienvenida,f65f0bd7-27f5-4b8c-9641-94729f51744a,0,3.73
993a46fb-a0b2-4d2c-88eb-11ab1c3d4e8c,Aprobación Presupuesto,d822aaf2-81c6-4054-b63b-a2bec2d53509,0,9.18
2c3d4e5f-6a7b-8c9d-0e1f-2a3b4c5d6e7f,Feedback de Manager,a9eff785-5679-4a1b-91ef-6ca8712ddd18,4,7.33
8c9d0e1f-2a3b-4c5d-6e7f-8a9b0c1d2e3f,Cerrar Accesos,f615b16b-8fd1-43c9-97c0-a65e08960291,13,13.99
6c7d8e9f-0a1b-2c3d-4e5f-6a7b8c9d0e1f,Validar Elegibilidad,7949fc3c-9284-40a0-8161-7b39cf9f9b2d,6,9.32
439df689-d1cf-41c3-883c-1b7713fe68e5,Pago de Liquidación,f65f0bd7-27f5-4b8c-9641-94729f51744a,10,10.45
f5ba7581-b2ac-4b3a-830e-64ab112f975a,Autorización Gerencia,d822aaf2-81c6-4054-b63b-a2bec2d53509,3,5.89
6c7d8e9f-0a1b-2c3d-4e5f-6a7b8c9d0e1f,Firma Director,db614129-bb28-4b41-8a46-bea1444c388c,15,14.78
111e9d86-cbd2-45ff-a809-4072bbe6a4d0,Presentar Requerimiento,eccb7c0d-52a7-4143-baad-ebee05361b50,6,8.64
2c3d4e5f-6a7b-8c9d-0e1f-2a3b4c5d6e7f,Procesar Transferencia,bebe41a9-85fc-43f3-a125-5c7f72b0898d,10,11.31
0e1f2a3b-4c5d-6e7f-8a9b-0c1d2e3f4a5b,Dispersión de Fondos,2e310583-c106-4f2c-a6c3-c4b12ec30658,11,9.03
31ece703-f961-4e8e-a5c5-cd5c5b47e3db,Validar Comercial,14791e8e-28e4-4f61-9593-d7a2653d97a3,8,12.15
7c8d9e0f-1a2b-3c4d-5e6f-7a8b9c0d1e2f,Especificar Licencia,db614129-bb28-4b41-8a46-bea1444c388c,9,11.61
993a46fb-a0b2-4d2c-88eb-11ab1c3d4e8c,Pago de Liquidación,4cd6a83f-a8b6-4b56-854d-5d3693ec4ab4,9,14.92
f5ba7581-b2ac-4b3a-830e-64ab112f975a,Entrega del Equipo,d9b58f63-b601-433e-9861-2bf2ad90eeb6,15,16.34
bd9966b2-5fa2-4a4b-b924-59e817a5e756,Cerrar Accesos,e1c69265-87e8-417b-b13a-2ae72c53d4e3,3,6.05
3c4d5e6f-7a8b-9c0d-1e2f-3a4b5c6d7e8f,Aprobar Presupuesto,c017087e-fcbc-4f47-ae54-78008d243fbf,9,9.57
5c6d7e8f-9a0b-1c2d-3e4f-5a6b7c8d9e0f,Procesar Transferencia,14791e8e-28e4-4f61-9593-d7a2653d97a3,7,11.32
4c5d6e7f-8a9b-0c1d-2e3f-4a5b6c7d8e9f,Aprobar Presupuesto,bebe41a9-85fc-43f3-a125-5c7f72b0898d,1,7.4
439df689-d1cf-41c3-883c-1b7713fe68e5,Revisión Contable,e1c69265-87e8-417b-b13a-2ae72c53d4e3,13,12.78
bd9966b2-5fa2-4a4b-b924-59e817a5e756,Dispersión de Fondos,e121cbea-1209-4fe7-ad22-6cf09caf5b95,0,4.77
a7b21cc3-d8cf-48af-8bb0-22cba4567e9b,Revisión Contable,c017087e-fcbc-4f47-ae54-78008d243fbf,7,8.93
439df689-d1cf-41c3-883c-1b7713fe68e5,Validación de RRHH,bebe41a9-85fc-43f3-a125-5c7f72b0898d,1,4.52
2c3d4e5f-6a7b-8c9d-0e1f-2a3b4c5d6e7f,Validar Capacitación,c017087e-fcbc-4f47-ae54-78008d243fbf,12,15.54
2c3d4e5f-6a7b-8c9d-0e1f-2a3b4c5d6e7f,Evaluación Técnica,2e310583-c106-4f2c-a6c3-c4b12ec30658,4,9.07
000a3793-827e-4616-84f9-0a23863e0a35,Instalar Licencia,e1c69265-87e8-417b-b13a-2ae72c53d4e3,13,11.72
5c6d7e8f-9a0b-1c2d-3e4f-5a6b7c8d9e0f,Aprobación Presupuesto,d822aaf2-81c6-4054-b63b-a2bec2d53509,3,7.62
31ece703-f961-4e8e-a5c5-cd5c5b47e3db,Validar Elegibilidad,d822aaf2-81c6-4054-b63b-a2bec2d53509,3,5.01
2c3d4e5f-6a7b-8c9d-0e1f-2a3b4c5d6e7f,Feedback de Manager,e121cbea-1209-4fe7-ad22-6cf09caf5b95,15,16.71
5c6d7e8f-9a0b-1c2d-3e4f-5a6b7c8d9e0f,Dispersión de Fondos,e04f861d-b880-4d7f-bf03-59ce8e435929,15,18.77
3c4d5e6f-7a8b-9c0d-1e2f-3a4b5c6d7e8f,Aprobación del manager,e121cbea-1209-4fe7-ad22-6cf09caf5b95,4,7.13
6720c739-1916-432b-b392-e698dcfd8112,Inicio del Proceso,a9eff785-5679-4a1b-91ef-6ca8712ddd18,2,3.63
439df689-d1cf-41c3-883c-1b7713fe68e5,Validar Capacitación,e1c69265-87e8-417b-b13a-2ae72c53d4e3,2,5.77
8c9d0e1f-2a3b-4c5d-6e7f-8a9b0c1d2e3f,Cerrar Accesos,e04f861d-b880-4d7f-bf03-59ce8e435929,6,11.91
111e9d86-cbd2-45ff-a809-4072bbe6a4d0,Enviar solicitud de vacaciones,e121cbea-1209-4fe7-ad22-6cf09caf5b95,4,7.71
f5ba7581-b2ac-4b3a-830e-64ab112f975a,Preparar Firma,4cd6a83f-a8b6-4b56-854d-5d3693ec4ab4,8,10.11
993a46fb-a0b2-4d2c-88eb-11ab1c3d4e8c,Dispersión de Fondos,d9b58f63-b601-433e-9861-2bf2ad90eeb6,2,9.29
a7b21cc3-d8cf-48af-8bb0-22cba4567e9b,Aprobar Presupuesto,a9eff785-5679-4a1b-91ef-6ca8712ddd18,14,14.27
111e9d86-cbd2-45ff-a809-4072bbe6a4d0,Aprobar Presupuesto,d822aaf2-81c6-4054-b63b-a2bec2d53509,13,14.98
4c5d6e7f-8a9b-0c1d-2e3f-4a5b6c7d8e9f,Presentar Requerimiento,d9b58f63-b601-433e-9861-2bf2ad90eeb6,15,14.3
6c7d8e9f-0a1b-2c3d-4e5f-6a7b8c9d0e1f,Aprobación Costos,2e310583-c106-4f2c-a6c3-c4b12ec30658,3,6.24
111e9d86-cbd2-45ff-a809-4072bbe6a4d0,Aprobación del manager,d9b58f63-b601-433e-9861-2bf2ad90eeb6,0,4.11
bd9966b2-5fa2-4a4b-b924-59e817a5e756,Consolidación de RRHH,db614129-bb28-4b41-8a46-bea1444c388c,10,10.44
7c8d9e0f-1a2b-3c4d-5e6f-7a8b9c0d1e2f,Consolidar Gastos,2b549288-04a4-4705-bcd0-0332b683df27,4,4.83
6c7d8e9f-0a1b-2c3d-4e5f-6a7b8c9d0e1f,Cerrar Accesos,87f8e8d1-83e9-4ddb-9be0-fc955228db6d,6,7.71
6c7d8e9f-0a1b-2c3d-4e5f-6a7b8c9d0e1f,Validación de RRHH,14791e8e-28e4-4f61-9593-d7a2653d97a3,11,12.21
439df689-d1cf-41c3-883c-1b7713fe68e5,Inicio de la solicitud,7949fc3c-9284-40a0-8161-7b39cf9f9b2d,13,14.65
9c0d1e2f-3a4b-5c6d-7e8f-9a0b1c2d3e4f,Enviar solicitud de vacaciones,f615b16b-8fd1-43c9-97c0-a65e08960291,9,10.01
6720c739-1916-432b-b392-e698dcfd8112,Especificar Servidores,4cd6a83f-a8b6-4b56-854d-5d3693ec4ab4,0,4.26
6c7d8e9f-0a1b-2c3d-4e5f-6a7b8c9d0e1f,Pago de Liquidación,2084f511-720a-4096-80cd-5bc9b91cf5b6,4,6.07
6720c739-1916-432b-b392-e698dcfd8112,Inicio del Proceso,bebe41a9-85fc-43f3-a125-5c7f72b0898d,6,6.11
2c3d4e5f-6a7b-8c9d-0e1f-2a3b4c5d6e7f,Setup Tecnológico,2e310583-c106-4f2c-a6c3-c4b12ec30658,14,15.48
111e9d86-cbd2-45ff-a809-4072bbe6a4d0,Aprobación de Pago,d9b58f63-b601-433e-9861-2bf2ad90eeb6,12,14.64
9c0d1e2f-3a4b-5c6d-7e8f-9a0b1c2d3e4f,Verificar Stock,f615b16b-8fd1-43c9-97c0-a65e08960291,7,9.77
993a46fb-a0b2-4d2c-88eb-11ab1c3d4e8c,Consolidación de RRHH,d822aaf2-81c6-4054-b63b-a2bec2d53509,10,17.95
000a3793-827e-4616-84f9-0a23863e0a35,Verificar Factura,2e310583-c106-4f2c-a6c3-c4b12ec30658,11,10.24
111e9d86-cbd2-45ff-a809-4072bbe6a4d0,Aprobar Presupuesto,db614129-bb28-4b41-8a46-bea1444c388c,0,4.15
2c3d4e5f-6a7b-8c9d-0e1f-2a3b4c5d6e7f,Pago de Liquidación,bebe41a9-85fc-43f3-a125-5c7f72b0898d,11,11.44
111e9d86-cbd2-45ff-a809-4072bbe6a4d0,Dispersión de Fondos,2084f511-720a-4096-80cd-5bc9b91cf5b6,13,12.74
8c9d0e1f-2a3b-4c5d-6e7f-8a9b0c1d2e3f,Instalar Licencia,3f72a8b2-777b-43c8-ba37-8f5d9fbd2135,3,10.83
111e9d86-cbd2-45ff-a809-4072bbe6a4d0,Registrar Recibos,f615b16b-8fd1-43c9-97c0-a65e08960291,3,4.89
2c3d4e5f-6a7b-8c9d-0e1f-2a3b4c5d6e7f,Registrar Recibos,e121cbea-1209-4fe7-ad22-6cf09caf5b95,15,15.01
2c3d4e5f-6a7b-8c9d-0e1f-2a3b4c5d6e7f,Aprobación de Pago,c017087e-fcbc-4f47-ae54-78008d243fbf,7,11.5
6720c739-1916-432b-b392-e698dcfd8112,Revisión Gerencial,f615b16b-8fd1-43c9-97c0-a65e08960291,7,9.16
a7b21cc3-d8cf-48af-8bb0-22cba4567e9b,Revisión Gerencial,4cd6a83f-a8b6-4b56-854d-5d3693ec4ab4,2,6.53
111e9d86-cbd2-45ff-a809-4072bbe6a4d0,Evaluación Técnica,87f8e8d1-83e9-4ddb-9be0-fc955228db6d,5,8.63
a7b21cc3-d8cf-48af-8bb0-22cba4567e9b,Aprobación del manager,4cd6a83f-a8b6-4b56-854d-5d3693ec4ab4,14,15.36
4c5d6e7f-8a9b-0c1d-2e3f-4a5b6c7d8e9f,Enviar solicitud de vacaciones,e04f861d-b880-4d7f-bf03-59ce8e435929,14,14.62
3c4d5e6f-7a8b-9c0d-1e2f-3a4b5c6d7e8f,Evaluación Técnica,0eea38fa-f85e-4c73-b47b-0a1985db1227,9,9.73
31ece703-f961-4e8e-a5c5-cd5c5b47e3db,Registrar Recibos,e121cbea-1209-4fe7-ad22-6cf09caf5b95,0,3.35
8c9d0e1f-2a3b-4c5d-6e7f-8a9b0c1d2e3f,Validar Comercial,bebe41a9-85fc-43f3-a125-5c7f72b0898d,10,17.24
9c0d1e2f-3a4b-5c6d-7e8f-9a0b1c2d3e4f,Presentar Requerimiento,87f8e8d1-83e9-4ddb-9be0-fc955228db6d,6,10.42
6720c739-1916-432b-b392-e698dcfd8112,Instalar Licencia,2e310583-c106-4f2c-a6c3-c4b12ec30658,13,14.15
993a46fb-a0b2-4d2c-88eb-11ab1c3d4e8c,Validar Capacitación,eccb7c0d-52a7-4143-baad-ebee05361b50,2,11.42
2c3d4e5f-6a7b-8c9d-0e1f-2a3b4c5d6e7f,Verificar Stock,0eea38fa-f85e-4c73-b47b-0a1985db1227,1,5.62
6c7d8e9f-0a1b-2c3d-4e5f-6a7b8c9d0e1f,Revisión de Seguridad,7949fc3c-9284-40a0-8161-7b39cf9f9b2d,9,11.12
8c9d0e1f-2a3b-4c5d-6e7f-8a9b0c1d2e3f,Cerrar Accesos,2b549288-04a4-4705-bcd0-0332b683df27,6,8.57
31ece703-f961-4e8e-a5c5-cd5c5b47e3db,Reunión Bienvenida,87f8e8d1-83e9-4ddb-9be0-fc955228db6d,8,8.77
993a46fb-a0b2-4d2c-88eb-11ab1c3d4e8c,Validación de RRHH,2084f511-720a-4096-80cd-5bc9b91cf5b6,2,6.39
111e9d86-cbd2-45ff-a809-4072bbe6a4d0,Aprobación de Pago,2084f511-720a-4096-80cd-5bc9b91cf5b6,5,5.13
2c3d4e5f-6a7b-8c9d-0e1f-2a3b4c5d6e7f,Consolidación de RRHH,bebe41a9-85fc-43f3-a125-5c7f72b0898d,12,13.49
bd9966b2-5fa2-4a4b-b924-59e817a5e756,Cerrar Accesos,0eea38fa-f85e-4c73-b47b-0a1985db1227,11,12.14
111e9d86-cbd2-45ff-a809-4072bbe6a4d0,Aprobación Presupuesto,d9b58f63-b601-433e-9861-2bf2ad90eeb6,15,16.05
8c9d0e1f-2a3b-4c5d-6e7f-8a9b0c1d2e3f,Solicitar Adelanto,e121cbea-1209-4fe7-ad22-6cf09caf5b95,11,17.55
7c8d9e0f-1a2b-3c4d-5e6f-7a8b9c0d1e2f,Consolidación de RRHH,f615b16b-8fd1-43c9-97c0-a65e08960291,11,10.97
2c3d4e5f-6a7b-8c9d-0e1f-2a3b4c5d6e7f,Instalar Licencia,2084f511-720a-4096-80cd-5bc9b91cf5b6,10,10.49
111e9d86-cbd2-45ff-a809-4072bbe6a4d0,Aprobación Costos,87f8e8d1-83e9-4ddb-9be0-fc955228db6d,0,3.67
5c6d7e8f-9a0b-1c2d-3e4f-5a6b7c8d9e0f,Autoevaluación,a9eff785-5679-4a1b-91ef-6ca8712ddd18,5,9.21
0e1f2a3b-4c5d-6e7f-8a9b-0c1d2e3f4a5b,Presentar Requerimiento,4cd6a83f-a8b6-4b56-854d-5d3693ec4ab4,8,8.59
5c6d7e8f-9a0b-1c2d-3e4f-5a6b7c8d9e0f,Detallar Curso,7949fc3c-9284-40a0-8161-7b39cf9f9b2d,1,8.14
0e1f2a3b-4c5d-6e7f-8a9b-0c1d2e3f4a5b,Dispersión de Fondos,3f72a8b2-777b-43c8-ba37-8f5d9fbd2135,9,9.94
7c8d9e0f-1a2b-3c4d-5e6f-7a8b9c0d1e2f,Reunión Bienvenida,bebe41a9-85fc-43f3-a125-5c7f72b0898d,8,8.09
31ece703-f961-4e8e-a5c5-cd5c5b47e3db,Subir Borrador,4cd6a83f-a8b6-4b56-854d-5d3693ec4ab4,3,7.8
000a3793-827e-4616-84f9-0a23863e0a35,Pago de Liquidación,0eea38fa-f85e-4c73-b47b-0a1985db1227,11,9.62
0e1f2a3b-4c5d-6e7f-8a9b-0c1d2e3f4a5b,Firma Director,2e310583-c106-4f2c-a6c3-c4b12ec30658,7,7.65
8c9d0e1f-2a3b-4c5d-6e7f-8a9b0c1d2e3f,Revisión Contable,2e310583-c106-4f2c-a6c3-c4b12ec30658,15,15.04
6c7d8e9f-0a1b-2c3d-4e5f-6a7b8c9d0e1f,Procesar Transferencia,d9b58f63-b601-433e-9861-2bf2ad90eeb6,8,12.45
9c0d1e2f-3a4b-5c6d-7e8f-9a0b1c2d3e4f,Aprobación del manager,8490fcc8-7f53-4704-ac48-99b48356b21c,3,4.16
bd9966b2-5fa2-4a4b-b924-59e817a5e756,Enviar solicitud de vacaciones,3f72a8b2-777b-43c8-ba37-8f5d9fbd2135,11,11.32
7c8d9e0f-1a2b-3c4d-5e6f-7a8b9c0d1e2f,Habilitar Permisos,e04f861d-b880-4d7f-bf03-59ce8e435929,9,8.76
f5ba7581-b2ac-4b3a-830e-64ab112f975a,Especificar Servidores,e121cbea-1209-4fe7-ad22-6cf09caf5b95,8,8.08
3c4d5e6f-7a8b-9c0d-1e2f-3a4b5c6d7e8f,Aprobar Presupuesto,7949fc3c-9284-40a0-8161-7b39cf9f9b2d,7,10.62
f5ba7581-b2ac-4b3a-830e-64ab112f975a,Validación de RRHH,f615b16b-8fd1-43c9-97c0-a65e08960291,12,14.09
111e9d86-cbd2-45ff-a809-4072bbe6a4d0,Autoevaluación,f615b16b-8fd1-43c9-97c0-a65e08960291,15,13.9
5c6d7e8f-9a0b-1c2d-3e4f-5a6b7c8d9e0f,Firma Director,3f72a8b2-777b-43c8-ba37-8f5d9fbd2135,7,10.71
bd9966b2-5fa2-4a4b-b924-59e817a5e756,Feedback de Manager,14791e8e-28e4-4f61-9593-d7a2653d97a3,7,9.5
2c3d4e5f-6a7b-8c9d-0e1f-2a3b4c5d6e7f,Especificar Servidores,e1c69265-87e8-417b-b13a-2ae72c53d4e3,0,4.13
f5ba7581-b2ac-4b3a-830e-64ab112f975a,Enviar solicitud de vacaciones,a9eff785-5679-4a1b-91ef-6ca8712ddd18,11,12.23
31ece703-f961-4e8e-a5c5-cd5c5b47e3db,Revisión Gerencial,2084f511-720a-4096-80cd-5bc9b91cf5b6,10,11.46
000a3793-827e-4616-84f9-0a23863e0a35,Registrar Recibos,bebe41a9-85fc-43f3-a125-5c7f72b0898d,6,10.4
4c5d6e7f-8a9b-0c1d-2e3f-4a5b6c7d8e9f,Verificar Stock,db614129-bb28-4b41-8a46-bea1444c388c,5,8.82
bd9966b2-5fa2-4a4b-b924-59e817a5e756,Autoevaluación,7949fc3c-9284-40a0-8161-7b39cf9f9b2d,6,9.43
8c9d0e1f-2a3b-4c5d-6e7f-8a9b0c1d2e3f,Evaluación Técnica,14791e8e-28e4-4f61-9593-d7a2653d97a3,5,13.73
a7b21cc3-d8cf-48af-8bb0-22cba4567e9b,Solicitar Adelanto,db614129-bb28-4b41-8a46-bea1444c388c,4,6.45
4c5d6e7f-8a9b-0c1d-2e3f-4a5b6c7d8e9f,Subir Borrador,2084f511-720a-4096-80cd-5bc9b91cf5b6,14,13.65
bd9966b2-5fa2-4a4b-b924-59e817a5e756,Preparar Firma,3f72a8b2-777b-43c8-ba37-8f5d9fbd2135,6,9.46
31ece703-f961-4e8e-a5c5-cd5c5b47e3db,Entrega del Equipo,c017087e-fcbc-4f47-ae54-78008d243fbf,1,4.24
439df689-d1cf-41c3-883c-1b7713fe68e5,Aprobar Presupuesto,f65f0bd7-27f5-4b8c-9641-94729f51744a,14,15.16
8c9d0e1f-2a3b-4c5d-6e7f-8a9b0c1d2e3f,Instalar Licencia,2084f511-720a-4096-80cd-5bc9b91cf5b6,0,8.23
5c6d7e8f-9a0b-1c2d-3e4f-5a6b7c8d9e0f,Procesar Transferencia,bebe41a9-85fc-43f3-a125-5c7f72b0898d,6,10.31
bd9966b2-5fa2-4a4b-b924-59e817a5e756,Iniciar Baja,f65f0bd7-27f5-4b8c-9641-94729f51744a,7,8.61
31ece703-f961-4e8e-a5c5-cd5c5b47e3db,Revisión Contable,7949fc3c-9284-40a0-8161-7b39cf9f9b2d,6,6.41
4c5d6e7f-8a9b-0c1d-2e3f-4a5b6c7d8e9f,Consolidar Gastos,d9b58f63-b601-433e-9861-2bf2ad90eeb6,15,13.16
f5ba7581-b2ac-4b3a-830e-64ab112f975a,Habilitar Permisos,c017087e-fcbc-4f47-ae54-78008d243fbf,5,8.51
5c6d7e8f-9a0b-1c2d-3e4f-5a6b7c8d9e0f,Consolidación de RRHH,f65f0bd7-27f5-4b8c-9641-94729f51744a,12,16.97
7c8d9e0f-1a2b-3c4d-5e6f-7a8b9c0d1e2f,Setup Tecnológico,e04f861d-b880-4d7f-bf03-59ce8e435929,4,9.3
f5ba7581-b2ac-4b3a-830e-64ab112f975a,Inicio del Proceso,d9b58f63-b601-433e-9861-2bf2ad90eeb6,0,1.91
5c6d7e8f-9a0b-1c2d-3e4f-5a6b7c8d9e0f,Verificar Factura,0eea38fa-f85e-4c73-b47b-0a1985db1227,0,5.25
7c8d9e0f-1a2b-3c4d-5e6f-7a8b9c0d1e2f,Aprobación Costos,bebe41a9-85fc-43f3-a125-5c7f72b0898d,2,4.55
f5ba7581-b2ac-4b3a-830e-64ab112f975a,Pago de Liquidación,bebe41a9-85fc-43f3-a125-5c7f72b0898d,15,14.12
993a46fb-a0b2-4d2c-88eb-11ab1c3d4e8c,Cerrar Accesos,7949fc3c-9284-40a0-8161-7b39cf9f9b2d,10,16.14
6c7d8e9f-0a1b-2c3d-4e5f-6a7b8c9d0e1f,Presentar Requerimiento,eccb7c0d-52a7-4143-baad-ebee05361b50,8,9.71
31ece703-f961-4e8e-a5c5-cd5c5b47e3db,Subir Borrador,a9eff785-5679-4a1b-91ef-6ca8712ddd18,8,7.35
8c9d0e1f-2a3b-4c5d-6e7f-8a9b0c1d2e3f,Instalar Licencia,eccb7c0d-52a7-4143-baad-ebee05361b50,9,11.52
3c4d5e6f-7a8b-9c0d-1e2f-3a4b5c6d7e8f,Aprobación Presupuesto,bebe41a9-85fc-43f3-a125-5c7f72b0898d,1,5.08
0e1f2a3b-4c5d-6e7f-8a9b-0c1d2e3f4a5b,Cerrar Accesos,7949fc3c-9284-40a0-8161-7b39cf9f9b2d,6,6.88
111e9d86-cbd2-45ff-a809-4072bbe6a4d0,Iniciar Baja,c017087e-fcbc-4f47-ae54-78008d243fbf,14,13.61
2c3d4e5f-6a7b-8c9d-0e1f-2a3b4c5d6e7f,Instalar Licencia,d822aaf2-81c6-4054-b63b-a2bec2d53509,3,7.48
439df689-d1cf-41c3-883c-1b7713fe68e5,Detallar Curso,2b549288-04a4-4705-bcd0-0332b683df27,8,9.97
9c0d1e2f-3a4b-5c6d-7e8f-9a0b1c2d3e4f,Procesar Transferencia,e04f861d-b880-4d7f-bf03-59ce8e435929,13,12.33
439df689-d1cf-41c3-883c-1b7713fe68e5,Firma Director,2e310583-c106-4f2c-a6c3-c4b12ec30658,1,6.2
7c8d9e0f-1a2b-3c4d-5e6f-7a8b9c0d1e2f,Detallar Curso,f615b16b-8fd1-43c9-97c0-a65e08960291,1,3.57
111e9d86-cbd2-45ff-a809-4072bbe6a4d0,Evaluación Técnica,d9b58f63-b601-433e-9861-2bf2ad90eeb6,3,4.79
31ece703-f961-4e8e-a5c5-cd5c5b47e3db,Entrega del Equipo,3f72a8b2-777b-43c8-ba37-8f5d9fbd2135,6,10.31
3c4d5e6f-7a8b-9c0d-1e2f-3a4b5c6d7e8f,Consolidar Gastos,bebe41a9-85fc-43f3-a125-5c7f72b0898d,0,3.7
8c9d0e1f-2a3b-4c5d-6e7f-8a9b0c1d2e3f,Pago de Liquidación,14791e8e-28e4-4f61-9593-d7a2653d97a3,0,7.8
f5ba7581-b2ac-4b3a-830e-64ab112f975a,Especificar Licencia,87f8e8d1-83e9-4ddb-9be0-fc955228db6d,5,6.95
f5ba7581-b2ac-4b3a-830e-64ab112f975a,Revisión Contable,db614129-bb28-4b41-8a46-bea1444c388c,10,12.02
0e1f2a3b-4c5d-6e7f-8a9b-0c1d2e3f4a5b,Firma Director,3f72a8b2-777b-43c8-ba37-8f5d9fbd2135,4,4.98
bd9966b2-5fa2-4a4b-b924-59e817a5e756,Cerrar Accesos,d9b58f63-b601-433e-9861-2bf2ad90eeb6,3,5.74
993a46fb-a0b2-4d2c-88eb-11ab1c3d4e8c,Aprobación de Pago,2084f511-720a-4096-80cd-5bc9b91cf5b6,8,9.78
4c5d6e7f-8a9b-0c1d-2e3f-4a5b6c7d8e9f,Aprobación Presupuesto,e121cbea-1209-4fe7-ad22-6cf09caf5b95,7,8.33
5c6d7e8f-9a0b-1c2d-3e4f-5a6b7c8d9e0f,Revisión de Seguridad,7949fc3c-9284-40a0-8161-7b39cf9f9b2d,11,13.75
6720c739-1916-432b-b392-e698dcfd8112,Instalar Licencia,2b549288-04a4-4705-bcd0-0332b683df27,13,13.54
7c8d9e0f-1a2b-3c4d-5e6f-7a8b9c0d1e2f,Validar Capacitación,e121cbea-1209-4fe7-ad22-6cf09caf5b95,7,9.79
f5ba7581-b2ac-4b3a-830e-64ab112f975a,Verificar Stock,8490fcc8-7f53-4704-ac48-99b48356b21c,5,6.68
bd9966b2-5fa2-4a4b-b924-59e817a5e756,Validar Capacitación,14791e8e-28e4-4f61-9593-d7a2653d97a3,3,8.2
111e9d86-cbd2-45ff-a809-4072bbe6a4d0,Revisión Gerencial,db614129-bb28-4b41-8a46-bea1444c388c,14,12.72
111e9d86-cbd2-45ff-a809-4072bbe6a4d0,Aprobación Presupuesto,bebe41a9-85fc-43f3-a125-5c7f72b0898d,15,14.51
111e9d86-cbd2-45ff-a809-4072bbe6a4d0,Procesar Transferencia,2b549288-04a4-4705-bcd0-0332b683df27,11,11.78
2c3d4e5f-6a7b-8c9d-0e1f-2a3b4c5d6e7f,Feedback de Manager,db614129-bb28-4b41-8a46-bea1444c388c,14,13.11
439df689-d1cf-41c3-883c-1b7713fe68e5,Iniciar Baja,14791e8e-28e4-4f61-9593-d7a2653d97a3,4,7.89
31ece703-f961-4e8e-a5c5-cd5c5b47e3db,Revisión de Seguridad,3f72a8b2-777b-43c8-ba37-8f5d9fbd2135,6,9.98
9c0d1e2f-3a4b-5c6d-7e8f-9a0b1c2d3e4f,Detallar Curso,4cd6a83f-a8b6-4b56-854d-5d3693ec4ab4,13,14.85
2c3d4e5f-6a7b-8c9d-0e1f-2a3b4c5d6e7f,Especificar Servidores,db614129-bb28-4b41-8a46-bea1444c388c,7,9.99
31ece703-f961-4e8e-a5c5-cd5c5b47e3db,Revisión de Seguridad,8490fcc8-7f53-4704-ac48-99b48356b21c,11,10.68
6720c739-1916-432b-b392-e698dcfd8112,Verificar Stock,f65f0bd7-27f5-4b8c-9641-94729f51744a,7,10.21
f5ba7581-b2ac-4b3a-830e-64ab112f975a,Presentar Requerimiento,a9eff785-5679-4a1b-91ef-6ca8712ddd18,1,6.14
bd9966b2-5fa2-4a4b-b924-59e817a5e756,Habilitar Permisos,4cd6a83f-a8b6-4b56-854d-5d3693ec4ab4,5,6.56
993a46fb-a0b2-4d2c-88eb-11ab1c3d4e8c,Verificar Stock,2084f511-720a-4096-80cd-5bc9b91cf5b6,15,16.15
6720c739-1916-432b-b392-e698dcfd8112,Validar Elegibilidad,d9b58f63-b601-433e-9861-2bf2ad90eeb6,6,6.45
5c6d7e8f-9a0b-1c2d-3e4f-5a6b7c8d9e0f,Firma Director,f615b16b-8fd1-43c9-97c0-a65e08960291,2,5.7
439df689-d1cf-41c3-883c-1b7713fe68e5,Aprobación de Pago,a9eff785-5679-4a1b-91ef-6ca8712ddd18,14,14.11
bd9966b2-5fa2-4a4b-b924-59e817a5e756,Instalar Licencia,2084f511-720a-4096-80cd-5bc9b91cf5b6,13,16.5
bd9966b2-5fa2-4a4b-b924-59e817a5e756,Firma Director,e1c69265-87e8-417b-b13a-2ae72c53d4e3,8,9.02
f5ba7581-b2ac-4b3a-830e-64ab112f975a,Entrega del Equipo,e04f861d-b880-4d7f-bf03-59ce8e435929,11,13.17
111e9d86-cbd2-45ff-a809-4072bbe6a4d0,Instalar Licencia,d822aaf2-81c6-4054-b63b-a2bec2d53509,1,5.08
bd9966b2-5fa2-4a4b-b924-59e817a5e756,Subir Borrador,8490fcc8-7f53-4704-ac48-99b48356b21c,4,5.48
7c8d9e0f-1a2b-3c4d-5e6f-7a8b9c0d1e2f,Revisión de Seguridad,2b549288-04a4-4705-bcd0-0332b683df27,2,5.27
5c6d7e8f-9a0b-1c2d-3e4f-5a6b7c8d9e0f,Aprobación Costos,d9b58f63-b601-433e-9861-2bf2ad90eeb6,14,19.48
a7b21cc3-d8cf-48af-8bb0-22cba4567e9b,Enviar solicitud de vacaciones,eccb7c0d-52a7-4143-baad-ebee05361b50,3,8.67
f5ba7581-b2ac-4b3a-830e-64ab112f975a,Verificar Stock,2b549288-04a4-4705-bcd0-0332b683df27,3,5.34
bd9966b2-5fa2-4a4b-b924-59e817a5e756,Aprobación del manager,eccb7c0d-52a7-4143-baad-ebee05361b50,14,13.76
5c6d7e8f-9a0b-1c2d-3e4f-5a6b7c8d9e0f,Validar Capacitación,8490fcc8-7f53-4704-ac48-99b48356b21c,3,11.48
8c9d0e1f-2a3b-4c5d-6e7f-8a9b0c1d2e3f,Validar Capacitación,87f8e8d1-83e9-4ddb-9be0-fc955228db6d,6,12.88
3c4d5e6f-7a8b-9c0d-1e2f-3a4b5c6d7e8f,Inicio del Proceso,eccb7c0d-52a7-4143-baad-ebee05361b50,4,7.35
6c7d8e9f-0a1b-2c3d-4e5f-6a7b8c9d0e1f,Aprobar Presupuesto,c017087e-fcbc-4f47-ae54-78008d243fbf,11,14.58
0e1f2a3b-4c5d-6e7f-8a9b-0c1d2e3f4a5b,Iniciar Baja,d9b58f63-b601-433e-9861-2bf2ad90eeb6,1,3.22
6c7d8e9f-0a1b-2c3d-4e5f-6a7b8c9d0e1f,Aprobación de Pago,e1c69265-87e8-417b-b13a-2ae72c53d4e3,11,12.24
a7b21cc3-d8cf-48af-8bb0-22cba4567e9b,Solicitar Adelanto,3f72a8b2-777b-43c8-ba37-8f5d9fbd2135,2,4.8
4c5d6e7f-8a9b-0c1d-2e3f-4a5b6c7d8e9f,Setup Tecnológico,d822aaf2-81c6-4054-b63b-a2bec2d53509,1,5.44
111e9d86-cbd2-45ff-a809-4072bbe6a4d0,Reunión Bienvenida,bebe41a9-85fc-43f3-a125-5c7f72b0898d,7,11.66
439df689-d1cf-41c3-883c-1b7713fe68e5,Aprobación Costos,e04f861d-b880-4d7f-bf03-59ce8e435929,2,4.0
0e1f2a3b-4c5d-6e7f-8a9b-0c1d2e3f4a5b,Autorización Gerencia,f65f0bd7-27f5-4b8c-9641-94729f51744a,7,7.56
4c5d6e7f-8a9b-0c1d-2e3f-4a5b6c7d8e9f,Validar Elegibilidad,2084f511-720a-4096-80cd-5bc9b91cf5b6,3,6.81
993a46fb-a0b2-4d2c-88eb-11ab1c3d4e8c,Aprobación Costos,db614129-bb28-4b41-8a46-bea1444c388c,3,5.49
6720c739-1916-432b-b392-e698dcfd8112,Iniciar Baja,3f72a8b2-777b-43c8-ba37-8f5d9fbd2135,0,3.43
2c3d4e5f-6a7b-8c9d-0e1f-2a3b4c5d6e7f,Consolidación de RRHH,7949fc3c-9284-40a0-8161-7b39cf9f9b2d,12,12.76
f5ba7581-b2ac-4b3a-830e-64ab112f975a,Aprobación Costos,2b549288-04a4-4705-bcd0-0332b683df27,3,7.88
5c6d7e8f-9a0b-1c2d-3e4f-5a6b7c8d9e0f,Aprobación del manager,3f72a8b2-777b-43c8-ba37-8f5d9fbd2135,0,8.92
439df689-d1cf-41c3-883c-1b7713fe68e5,Setup Tecnológico,f615b16b-8fd1-43c9-97c0-a65e08960291,4,8.3
8c9d0e1f-2a3b-4c5d-6e7f-8a9b0c1d2e3f,Dispersión de Fondos,14791e8e-28e4-4f61-9593-d7a2653d97a3,5,9.32
bd9966b2-5fa2-4a4b-b924-59e817a5e756,Enviar solicitud de vacaciones,db614129-bb28-4b41-8a46-bea1444c388c,11,10.06
2c3d4e5f-6a7b-8c9d-0e1f-2a3b4c5d6e7f,Revisión de Seguridad,eccb7c0d-52a7-4143-baad-ebee05361b50,13,11.32
111e9d86-cbd2-45ff-a809-4072bbe6a4d0,Presentar Requerimiento,4cd6a83f-a8b6-4b56-854d-5d3693ec4ab4,10,9.57
439df689-d1cf-41c3-883c-1b7713fe68e5,Pago de Liquidación,d9b58f63-b601-433e-9861-2bf2ad90eeb6,0,1.96
000a3793-827e-4616-84f9-0a23863e0a35,Aprobar Presupuesto,e04f861d-b880-4d7f-bf03-59ce8e435929,2,6.18
439df689-d1cf-41c3-883c-1b7713fe68e5,Pago de Liquidación,db614129-bb28-4b41-8a46-bea1444c388c,3,5.42
8c9d0e1f-2a3b-4c5d-6e7f-8a9b0c1d2e3f,Solicitar Adelanto,4cd6a83f-a8b6-4b56-854d-5d3693ec4ab4,2,11.03
5c6d7e8f-9a0b-1c2d-3e4f-5a6b7c8d9e0f,Solicitar Adelanto,f615b16b-8fd1-43c9-97c0-a65e08960291,10,16.5
3c4d5e6f-7a8b-9c0d-1e2f-3a4b5c6d7e8f,Registrar Recibos,bebe41a9-85fc-43f3-a125-5c7f72b0898d,10,12.13
a7b21cc3-d8cf-48af-8bb0-22cba4567e9b,Habilitar Permisos,c017087e-fcbc-4f47-ae54-78008d243fbf,0,3.77
6720c739-1916-432b-b392-e698dcfd8112,Aprobación del manager,f65f0bd7-27f5-4b8c-9641-94729f51744a,2,3.54
9c0d1e2f-3a4b-5c6d-7e8f-9a0b1c2d3e4f,Inicio del Proceso,2084f511-720a-4096-80cd-5bc9b91cf5b6,6,7.23
f5ba7581-b2ac-4b3a-830e-64ab112f975a,Autorización Gerencia,c017087e-fcbc-4f47-ae54-78008d243fbf,4,8.01
5c6d7e8f-9a0b-1c2d-3e4f-5a6b7c8d9e0f,Validar Capacitación,14791e8e-28e4-4f61-9593-d7a2653d97a3,9,16.75
111e9d86-cbd2-45ff-a809-4072bbe6a4d0,Cerrar Accesos,f615b16b-8fd1-43c9-97c0-a65e08960291,4,8.2
bd9966b2-5fa2-4a4b-b924-59e817a5e756,Detallar Curso,2e310583-c106-4f2c-a6c3-c4b12ec30658,5,5.8
bd9966b2-5fa2-4a4b-b924-59e817a5e756,Setup Tecnológico,f615b16b-8fd1-43c9-97c0-a65e08960291,1,6.14
111e9d86-cbd2-45ff-a809-4072bbe6a4d0,Detallar Curso,4cd6a83f-a8b6-4b56-854d-5d3693ec4ab4,10,11.7
4c5d6e7f-8a9b-0c1d-2e3f-4a5b6c7d8e9f,Habilitar Permisos,87f8e8d1-83e9-4ddb-9be0-fc955228db6d,15,13.39
993a46fb-a0b2-4d2c-88eb-11ab1c3d4e8c,Pago de Liquidación,2084f511-720a-4096-80cd-5bc9b91cf5b6,13,14.45
f5ba7581-b2ac-4b3a-830e-64ab112f975a,Especificar Servidores,d9b58f63-b601-433e-9861-2bf2ad90eeb6,5,6.68
4c5d6e7f-8a9b-0c1d-2e3f-4a5b6c7d8e9f,Validar Comercial,7949fc3c-9284-40a0-8161-7b39cf9f9b2d,11,12.12
2c3d4e5f-6a7b-8c9d-0e1f-2a3b4c5d6e7f,Setup Tecnológico,2b549288-04a4-4705-bcd0-0332b683df27,8,9.93
0e1f2a3b-4c5d-6e7f-8a9b-0c1d2e3f4a5b,Especificar Servidores,3f72a8b2-777b-43c8-ba37-8f5d9fbd2135,0,3.65
993a46fb-a0b2-4d2c-88eb-11ab1c3d4e8c,Subir Borrador,f615b16b-8fd1-43c9-97c0-a65e08960291,12,17.76
2c3d4e5f-6a7b-8c9d-0e1f-2a3b4c5d6e7f,Aprobación Costos,db614129-bb28-4b41-8a46-bea1444c388c,12,11.7
111e9d86-cbd2-45ff-a809-4072bbe6a4d0,Especificar Servidores,c017087e-fcbc-4f47-ae54-78008d243fbf,2,5.8
4c5d6e7f-8a9b-0c1d-2e3f-4a5b6c7d8e9f,Inicio de la solicitud,8490fcc8-7f53-4704-ac48-99b48356b21c,2,4.9
f5ba7581-b2ac-4b3a-830e-64ab112f975a,Inicio del Proceso,87f8e8d1-83e9-4ddb-9be0-fc955228db6d,0,4.68
4c5d6e7f-8a9b-0c1d-2e3f-4a5b6c7d8e9f,Validar Capacitación,e04f861d-b880-4d7f-bf03-59ce8e435929,3,5.14
000a3793-827e-4616-84f9-0a23863e0a35,Evaluación Técnica,7949fc3c-9284-40a0-8161-7b39cf9f9b2d,0,3.59
0e1f2a3b-4c5d-6e7f-8a9b-0c1d2e3f4a5b,Autoevaluación,14791e8e-28e4-4f61-9593-d7a2653d97a3,1,1.52
000a3793-827e-4616-84f9-0a23863e0a35,Verificar Factura,2e310583-c106-4f2c-a6c3-c4b12ec30658,3,7.36
9c0d1e2f-3a4b-5c6d-7e8f-9a0b1c2d3e4f,Autoevaluación,8490fcc8-7f53-4704-ac48-99b48356b21c,6,6.19
5c6d7e8f-9a0b-1c2d-3e4f-5a6b7c8d9e0f,Enviar solicitud de vacaciones,bebe41a9-85fc-43f3-a125-5c7f72b0898d,13,15.16
993a46fb-a0b2-4d2c-88eb-11ab1c3d4e8c,Iniciar Baja,db614129-bb28-4b41-8a46-bea1444c388c,10,11.81
6c7d8e9f-0a1b-2c3d-4e5f-6a7b8c9d0e1f,Inicio del Proceso,87f8e8d1-83e9-4ddb-9be0-fc955228db6d,10,12.28
f5ba7581-b2ac-4b3a-830e-64ab112f975a,Autoevaluación,3f72a8b2-777b-43c8-ba37-8f5d9fbd2135,13,14.43
3c4d5e6f-7a8b-9c0d-1e2f-3a4b5c6d7e8f,Registrar Recibos,e121cbea-1209-4fe7-ad22-6cf09caf5b95,4,5.21
439df689-d1cf-41c3-883c-1b7713fe68e5,Reunión Bienvenida,eccb7c0d-52a7-4143-baad-ebee05361b50,6,10.32
bd9966b2-5fa2-4a4b-b924-59e817a5e756,Registrar Recibos,d822aaf2-81c6-4054-b63b-a2bec2d53509,10,11.52
4c5d6e7f-8a9b-0c1d-2e3f-4a5b6c7d8e9f,Autorización Gerencia,e121cbea-1209-4fe7-ad22-6cf09caf5b95,15,15.73
6c7d8e9f-0a1b-2c3d-4e5f-6a7b8c9d0e1f,Enviar solicitud de vacaciones,2e310583-c106-4f2c-a6c3-c4b12ec30658,6,11.0
6c7d8e9f-0a1b-2c3d-4e5f-6a7b8c9d0e1f,Subir Borrador,bebe41a9-85fc-43f3-a125-5c7f72b0898d,11,13.43
111e9d86-cbd2-45ff-a809-4072bbe6a4d0,Procesar Transferencia,d822aaf2-81c6-4054-b63b-a2bec2d53509,5,9.44
111e9d86-cbd2-45ff-a809-4072bbe6a4d0,Iniciar Baja,7949fc3c-9284-40a0-8161-7b39cf9f9b2d,2,3.97
31ece703-f961-4e8e-a5c5-cd5c5b47e3db,Pago de Liquidación,d822aaf2-81c6-4054-b63b-a2bec2d53509,3,4.75
8c9d0e1f-2a3b-4c5d-6e7f-8a9b0c1d2e3f,Revisión de Seguridad,db614129-bb28-4b41-8a46-bea1444c388c,12,13.62
8c9d0e1f-2a3b-4c5d-6e7f-8a9b0c1d2e3f,Verificar Stock,d822aaf2-81c6-4054-b63b-a2bec2d53509,0,7.21
993a46fb-a0b2-4d2c-88eb-11ab1c3d4e8c,Firma Director,f65f0bd7-27f5-4b8c-9641-94729f51744a,5,8.5
9c0d1e2f-3a4b-5c6d-7e8f-9a0b1c2d3e4f,Revisión de Seguridad,4cd6a83f-a8b6-4b56-854d-5d3693ec4ab4,8,9.31
a7b21cc3-d8cf-48af-8bb0-22cba4567e9b,Verificar Stock,a9eff785-5679-4a1b-91ef-6ca8712ddd18,5,9.14
bd9966b2-5fa2-4a4b-b924-59e817a5e756,Inicio del Proceso,8490fcc8-7f53-4704-ac48-99b48356b21c,9,9.76
7c8d9e0f-1a2b-3c4d-5e6f-7a8b9c0d1e2f,Validar Elegibilidad,d9b58f63-b601-433e-9861-2bf2ad90eeb6,4,9.05
9c0d1e2f-3a4b-5c6d-7e8f-9a0b1c2d3e4f,Setup Tecnológico,7949fc3c-9284-40a0-8161-7b39cf9f9b2d,1,7.52
bd9966b2-5fa2-4a4b-b924-59e817a5e756,Feedback de Manager,e04f861d-b880-4d7f-bf03-59ce8e435929,11,13.55
a7b21cc3-d8cf-48af-8bb0-22cba4567e9b,Autoevaluación,db614129-bb28-4b41-8a46-bea1444c388c,0,3.8
6720c739-1916-432b-b392-e698dcfd8112,Validar Comercial,e121cbea-1209-4fe7-ad22-6cf09caf5b95,1,4.77
bd9966b2-5fa2-4a4b-b924-59e817a5e756,Revisión Gerencial,2084f511-720a-4096-80cd-5bc9b91cf5b6,7,10.52
0e1f2a3b-4c5d-6e7f-8a9b-0c1d2e3f4a5b,Reunión Bienvenida,a9eff785-5679-4a1b-91ef-6ca8712ddd18,4,5.31
8c9d0e1f-2a3b-4c5d-6e7f-8a9b0c1d2e3f,Registrar Recibos,bebe41a9-85fc-43f3-a125-5c7f72b0898d,7,11.27
bd9966b2-5fa2-4a4b-b924-59e817a5e756,Consolidar Gastos,d822aaf2-81c6-4054-b63b-a2bec2d53509,13,13.56
4c5d6e7f-8a9b-0c1d-2e3f-4a5b6c7d8e9f,Detallar Curso,bebe41a9-85fc-43f3-a125-5c7f72b0898d,9,8.7
9c0d1e2f-3a4b-5c6d-7e8f-9a0b1c2d3e4f,Presentar Requerimiento,2e310583-c106-4f2c-a6c3-c4b12ec30658,7,9.92
3c4d5e6f-7a8b-9c0d-1e2f-3a4b5c6d7e8f,Entrega del Equipo,2e310583-c106-4f2c-a6c3-c4b12ec30658,7,6.75
a7b21cc3-d8cf-48af-8bb0-22cba4567e9b,Inicio de la solicitud,2084f511-720a-4096-80cd-5bc9b91cf5b6,13,13.77
f5ba7581-b2ac-4b3a-830e-64ab112f975a,Revisión Gerencial,bebe41a9-85fc-43f3-a125-5c7f72b0898d,6,7.12
9c0d1e2f-3a4b-5c6d-7e8f-9a0b1c2d3e4f,Detallar Curso,eccb7c0d-52a7-4143-baad-ebee05361b50,2,6.53
000a3793-827e-4616-84f9-0a23863e0a35,Procesar Transferencia,eccb7c0d-52a7-4143-baad-ebee05361b50,7,6.41
4c5d6e7f-8a9b-0c1d-2e3f-4a5b6c7d8e9f,Consolidación de RRHH,d9b58f63-b601-433e-9861-2bf2ad90eeb6,7,7.57
31ece703-f961-4e8e-a5c5-cd5c5b47e3db,Cerrar Accesos,f615b16b-8fd1-43c9-97c0-a65e08960291,6,7.83
439df689-d1cf-41c3-883c-1b7713fe68e5,Habilitar Permisos,a9eff785-5679-4a1b-91ef-6ca8712ddd18,11,14.17
000a3793-827e-4616-84f9-0a23863e0a35,Enviar solicitud de vacaciones,f65f0bd7-27f5-4b8c-9641-94729f51744a,4,8.34
0e1f2a3b-4c5d-6e7f-8a9b-0c1d2e3f4a5b,Especificar Servidores,e04f861d-b880-4d7f-bf03-59ce8e435929,7,7.26
31ece703-f961-4e8e-a5c5-cd5c5b47e3db,Aprobación Presupuesto,2e310583-c106-4f2c-a6c3-c4b12ec30658,8,11.42
0e1f2a3b-4c5d-6e7f-8a9b-0c1d2e3f4a5b,Registrar Recibos,7949fc3c-9284-40a0-8161-7b39cf9f9b2d,13,13.28
000a3793-827e-4616-84f9-0a23863e0a35,Revisión Contable,87f8e8d1-83e9-4ddb-9be0-fc955228db6d,6,9.46
7c8d9e0f-1a2b-3c4d-5e6f-7a8b9c0d1e2f,Instalar Licencia,e1c69265-87e8-417b-b13a-2ae72c53d4e3,6,7.24
7c8d9e0f-1a2b-3c4d-5e6f-7a8b9c0d1e2f,Cerrar Accesos,8490fcc8-7f53-4704-ac48-99b48356b21c,13,12.59
8c9d0e1f-2a3b-4c5d-6e7f-8a9b0c1d2e3f,Consolidación de RRHH,f615b16b-8fd1-43c9-97c0-a65e08960291,13,15.09
a7b21cc3-d8cf-48af-8bb0-22cba4567e9b,Preparar Firma,7949fc3c-9284-40a0-8161-7b39cf9f9b2d,7,8.11
7c8d9e0f-1a2b-3c4d-5e6f-7a8b9c0d1e2f,Registrar Recibos,e121cbea-1209-4fe7-ad22-6cf09caf5b95,6,10.7
a7b21cc3-d8cf-48af-8bb0-22cba4567e9b,Validar Capacitación,8490fcc8-7f53-4704-ac48-99b48356b21c,9,9.21
bd9966b2-5fa2-4a4b-b924-59e817a5e756,Consolidación de RRHH,2b549288-04a4-4705-bcd0-0332b683df27,10,12.12
a7b21cc3-d8cf-48af-8bb0-22cba4567e9b,Validación de RRHH,bebe41a9-85fc-43f3-a125-5c7f72b0898d,10,12.68
6720c739-1916-432b-b392-e698dcfd8112,Consolidación de RRHH,7949fc3c-9284-40a0-8161-7b39cf9f9b2d,4,5.16
9c0d1e2f-3a4b-5c6d-7e8f-9a0b1c2d3e4f,Firma Director,db614129-bb28-4b41-8a46-bea1444c388c,11,11.52
7c8d9e0f-1a2b-3c4d-5e6f-7a8b9c0d1e2f,Habilitar Permisos,c017087e-fcbc-4f47-ae54-78008d243fbf,2,8.35
a7b21cc3-d8cf-48af-8bb0-22cba4567e9b,Inicio del Proceso,2b549288-04a4-4705-bcd0-0332b683df27,7,11.15
2c3d4e5f-6a7b-8c9d-0e1f-2a3b4c5d6e7f,Enviar solicitud de vacaciones,2b549288-04a4-4705-bcd0-0332b683df27,2,4.92
bd9966b2-5fa2-4a4b-b924-59e817a5e756,Aprobación de Pago,a9eff785-5679-4a1b-91ef-6ca8712ddd18,6,8.75
111e9d86-cbd2-45ff-a809-4072bbe6a4d0,Revisión Contable,f615b16b-8fd1-43c9-97c0-a65e08960291,1,5.36
a7b21cc3-d8cf-48af-8bb0-22cba4567e9b,Aprobación Presupuesto,d822aaf2-81c6-4054-b63b-a2bec2d53509,11,11.97
8c9d0e1f-2a3b-4c5d-6e7f-8a9b0c1d2e3f,Feedback de Manager,d9b58f63-b601-433e-9861-2bf2ad90eeb6,9,14.92
a7b21cc3-d8cf-48af-8bb0-22cba4567e9b,Inicio de la solicitud,eccb7c0d-52a7-4143-baad-ebee05361b50,8,9.37
5c6d7e8f-9a0b-1c2d-3e4f-5a6b7c8d9e0f,Evaluación Técnica,87f8e8d1-83e9-4ddb-9be0-fc955228db6d,12,15.37
f5ba7581-b2ac-4b3a-830e-64ab112f975a,Registrar Recibos,f615b16b-8fd1-43c9-97c0-a65e08960291,12,14.28
9c0d1e2f-3a4b-5c6d-7e8f-9a0b1c2d3e4f,Verificar Factura,2e310583-c106-4f2c-a6c3-c4b12ec30658,4,7.9
a7b21cc3-d8cf-48af-8bb0-22cba4567e9b,Aprobación Costos,2e310583-c106-4f2c-a6c3-c4b12ec30658,9,12.4
31ece703-f961-4e8e-a5c5-cd5c5b47e3db,Verificar Factura,e121cbea-1209-4fe7-ad22-6cf09caf5b95,12,14.61
5c6d7e8f-9a0b-1c2d-3e4f-5a6b7c8d9e0f,Especificar Licencia,bebe41a9-85fc-43f3-a125-5c7f72b0898d,2,6.62
111e9d86-cbd2-45ff-a809-4072bbe6a4d0,Especificar Licencia,14791e8e-28e4-4f61-9593-d7a2653d97a3,15,16.46
31ece703-f961-4e8e-a5c5-cd5c5b47e3db,Validar Elegibilidad,e121cbea-1209-4fe7-ad22-6cf09caf5b95,4,9.44
8c9d0e1f-2a3b-4c5d-6e7f-8a9b0c1d2e3f,Verificar Stock,d822aaf2-81c6-4054-b63b-a2bec2d53509,1,7.04
31ece703-f961-4e8e-a5c5-cd5c5b47e3db,Procesar Transferencia,2b549288-04a4-4705-bcd0-0332b683df27,9,11.55
9c0d1e2f-3a4b-5c6d-7e8f-9a0b1c2d3e4f,Cerrar Accesos,d822aaf2-81c6-4054-b63b-a2bec2d53509,15,16.19
5c6d7e8f-9a0b-1c2d-3e4f-5a6b7c8d9e0f,Preparar Firma,2b549288-04a4-4705-bcd0-0332b683df27,4,12.43
993a46fb-a0b2-4d2c-88eb-11ab1c3d4e8c,Aprobación Presupuesto,f615b16b-8fd1-43c9-97c0-a65e08960291,0,7.02
111e9d86-cbd2-45ff-a809-4072bbe6a4d0,Cerrar Accesos,c017087e-fcbc-4f47-ae54-78008d243fbf,10,9.09
4c5d6e7f-8a9b-0c1d-2e3f-4a5b6c7d8e9f,Consolidar Gastos,8490fcc8-7f53-4704-ac48-99b48356b21c,9,8.93
6c7d8e9f-0a1b-2c3d-4e5f-6a7b8c9d0e1f,Validar Comercial,3f72a8b2-777b-43c8-ba37-8f5d9fbd2135,13,11.86
2c3d4e5f-6a7b-8c9d-0e1f-2a3b4c5d6e7f,Procesar Transferencia,eccb7c0d-52a7-4143-baad-ebee05361b50,0,3.34
bd9966b2-5fa2-4a4b-b924-59e817a5e756,Entrega del Equipo,87f8e8d1-83e9-4ddb-9be0-fc955228db6d,4,4.6
439df689-d1cf-41c3-883c-1b7713fe68e5,Verificar Factura,3f72a8b2-777b-43c8-ba37-8f5d9fbd2135,10,12.4
4c5d6e7f-8a9b-0c1d-2e3f-4a5b6c7d8e9f,Verificar Factura,2084f511-720a-4096-80cd-5bc9b91cf5b6,9,10.11
4c5d6e7f-8a9b-0c1d-2e3f-4a5b6c7d8e9f,Reunión Bienvenida,2e310583-c106-4f2c-a6c3-c4b12ec30658,11,10.87
111e9d86-cbd2-45ff-a809-4072bbe6a4d0,Verificar Factura,e121cbea-1209-4fe7-ad22-6cf09caf5b95,4,7.98
439df689-d1cf-41c3-883c-1b7713fe68e5,Validación de RRHH,f615b16b-8fd1-43c9-97c0-a65e08960291,9,11.98
000a3793-827e-4616-84f9-0a23863e0a35,Aprobación de Pago,2084f511-720a-4096-80cd-5bc9b91cf5b6,5,9.92
5c6d7e8f-9a0b-1c2d-3e4f-5a6b7c8d9e0f,Habilitar Permisos,eccb7c0d-52a7-4143-baad-ebee05361b50,10,15.9
3c4d5e6f-7a8b-9c0d-1e2f-3a4b5c6d7e8f,Aprobación Costos,87f8e8d1-83e9-4ddb-9be0-fc955228db6d,0,4.85
8c9d0e1f-2a3b-4c5d-6e7f-8a9b0c1d2e3f,Entrega del Equipo,8490fcc8-7f53-4704-ac48-99b48356b21c,15,20.91
0e1f2a3b-4c5d-6e7f-8a9b-0c1d2e3f4a5b,Reunión Bienvenida,8490fcc8-7f53-4704-ac48-99b48356b21c,6,6.4
993a46fb-a0b2-4d2c-88eb-11ab1c3d4e8c,Detallar Curso,eccb7c0d-52a7-4143-baad-ebee05361b50,14,15.98
6720c739-1916-432b-b392-e698dcfd8112,Autorización Gerencia,3f72a8b2-777b-43c8-ba37-8f5d9fbd2135,5,9.45
4c5d6e7f-8a9b-0c1d-2e3f-4a5b6c7d8e9f,Verificar Factura,f65f0bd7-27f5-4b8c-9641-94729f51744a,3,6.0
bd9966b2-5fa2-4a4b-b924-59e817a5e756,Enviar solicitud de vacaciones,2e310583-c106-4f2c-a6c3-c4b12ec30658,2,8.0
5c6d7e8f-9a0b-1c2d-3e4f-5a6b7c8d9e0f,Solicitar Adelanto,7949fc3c-9284-40a0-8161-7b39cf9f9b2d,6,13.3
9c0d1e2f-3a4b-5c6d-7e8f-9a0b1c2d3e4f,Solicitar Adelanto,2b549288-04a4-4705-bcd0-0332b683df27,0,4.42
993a46fb-a0b2-4d2c-88eb-11ab1c3d4e8c,Especificar Servidores,2e310583-c106-4f2c-a6c3-c4b12ec30658,2,8.38
9c0d1e2f-3a4b-5c6d-7e8f-9a0b1c2d3e4f,Dispersión de Fondos,8490fcc8-7f53-4704-ac48-99b48356b21c,0,6.78
6c7d8e9f-0a1b-2c3d-4e5f-6a7b8c9d0e1f,Aprobación Costos,2e310583-c106-4f2c-a6c3-c4b12ec30658,12,12.37
6c7d8e9f-0a1b-2c3d-4e5f-6a7b8c9d0e1f,Feedback de Manager,d9b58f63-b601-433e-9861-2bf2ad90eeb6,0,6.24
31ece703-f961-4e8e-a5c5-cd5c5b47e3db,Validación de RRHH,2084f511-720a-4096-80cd-5bc9b91cf5b6,12,13.82
9c0d1e2f-3a4b-5c6d-7e8f-9a0b1c2d3e4f,Subir Borrador,2e310583-c106-4f2c-a6c3-c4b12ec30658,4,8.14
4c5d6e7f-8a9b-0c1d-2e3f-4a5b6c7d8e9f,Aprobación Costos,eccb7c0d-52a7-4143-baad-ebee05361b50,13,12.14
bd9966b2-5fa2-4a4b-b924-59e817a5e756,Revisión de Seguridad,d9b58f63-b601-433e-9861-2bf2ad90eeb6,0,5.38
6c7d8e9f-0a1b-2c3d-4e5f-6a7b8c9d0e1f,Subir Borrador,a9eff785-5679-4a1b-91ef-6ca8712ddd18,11,13.21
000a3793-827e-4616-84f9-0a23863e0a35,Revisión de Seguridad,a9eff785-5679-4a1b-91ef-6ca8712ddd18,1,4.53
0e1f2a3b-4c5d-6e7f-8a9b-0c1d2e3f4a5b,Autoevaluación,d9b58f63-b601-433e-9861-2bf2ad90eeb6,0,1.99
6c7d8e9f-0a1b-2c3d-4e5f-6a7b8c9d0e1f,Autoevaluación,0eea38fa-f85e-4c73-b47b-0a1985db1227,0,4.07
7c8d9e0f-1a2b-3c4d-5e6f-7a8b9c0d1e2f,Dispersión de Fondos,e121cbea-1209-4fe7-ad22-6cf09caf5b95,6,6.65
6720c739-1916-432b-b392-e698dcfd8112,Aprobación de Pago,e04f861d-b880-4d7f-bf03-59ce8e435929,13,13.82
31ece703-f961-4e8e-a5c5-cd5c5b47e3db,Aprobar Presupuesto,db614129-bb28-4b41-8a46-bea1444c388c,0,3.58
439df689-d1cf-41c3-883c-1b7713fe68e5,Verificar Stock,7949fc3c-9284-40a0-8161-7b39cf9f9b2d,15,13.06
31ece703-f961-4e8e-a5c5-cd5c5b47e3db,Procesar Transferencia,db614129-bb28-4b41-8a46-bea1444c388c,13,14.41
993a46fb-a0b2-4d2c-88eb-11ab1c3d4e8c,Especificar Licencia,a9eff785-5679-4a1b-91ef-6ca8712ddd18,10,14.33
4c5d6e7f-8a9b-0c1d-2e3f-4a5b6c7d8e9f,Presentar Requerimiento,bebe41a9-85fc-43f3-a125-5c7f72b0898d,14,14.92
2c3d4e5f-6a7b-8c9d-0e1f-2a3b4c5d6e7f,Aprobación Costos,db614129-bb28-4b41-8a46-bea1444c388c,13,15.11
5c6d7e8f-9a0b-1c2d-3e4f-5a6b7c8d9e0f,Aprobar Presupuesto,14791e8e-28e4-4f61-9593-d7a2653d97a3,8,11.74
6c7d8e9f-0a1b-2c3d-4e5f-6a7b8c9d0e1f,Preparar Firma,2084f511-720a-4096-80cd-5bc9b91cf5b6,8,9.61
0e1f2a3b-4c5d-6e7f-8a9b-0c1d2e3f4a5b,Revisión Gerencial,8490fcc8-7f53-4704-ac48-99b48356b21c,2,4.19
9c0d1e2f-3a4b-5c6d-7e8f-9a0b1c2d3e4f,Aprobación Presupuesto,f65f0bd7-27f5-4b8c-9641-94729f51744a,6,9.42
4c5d6e7f-8a9b-0c1d-2e3f-4a5b6c7d8e9f,Aprobación Costos,e1c69265-87e8-417b-b13a-2ae72c53d4e3,0,4.46
5c6d7e8f-9a0b-1c2d-3e4f-5a6b7c8d9e0f,Dispersión de Fondos,2e310583-c106-4f2c-a6c3-c4b12ec30658,3,9.2
6c7d8e9f-0a1b-2c3d-4e5f-6a7b8c9d0e1f,Autorización Gerencia,eccb7c0d-52a7-4143-baad-ebee05361b50,11,11.5
5c6d7e8f-9a0b-1c2d-3e4f-5a6b7c8d9e0f,Aprobación de Pago,f615b16b-8fd1-43c9-97c0-a65e08960291,7,10.4
f5ba7581-b2ac-4b3a-830e-64ab112f975a,Entrega del Equipo,4cd6a83f-a8b6-4b56-854d-5d3693ec4ab4,4,7.87
a7b21cc3-d8cf-48af-8bb0-22cba4567e9b,Pago de Liquidación,2084f511-720a-4096-80cd-5bc9b91cf5b6,6,10.26
8c9d0e1f-2a3b-4c5d-6e7f-8a9b0c1d2e3f,Verificar Stock,0eea38fa-f85e-4c73-b47b-0a1985db1227,7,9.32
6c7d8e9f-0a1b-2c3d-4e5f-6a7b8c9d0e1f,Habilitar Permisos,db614129-bb28-4b41-8a46-bea1444c388c,4,6.15
3c4d5e6f-7a8b-9c0d-1e2f-3a4b5c6d7e8f,Preparar Firma,db614129-bb28-4b41-8a46-bea1444c388c,6,8.56
6720c739-1916-432b-b392-e698dcfd8112,Procesar Transferencia,f615b16b-8fd1-43c9-97c0-a65e08960291,6,8.4
a7b21cc3-d8cf-48af-8bb0-22cba4567e9b,Aprobación de Pago,8490fcc8-7f53-4704-ac48-99b48356b21c,11,10.67
f5ba7581-b2ac-4b3a-830e-64ab112f975a,Detallar Curso,eccb7c0d-52a7-4143-baad-ebee05361b50,8,10.62
7c8d9e0f-1a2b-3c4d-5e6f-7a8b9c0d1e2f,Reunión Bienvenida,e1c69265-87e8-417b-b13a-2ae72c53d4e3,4,8.28
439df689-d1cf-41c3-883c-1b7713fe68e5,Habilitar Permisos,e04f861d-b880-4d7f-bf03-59ce8e435929,1,2.48
3c4d5e6f-7a8b-9c0d-1e2f-3a4b5c6d7e8f,Verificar Factura,db614129-bb28-4b41-8a46-bea1444c388c,0,3.05
a7b21cc3-d8cf-48af-8bb0-22cba4567e9b,Aprobación de Pago,4cd6a83f-a8b6-4b56-854d-5d3693ec4ab4,4,7.52
6c7d8e9f-0a1b-2c3d-4e5f-6a7b8c9d0e1f,Especificar Servidores,c017087e-fcbc-4f47-ae54-78008d243fbf,2,6.28
f5ba7581-b2ac-4b3a-830e-64ab112f975a,Iniciar Baja,d9b58f63-b601-433e-9861-2bf2ad90eeb6,12,11.32
993a46fb-a0b2-4d2c-88eb-11ab1c3d4e8c,Presentar Requerimiento,f65f0bd7-27f5-4b8c-9641-94729f51744a,6,10.63
bd9966b2-5fa2-4a4b-b924-59e817a5e756,Revisión Contable,e04f861d-b880-4d7f-bf03-59ce8e435929,14,13.45
439df689-d1cf-41c3-883c-1b7713fe68e5,Iniciar Baja,3f72a8b2-777b-43c8-ba37-8f5d9fbd2135,6,6.45
9c0d1e2f-3a4b-5c6d-7e8f-9a0b1c2d3e4f,Subir Borrador,d9b58f63-b601-433e-9861-2bf2ad90eeb6,10,11.81
3c4d5e6f-7a8b-9c0d-1e2f-3a4b5c6d7e8f,Entrega del Equipo,2b549288-04a4-4705-bcd0-0332b683df27,3,4.87
3c4d5e6f-7a8b-9c0d-1e2f-3a4b5c6d7e8f,Revisión Contable,8490fcc8-7f53-4704-ac48-99b48356b21c,1,3.97
6720c739-1916-432b-b392-e698dcfd8112,Aprobación de Pago,c017087e-fcbc-4f47-ae54-78008d243fbf,0,5.08
7c8d9e0f-1a2b-3c4d-5e6f-7a8b9c0d1e2f,Revisión de Seguridad,a9eff785-5679-4a1b-91ef-6ca8712ddd18,12,15.65
4c5d6e7f-8a9b-0c1d-2e3f-4a5b6c7d8e9f,Autorización Gerencia,d822aaf2-81c6-4054-b63b-a2bec2d53509,0,5.85
3c4d5e6f-7a8b-9c0d-1e2f-3a4b5c6d7e8f,Enviar solicitud de vacaciones,e04f861d-b880-4d7f-bf03-59ce8e435929,9,11.69
0e1f2a3b-4c5d-6e7f-8a9b-0c1d2e3f4a5b,Aprobación del manager,db614129-bb28-4b41-8a46-bea1444c388c,6,6.39
31ece703-f961-4e8e-a5c5-cd5c5b47e3db,Registrar Recibos,e1c69265-87e8-417b-b13a-2ae72c53d4e3,12,10.56
a7b21cc3-d8cf-48af-8bb0-22cba4567e9b,Revisión Gerencial,0eea38fa-f85e-4c73-b47b-0a1985db1227,8,8.65
f5ba7581-b2ac-4b3a-830e-64ab112f975a,Consolidación de RRHH,db614129-bb28-4b41-8a46-bea1444c388c,13,13.94
a7b21cc3-d8cf-48af-8bb0-22cba4567e9b,Verificar Factura,2b549288-04a4-4705-bcd0-0332b683df27,6,7.52
0e1f2a3b-4c5d-6e7f-8a9b-0c1d2e3f4a5b,Firma Director,4cd6a83f-a8b6-4b56-854d-5d3693ec4ab4,2,2.94
5c6d7e8f-9a0b-1c2d-3e4f-5a6b7c8d9e0f,Iniciar Baja,e04f861d-b880-4d7f-bf03-59ce8e435929,1,9.12
4c5d6e7f-8a9b-0c1d-2e3f-4a5b6c7d8e9f,Evaluación Técnica,87f8e8d1-83e9-4ddb-9be0-fc955228db6d,3,6.1
a7b21cc3-d8cf-48af-8bb0-22cba4567e9b,Aprobación Presupuesto,2084f511-720a-4096-80cd-5bc9b91cf5b6,7,9.54
0e1f2a3b-4c5d-6e7f-8a9b-0c1d2e3f4a5b,Inicio de la solicitud,bebe41a9-85fc-43f3-a125-5c7f72b0898d,11,11.35
000a3793-827e-4616-84f9-0a23863e0a35,Feedback de Manager,e121cbea-1209-4fe7-ad22-6cf09caf5b95,15,14.85
6720c739-1916-432b-b392-e698dcfd8112,Revisión de Seguridad,eccb7c0d-52a7-4143-baad-ebee05361b50,11,12.33
6720c739-1916-432b-b392-e698dcfd8112,Autoevaluación,14791e8e-28e4-4f61-9593-d7a2653d97a3,1,3.74
9c0d1e2f-3a4b-5c6d-7e8f-9a0b1c2d3e4f,Validar Comercial,db614129-bb28-4b41-8a46-bea1444c388c,15,15.77
111e9d86-cbd2-45ff-a809-4072bbe6a4d0,Aprobación del manager,2b549288-04a4-4705-bcd0-0332b683df27,1,3.41
000a3793-827e-4616-84f9-0a23863e0a35,Iniciar Baja,87f8e8d1-83e9-4ddb-9be0-fc955228db6d,2,3.9
bd9966b2-5fa2-4a4b-b924-59e817a5e756,Detallar Curso,0eea38fa-f85e-4c73-b47b-0a1985db1227,5,6.63
3c4d5e6f-7a8b-9c0d-1e2f-3a4b5c6d7e8f,Entrega del Equipo,7949fc3c-9284-40a0-8161-7b39cf9f9b2d,6,9.35
a7b21cc3-d8cf-48af-8bb0-22cba4567e9b,Revisión Gerencial,f65f0bd7-27f5-4b8c-9641-94729f51744a,15,13.65
f5ba7581-b2ac-4b3a-830e-64ab112f975a,Registrar Recibos,d9b58f63-b601-433e-9861-2bf2ad90eeb6,2,6.74
f5ba7581-b2ac-4b3a-830e-64ab112f975a,Iniciar Baja,2e310583-c106-4f2c-a6c3-c4b12ec30658,5,8.55
6720c739-1916-432b-b392-e698dcfd8112,Consolidar Gastos,0eea38fa-f85e-4c73-b47b-0a1985db1227,13,15.48
000a3793-827e-4616-84f9-0a23863e0a35,Subir Borrador,eccb7c0d-52a7-4143-baad-ebee05361b50,12,12.78
f5ba7581-b2ac-4b3a-830e-64ab112f975a,Evaluación Técnica,4cd6a83f-a8b6-4b56-854d-5d3693ec4ab4,10,12.8
3c4d5e6f-7a8b-9c0d-1e2f-3a4b5c6d7e8f,Validar Capacitación,4cd6a83f-a8b6-4b56-854d-5d3693ec4ab4,5,6.76
bd9966b2-5fa2-4a4b-b924-59e817a5e756,Validar Capacitación,d822aaf2-81c6-4054-b63b-a2bec2d53509,11,13.05
439df689-d1cf-41c3-883c-1b7713fe68e5,Instalar Licencia,e121cbea-1209-4fe7-ad22-6cf09caf5b95,7,9.89
31ece703-f961-4e8e-a5c5-cd5c5b47e3db,Validar Elegibilidad,db614129-bb28-4b41-8a46-bea1444c388c,0,2.55
3c4d5e6f-7a8b-9c0d-1e2f-3a4b5c6d7e8f,Reunión Bienvenida,d822aaf2-81c6-4054-b63b-a2bec2d53509,14,16.15
9c0d1e2f-3a4b-5c6d-7e8f-9a0b1c2d3e4f,Entrega del Equipo,14791e8e-28e4-4f61-9593-d7a2653d97a3,13,15.02
7c8d9e0f-1a2b-3c4d-5e6f-7a8b9c0d1e2f,Pago de Liquidación,2084f511-720a-4096-80cd-5bc9b91cf5b6,10,11.94
4c5d6e7f-8a9b-0c1d-2e3f-4a5b6c7d8e9f,Validar Elegibilidad,0eea38fa-f85e-4c73-b47b-0a1985db1227,6,9.51
6c7d8e9f-0a1b-2c3d-4e5f-6a7b8c9d0e1f,Revisión Gerencial,14791e8e-28e4-4f61-9593-d7a2653d97a3,13,16.12
000a3793-827e-4616-84f9-0a23863e0a35,Registrar Recibos,2084f511-720a-4096-80cd-5bc9b91cf5b6,0,5.51
993a46fb-a0b2-4d2c-88eb-11ab1c3d4e8c,Especificar Servidores,2e310583-c106-4f2c-a6c3-c4b12ec30658,15,17.31
8c9d0e1f-2a3b-4c5d-6e7f-8a9b0c1d2e3f,Especificar Licencia,14791e8e-28e4-4f61-9593-d7a2653d97a3,0,4.05
31ece703-f961-4e8e-a5c5-cd5c5b47e3db,Consolidar Gastos,d822aaf2-81c6-4054-b63b-a2bec2d53509,12,14.13
3c4d5e6f-7a8b-9c0d-1e2f-3a4b5c6d7e8f,Validar Comercial,2b549288-04a4-4705-bcd0-0332b683df27,0,3.86
3c4d5e6f-7a8b-9c0d-1e2f-3a4b5c6d7e8f,Reunión Bienvenida,a9eff785-5679-4a1b-91ef-6ca8712ddd18,12,13.18
6c7d8e9f-0a1b-2c3d-4e5f-6a7b8c9d0e1f,Revisión Gerencial,2b549288-04a4-4705-bcd0-0332b683df27,3,6.34
993a46fb-a0b2-4d2c-88eb-11ab1c3d4e8c,Aprobación del manager,db614129-bb28-4b41-8a46-bea1444c388c,15,17.87
f5ba7581-b2ac-4b3a-830e-64ab112f975a,Aprobación Costos,d822aaf2-81c6-4054-b63b-a2bec2d53509,11,11.56
6c7d8e9f-0a1b-2c3d-4e5f-6a7b8c9d0e1f,Presentar Requerimiento,0eea38fa-f85e-4c73-b47b-0a1985db1227,15,15.53
f5ba7581-b2ac-4b3a-830e-64ab112f975a,Solicitar Adelanto,8490fcc8-7f53-4704-ac48-99b48356b21c,10,8.9
5c6d7e8f-9a0b-1c2d-3e4f-5a6b7c8d9e0f,Revisión de Seguridad,2b549288-04a4-4705-bcd0-0332b683df27,7,12.38
f5ba7581-b2ac-4b3a-830e-64ab112f975a,Validar Capacitación,e1c69265-87e8-417b-b13a-2ae72c53d4e3,14,12.91
31ece703-f961-4e8e-a5c5-cd5c5b47e3db,Solicitar Adelanto,7949fc3c-9284-40a0-8161-7b39cf9f9b2d,14,12.58
31ece703-f961-4e8e-a5c5-cd5c5b47e3db,Inicio del Proceso,eccb7c0d-52a7-4143-baad-ebee05361b50,8,12.05
6c7d8e9f-0a1b-2c3d-4e5f-6a7b8c9d0e1f,Habilitar Permisos,2e310583-c106-4f2c-a6c3-c4b12ec30658,7,10.41
6720c739-1916-432b-b392-e698dcfd8112,Habilitar Permisos,bebe41a9-85fc-43f3-a125-5c7f72b0898d,5,6.13
3c4d5e6f-7a8b-9c0d-1e2f-3a4b5c6d7e8f,Subir Borrador,8490fcc8-7f53-4704-ac48-99b48356b21c,8,8.31
9c0d1e2f-3a4b-5c6d-7e8f-9a0b1c2d3e4f,Revisión de Seguridad,eccb7c0d-52a7-4143-baad-ebee05361b50,2,7.68
6c7d8e9f-0a1b-2c3d-4e5f-6a7b8c9d0e1f,Revisión Gerencial,f615b16b-8fd1-43c9-97c0-a65e08960291,4,5.86
5c6d7e8f-9a0b-1c2d-3e4f-5a6b7c8d9e0f,Consolidar Gastos,f65f0bd7-27f5-4b8c-9641-94729f51744a,11,18.12
439df689-d1cf-41c3-883c-1b7713fe68e5,Solicitar Adelanto,2084f511-720a-4096-80cd-5bc9b91cf5b6,9,11.77
111e9d86-cbd2-45ff-a809-4072bbe6a4d0,Autorización Gerencia,d9b58f63-b601-433e-9861-2bf2ad90eeb6,3,6.8
31ece703-f961-4e8e-a5c5-cd5c5b47e3db,Validación de RRHH,f65f0bd7-27f5-4b8c-9641-94729f51744a,11,12.13
993a46fb-a0b2-4d2c-88eb-11ab1c3d4e8c,Setup Tecnológico,3f72a8b2-777b-43c8-ba37-8f5d9fbd2135,0,7.67
000a3793-827e-4616-84f9-0a23863e0a35,Aprobación de Pago,bebe41a9-85fc-43f3-a125-5c7f72b0898d,14,12.86
bd9966b2-5fa2-4a4b-b924-59e817a5e756,Registrar Recibos,a9eff785-5679-4a1b-91ef-6ca8712ddd18,4,6.81
4c5d6e7f-8a9b-0c1d-2e3f-4a5b6c7d8e9f,Revisión Contable,d9b58f63-b601-433e-9861-2bf2ad90eeb6,3,5.49
5c6d7e8f-9a0b-1c2d-3e4f-5a6b7c8d9e0f,Subir Borrador,4cd6a83f-a8b6-4b56-854d-5d3693ec4ab4,9,11.12
bd9966b2-5fa2-4a4b-b924-59e817a5e756,Solicitar Adelanto,f65f0bd7-27f5-4b8c-9641-94729f51744a,6,11.15
2c3d4e5f-6a7b-8c9d-0e1f-2a3b4c5d6e7f,Inicio del Proceso,2b549288-04a4-4705-bcd0-0332b683df27,7,8.53
6c7d8e9f-0a1b-2c3d-4e5f-6a7b8c9d0e1f,Verificar Stock,0eea38fa-f85e-4c73-b47b-0a1985db1227,3,5.14
3c4d5e6f-7a8b-9c0d-1e2f-3a4b5c6d7e8f,Procesar Transferencia,d822aaf2-81c6-4054-b63b-a2bec2d53509,3,6.37
111e9d86-cbd2-45ff-a809-4072bbe6a4d0,Instalar Licencia,e1c69265-87e8-417b-b13a-2ae72c53d4e3,0,4.11
2c3d4e5f-6a7b-8c9d-0e1f-2a3b4c5d6e7f,Preparar Firma,eccb7c0d-52a7-4143-baad-ebee05361b50,6,6.57
439df689-d1cf-41c3-883c-1b7713fe68e5,Registrar Recibos,e121cbea-1209-4fe7-ad22-6cf09caf5b95,5,8.42
5c6d7e8f-9a0b-1c2d-3e4f-5a6b7c8d9e0f,Setup Tecnológico,db614129-bb28-4b41-8a46-bea1444c388c,13,17.51
4c5d6e7f-8a9b-0c1d-2e3f-4a5b6c7d8e9f,Validar Elegibilidad,2e310583-c106-4f2c-a6c3-c4b12ec30658,5,8.97
f5ba7581-b2ac-4b3a-830e-64ab112f975a,Aprobación del manager,e1c69265-87e8-417b-b13a-2ae72c53d4e3,6,7.88
000a3793-827e-4616-84f9-0a23863e0a35,Revisión Gerencial,e1c69265-87e8-417b-b13a-2ae72c53d4e3,14,15.23
f5ba7581-b2ac-4b3a-830e-64ab112f975a,Revisión de Seguridad,8490fcc8-7f53-4704-ac48-99b48356b21c,7,11.41
31ece703-f961-4e8e-a5c5-cd5c5b47e3db,Dispersión de Fondos,f615b16b-8fd1-43c9-97c0-a65e08960291,1,7.6
5c6d7e8f-9a0b-1c2d-3e4f-5a6b7c8d9e0f,Inicio del Proceso,e121cbea-1209-4fe7-ad22-6cf09caf5b95,13,18.65
f5ba7581-b2ac-4b3a-830e-64ab112f975a,Validar Elegibilidad,3f72a8b2-777b-43c8-ba37-8f5d9fbd2135,5,8.85
bd9966b2-5fa2-4a4b-b924-59e817a5e756,Solicitar Adelanto,e04f861d-b880-4d7f-bf03-59ce8e435929,12,12.84
8c9d0e1f-2a3b-4c5d-6e7f-8a9b0c1d2e3f,Pago de Liquidación,c017087e-fcbc-4f47-ae54-78008d243fbf,12,16.78
2c3d4e5f-6a7b-8c9d-0e1f-2a3b4c5d6e7f,Entrega del Equipo,8490fcc8-7f53-4704-ac48-99b48356b21c,8,10.91
993a46fb-a0b2-4d2c-88eb-11ab1c3d4e8c,Especificar Licencia,f65f0bd7-27f5-4b8c-9641-94729f51744a,13,15.02
5c6d7e8f-9a0b-1c2d-3e4f-5a6b7c8d9e0f,Autorización Gerencia,bebe41a9-85fc-43f3-a125-5c7f72b0898d,11,16.06
8c9d0e1f-2a3b-4c5d-6e7f-8a9b0c1d2e3f,Validar Comercial,14791e8e-28e4-4f61-9593-d7a2653d97a3,3,10.61
bd9966b2-5fa2-4a4b-b924-59e817a5e756,Iniciar Baja,3f72a8b2-777b-43c8-ba37-8f5d9fbd2135,5,9.14
bd9966b2-5fa2-4a4b-b924-59e817a5e756,Presentar Requerimiento,2084f511-720a-4096-80cd-5bc9b91cf5b6,13,13.09
a7b21cc3-d8cf-48af-8bb0-22cba4567e9b,Reunión Bienvenida,e04f861d-b880-4d7f-bf03-59ce8e435929,4,6.67
5c6d7e8f-9a0b-1c2d-3e4f-5a6b7c8d9e0f,Especificar Servidores,f65f0bd7-27f5-4b8c-9641-94729f51744a,12,17.39
5c6d7e8f-9a0b-1c2d-3e4f-5a6b7c8d9e0f,Aprobación Presupuesto,7949fc3c-9284-40a0-8161-7b39cf9f9b2d,8,14.74
8c9d0e1f-2a3b-4c5d-6e7f-8a9b0c1d2e3f,Autorización Gerencia,db614129-bb28-4b41-8a46-bea1444c388c,7,14.49
0e1f2a3b-4c5d-6e7f-8a9b-0c1d2e3f4a5b,Aprobación de Pago,14791e8e-28e4-4f61-9593-d7a2653d97a3,8,8.48
8c9d0e1f-2a3b-4c5d-6e7f-8a9b0c1d2e3f,Enviar solicitud de vacaciones,bebe41a9-85fc-43f3-a125-5c7f72b0898d,6,9.01
3c4d5e6f-7a8b-9c0d-1e2f-3a4b5c6d7e8f,Solicitar Adelanto,2e310583-c106-4f2c-a6c3-c4b12ec30658,13,14.28
7c8d9e0f-1a2b-3c4d-5e6f-7a8b9c0d1e2f,Evaluación Técnica,db614129-bb28-4b41-8a46-bea1444c388c,3,7.26
2c3d4e5f-6a7b-8c9d-0e1f-2a3b4c5d6e7f,Revisión Contable,c017087e-fcbc-4f47-ae54-78008d243fbf,12,12.44
2c3d4e5f-6a7b-8c9d-0e1f-2a3b4c5d6e7f,Registrar Recibos,d822aaf2-81c6-4054-b63b-a2bec2d53509,10,10.74
2c3d4e5f-6a7b-8c9d-0e1f-2a3b4c5d6e7f,Dispersión de Fondos,2b549288-04a4-4705-bcd0-0332b683df27,10,12.33
0e1f2a3b-4c5d-6e7f-8a9b-0c1d2e3f4a5b,Verificar Factura,d822aaf2-81c6-4054-b63b-a2bec2d53509,3,3.88
bd9966b2-5fa2-4a4b-b924-59e817a5e756,Setup Tecnológico,0eea38fa-f85e-4c73-b47b-0a1985db1227,14,16.13
a7b21cc3-d8cf-48af-8bb0-22cba4567e9b,Detallar Curso,8490fcc8-7f53-4704-ac48-99b48356b21c,2,6.68
993a46fb-a0b2-4d2c-88eb-11ab1c3d4e8c,Feedback de Manager,d822aaf2-81c6-4054-b63b-a2bec2d53509,11,16.89
4c5d6e7f-8a9b-0c1d-2e3f-4a5b6c7d8e9f,Iniciar Baja,eccb7c0d-52a7-4143-baad-ebee05361b50,15,14.07
439df689-d1cf-41c3-883c-1b7713fe68e5,Cerrar Accesos,eccb7c0d-52a7-4143-baad-ebee05361b50,7,8.58
f5ba7581-b2ac-4b3a-830e-64ab112f975a,Verificar Factura,f615b16b-8fd1-43c9-97c0-a65e08960291,15,13.32
9c0d1e2f-3a4b-5c6d-7e8f-9a0b1c2d3e4f,Autoevaluación,0eea38fa-f85e-4c73-b47b-0a1985db1227,3,6.7
111e9d86-cbd2-45ff-a809-4072bbe6a4d0,Aprobación Presupuesto,0eea38fa-f85e-4c73-b47b-0a1985db1227,2,2.98
439df689-d1cf-41c3-883c-1b7713fe68e5,Evaluación Técnica,14791e8e-28e4-4f61-9593-d7a2653d97a3,7,8.39
9c0d1e2f-3a4b-5c6d-7e8f-9a0b1c2d3e4f,Inicio de la solicitud,7949fc3c-9284-40a0-8161-7b39cf9f9b2d,2,6.45
7c8d9e0f-1a2b-3c4d-5e6f-7a8b9c0d1e2f,Detallar Curso,87f8e8d1-83e9-4ddb-9be0-fc955228db6d,2,7.24
f5ba7581-b2ac-4b3a-830e-64ab112f975a,Verificar Stock,e04f861d-b880-4d7f-bf03-59ce8e435929,3,5.45
000a3793-827e-4616-84f9-0a23863e0a35,Aprobación de Pago,e121cbea-1209-4fe7-ad22-6cf09caf5b95,9,8.27
000a3793-827e-4616-84f9-0a23863e0a35,Aprobar Presupuesto,e04f861d-b880-4d7f-bf03-59ce8e435929,5,7.29
439df689-d1cf-41c3-883c-1b7713fe68e5,Verificar Factura,eccb7c0d-52a7-4143-baad-ebee05361b50,14,16.69
bd9966b2-5fa2-4a4b-b924-59e817a5e756,Validar Capacitación,eccb7c0d-52a7-4143-baad-ebee05361b50,11,11.36
111e9d86-cbd2-45ff-a809-4072bbe6a4d0,Iniciar Baja,7949fc3c-9284-40a0-8161-7b39cf9f9b2d,10,12.06
2c3d4e5f-6a7b-8c9d-0e1f-2a3b4c5d6e7f,Subir Borrador,bebe41a9-85fc-43f3-a125-5c7f72b0898d,11,11.13
0e1f2a3b-4c5d-6e7f-8a9b-0c1d2e3f4a5b,Especificar Servidores,d9b58f63-b601-433e-9861-2bf2ad90eeb6,5,6.72
000a3793-827e-4616-84f9-0a23863e0a35,Aprobación Presupuesto,e1c69265-87e8-417b-b13a-2ae72c53d4e3,13,12.07
0e1f2a3b-4c5d-6e7f-8a9b-0c1d2e3f4a5b,Cerrar Accesos,87f8e8d1-83e9-4ddb-9be0-fc955228db6d,8,7.49
f5ba7581-b2ac-4b3a-830e-64ab112f975a,Firma Director,7949fc3c-9284-40a0-8161-7b39cf9f9b2d,7,10.04
2c3d4e5f-6a7b-8c9d-0e1f-2a3b4c5d6e7f,Verificar Stock,4cd6a83f-a8b6-4b56-854d-5d3693ec4ab4,5,10.19
111e9d86-cbd2-45ff-a809-4072bbe6a4d0,Especificar Licencia,a9eff785-5679-4a1b-91ef-6ca8712ddd18,7,8.28
31ece703-f961-4e8e-a5c5-cd5c5b47e3db,Procesar Transferencia,8490fcc8-7f53-4704-ac48-99b48356b21c,13,13.25
000a3793-827e-4616-84f9-0a23863e0a35,Verificar Factura,c017087e-fcbc-4f47-ae54-78008d243fbf,12,13.66
3c4d5e6f-7a8b-9c0d-1e2f-3a4b5c6d7e8f,Validar Capacitación,eccb7c0d-52a7-4143-baad-ebee05361b50,4,6.87
6c7d8e9f-0a1b-2c3d-4e5f-6a7b8c9d0e1f,Dispersión de Fondos,2084f511-720a-4096-80cd-5bc9b91cf5b6,4,7.78
3c4d5e6f-7a8b-9c0d-1e2f-3a4b5c6d7e8f,Revisión de Seguridad,c017087e-fcbc-4f47-ae54-78008d243fbf,10,10.41
439df689-d1cf-41c3-883c-1b7713fe68e5,Aprobación de Pago,d9b58f63-b601-433e-9861-2bf2ad90eeb6,10,10.54
3c4d5e6f-7a8b-9c0d-1e2f-3a4b5c6d7e8f,Validar Comercial,2b549288-04a4-4705-bcd0-0332b683df27,8,9.29
0e1f2a3b-4c5d-6e7f-8a9b-0c1d2e3f4a5b,Preparar Firma,e1c69265-87e8-417b-b13a-2ae72c53d4e3,14,12.62
a7b21cc3-d8cf-48af-8bb0-22cba4567e9b,Subir Borrador,bebe41a9-85fc-43f3-a125-5c7f72b0898d,4,7.89
9c0d1e2f-3a4b-5c6d-7e8f-9a0b1c2d3e4f,Iniciar Baja,8490fcc8-7f53-4704-ac48-99b48356b21c,1,3.9
4c5d6e7f-8a9b-0c1d-2e3f-4a5b6c7d8e9f,Procesar Transferencia,14791e8e-28e4-4f61-9593-d7a2653d97a3,10,11.7
4c5d6e7f-8a9b-0c1d-2e3f-4a5b6c7d8e9f,Aprobación Presupuesto,2084f511-720a-4096-80cd-5bc9b91cf5b6,10,11.86
7c8d9e0f-1a2b-3c4d-5e6f-7a8b9c0d1e2f,Registrar Recibos,2084f511-720a-4096-80cd-5bc9b91cf5b6,15,14.88
111e9d86-cbd2-45ff-a809-4072bbe6a4d0,Aprobación del manager,4cd6a83f-a8b6-4b56-854d-5d3693ec4ab4,15,16.25
0e1f2a3b-4c5d-6e7f-8a9b-0c1d2e3f4a5b,Solicitar Adelanto,eccb7c0d-52a7-4143-baad-ebee05361b50,9,7.56
3c4d5e6f-7a8b-9c0d-1e2f-3a4b5c6d7e8f,Especificar Licencia,2084f511-720a-4096-80cd-5bc9b91cf5b6,6,6.49
8c9d0e1f-2a3b-4c5d-6e7f-8a9b0c1d2e3f,Especificar Licencia,4cd6a83f-a8b6-4b56-854d-5d3693ec4ab4,3,12.04
000a3793-827e-4616-84f9-0a23863e0a35,Solicitar Adelanto,0eea38fa-f85e-4c73-b47b-0a1985db1227,14,16.27
4c5d6e7f-8a9b-0c1d-2e3f-4a5b6c7d8e9f,Preparar Firma,2084f511-720a-4096-80cd-5bc9b91cf5b6,9,11.24
31ece703-f961-4e8e-a5c5-cd5c5b47e3db,Feedback de Manager,a9eff785-5679-4a1b-91ef-6ca8712ddd18,6,8.48
993a46fb-a0b2-4d2c-88eb-11ab1c3d4e8c,Revisión de Seguridad,7949fc3c-9284-40a0-8161-7b39cf9f9b2d,8,11.38
3c4d5e6f-7a8b-9c0d-1e2f-3a4b5c6d7e8f,Entrega del Equipo,d9b58f63-b601-433e-9861-2bf2ad90eeb6,10,12.2
8c9d0e1f-2a3b-4c5d-6e7f-8a9b0c1d2e3f,Preparar Firma,d822aaf2-81c6-4054-b63b-a2bec2d53509,14,18.48
4c5d6e7f-8a9b-0c1d-2e3f-4a5b6c7d8e9f,Revisión Gerencial,e04f861d-b880-4d7f-bf03-59ce8e435929,5,7.09
9c0d1e2f-3a4b-5c6d-7e8f-9a0b1c2d3e4f,Aprobar Presupuesto,e1c69265-87e8-417b-b13a-2ae72c53d4e3,1,2.46
2c3d4e5f-6a7b-8c9d-0e1f-2a3b4c5d6e7f,Preparar Firma,f65f0bd7-27f5-4b8c-9641-94729f51744a,14,15.9
0e1f2a3b-4c5d-6e7f-8a9b-0c1d2e3f4a5b,Validación de RRHH,7949fc3c-9284-40a0-8161-7b39cf9f9b2d,1,3.91
5c6d7e8f-9a0b-1c2d-3e4f-5a6b7c8d9e0f,Inicio de la solicitud,2e310583-c106-4f2c-a6c3-c4b12ec30658,4,6.58
439df689-d1cf-41c3-883c-1b7713fe68e5,Validar Elegibilidad,2084f511-720a-4096-80cd-5bc9b91cf5b6,9,11.15
a7b21cc3-d8cf-48af-8bb0-22cba4567e9b,Validar Elegibilidad,d822aaf2-81c6-4054-b63b-a2bec2d53509,3,5.12
3c4d5e6f-7a8b-9c0d-1e2f-3a4b5c6d7e8f,Instalar Licencia,8490fcc8-7f53-4704-ac48-99b48356b21c,5,6.7
6c7d8e9f-0a1b-2c3d-4e5f-6a7b8c9d0e1f,Subir Borrador,e121cbea-1209-4fe7-ad22-6cf09caf5b95,4,6.06
bd9966b2-5fa2-4a4b-b924-59e817a5e756,Validar Capacitación,7949fc3c-9284-40a0-8161-7b39cf9f9b2d,12,15.0
2c3d4e5f-6a7b-8c9d-0e1f-2a3b4c5d6e7f,Dispersión de Fondos,f65f0bd7-27f5-4b8c-9641-94729f51744a,13,13.94
bd9966b2-5fa2-4a4b-b924-59e817a5e756,Habilitar Permisos,14791e8e-28e4-4f61-9593-d7a2653d97a3,12,13.52
4c5d6e7f-8a9b-0c1d-2e3f-4a5b6c7d8e9f,Consolidación de RRHH,bebe41a9-85fc-43f3-a125-5c7f72b0898d,14,14.83
993a46fb-a0b2-4d2c-88eb-11ab1c3d4e8c,Revisión Gerencial,e04f861d-b880-4d7f-bf03-59ce8e435929,14,16.95
993a46fb-a0b2-4d2c-88eb-11ab1c3d4e8c,Habilitar Permisos,d9b58f63-b601-433e-9861-2bf2ad90eeb6,12,13.85
7c8d9e0f-1a2b-3c4d-5e6f-7a8b9c0d1e2f,Aprobar Presupuesto,4cd6a83f-a8b6-4b56-854d-5d3693ec4ab4,1,3.51
2c3d4e5f-6a7b-8c9d-0e1f-2a3b4c5d6e7f,Habilitar Permisos,d822aaf2-81c6-4054-b63b-a2bec2d53509,4,7.33
bd9966b2-5fa2-4a4b-b924-59e817a5e756,Firma Director,e1c69265-87e8-417b-b13a-2ae72c53d4e3,3,5.32
9c0d1e2f-3a4b-5c6d-7e8f-9a0b1c2d3e4f,Dispersión de Fondos,d822aaf2-81c6-4054-b63b-a2bec2d53509,10,8.92
111e9d86-cbd2-45ff-a809-4072bbe6a4d0,Validar Comercial,e1c69265-87e8-417b-b13a-2ae72c53d4e3,2,6.97
8c9d0e1f-2a3b-4c5d-6e7f-8a9b0c1d2e3f,Solicitar Adelanto,8490fcc8-7f53-4704-ac48-99b48356b21c,3,9.52
f5ba7581-b2ac-4b3a-830e-64ab112f975a,Dispersión de Fondos,d9b58f63-b601-433e-9861-2bf2ad90eeb6,0,4.88
5c6d7e8f-9a0b-1c2d-3e4f-5a6b7c8d9e0f,Verificar Stock,f615b16b-8fd1-43c9-97c0-a65e08960291,1,6.19
7c8d9e0f-1a2b-3c4d-5e6f-7a8b9c0d1e2f,Registrar Recibos,c017087e-fcbc-4f47-ae54-78008d243fbf,7,9.47
9c0d1e2f-3a4b-5c6d-7e8f-9a0b1c2d3e4f,Validar Capacitación,c017087e-fcbc-4f47-ae54-78008d243fbf,11,11.87
0e1f2a3b-4c5d-6e7f-8a9b-0c1d2e3f4a5b,Aprobación Presupuesto,e04f861d-b880-4d7f-bf03-59ce8e435929,13,11.14
2c3d4e5f-6a7b-8c9d-0e1f-2a3b4c5d6e7f,Consolidación de RRHH,a9eff785-5679-4a1b-91ef-6ca8712ddd18,4,5.38
000a3793-827e-4616-84f9-0a23863e0a35,Evaluación Técnica,d9b58f63-b601-433e-9861-2bf2ad90eeb6,0,2.72
111e9d86-cbd2-45ff-a809-4072bbe6a4d0,Verificar Stock,e1c69265-87e8-417b-b13a-2ae72c53d4e3,9,11.02
8c9d0e1f-2a3b-4c5d-6e7f-8a9b0c1d2e3f,Aprobación del manager,7949fc3c-9284-40a0-8161-7b39cf9f9b2d,14,17.45
2c3d4e5f-6a7b-8c9d-0e1f-2a3b4c5d6e7f,Consolidación de RRHH,2b549288-04a4-4705-bcd0-0332b683df27,9,12.4
bd9966b2-5fa2-4a4b-b924-59e817a5e756,Feedback de Manager,eccb7c0d-52a7-4143-baad-ebee05361b50,5,8.68
000a3793-827e-4616-84f9-0a23863e0a35,Especificar Licencia,4cd6a83f-a8b6-4b56-854d-5d3693ec4ab4,5,8.66
4c5d6e7f-8a9b-0c1d-2e3f-4a5b6c7d8e9f,Autoevaluación,bebe41a9-85fc-43f3-a125-5c7f72b0898d,10,10.03
2c3d4e5f-6a7b-8c9d-0e1f-2a3b4c5d6e7f,Firma Director,87f8e8d1-83e9-4ddb-9be0-fc955228db6d,1,4.8
3c4d5e6f-7a8b-9c0d-1e2f-3a4b5c6d7e8f,Verificar Factura,e04f861d-b880-4d7f-bf03-59ce8e435929,0,2.4
8c9d0e1f-2a3b-4c5d-6e7f-8a9b0c1d2e3f,Enviar solicitud de vacaciones,8490fcc8-7f53-4704-ac48-99b48356b21c,10,10.77
000a3793-827e-4616-84f9-0a23863e0a35,Validar Capacitación,bebe41a9-85fc-43f3-a125-5c7f72b0898d,3,5.32
6720c739-1916-432b-b392-e698dcfd8112,Inicio del Proceso,14791e8e-28e4-4f61-9593-d7a2653d97a3,6,7.45
111e9d86-cbd2-45ff-a809-4072bbe6a4d0,Verificar Stock,e121cbea-1209-4fe7-ad22-6cf09caf5b95,9,9.57
f5ba7581-b2ac-4b3a-830e-64ab112f975a,Validar Capacitación,2e310583-c106-4f2c-a6c3-c4b12ec30658,7,8.21
000a3793-827e-4616-84f9-0a23863e0a35,Validación de RRHH,2b549288-04a4-4705-bcd0-0332b683df27,0,5.34
6720c739-1916-432b-b392-e698dcfd8112,Evaluación Técnica,8490fcc8-7f53-4704-ac48-99b48356b21c,13,15.43
2c3d4e5f-6a7b-8c9d-0e1f-2a3b4c5d6e7f,Iniciar Baja,bebe41a9-85fc-43f3-a125-5c7f72b0898d,7,10.66
000a3793-827e-4616-84f9-0a23863e0a35,Detallar Curso,d822aaf2-81c6-4054-b63b-a2bec2d53509,15,15.46
f5ba7581-b2ac-4b3a-830e-64ab112f975a,Pago de Liquidación,e121cbea-1209-4fe7-ad22-6cf09caf5b95,1,6.09
993a46fb-a0b2-4d2c-88eb-11ab1c3d4e8c,Registrar Recibos,2e310583-c106-4f2c-a6c3-c4b12ec30658,15,17.64
9c0d1e2f-3a4b-5c6d-7e8f-9a0b1c2d3e4f,Cerrar Accesos,bebe41a9-85fc-43f3-a125-5c7f72b0898d,14,15.4
31ece703-f961-4e8e-a5c5-cd5c5b47e3db,Inicio de la solicitud,db614129-bb28-4b41-8a46-bea1444c388c,4,5.77
4c5d6e7f-8a9b-0c1d-2e3f-4a5b6c7d8e9f,Procesar Transferencia,bebe41a9-85fc-43f3-a125-5c7f72b0898d,12,13.56
111e9d86-cbd2-45ff-a809-4072bbe6a4d0,Revisión de Seguridad,eccb7c0d-52a7-4143-baad-ebee05361b50,10,11.59
6720c739-1916-432b-b392-e698dcfd8112,Enviar solicitud de vacaciones,2e310583-c106-4f2c-a6c3-c4b12ec30658,15,15.38
a7b21cc3-d8cf-48af-8bb0-22cba4567e9b,Revisión de Seguridad,e121cbea-1209-4fe7-ad22-6cf09caf5b95,14,15.32
31ece703-f961-4e8e-a5c5-cd5c5b47e3db,Evaluación Técnica,a9eff785-5679-4a1b-91ef-6ca8712ddd18,5,8.4
5c6d7e8f-9a0b-1c2d-3e4f-5a6b7c8d9e0f,Verificar Stock,14791e8e-28e4-4f61-9593-d7a2653d97a3,9,12.15
6c7d8e9f-0a1b-2c3d-4e5f-6a7b8c9d0e1f,Detallar Curso,3f72a8b2-777b-43c8-ba37-8f5d9fbd2135,11,12.4
bd9966b2-5fa2-4a4b-b924-59e817a5e756,Cerrar Accesos,2b549288-04a4-4705-bcd0-0332b683df27,4,6.42
6c7d8e9f-0a1b-2c3d-4e5f-6a7b8c9d0e1f,Firma Director,3f72a8b2-777b-43c8-ba37-8f5d9fbd2135,14,14.06
31ece703-f961-4e8e-a5c5-cd5c5b47e3db,Enviar solicitud de vacaciones,d822aaf2-81c6-4054-b63b-a2bec2d53509,7,7.11
5c6d7e8f-9a0b-1c2d-3e4f-5a6b7c8d9e0f,Reunión Bienvenida,bebe41a9-85fc-43f3-a125-5c7f72b0898d,14,17.9
439df689-d1cf-41c3-883c-1b7713fe68e5,Revisión Gerencial,db614129-bb28-4b41-8a46-bea1444c388c,5,8.66
5c6d7e8f-9a0b-1c2d-3e4f-5a6b7c8d9e0f,Instalar Licencia,7949fc3c-9284-40a0-8161-7b39cf9f9b2d,12,19.47
6720c739-1916-432b-b392-e698dcfd8112,Setup Tecnológico,87f8e8d1-83e9-4ddb-9be0-fc955228db6d,12,13.64
a7b21cc3-d8cf-48af-8bb0-22cba4567e9b,Consolidación de RRHH,a9eff785-5679-4a1b-91ef-6ca8712ddd18,8,11.79
f5ba7581-b2ac-4b3a-830e-64ab112f975a,Setup Tecnológico,8490fcc8-7f53-4704-ac48-99b48356b21c,11,10.29
4c5d6e7f-8a9b-0c1d-2e3f-4a5b6c7d8e9f,Autorización Gerencia,e1c69265-87e8-417b-b13a-2ae72c53d4e3,7,7.38
0e1f2a3b-4c5d-6e7f-8a9b-0c1d2e3f4a5b,Aprobación Costos,3f72a8b2-777b-43c8-ba37-8f5d9fbd2135,3,3.42
000a3793-827e-4616-84f9-0a23863e0a35,Inicio de la solicitud,7949fc3c-9284-40a0-8161-7b39cf9f9b2d,9,10.49
4c5d6e7f-8a9b-0c1d-2e3f-4a5b6c7d8e9f,Inicio de la solicitud,bebe41a9-85fc-43f3-a125-5c7f72b0898d,11,11.05
439df689-d1cf-41c3-883c-1b7713fe68e5,Subir Borrador,87f8e8d1-83e9-4ddb-9be0-fc955228db6d,10,11.84
8c9d0e1f-2a3b-4c5d-6e7f-8a9b0c1d2e3f,Enviar solicitud de vacaciones,eccb7c0d-52a7-4143-baad-ebee05361b50,0,8.21
5c6d7e8f-9a0b-1c2d-3e4f-5a6b7c8d9e0f,Revisión Contable,f615b16b-8fd1-43c9-97c0-a65e08960291,1,4.21
0e1f2a3b-4c5d-6e7f-8a9b-0c1d2e3f4a5b,Autoevaluación,87f8e8d1-83e9-4ddb-9be0-fc955228db6d,2,3.82
a7b21cc3-d8cf-48af-8bb0-22cba4567e9b,Validar Elegibilidad,e1c69265-87e8-417b-b13a-2ae72c53d4e3,7,8.57
000a3793-827e-4616-84f9-0a23863e0a35,Dispersión de Fondos,eccb7c0d-52a7-4143-baad-ebee05361b50,14,14.94
6720c739-1916-432b-b392-e698dcfd8112,Enviar solicitud de vacaciones,f615b16b-8fd1-43c9-97c0-a65e08960291,9,11.76
7c8d9e0f-1a2b-3c4d-5e6f-7a8b9c0d1e2f,Solicitar Adelanto,e1c69265-87e8-417b-b13a-2ae72c53d4e3,15,13.35
4c5d6e7f-8a9b-0c1d-2e3f-4a5b6c7d8e9f,Pago de Liquidación,3f72a8b2-777b-43c8-ba37-8f5d9fbd2135,14,13.36
000a3793-827e-4616-84f9-0a23863e0a35,Aprobación Costos,f615b16b-8fd1-43c9-97c0-a65e08960291,13,14.22
a7b21cc3-d8cf-48af-8bb0-22cba4567e9b,Enviar solicitud de vacaciones,3f72a8b2-777b-43c8-ba37-8f5d9fbd2135,10,12.21
9c0d1e2f-3a4b-5c6d-7e8f-9a0b1c2d3e4f,Detallar Curso,8490fcc8-7f53-4704-ac48-99b48356b21c,9,9.74
7c8d9e0f-1a2b-3c4d-5e6f-7a8b9c0d1e2f,Feedback de Manager,eccb7c0d-52a7-4143-baad-ebee05361b50,12,15.39
993a46fb-a0b2-4d2c-88eb-11ab1c3d4e8c,Setup Tecnológico,a9eff785-5679-4a1b-91ef-6ca8712ddd18,8,12.09
439df689-d1cf-41c3-883c-1b7713fe68e5,Especificar Licencia,7949fc3c-9284-40a0-8161-7b39cf9f9b2d,0,3.59
31ece703-f961-4e8e-a5c5-cd5c5b47e3db,Especificar Licencia,e121cbea-1209-4fe7-ad22-6cf09caf5b95,2,7.72
f5ba7581-b2ac-4b3a-830e-64ab112f975a,Enviar solicitud de vacaciones,eccb7c0d-52a7-4143-baad-ebee05361b50,10,13.91
6c7d8e9f-0a1b-2c3d-4e5f-6a7b8c9d0e1f,Autoevaluación,87f8e8d1-83e9-4ddb-9be0-fc955228db6d,15,14.98
31ece703-f961-4e8e-a5c5-cd5c5b47e3db,Subir Borrador,eccb7c0d-52a7-4143-baad-ebee05361b50,3,6.62
7c8d9e0f-1a2b-3c4d-5e6f-7a8b9c0d1e2f,Revisión Contable,e04f861d-b880-4d7f-bf03-59ce8e435929,11,11.97
a7b21cc3-d8cf-48af-8bb0-22cba4567e9b,Revisión de Seguridad,7949fc3c-9284-40a0-8161-7b39cf9f9b2d,6,8.33
a7b21cc3-d8cf-48af-8bb0-22cba4567e9b,Dispersión de Fondos,d822aaf2-81c6-4054-b63b-a2bec2d53509,0,3.3
8c9d0e1f-2a3b-4c5d-6e7f-8a9b0c1d2e3f,Verificar Stock,f615b16b-8fd1-43c9-97c0-a65e08960291,8,9.46
a7b21cc3-d8cf-48af-8bb0-22cba4567e9b,Verificar Stock,eccb7c0d-52a7-4143-baad-ebee05361b50,7,8.97
5c6d7e8f-9a0b-1c2d-3e4f-5a6b7c8d9e0f,Habilitar Permisos,87f8e8d1-83e9-4ddb-9be0-fc955228db6d,9,11.26
6720c739-1916-432b-b392-e698dcfd8112,Aprobar Presupuesto,8490fcc8-7f53-4704-ac48-99b48356b21c,6,10.05
6720c739-1916-432b-b392-e698dcfd8112,Procesar Transferencia,bebe41a9-85fc-43f3-a125-5c7f72b0898d,12,12.9
993a46fb-a0b2-4d2c-88eb-11ab1c3d4e8c,Instalar Licencia,4cd6a83f-a8b6-4b56-854d-5d3693ec4ab4,7,14.0
5c6d7e8f-9a0b-1c2d-3e4f-5a6b7c8d9e0f,Registrar Recibos,2e310583-c106-4f2c-a6c3-c4b12ec30658,7,12.59
bd9966b2-5fa2-4a4b-b924-59e817a5e756,Preparar Firma,3f72a8b2-777b-43c8-ba37-8f5d9fbd2135,3,6.9
0e1f2a3b-4c5d-6e7f-8a9b-0c1d2e3f4a5b,Especificar Licencia,87f8e8d1-83e9-4ddb-9be0-fc955228db6d,5,4.14
111e9d86-cbd2-45ff-a809-4072bbe6a4d0,Aprobar Presupuesto,db614129-bb28-4b41-8a46-bea1444c388c,0,3.44
9c0d1e2f-3a4b-5c6d-7e8f-9a0b1c2d3e4f,Pago de Liquidación,f65f0bd7-27f5-4b8c-9641-94729f51744a,1,3.22
2c3d4e5f-6a7b-8c9d-0e1f-2a3b4c5d6e7f,Subir Borrador,e1c69265-87e8-417b-b13a-2ae72c53d4e3,14,14.35
0e1f2a3b-4c5d-6e7f-8a9b-0c1d2e3f4a5b,Evaluación Técnica,2b549288-04a4-4705-bcd0-0332b683df27,3,5.1
0e1f2a3b-4c5d-6e7f-8a9b-0c1d2e3f4a5b,Revisión Contable,c017087e-fcbc-4f47-ae54-78008d243fbf,12,11.12
6720c739-1916-432b-b392-e698dcfd8112,Validar Elegibilidad,db614129-bb28-4b41-8a46-bea1444c388c,0,2.61
2c3d4e5f-6a7b-8c9d-0e1f-2a3b4c5d6e7f,Cerrar Accesos,2e310583-c106-4f2c-a6c3-c4b12ec30658,12,12.77
31ece703-f961-4e8e-a5c5-cd5c5b47e3db,Aprobación del manager,0eea38fa-f85e-4c73-b47b-0a1985db1227,3,8.05
bd9966b2-5fa2-4a4b-b924-59e817a5e756,Aprobación Costos,c017087e-fcbc-4f47-ae54-78008d243fbf,15,16.08
a7b21cc3-d8cf-48af-8bb0-22cba4567e9b,Aprobación Costos,db614129-bb28-4b41-8a46-bea1444c388c,15,15.34
6720c739-1916-432b-b392-e698dcfd8112,Feedback de Manager,e04f861d-b880-4d7f-bf03-59ce8e435929,11,11.37
993a46fb-a0b2-4d2c-88eb-11ab1c3d4e8c,Enviar solicitud de vacaciones,c017087e-fcbc-4f47-ae54-78008d243fbf,4,8.05
5c6d7e8f-9a0b-1c2d-3e4f-5a6b7c8d9e0f,Evaluación Técnica,3f72a8b2-777b-43c8-ba37-8f5d9fbd2135,9,13.39
6720c739-1916-432b-b392-e698dcfd8112,Verificar Factura,e04f861d-b880-4d7f-bf03-59ce8e435929,0,4.11
f5ba7581-b2ac-4b3a-830e-64ab112f975a,Registrar Recibos,2e310583-c106-4f2c-a6c3-c4b12ec30658,5,7.35
5c6d7e8f-9a0b-1c2d-3e4f-5a6b7c8d9e0f,Enviar solicitud de vacaciones,c017087e-fcbc-4f47-ae54-78008d243fbf,1,7.96
a7b21cc3-d8cf-48af-8bb0-22cba4567e9b,Especificar Servidores,db614129-bb28-4b41-8a46-bea1444c388c,12,14.37
5c6d7e8f-9a0b-1c2d-3e4f-5a6b7c8d9e0f,Solicitar Adelanto,8490fcc8-7f53-4704-ac48-99b48356b21c,14,17.45
6720c739-1916-432b-b392-e698dcfd8112,Firma Director,f615b16b-8fd1-43c9-97c0-a65e08960291,9,11.32
4c5d6e7f-8a9b-0c1d-2e3f-4a5b6c7d8e9f,Entrega del Equipo,db614129-bb28-4b41-8a46-bea1444c388c,2,6.3
6720c739-1916-432b-b392-e698dcfd8112,Subir Borrador,87f8e8d1-83e9-4ddb-9be0-fc955228db6d,8,11.09
4c5d6e7f-8a9b-0c1d-2e3f-4a5b6c7d8e9f,Enviar solicitud de vacaciones,e1c69265-87e8-417b-b13a-2ae72c53d4e3,9,12.49
000a3793-827e-4616-84f9-0a23863e0a35,Preparar Firma,e1c69265-87e8-417b-b13a-2ae72c53d4e3,11,13.23
5c6d7e8f-9a0b-1c2d-3e4f-5a6b7c8d9e0f,Instalar Licencia,bebe41a9-85fc-43f3-a125-5c7f72b0898d,2,6.96
6c7d8e9f-0a1b-2c3d-4e5f-6a7b8c9d0e1f,Habilitar Permisos,e1c69265-87e8-417b-b13a-2ae72c53d4e3,4,8.94
439df689-d1cf-41c3-883c-1b7713fe68e5,Enviar solicitud de vacaciones,2b549288-04a4-4705-bcd0-0332b683df27,9,10.39
111e9d86-cbd2-45ff-a809-4072bbe6a4d0,Iniciar Baja,2b549288-04a4-4705-bcd0-0332b683df27,14,12.66
bd9966b2-5fa2-4a4b-b924-59e817a5e756,Iniciar Baja,db614129-bb28-4b41-8a46-bea1444c388c,5,8.99
a7b21cc3-d8cf-48af-8bb0-22cba4567e9b,Revisión Gerencial,8490fcc8-7f53-4704-ac48-99b48356b21c,15,14.07
bd9966b2-5fa2-4a4b-b924-59e817a5e756,Iniciar Baja,0eea38fa-f85e-4c73-b47b-0a1985db1227,11,10.05
439df689-d1cf-41c3-883c-1b7713fe68e5,Validar Comercial,e1c69265-87e8-417b-b13a-2ae72c53d4e3,5,8.09
7c8d9e0f-1a2b-3c4d-5e6f-7a8b9c0d1e2f,Validación de RRHH,a9eff785-5679-4a1b-91ef-6ca8712ddd18,5,7.29
3c4d5e6f-7a8b-9c0d-1e2f-3a4b5c6d7e8f,Validar Comercial,7949fc3c-9284-40a0-8161-7b39cf9f9b2d,13,13.05
6720c739-1916-432b-b392-e698dcfd8112,Inicio del Proceso,d9b58f63-b601-433e-9861-2bf2ad90eeb6,8,11.56
2c3d4e5f-6a7b-8c9d-0e1f-2a3b4c5d6e7f,Autorización Gerencia,bebe41a9-85fc-43f3-a125-5c7f72b0898d,15,17.02
4c5d6e7f-8a9b-0c1d-2e3f-4a5b6c7d8e9f,Subir Borrador,f615b16b-8fd1-43c9-97c0-a65e08960291,7,10.78
4c5d6e7f-8a9b-0c1d-2e3f-4a5b6c7d8e9f,Entrega del Equipo,87f8e8d1-83e9-4ddb-9be0-fc955228db6d,7,10.71
439df689-d1cf-41c3-883c-1b7713fe68e5,Preparar Firma,d9b58f63-b601-433e-9861-2bf2ad90eeb6,5,6.13
0e1f2a3b-4c5d-6e7f-8a9b-0c1d2e3f4a5b,Detallar Curso,14791e8e-28e4-4f61-9593-d7a2653d97a3,4,5.78
bd9966b2-5fa2-4a4b-b924-59e817a5e756,Iniciar Baja,e04f861d-b880-4d7f-bf03-59ce8e435929,14,13.96
f5ba7581-b2ac-4b3a-830e-64ab112f975a,Registrar Recibos,c017087e-fcbc-4f47-ae54-78008d243fbf,13,15.26
5c6d7e8f-9a0b-1c2d-3e4f-5a6b7c8d9e0f,Aprobación de Pago,87f8e8d1-83e9-4ddb-9be0-fc955228db6d,13,16.85
a7b21cc3-d8cf-48af-8bb0-22cba4567e9b,Inicio de la solicitud,a9eff785-5679-4a1b-91ef-6ca8712ddd18,9,11.72
f5ba7581-b2ac-4b3a-830e-64ab112f975a,Procesar Transferencia,e1c69265-87e8-417b-b13a-2ae72c53d4e3,2,5.78
5c6d7e8f-9a0b-1c2d-3e4f-5a6b7c8d9e0f,Revisión Contable,bebe41a9-85fc-43f3-a125-5c7f72b0898d,0,10.05
9c0d1e2f-3a4b-5c6d-7e8f-9a0b1c2d3e4f,Autoevaluación,4cd6a83f-a8b6-4b56-854d-5d3693ec4ab4,1,2.9
111e9d86-cbd2-45ff-a809-4072bbe6a4d0,Especificar Licencia,c017087e-fcbc-4f47-ae54-78008d243fbf,6,7.85
3c4d5e6f-7a8b-9c0d-1e2f-3a4b5c6d7e8f,Subir Borrador,bebe41a9-85fc-43f3-a125-5c7f72b0898d,4,5.26
a7b21cc3-d8cf-48af-8bb0-22cba4567e9b,Validación de RRHH,e1c69265-87e8-417b-b13a-2ae72c53d4e3,15,14.77
6c7d8e9f-0a1b-2c3d-4e5f-6a7b8c9d0e1f,Instalar Licencia,e1c69265-87e8-417b-b13a-2ae72c53d4e3,3,4.3
0e1f2a3b-4c5d-6e7f-8a9b-0c1d2e3f4a5b,Subir Borrador,e121cbea-1209-4fe7-ad22-6cf09caf5b95,15,13.7
5c6d7e8f-9a0b-1c2d-3e4f-5a6b7c8d9e0f,Revisión Gerencial,bebe41a9-85fc-43f3-a125-5c7f72b0898d,0,6.27
439df689-d1cf-41c3-883c-1b7713fe68e5,Aprobación de Pago,2e310583-c106-4f2c-a6c3-c4b12ec30658,15,15.93
bd9966b2-5fa2-4a4b-b924-59e817a5e756,Aprobación Presupuesto,3f72a8b2-777b-43c8-ba37-8f5d9fbd2135,6,11.1
bd9966b2-5fa2-4a4b-b924-59e817a5e756,Feedback de Manager,3f72a8b2-777b-43c8-ba37-8f5d9fbd2135,14,13.96
993a46fb-a0b2-4d2c-88eb-11ab1c3d4e8c,Habilitar Permisos,e121cbea-1209-4fe7-ad22-6cf09caf5b95,7,14.0
8c9d0e1f-2a3b-4c5d-6e7f-8a9b0c1d2e3f,Pago de Liquidación,2b549288-04a4-4705-bcd0-0332b683df27,13,13.25
2c3d4e5f-6a7b-8c9d-0e1f-2a3b4c5d6e7f,Procesar Transferencia,a9eff785-5679-4a1b-91ef-6ca8712ddd18,14,14.57
7c8d9e0f-1a2b-3c4d-5e6f-7a8b9c0d1e2f,Reunión Bienvenida,a9eff785-5679-4a1b-91ef-6ca8712ddd18,11,10.61
bd9966b2-5fa2-4a4b-b924-59e817a5e756,Aprobación de Pago,d9b58f63-b601-433e-9861-2bf2ad90eeb6,3,5.33
7c8d9e0f-1a2b-3c4d-5e6f-7a8b9c0d1e2f,Preparar Firma,db614129-bb28-4b41-8a46-bea1444c388c,15,14.34
993a46fb-a0b2-4d2c-88eb-11ab1c3d4e8c,Consolidar Gastos,c017087e-fcbc-4f47-ae54-78008d243fbf,12,14.07
bd9966b2-5fa2-4a4b-b924-59e817a5e756,Revisión Contable,3f72a8b2-777b-43c8-ba37-8f5d9fbd2135,6,6.67
a7b21cc3-d8cf-48af-8bb0-22cba4567e9b,Solicitar Adelanto,e1c69265-87e8-417b-b13a-2ae72c53d4e3,6,6.72
3c4d5e6f-7a8b-9c0d-1e2f-3a4b5c6d7e8f,Inicio del Proceso,f615b16b-8fd1-43c9-97c0-a65e08960291,2,5.72
111e9d86-cbd2-45ff-a809-4072bbe6a4d0,Presentar Requerimiento,87f8e8d1-83e9-4ddb-9be0-fc955228db6d,8,12.16
3c4d5e6f-7a8b-9c0d-1e2f-3a4b5c6d7e8f,Entrega del Equipo,e121cbea-1209-4fe7-ad22-6cf09caf5b95,7,10.22
a7b21cc3-d8cf-48af-8bb0-22cba4567e9b,Procesar Transferencia,f65f0bd7-27f5-4b8c-9641-94729f51744a,3,6.41
2c3d4e5f-6a7b-8c9d-0e1f-2a3b4c5d6e7f,Verificar Stock,eccb7c0d-52a7-4143-baad-ebee05361b50,8,9.79
000a3793-827e-4616-84f9-0a23863e0a35,Aprobación de Pago,c017087e-fcbc-4f47-ae54-78008d243fbf,14,16.23
a7b21cc3-d8cf-48af-8bb0-22cba4567e9b,Dispersión de Fondos,7949fc3c-9284-40a0-8161-7b39cf9f9b2d,13,14.28
31ece703-f961-4e8e-a5c5-cd5c5b47e3db,Validación de RRHH,e121cbea-1209-4fe7-ad22-6cf09caf5b95,8,9.6
bd9966b2-5fa2-4a4b-b924-59e817a5e756,Aprobación del manager,2084f511-720a-4096-80cd-5bc9b91cf5b6,15,13.47
993a46fb-a0b2-4d2c-88eb-11ab1c3d4e8c,Especificar Licencia,2e310583-c106-4f2c-a6c3-c4b12ec30658,5,9.45
3c4d5e6f-7a8b-9c0d-1e2f-3a4b5c6d7e8f,Verificar Factura,7949fc3c-9284-40a0-8161-7b39cf9f9b2d,11,10.67
2c3d4e5f-6a7b-8c9d-0e1f-2a3b4c5d6e7f,Entrega del Equipo,7949fc3c-9284-40a0-8161-7b39cf9f9b2d,10,11.63
bd9966b2-5fa2-4a4b-b924-59e817a5e756,Solicitar Adelanto,7949fc3c-9284-40a0-8161-7b39cf9f9b2d,2,3.64
bd9966b2-5fa2-4a4b-b924-59e817a5e756,Aprobar Presupuesto,0eea38fa-f85e-4c73-b47b-0a1985db1227,1,2.44
bd9966b2-5fa2-4a4b-b924-59e817a5e756,Reunión Bienvenida,e1c69265-87e8-417b-b13a-2ae72c53d4e3,1,3.53
9c0d1e2f-3a4b-5c6d-7e8f-9a0b1c2d3e4f,Inicio del Proceso,d9b58f63-b601-433e-9861-2bf2ad90eeb6,2,3.87
111e9d86-cbd2-45ff-a809-4072bbe6a4d0,Cerrar Accesos,c017087e-fcbc-4f47-ae54-78008d243fbf,15,14.87
bd9966b2-5fa2-4a4b-b924-59e817a5e756,Enviar solicitud de vacaciones,4cd6a83f-a8b6-4b56-854d-5d3693ec4ab4,13,11.2
bd9966b2-5fa2-4a4b-b924-59e817a5e756,Consolidación de RRHH,3f72a8b2-777b-43c8-ba37-8f5d9fbd2135,13,14.32
0e1f2a3b-4c5d-6e7f-8a9b-0c1d2e3f4a5b,Inicio del Proceso,db614129-bb28-4b41-8a46-bea1444c388c,11,10.05
111e9d86-cbd2-45ff-a809-4072bbe6a4d0,Instalar Licencia,7949fc3c-9284-40a0-8161-7b39cf9f9b2d,10,12.22
993a46fb-a0b2-4d2c-88eb-11ab1c3d4e8c,Cerrar Accesos,2e310583-c106-4f2c-a6c3-c4b12ec30658,1,10.47
31ece703-f961-4e8e-a5c5-cd5c5b47e3db,Enviar solicitud de vacaciones,7949fc3c-9284-40a0-8161-7b39cf9f9b2d,4,6.02
000a3793-827e-4616-84f9-0a23863e0a35,Validar Capacitación,db614129-bb28-4b41-8a46-bea1444c388c,0,4.87
000a3793-827e-4616-84f9-0a23863e0a35,Validar Capacitación,f615b16b-8fd1-43c9-97c0-a65e08960291,12,14.17
5c6d7e8f-9a0b-1c2d-3e4f-5a6b7c8d9e0f,Habilitar Permisos,f65f0bd7-27f5-4b8c-9641-94729f51744a,8,12.71
a7b21cc3-d8cf-48af-8bb0-22cba4567e9b,Aprobación Costos,2e310583-c106-4f2c-a6c3-c4b12ec30658,6,6.68
8c9d0e1f-2a3b-4c5d-6e7f-8a9b0c1d2e3f,Evaluación Técnica,eccb7c0d-52a7-4143-baad-ebee05361b50,9,15.21
5c6d7e8f-9a0b-1c2d-3e4f-5a6b7c8d9e0f,Autorización Gerencia,a9eff785-5679-4a1b-91ef-6ca8712ddd18,7,13.02
000a3793-827e-4616-84f9-0a23863e0a35,Consolidar Gastos,0eea38fa-f85e-4c73-b47b-0a1985db1227,9,11.48
0e1f2a3b-4c5d-6e7f-8a9b-0c1d2e3f4a5b,Inicio de la solicitud,0eea38fa-f85e-4c73-b47b-0a1985db1227,0,1.42
111e9d86-cbd2-45ff-a809-4072bbe6a4d0,Revisión Contable,14791e8e-28e4-4f61-9593-d7a2653d97a3,10,12.37
4c5d6e7f-8a9b-0c1d-2e3f-4a5b6c7d8e9f,Aprobación del manager,e121cbea-1209-4fe7-ad22-6cf09caf5b95,14,13.34
9c0d1e2f-3a4b-5c6d-7e8f-9a0b1c2d3e4f,Verificar Stock,e121cbea-1209-4fe7-ad22-6cf09caf5b95,12,12.58
8c9d0e1f-2a3b-4c5d-6e7f-8a9b0c1d2e3f,Validación de RRHH,d822aaf2-81c6-4054-b63b-a2bec2d53509,0,5.56
6720c739-1916-432b-b392-e698dcfd8112,Preparar Firma,e1c69265-87e8-417b-b13a-2ae72c53d4e3,12,14.83
8c9d0e1f-2a3b-4c5d-6e7f-8a9b0c1d2e3f,Presentar Requerimiento,db614129-bb28-4b41-8a46-bea1444c388c,3,7.11
993a46fb-a0b2-4d2c-88eb-11ab1c3d4e8c,Verificar Stock,2b549288-04a4-4705-bcd0-0332b683df27,2,9.95
9c0d1e2f-3a4b-5c6d-7e8f-9a0b1c2d3e4f,Validar Capacitación,0eea38fa-f85e-4c73-b47b-0a1985db1227,5,9.59
993a46fb-a0b2-4d2c-88eb-11ab1c3d4e8c,Autorización Gerencia,7949fc3c-9284-40a0-8161-7b39cf9f9b2d,0,8.26
8c9d0e1f-2a3b-4c5d-6e7f-8a9b0c1d2e3f,Aprobación de Pago,3f72a8b2-777b-43c8-ba37-8f5d9fbd2135,10,16.93
8c9d0e1f-2a3b-4c5d-6e7f-8a9b0c1d2e3f,Consolidación de RRHH,2084f511-720a-4096-80cd-5bc9b91cf5b6,9,12.34
31ece703-f961-4e8e-a5c5-cd5c5b47e3db,Pago de Liquidación,8490fcc8-7f53-4704-ac48-99b48356b21c,14,15.95
7c8d9e0f-1a2b-3c4d-5e6f-7a8b9c0d1e2f,Reunión Bienvenida,f615b16b-8fd1-43c9-97c0-a65e08960291,4,7.51
0e1f2a3b-4c5d-6e7f-8a9b-0c1d2e3f4a5b,Inicio de la solicitud,e04f861d-b880-4d7f-bf03-59ce8e435929,6,5.65
000a3793-827e-4616-84f9-0a23863e0a35,Validar Elegibilidad,c017087e-fcbc-4f47-ae54-78008d243fbf,1,5.49
4c5d6e7f-8a9b-0c1d-2e3f-4a5b6c7d8e9f,Pago de Liquidación,db614129-bb28-4b41-8a46-bea1444c388c,15,16.89
bd9966b2-5fa2-4a4b-b924-59e817a5e756,Registrar Recibos,14791e8e-28e4-4f61-9593-d7a2653d97a3,15,16.56
4c5d6e7f-8a9b-0c1d-2e3f-4a5b6c7d8e9f,Setup Tecnológico,e1c69265-87e8-417b-b13a-2ae72c53d4e3,11,13.15
993a46fb-a0b2-4d2c-88eb-11ab1c3d4e8c,Aprobación Presupuesto,e121cbea-1209-4fe7-ad22-6cf09caf5b95,6,10.52
439df689-d1cf-41c3-883c-1b7713fe68e5,Revisión Gerencial,e04f861d-b880-4d7f-bf03-59ce8e435929,1,2.92
6720c739-1916-432b-b392-e698dcfd8112,Presentar Requerimiento,4cd6a83f-a8b6-4b56-854d-5d3693ec4ab4,12,12.35
6c7d8e9f-0a1b-2c3d-4e5f-6a7b8c9d0e1f,Evaluación Técnica,8490fcc8-7f53-4704-ac48-99b48356b21c,7,7.3
6720c739-1916-432b-b392-e698dcfd8112,Especificar Licencia,eccb7c0d-52a7-4143-baad-ebee05361b50,13,12.24
9c0d1e2f-3a4b-5c6d-7e8f-9a0b1c2d3e4f,Consolidación de RRHH,7949fc3c-9284-40a0-8161-7b39cf9f9b2d,2,5.31
6720c739-1916-432b-b392-e698dcfd8112,Detallar Curso,a9eff785-5679-4a1b-91ef-6ca8712ddd18,1,3.18
439df689-d1cf-41c3-883c-1b7713fe68e5,Validación de RRHH,2e310583-c106-4f2c-a6c3-c4b12ec30658,3,6.31
000a3793-827e-4616-84f9-0a23863e0a35,Inicio de la solicitud,2e310583-c106-4f2c-a6c3-c4b12ec30658,9,12.63
000a3793-827e-4616-84f9-0a23863e0a35,Procesar Transferencia,a9eff785-5679-4a1b-91ef-6ca8712ddd18,5,6.85
7c8d9e0f-1a2b-3c4d-5e6f-7a8b9c0d1e2f,Dispersión de Fondos,4cd6a83f-a8b6-4b56-854d-5d3693ec4ab4,15,14.43
3c4d5e6f-7a8b-9c0d-1e2f-3a4b5c6d7e8f,Registrar Recibos,3f72a8b2-777b-43c8-ba37-8f5d9fbd2135,7,8.88
6720c739-1916-432b-b392-e698dcfd8112,Entrega del Equipo,db614129-bb28-4b41-8a46-bea1444c388c,1,6.57
993a46fb-a0b2-4d2c-88eb-11ab1c3d4e8c,Entrega del Equipo,0eea38fa-f85e-4c73-b47b-0a1985db1227,7,12.42
a7b21cc3-d8cf-48af-8bb0-22cba4567e9b,Procesar Transferencia,2b549288-04a4-4705-bcd0-0332b683df27,8,8.59
bd9966b2-5fa2-4a4b-b924-59e817a5e756,Aprobación de Pago,bebe41a9-85fc-43f3-a125-5c7f72b0898d,14,15.72
439df689-d1cf-41c3-883c-1b7713fe68e5,Entrega del Equipo,d822aaf2-81c6-4054-b63b-a2bec2d53509,2,4.88
8c9d0e1f-2a3b-4c5d-6e7f-8a9b0c1d2e3f,Feedback de Manager,db614129-bb28-4b41-8a46-bea1444c388c,1,5.88
bd9966b2-5fa2-4a4b-b924-59e817a5e756,Validar Elegibilidad,bebe41a9-85fc-43f3-a125-5c7f72b0898d,13,13.38
439df689-d1cf-41c3-883c-1b7713fe68e5,Especificar Licencia,eccb7c0d-52a7-4143-baad-ebee05361b50,2,2.86
6720c739-1916-432b-b392-e698dcfd8112,Validar Capacitación,c017087e-fcbc-4f47-ae54-78008d243fbf,5,7.15
a7b21cc3-d8cf-48af-8bb0-22cba4567e9b,Autorización Gerencia,2b549288-04a4-4705-bcd0-0332b683df27,6,7.83
31ece703-f961-4e8e-a5c5-cd5c5b47e3db,Preparar Firma,db614129-bb28-4b41-8a46-bea1444c388c,7,10.48
2c3d4e5f-6a7b-8c9d-0e1f-2a3b4c5d6e7f,Feedback de Manager,e1c69265-87e8-417b-b13a-2ae72c53d4e3,13,13.2
a7b21cc3-d8cf-48af-8bb0-22cba4567e9b,Especificar Servidores,4cd6a83f-a8b6-4b56-854d-5d3693ec4ab4,13,12.92
9c0d1e2f-3a4b-5c6d-7e8f-9a0b1c2d3e4f,Subir Borrador,c017087e-fcbc-4f47-ae54-78008d243fbf,0,3.32
9c0d1e2f-3a4b-5c6d-7e8f-9a0b1c2d3e4f,Validar Capacitación,87f8e8d1-83e9-4ddb-9be0-fc955228db6d,8,8.61
a7b21cc3-d8cf-48af-8bb0-22cba4567e9b,Cerrar Accesos,3f72a8b2-777b-43c8-ba37-8f5d9fbd2135,12,10.79
6720c739-1916-432b-b392-e698dcfd8112,Validación de RRHH,f65f0bd7-27f5-4b8c-9641-94729f51744a,2,7.97
993a46fb-a0b2-4d2c-88eb-11ab1c3d4e8c,Inicio del Proceso,87f8e8d1-83e9-4ddb-9be0-fc955228db6d,15,18.85
9c0d1e2f-3a4b-5c6d-7e8f-9a0b1c2d3e4f,Preparar Firma,2084f511-720a-4096-80cd-5bc9b91cf5b6,6,8.58
9c0d1e2f-3a4b-5c6d-7e8f-9a0b1c2d3e4f,Cerrar Accesos,f65f0bd7-27f5-4b8c-9641-94729f51744a,12,11.22
3c4d5e6f-7a8b-9c0d-1e2f-3a4b5c6d7e8f,Consolidación de RRHH,bebe41a9-85fc-43f3-a125-5c7f72b0898d,3,4.68
0e1f2a3b-4c5d-6e7f-8a9b-0c1d2e3f4a5b,Instalar Licencia,e121cbea-1209-4fe7-ad22-6cf09caf5b95,15,12.63
5c6d7e8f-9a0b-1c2d-3e4f-5a6b7c8d9e0f,Aprobación de Pago,e121cbea-1209-4fe7-ad22-6cf09caf5b95,5,12.07
000a3793-827e-4616-84f9-0a23863e0a35,Verificar Factura,a9eff785-5679-4a1b-91ef-6ca8712ddd18,15,14.12
439df689-d1cf-41c3-883c-1b7713fe68e5,Habilitar Permisos,14791e8e-28e4-4f61-9593-d7a2653d97a3,6,6.79
2c3d4e5f-6a7b-8c9d-0e1f-2a3b4c5d6e7f,Aprobar Presupuesto,bebe41a9-85fc-43f3-a125-5c7f72b0898d,7,9.49
0e1f2a3b-4c5d-6e7f-8a9b-0c1d2e3f4a5b,Aprobación Presupuesto,e04f861d-b880-4d7f-bf03-59ce8e435929,0,1.8
3c4d5e6f-7a8b-9c0d-1e2f-3a4b5c6d7e8f,Aprobación del manager,db614129-bb28-4b41-8a46-bea1444c388c,0,4.64
439df689-d1cf-41c3-883c-1b7713fe68e5,Solicitar Adelanto,0eea38fa-f85e-4c73-b47b-0a1985db1227,1,3.88
5c6d7e8f-9a0b-1c2d-3e4f-5a6b7c8d9e0f,Aprobación Costos,4cd6a83f-a8b6-4b56-854d-5d3693ec4ab4,6,11.0
000a3793-827e-4616-84f9-0a23863e0a35,Validación de RRHH,bebe41a9-85fc-43f3-a125-5c7f72b0898d,7,9.92
f5ba7581-b2ac-4b3a-830e-64ab112f975a,Detallar Curso,87f8e8d1-83e9-4ddb-9be0-fc955228db6d,13,12.36
9c0d1e2f-3a4b-5c6d-7e8f-9a0b1c2d3e4f,Solicitar Adelanto,db614129-bb28-4b41-8a46-bea1444c388c,7,11.63
0e1f2a3b-4c5d-6e7f-8a9b-0c1d2e3f4a5b,Aprobación Costos,87f8e8d1-83e9-4ddb-9be0-fc955228db6d,10,7.83
bd9966b2-5fa2-4a4b-b924-59e817a5e756,Registrar Recibos,d822aaf2-81c6-4054-b63b-a2bec2d53509,2,6.09
5c6d7e8f-9a0b-1c2d-3e4f-5a6b7c8d9e0f,Reunión Bienvenida,f65f0bd7-27f5-4b8c-9641-94729f51744a,0,9.63
6720c739-1916-432b-b392-e698dcfd8112,Firma Director,87f8e8d1-83e9-4ddb-9be0-fc955228db6d,8,7.94
7c8d9e0f-1a2b-3c4d-5e6f-7a8b9c0d1e2f,Verificar Stock,f65f0bd7-27f5-4b8c-9641-94729f51744a,1,3.7
6c7d8e9f-0a1b-2c3d-4e5f-6a7b8c9d0e1f,Solicitar Adelanto,f65f0bd7-27f5-4b8c-9641-94729f51744a,11,10.41
a7b21cc3-d8cf-48af-8bb0-22cba4567e9b,Consolidar Gastos,87f8e8d1-83e9-4ddb-9be0-fc955228db6d,12,11.59
111e9d86-cbd2-45ff-a809-4072bbe6a4d0,Revisión Gerencial,eccb7c0d-52a7-4143-baad-ebee05361b50,6,6.65
7c8d9e0f-1a2b-3c4d-5e6f-7a8b9c0d1e2f,Autorización Gerencia,2084f511-720a-4096-80cd-5bc9b91cf5b6,4,9.84
439df689-d1cf-41c3-883c-1b7713fe68e5,Consolidación de RRHH,2b549288-04a4-4705-bcd0-0332b683df27,1,3.99
439df689-d1cf-41c3-883c-1b7713fe68e5,Validar Comercial,eccb7c0d-52a7-4143-baad-ebee05361b50,1,7.02
439df689-d1cf-41c3-883c-1b7713fe68e5,Verificar Factura,a9eff785-5679-4a1b-91ef-6ca8712ddd18,8,10.41
0e1f2a3b-4c5d-6e7f-8a9b-0c1d2e3f4a5b,Inicio de la solicitud,db614129-bb28-4b41-8a46-bea1444c388c,4,3.85
8c9d0e1f-2a3b-4c5d-6e7f-8a9b0c1d2e3f,Autorización Gerencia,2b549288-04a4-4705-bcd0-0332b683df27,6,9.07
31ece703-f961-4e8e-a5c5-cd5c5b47e3db,Preparar Firma,f615b16b-8fd1-43c9-97c0-a65e08960291,15,13.33
31ece703-f961-4e8e-a5c5-cd5c5b47e3db,Especificar Servidores,8490fcc8-7f53-4704-ac48-99b48356b21c,4,9.24
31ece703-f961-4e8e-a5c5-cd5c5b47e3db,Detallar Curso,87f8e8d1-83e9-4ddb-9be0-fc955228db6d,4,7.08
0e1f2a3b-4c5d-6e7f-8a9b-0c1d2e3f4a5b,Verificar Factura,db614129-bb28-4b41-8a46-bea1444c388c,8,7.86
9c0d1e2f-3a4b-5c6d-7e8f-9a0b1c2d3e4f,Aprobación del manager,f615b16b-8fd1-43c9-97c0-a65e08960291,1,5.71
439df689-d1cf-41c3-883c-1b7713fe68e5,Especificar Licencia,2e310583-c106-4f2c-a6c3-c4b12ec30658,9,12.53
000a3793-827e-4616-84f9-0a23863e0a35,Validación de RRHH,e1c69265-87e8-417b-b13a-2ae72c53d4e3,9,8.85
993a46fb-a0b2-4d2c-88eb-11ab1c3d4e8c,Enviar solicitud de vacaciones,2e310583-c106-4f2c-a6c3-c4b12ec30658,14,19.67
111e9d86-cbd2-45ff-a809-4072bbe6a4d0,Entrega del Equipo,f65f0bd7-27f5-4b8c-9641-94729f51744a,0,4.47
9c0d1e2f-3a4b-5c6d-7e8f-9a0b1c2d3e4f,Detallar Curso,bebe41a9-85fc-43f3-a125-5c7f72b0898d,3,3.46
8c9d0e1f-2a3b-4c5d-6e7f-8a9b0c1d2e3f,Presentar Requerimiento,e1c69265-87e8-417b-b13a-2ae72c53d4e3,8,10.1
9c0d1e2f-3a4b-5c6d-7e8f-9a0b1c2d3e4f,Validación de RRHH,e121cbea-1209-4fe7-ad22-6cf09caf5b95,7,8.65
2c3d4e5f-6a7b-8c9d-0e1f-2a3b4c5d6e7f,Revisión de Seguridad,bebe41a9-85fc-43f3-a125-5c7f72b0898d,2,5.57
0e1f2a3b-4c5d-6e7f-8a9b-0c1d2e3f4a5b,Preparar Firma,c017087e-fcbc-4f47-ae54-78008d243fbf,11,10.81
0e1f2a3b-4c5d-6e7f-8a9b-0c1d2e3f4a5b,Validar Comercial,c017087e-fcbc-4f47-ae54-78008d243fbf,0,1.75
bd9966b2-5fa2-4a4b-b924-59e817a5e756,Pago de Liquidación,2b549288-04a4-4705-bcd0-0332b683df27,9,8.35
111e9d86-cbd2-45ff-a809-4072bbe6a4d0,Aprobación Presupuesto,a9eff785-5679-4a1b-91ef-6ca8712ddd18,14,14.4
6c7d8e9f-0a1b-2c3d-4e5f-6a7b8c9d0e1f,Dispersión de Fondos,2e310583-c106-4f2c-a6c3-c4b12ec30658,13,14.81
31ece703-f961-4e8e-a5c5-cd5c5b47e3db,Preparar Firma,4cd6a83f-a8b6-4b56-854d-5d3693ec4ab4,11,14.68
6c7d8e9f-0a1b-2c3d-4e5f-6a7b8c9d0e1f,Firma Director,2084f511-720a-4096-80cd-5bc9b91cf5b6,0,5.17
6c7d8e9f-0a1b-2c3d-4e5f-6a7b8c9d0e1f,Dispersión de Fondos,14791e8e-28e4-4f61-9593-d7a2653d97a3,0,4.59
bd9966b2-5fa2-4a4b-b924-59e817a5e756,Revisión de Seguridad,2084f511-720a-4096-80cd-5bc9b91cf5b6,13,13.24
8c9d0e1f-2a3b-4c5d-6e7f-8a9b0c1d2e3f,Firma Director,a9eff785-5679-4a1b-91ef-6ca8712ddd18,3,11.7
111e9d86-cbd2-45ff-a809-4072bbe6a4d0,Revisión de Seguridad,0eea38fa-f85e-4c73-b47b-0a1985db1227,11,13.02
0e1f2a3b-4c5d-6e7f-8a9b-0c1d2e3f4a5b,Aprobación de Pago,87f8e8d1-83e9-4ddb-9be0-fc955228db6d,5,6.16
3c4d5e6f-7a8b-9c0d-1e2f-3a4b5c6d7e8f,Inicio del Proceso,a9eff785-5679-4a1b-91ef-6ca8712ddd18,11,11.16
a7b21cc3-d8cf-48af-8bb0-22cba4567e9b,Enviar solicitud de vacaciones,87f8e8d1-83e9-4ddb-9be0-fc955228db6d,0,1.76
3c4d5e6f-7a8b-9c0d-1e2f-3a4b5c6d7e8f,Aprobación de Pago,4cd6a83f-a8b6-4b56-854d-5d3693ec4ab4,8,8.27
a7b21cc3-d8cf-48af-8bb0-22cba4567e9b,Preparar Firma,3f72a8b2-777b-43c8-ba37-8f5d9fbd2135,12,13.19
993a46fb-a0b2-4d2c-88eb-11ab1c3d4e8c,Revisión Gerencial,db614129-bb28-4b41-8a46-bea1444c388c,4,7.89
9c0d1e2f-3a4b-5c6d-7e8f-9a0b1c2d3e4f,Revisión Gerencial,f615b16b-8fd1-43c9-97c0-a65e08960291,3,4.36
000a3793-827e-4616-84f9-0a23863e0a35,Revisión de Seguridad,bebe41a9-85fc-43f3-a125-5c7f72b0898d,11,13.61
3c4d5e6f-7a8b-9c0d-1e2f-3a4b5c6d7e8f,Evaluación Técnica,3f72a8b2-777b-43c8-ba37-8f5d9fbd2135,8,9.76
6c7d8e9f-0a1b-2c3d-4e5f-6a7b8c9d0e1f,Validación de RRHH,2084f511-720a-4096-80cd-5bc9b91cf5b6,9,11.73
8c9d0e1f-2a3b-4c5d-6e7f-8a9b0c1d2e3f,Validar Comercial,e121cbea-1209-4fe7-ad22-6cf09caf5b95,13,15.27
111e9d86-cbd2-45ff-a809-4072bbe6a4d0,Detallar Curso,2b549288-04a4-4705-bcd0-0332b683df27,13,15.94
3c4d5e6f-7a8b-9c0d-1e2f-3a4b5c6d7e8f,Cerrar Accesos,0eea38fa-f85e-4c73-b47b-0a1985db1227,11,12.74
4c5d6e7f-8a9b-0c1d-2e3f-4a5b6c7d8e9f,Reunión Bienvenida,7949fc3c-9284-40a0-8161-7b39cf9f9b2d,4,8.62
8c9d0e1f-2a3b-4c5d-6e7f-8a9b0c1d2e3f,Dispersión de Fondos,2084f511-720a-4096-80cd-5bc9b91cf5b6,11,13.31
000a3793-827e-4616-84f9-0a23863e0a35,Evaluación Técnica,2e310583-c106-4f2c-a6c3-c4b12ec30658,12,13.7
6720c739-1916-432b-b392-e698dcfd8112,Aprobación del manager,87f8e8d1-83e9-4ddb-9be0-fc955228db6d,3,6.77
439df689-d1cf-41c3-883c-1b7713fe68e5,Validar Capacitación,f65f0bd7-27f5-4b8c-9641-94729f51744a,10,11.68
a7b21cc3-d8cf-48af-8bb0-22cba4567e9b,Setup Tecnológico,2084f511-720a-4096-80cd-5bc9b91cf5b6,4,7.23
7c8d9e0f-1a2b-3c4d-5e6f-7a8b9c0d1e2f,Autorización Gerencia,3f72a8b2-777b-43c8-ba37-8f5d9fbd2135,11,13.47
000a3793-827e-4616-84f9-0a23863e0a35,Consolidar Gastos,0eea38fa-f85e-4c73-b47b-0a1985db1227,4,5.04
9c0d1e2f-3a4b-5c6d-7e8f-9a0b1c2d3e4f,Procesar Transferencia,e121cbea-1209-4fe7-ad22-6cf09caf5b95,6,6.29
993a46fb-a0b2-4d2c-88eb-11ab1c3d4e8c,Preparar Firma,3f72a8b2-777b-43c8-ba37-8f5d9fbd2135,7,13.33
8c9d0e1f-2a3b-4c5d-6e7f-8a9b0c1d2e3f,Aprobación Presupuesto,0eea38fa-f85e-4c73-b47b-0a1985db1227,10,14.15
6720c739-1916-432b-b392-e698dcfd8112,Aprobación Presupuesto,a9eff785-5679-4a1b-91ef-6ca8712ddd18,12,10.75
bd9966b2-5fa2-4a4b-b924-59e817a5e756,Aprobación Presupuesto,e121cbea-1209-4fe7-ad22-6cf09caf5b95,14,12.3
111e9d86-cbd2-45ff-a809-4072bbe6a4d0,Evaluación Técnica,87f8e8d1-83e9-4ddb-9be0-fc955228db6d,14,16.39
5c6d7e8f-9a0b-1c2d-3e4f-5a6b7c8d9e0f,Autoevaluación,d9b58f63-b601-433e-9861-2bf2ad90eeb6,11,16.39
f5ba7581-b2ac-4b3a-830e-64ab112f975a,Setup Tecnológico,d9b58f63-b601-433e-9861-2bf2ad90eeb6,4,7.71
0e1f2a3b-4c5d-6e7f-8a9b-0c1d2e3f4a5b,Dispersión de Fondos,2b549288-04a4-4705-bcd0-0332b683df27,5,5.94
000a3793-827e-4616-84f9-0a23863e0a35,Revisión Gerencial,d9b58f63-b601-433e-9861-2bf2ad90eeb6,11,13.44
31ece703-f961-4e8e-a5c5-cd5c5b47e3db,Entrega del Equipo,e04f861d-b880-4d7f-bf03-59ce8e435929,12,13.4
6c7d8e9f-0a1b-2c3d-4e5f-6a7b8c9d0e1f,Inicio del Proceso,2b549288-04a4-4705-bcd0-0332b683df27,8,8.41
bd9966b2-5fa2-4a4b-b924-59e817a5e756,Preparar Firma,e04f861d-b880-4d7f-bf03-59ce8e435929,11,9.8
5c6d7e8f-9a0b-1c2d-3e4f-5a6b7c8d9e0f,Aprobación de Pago,e121cbea-1209-4fe7-ad22-6cf09caf5b95,1,8.94
bd9966b2-5fa2-4a4b-b924-59e817a5e756,Validar Comercial,14791e8e-28e4-4f61-9593-d7a2653d97a3,10,11.15
f5ba7581-b2ac-4b3a-830e-64ab112f975a,Revisión Contable,bebe41a9-85fc-43f3-a125-5c7f72b0898d,2,7.43
000a3793-827e-4616-84f9-0a23863e0a35,Aprobación de Pago,f615b16b-8fd1-43c9-97c0-a65e08960291,1,5.05
111e9d86-cbd2-45ff-a809-4072bbe6a4d0,Especificar Servidores,f615b16b-8fd1-43c9-97c0-a65e08960291,10,11.6
4c5d6e7f-8a9b-0c1d-2e3f-4a5b6c7d8e9f,Inicio del Proceso,8490fcc8-7f53-4704-ac48-99b48356b21c,2,4.05
2c3d4e5f-6a7b-8c9d-0e1f-2a3b4c5d6e7f,Consolidar Gastos,7949fc3c-9284-40a0-8161-7b39cf9f9b2d,9,9.03
5c6d7e8f-9a0b-1c2d-3e4f-5a6b7c8d9e0f,Detallar Curso,2b549288-04a4-4705-bcd0-0332b683df27,12,14.37
bd9966b2-5fa2-4a4b-b924-59e817a5e756,Autoevaluación,2e310583-c106-4f2c-a6c3-c4b12ec30658,13,12.46
9c0d1e2f-3a4b-5c6d-7e8f-9a0b1c2d3e4f,Subir Borrador,c017087e-fcbc-4f47-ae54-78008d243fbf,13,13.04
0e1f2a3b-4c5d-6e7f-8a9b-0c1d2e3f4a5b,Validar Capacitación,e121cbea-1209-4fe7-ad22-6cf09caf5b95,11,10.68
439df689-d1cf-41c3-883c-1b7713fe68e5,Solicitar Adelanto,4cd6a83f-a8b6-4b56-854d-5d3693ec4ab4,13,11.52
3c4d5e6f-7a8b-9c0d-1e2f-3a4b5c6d7e8f,Subir Borrador,0eea38fa-f85e-4c73-b47b-0a1985db1227,0,4.32
bd9966b2-5fa2-4a4b-b924-59e817a5e756,Consolidación de RRHH,0eea38fa-f85e-4c73-b47b-0a1985db1227,13,11.61
6c7d8e9f-0a1b-2c3d-4e5f-6a7b8c9d0e1f,Enviar solicitud de vacaciones,e121cbea-1209-4fe7-ad22-6cf09caf5b95,10,13.0
000a3793-827e-4616-84f9-0a23863e0a35,Habilitar Permisos,e04f861d-b880-4d7f-bf03-59ce8e435929,15,15.64
a7b21cc3-d8cf-48af-8bb0-22cba4567e9b,Autorización Gerencia,2e310583-c106-4f2c-a6c3-c4b12ec30658,9,13.19
2c3d4e5f-6a7b-8c9d-0e1f-2a3b4c5d6e7f,Revisión Gerencial,d9b58f63-b601-433e-9861-2bf2ad90eeb6,10,10.8
31ece703-f961-4e8e-a5c5-cd5c5b47e3db,Solicitar Adelanto,2b549288-04a4-4705-bcd0-0332b683df27,8,9.16
4c5d6e7f-8a9b-0c1d-2e3f-4a5b6c7d8e9f,Subir Borrador,d9b58f63-b601-433e-9861-2bf2ad90eeb6,8,9.27
0e1f2a3b-4c5d-6e7f-8a9b-0c1d2e3f4a5b,Presentar Requerimiento,e1c69265-87e8-417b-b13a-2ae72c53d4e3,12,11.0
9c0d1e2f-3a4b-5c6d-7e8f-9a0b1c2d3e4f,Iniciar Baja,f65f0bd7-27f5-4b8c-9641-94729f51744a,2,4.29
31ece703-f961-4e8e-a5c5-cd5c5b47e3db,Enviar solicitud de vacaciones,d9b58f63-b601-433e-9861-2bf2ad90eeb6,9,9.64
3c4d5e6f-7a8b-9c0d-1e2f-3a4b5c6d7e8f,Instalar Licencia,0eea38fa-f85e-4c73-b47b-0a1985db1227,1,5.93
993a46fb-a0b2-4d2c-88eb-11ab1c3d4e8c,Presentar Requerimiento,f65f0bd7-27f5-4b8c-9641-94729f51744a,6,13.23
2c3d4e5f-6a7b-8c9d-0e1f-2a3b4c5d6e7f,Entrega del Equipo,2b549288-04a4-4705-bcd0-0332b683df27,0,3.33
993a46fb-a0b2-4d2c-88eb-11ab1c3d4e8c,Cerrar Accesos,db614129-bb28-4b41-8a46-bea1444c388c,7,9.71
7c8d9e0f-1a2b-3c4d-5e6f-7a8b9c0d1e2f,Validar Elegibilidad,87f8e8d1-83e9-4ddb-9be0-fc955228db6d,7,8.91
5c6d7e8f-9a0b-1c2d-3e4f-5a6b7c8d9e0f,Dispersión de Fondos,14791e8e-28e4-4f61-9593-d7a2653d97a3,6,12.17
439df689-d1cf-41c3-883c-1b7713fe68e5,Autoevaluación,14791e8e-28e4-4f61-9593-d7a2653d97a3,1,5.16
5c6d7e8f-9a0b-1c2d-3e4f-5a6b7c8d9e0f,Validación de RRHH,e121cbea-1209-4fe7-ad22-6cf09caf5b95,2,7.32
6c7d8e9f-0a1b-2c3d-4e5f-6a7b8c9d0e1f,Solicitar Adelanto,c017087e-fcbc-4f47-ae54-78008d243fbf,5,6.87
000a3793-827e-4616-84f9-0a23863e0a35,Solicitar Adelanto,d822aaf2-81c6-4054-b63b-a2bec2d53509,1,4.56
6c7d8e9f-0a1b-2c3d-4e5f-6a7b8c9d0e1f,Especificar Licencia,e04f861d-b880-4d7f-bf03-59ce8e435929,8,11.39
bd9966b2-5fa2-4a4b-b924-59e817a5e756,Setup Tecnológico,d9b58f63-b601-433e-9861-2bf2ad90eeb6,6,8.99
bd9966b2-5fa2-4a4b-b924-59e817a5e756,Evaluación Técnica,a9eff785-5679-4a1b-91ef-6ca8712ddd18,15,16.26
5c6d7e8f-9a0b-1c2d-3e4f-5a6b7c8d9e0f,Verificar Stock,87f8e8d1-83e9-4ddb-9be0-fc955228db6d,6,10.81
bd9966b2-5fa2-4a4b-b924-59e817a5e756,Verificar Factura,d9b58f63-b601-433e-9861-2bf2ad90eeb6,13,13.96
111e9d86-cbd2-45ff-a809-4072bbe6a4d0,Consolidar Gastos,87f8e8d1-83e9-4ddb-9be0-fc955228db6d,8,11.71
0e1f2a3b-4c5d-6e7f-8a9b-0c1d2e3f4a5b,Entrega del Equipo,2b549288-04a4-4705-bcd0-0332b683df27,10,9.67
4c5d6e7f-8a9b-0c1d-2e3f-4a5b6c7d8e9f,Aprobación Costos,f65f0bd7-27f5-4b8c-9641-94729f51744a,13,15.3
4c5d6e7f-8a9b-0c1d-2e3f-4a5b6c7d8e9f,Validar Capacitación,2e310583-c106-4f2c-a6c3-c4b12ec30658,4,7.58
2c3d4e5f-6a7b-8c9d-0e1f-2a3b4c5d6e7f,Revisión Contable,d822aaf2-81c6-4054-b63b-a2bec2d53509,5,7.72
2c3d4e5f-6a7b-8c9d-0e1f-2a3b4c5d6e7f,Iniciar Baja,0eea38fa-f85e-4c73-b47b-0a1985db1227,4,5.52
31ece703-f961-4e8e-a5c5-cd5c5b47e3db,Iniciar Baja,d9b58f63-b601-433e-9861-2bf2ad90eeb6,10,11.03
4c5d6e7f-8a9b-0c1d-2e3f-4a5b6c7d8e9f,Inicio de la solicitud,db614129-bb28-4b41-8a46-bea1444c388c,10,12.43
3c4d5e6f-7a8b-9c0d-1e2f-3a4b5c6d7e8f,Inicio de la solicitud,2b549288-04a4-4705-bcd0-0332b683df27,14,13.2
7c8d9e0f-1a2b-3c4d-5e6f-7a8b9c0d1e2f,Inicio del Proceso,e04f861d-b880-4d7f-bf03-59ce8e435929,0,4.72
f5ba7581-b2ac-4b3a-830e-64ab112f975a,Aprobación de Pago,2084f511-720a-4096-80cd-5bc9b91cf5b6,4,5.74
111e9d86-cbd2-45ff-a809-4072bbe6a4d0,Firma Director,3f72a8b2-777b-43c8-ba37-8f5d9fbd2135,10,10.82
993a46fb-a0b2-4d2c-88eb-11ab1c3d4e8c,Setup Tecnológico,3f72a8b2-777b-43c8-ba37-8f5d9fbd2135,0,10.51
439df689-d1cf-41c3-883c-1b7713fe68e5,Aprobación Costos,4cd6a83f-a8b6-4b56-854d-5d3693ec4ab4,9,11.71
8c9d0e1f-2a3b-4c5d-6e7f-8a9b0c1d2e3f,Firma Director,7949fc3c-9284-40a0-8161-7b39cf9f9b2d,15,18.31
0e1f2a3b-4c5d-6e7f-8a9b-0c1d2e3f4a5b,Procesar Transferencia,0eea38fa-f85e-4c73-b47b-0a1985db1227,1,2.88
3c4d5e6f-7a8b-9c0d-1e2f-3a4b5c6d7e8f,Validar Capacitación,e121cbea-1209-4fe7-ad22-6cf09caf5b95,7,7.32
6c7d8e9f-0a1b-2c3d-4e5f-6a7b8c9d0e1f,Preparar Firma,0eea38fa-f85e-4c73-b47b-0a1985db1227,14,15.61
439df689-d1cf-41c3-883c-1b7713fe68e5,Autoevaluación,c017087e-fcbc-4f47-ae54-78008d243fbf,5,5.6
6720c739-1916-432b-b392-e698dcfd8112,Aprobación de Pago,bebe41a9-85fc-43f3-a125-5c7f72b0898d,10,9.48
f5ba7581-b2ac-4b3a-830e-64ab112f975a,Aprobación de Pago,e121cbea-1209-4fe7-ad22-6cf09caf5b95,12,11.7
f5ba7581-b2ac-4b3a-830e-64ab112f975a,Reunión Bienvenida,2084f511-720a-4096-80cd-5bc9b91cf5b6,11,11.36
4c5d6e7f-8a9b-0c1d-2e3f-4a5b6c7d8e9f,Dispersión de Fondos,8490fcc8-7f53-4704-ac48-99b48356b21c,7,7.26
a7b21cc3-d8cf-48af-8bb0-22cba4567e9b,Consolidar Gastos,e121cbea-1209-4fe7-ad22-6cf09caf5b95,5,10.05
7c8d9e0f-1a2b-3c4d-5e6f-7a8b9c0d1e2f,Presentar Requerimiento,7949fc3c-9284-40a0-8161-7b39cf9f9b2d,5,6.13
6720c739-1916-432b-b392-e698dcfd8112,Verificar Factura,8490fcc8-7f53-4704-ac48-99b48356b21c,11,9.67
a7b21cc3-d8cf-48af-8bb0-22cba4567e9b,Autoevaluación,8490fcc8-7f53-4704-ac48-99b48356b21c,15,15.41
6c7d8e9f-0a1b-2c3d-4e5f-6a7b8c9d0e1f,Cerrar Accesos,2084f511-720a-4096-80cd-5bc9b91cf5b6,3,6.37
000a3793-827e-4616-84f9-0a23863e0a35,Verificar Factura,d9b58f63-b601-433e-9861-2bf2ad90eeb6,2,6.25
bd9966b2-5fa2-4a4b-b924-59e817a5e756,Validar Comercial,a9eff785-5679-4a1b-91ef-6ca8712ddd18,14,15.41
6c7d8e9f-0a1b-2c3d-4e5f-6a7b8c9d0e1f,Inicio de la solicitud,7949fc3c-9284-40a0-8161-7b39cf9f9b2d,4,4.91
9c0d1e2f-3a4b-5c6d-7e8f-9a0b1c2d3e4f,Autorización Gerencia,7949fc3c-9284-40a0-8161-7b39cf9f9b2d,14,13.4
f5ba7581-b2ac-4b3a-830e-64ab112f975a,Subir Borrador,d822aaf2-81c6-4054-b63b-a2bec2d53509,9,11.92
4c5d6e7f-8a9b-0c1d-2e3f-4a5b6c7d8e9f,Procesar Transferencia,f65f0bd7-27f5-4b8c-9641-94729f51744a,14,13.42
439df689-d1cf-41c3-883c-1b7713fe68e5,Verificar Stock,c017087e-fcbc-4f47-ae54-78008d243fbf,2,7.26
4c5d6e7f-8a9b-0c1d-2e3f-4a5b6c7d8e9f,Solicitar Adelanto,2b549288-04a4-4705-bcd0-0332b683df27,7,8.75
4c5d6e7f-8a9b-0c1d-2e3f-4a5b6c7d8e9f,Instalar Licencia,f65f0bd7-27f5-4b8c-9641-94729f51744a,0,3.7
31ece703-f961-4e8e-a5c5-cd5c5b47e3db,Consolidar Gastos,2e310583-c106-4f2c-a6c3-c4b12ec30658,1,5.63
31ece703-f961-4e8e-a5c5-cd5c5b47e3db,Iniciar Baja,c017087e-fcbc-4f47-ae54-78008d243fbf,6,11.03
4c5d6e7f-8a9b-0c1d-2e3f-4a5b6c7d8e9f,Subir Borrador,3f72a8b2-777b-43c8-ba37-8f5d9fbd2135,12,12.08
5c6d7e8f-9a0b-1c2d-3e4f-5a6b7c8d9e0f,Validar Capacitación,0eea38fa-f85e-4c73-b47b-0a1985db1227,0,4.89
9c0d1e2f-3a4b-5c6d-7e8f-9a0b1c2d3e4f,Consolidar Gastos,87f8e8d1-83e9-4ddb-9be0-fc955228db6d,11,11.11
439df689-d1cf-41c3-883c-1b7713fe68e5,Aprobación del manager,3f72a8b2-777b-43c8-ba37-8f5d9fbd2135,9,10.89
5c6d7e8f-9a0b-1c2d-3e4f-5a6b7c8d9e0f,Aprobación Presupuesto,a9eff785-5679-4a1b-91ef-6ca8712ddd18,14,16.69
8c9d0e1f-2a3b-4c5d-6e7f-8a9b0c1d2e3f,Revisión de Seguridad,8490fcc8-7f53-4704-ac48-99b48356b21c,3,8.35
6720c739-1916-432b-b392-e698dcfd8112,Feedback de Manager,14791e8e-28e4-4f61-9593-d7a2653d97a3,11,12.68
7c8d9e0f-1a2b-3c4d-5e6f-7a8b9c0d1e2f,Aprobar Presupuesto,e121cbea-1209-4fe7-ad22-6cf09caf5b95,4,5.68
439df689-d1cf-41c3-883c-1b7713fe68e5,Aprobación Presupuesto,bebe41a9-85fc-43f3-a125-5c7f72b0898d,12,13.17
4c5d6e7f-8a9b-0c1d-2e3f-4a5b6c7d8e9f,Feedback de Manager,0eea38fa-f85e-4c73-b47b-0a1985db1227,3,4.7
439df689-d1cf-41c3-883c-1b7713fe68e5,Consolidación de RRHH,f615b16b-8fd1-43c9-97c0-a65e08960291,2,4.35
4c5d6e7f-8a9b-0c1d-2e3f-4a5b6c7d8e9f,Dispersión de Fondos,e04f861d-b880-4d7f-bf03-59ce8e435929,5,7.12
000a3793-827e-4616-84f9-0a23863e0a35,Iniciar Baja,db614129-bb28-4b41-8a46-bea1444c388c,9,8.7
a7b21cc3-d8cf-48af-8bb0-22cba4567e9b,Revisión de Seguridad,f65f0bd7-27f5-4b8c-9641-94729f51744a,15,16.07
000a3793-827e-4616-84f9-0a23863e0a35,Autoevaluación,bebe41a9-85fc-43f3-a125-5c7f72b0898d,0,5.09
0e1f2a3b-4c5d-6e7f-8a9b-0c1d2e3f4a5b,Especificar Licencia,0eea38fa-f85e-4c73-b47b-0a1985db1227,9,8.02
f5ba7581-b2ac-4b3a-830e-64ab112f975a,Revisión Gerencial,db614129-bb28-4b41-8a46-bea1444c388c,3,5.32
6c7d8e9f-0a1b-2c3d-4e5f-6a7b8c9d0e1f,Evaluación Técnica,87f8e8d1-83e9-4ddb-9be0-fc955228db6d,5,7.84
4c5d6e7f-8a9b-0c1d-2e3f-4a5b6c7d8e9f,Detallar Curso,e121cbea-1209-4fe7-ad22-6cf09caf5b95,5,6.05
111e9d86-cbd2-45ff-a809-4072bbe6a4d0,Iniciar Baja,2084f511-720a-4096-80cd-5bc9b91cf5b6,6,9.07
9c0d1e2f-3a4b-5c6d-7e8f-9a0b1c2d3e4f,Reunión Bienvenida,d822aaf2-81c6-4054-b63b-a2bec2d53509,3,5.12
9c0d1e2f-3a4b-5c6d-7e8f-9a0b1c2d3e4f,Procesar Transferencia,2e310583-c106-4f2c-a6c3-c4b12ec30658,0,4.05
0e1f2a3b-4c5d-6e7f-8a9b-0c1d2e3f4a5b,Inicio de la solicitud,db614129-bb28-4b41-8a46-bea1444c388c,14,13.58
31ece703-f961-4e8e-a5c5-cd5c5b47e3db,Instalar Licencia,e1c69265-87e8-417b-b13a-2ae72c53d4e3,0,5.0
8c9d0e1f-2a3b-4c5d-6e7f-8a9b0c1d2e3f,Habilitar Permisos,2b549288-04a4-4705-bcd0-0332b683df27,3,8.32
5c6d7e8f-9a0b-1c2d-3e4f-5a6b7c8d9e0f,Validar Comercial,e121cbea-1209-4fe7-ad22-6cf09caf5b95,3,8.7
2c3d4e5f-6a7b-8c9d-0e1f-2a3b4c5d6e7f,Procesar Transferencia,d822aaf2-81c6-4054-b63b-a2bec2d53509,7,9.17
bd9966b2-5fa2-4a4b-b924-59e817a5e756,Revisión Contable,4cd6a83f-a8b6-4b56-854d-5d3693ec4ab4,9,11.12
000a3793-827e-4616-84f9-0a23863e0a35,Especificar Servidores,e04f861d-b880-4d7f-bf03-59ce8e435929,3,8.28
111e9d86-cbd2-45ff-a809-4072bbe6a4d0,Dispersión de Fondos,f65f0bd7-27f5-4b8c-9641-94729f51744a,13,14.62
439df689-d1cf-41c3-883c-1b7713fe68e5,Aprobar Presupuesto,db614129-bb28-4b41-8a46-bea1444c388c,5,8.75
31ece703-f961-4e8e-a5c5-cd5c5b47e3db,Presentar Requerimiento,d822aaf2-81c6-4054-b63b-a2bec2d53509,13,13.77
7c8d9e0f-1a2b-3c4d-5e6f-7a8b9c0d1e2f,Dispersión de Fondos,d9b58f63-b601-433e-9861-2bf2ad90eeb6,4,8.18
a7b21cc3-d8cf-48af-8bb0-22cba4567e9b,Firma Director,eccb7c0d-52a7-4143-baad-ebee05361b50,2,6.02
2c3d4e5f-6a7b-8c9d-0e1f-2a3b4c5d6e7f,Pago de Liquidación,4cd6a83f-a8b6-4b56-854d-5d3693ec4ab4,6,9.02
000a3793-827e-4616-84f9-0a23863e0a35,Detallar Curso,8490fcc8-7f53-4704-ac48-99b48356b21c,11,11.91
000a3793-827e-4616-84f9-0a23863e0a35,Preparar Firma,e04f861d-b880-4d7f-bf03-59ce8e435929,14,12.92
4c5d6e7f-8a9b-0c1d-2e3f-4a5b6c7d8e9f,Inicio de la solicitud,2b549288-04a4-4705-bcd0-0332b683df27,11,10.03
31ece703-f961-4e8e-a5c5-cd5c5b47e3db,Validar Capacitación,e04f861d-b880-4d7f-bf03-59ce8e435929,2,7.41
f5ba7581-b2ac-4b3a-830e-64ab112f975a,Consolidación de RRHH,db614129-bb28-4b41-8a46-bea1444c388c,13,13.24
bd9966b2-5fa2-4a4b-b924-59e817a5e756,Evaluación Técnica,eccb7c0d-52a7-4143-baad-ebee05361b50,8,7.66
7c8d9e0f-1a2b-3c4d-5e6f-7a8b9c0d1e2f,Aprobación del manager,c017087e-fcbc-4f47-ae54-78008d243fbf,4,7.85
993a46fb-a0b2-4d2c-88eb-11ab1c3d4e8c,Consolidación de RRHH,bebe41a9-85fc-43f3-a125-5c7f72b0898d,1,7.82
4c5d6e7f-8a9b-0c1d-2e3f-4a5b6c7d8e9f,Especificar Licencia,eccb7c0d-52a7-4143-baad-ebee05361b50,5,8.78
3c4d5e6f-7a8b-9c0d-1e2f-3a4b5c6d7e8f,Consolidar Gastos,db614129-bb28-4b41-8a46-bea1444c388c,7,8.46
000a3793-827e-4616-84f9-0a23863e0a35,Validar Capacitación,e1c69265-87e8-417b-b13a-2ae72c53d4e3,15,15.93
000a3793-827e-4616-84f9-0a23863e0a35,Habilitar Permisos,d822aaf2-81c6-4054-b63b-a2bec2d53509,1,5.59
9c0d1e2f-3a4b-5c6d-7e8f-9a0b1c2d3e4f,Presentar Requerimiento,e1c69265-87e8-417b-b13a-2ae72c53d4e3,15,15.4
bd9966b2-5fa2-4a4b-b924-59e817a5e756,Inicio de la solicitud,8490fcc8-7f53-4704-ac48-99b48356b21c,15,15.75
8c9d0e1f-2a3b-4c5d-6e7f-8a9b0c1d2e3f,Validación de RRHH,2b549288-04a4-4705-bcd0-0332b683df27,0,6.87
6720c739-1916-432b-b392-e698dcfd8112,Consolidar Gastos,e04f861d-b880-4d7f-bf03-59ce8e435929,10,11.15
5c6d7e8f-9a0b-1c2d-3e4f-5a6b7c8d9e0f,Especificar Servidores,4cd6a83f-a8b6-4b56-854d-5d3693ec4ab4,10,12.88
111e9d86-cbd2-45ff-a809-4072bbe6a4d0,Validación de RRHH,a9eff785-5679-4a1b-91ef-6ca8712ddd18,15,14.76
6720c739-1916-432b-b392-e698dcfd8112,Firma Director,7949fc3c-9284-40a0-8161-7b39cf9f9b2d,15,14.62
993a46fb-a0b2-4d2c-88eb-11ab1c3d4e8c,Habilitar Permisos,e121cbea-1209-4fe7-ad22-6cf09caf5b95,0,5.34
000a3793-827e-4616-84f9-0a23863e0a35,Reunión Bienvenida,87f8e8d1-83e9-4ddb-9be0-fc955228db6d,9,11.13
8c9d0e1f-2a3b-4c5d-6e7f-8a9b0c1d2e3f,Instalar Licencia,2b549288-04a4-4705-bcd0-0332b683df27,0,4.49
3c4d5e6f-7a8b-9c0d-1e2f-3a4b5c6d7e8f,Verificar Stock,3f72a8b2-777b-43c8-ba37-8f5d9fbd2135,8,9.34
bd9966b2-5fa2-4a4b-b924-59e817a5e756,Cerrar Accesos,f65f0bd7-27f5-4b8c-9641-94729f51744a,4,6.26
111e9d86-cbd2-45ff-a809-4072bbe6a4d0,Validar Comercial,bebe41a9-85fc-43f3-a125-5c7f72b0898d,13,13.41
0e1f2a3b-4c5d-6e7f-8a9b-0c1d2e3f4a5b,Autoevaluación,bebe41a9-85fc-43f3-a125-5c7f72b0898d,0,1.84
6c7d8e9f-0a1b-2c3d-4e5f-6a7b8c9d0e1f,Verificar Stock,14791e8e-28e4-4f61-9593-d7a2653d97a3,13,11.28
993a46fb-a0b2-4d2c-88eb-11ab1c3d4e8c,Consolidar Gastos,e121cbea-1209-4fe7-ad22-6cf09caf5b95,13,13.17
a7b21cc3-d8cf-48af-8bb0-22cba4567e9b,Setup Tecnológico,2084f511-720a-4096-80cd-5bc9b91cf5b6,3,4.82
4c5d6e7f-8a9b-0c1d-2e3f-4a5b6c7d8e9f,Subir Borrador,14791e8e-28e4-4f61-9593-d7a2653d97a3,13,14.47
9c0d1e2f-3a4b-5c6d-7e8f-9a0b1c2d3e4f,Procesar Transferencia,4cd6a83f-a8b6-4b56-854d-5d3693ec4ab4,9,10.11
439df689-d1cf-41c3-883c-1b7713fe68e5,Registrar Recibos,0eea38fa-f85e-4c73-b47b-0a1985db1227,12,12.43
9c0d1e2f-3a4b-5c6d-7e8f-9a0b1c2d3e4f,Evaluación Técnica,2b549288-04a4-4705-bcd0-0332b683df27,14,15.41
6720c739-1916-432b-b392-e698dcfd8112,Aprobación del manager,2e310583-c106-4f2c-a6c3-c4b12ec30658,13,13.89
9c0d1e2f-3a4b-5c6d-7e8f-9a0b1c2d3e4f,Verificar Stock,bebe41a9-85fc-43f3-a125-5c7f72b0898d,13,15.53
7c8d9e0f-1a2b-3c4d-5e6f-7a8b9c0d1e2f,Cerrar Accesos,2084f511-720a-4096-80cd-5bc9b91cf5b6,14,13.61
9c0d1e2f-3a4b-5c6d-7e8f-9a0b1c2d3e4f,Cerrar Accesos,8490fcc8-7f53-4704-ac48-99b48356b21c,7,8.77
000a3793-827e-4616-84f9-0a23863e0a35,Autoevaluación,87f8e8d1-83e9-4ddb-9be0-fc955228db6d,15,13.67
bd9966b2-5fa2-4a4b-b924-59e817a5e756,Revisión de Seguridad,14791e8e-28e4-4f61-9593-d7a2653d97a3,4,9.12
0e1f2a3b-4c5d-6e7f-8a9b-0c1d2e3f4a5b,Preparar Firma,eccb7c0d-52a7-4143-baad-ebee05361b50,2,3.07
f5ba7581-b2ac-4b3a-830e-64ab112f975a,Iniciar Baja,e121cbea-1209-4fe7-ad22-6cf09caf5b95,4,7.61
6720c739-1916-432b-b392-e698dcfd8112,Aprobación Costos,4cd6a83f-a8b6-4b56-854d-5d3693ec4ab4,6,9.4
9c0d1e2f-3a4b-5c6d-7e8f-9a0b1c2d3e4f,Setup Tecnológico,db614129-bb28-4b41-8a46-bea1444c388c,12,13.15
8c9d0e1f-2a3b-4c5d-6e7f-8a9b0c1d2e3f,Especificar Servidores,e1c69265-87e8-417b-b13a-2ae72c53d4e3,12,19.12
3c4d5e6f-7a8b-9c0d-1e2f-3a4b5c6d7e8f,Validar Comercial,a9eff785-5679-4a1b-91ef-6ca8712ddd18,15,15.76
993a46fb-a0b2-4d2c-88eb-11ab1c3d4e8c,Reunión Bienvenida,4cd6a83f-a8b6-4b56-854d-5d3693ec4ab4,11,15.61
2c3d4e5f-6a7b-8c9d-0e1f-2a3b4c5d6e7f,Autoevaluación,bebe41a9-85fc-43f3-a125-5c7f72b0898d,8,7.49
0e1f2a3b-4c5d-6e7f-8a9b-0c1d2e3f4a5b,Presentar Requerimiento,3f72a8b2-777b-43c8-ba37-8f5d9fbd2135,8,8.09
5c6d7e8f-9a0b-1c2d-3e4f-5a6b7c8d9e0f,Aprobación del manager,14791e8e-28e4-4f61-9593-d7a2653d97a3,14,18.27
111e9d86-cbd2-45ff-a809-4072bbe6a4d0,Aprobación Presupuesto,87f8e8d1-83e9-4ddb-9be0-fc955228db6d,2,6.79
7c8d9e0f-1a2b-3c4d-5e6f-7a8b9c0d1e2f,Habilitar Permisos,0eea38fa-f85e-4c73-b47b-0a1985db1227,6,9.51
3c4d5e6f-7a8b-9c0d-1e2f-3a4b5c6d7e8f,Aprobación Costos,2b549288-04a4-4705-bcd0-0332b683df27,6,7.39
3c4d5e6f-7a8b-9c0d-1e2f-3a4b5c6d7e8f,Dispersión de Fondos,a9eff785-5679-4a1b-91ef-6ca8712ddd18,4,9.14
8c9d0e1f-2a3b-4c5d-6e7f-8a9b0c1d2e3f,Aprobar Presupuesto,0eea38fa-f85e-4c73-b47b-0a1985db1227,6,14.22
a7b21cc3-d8cf-48af-8bb0-22cba4567e9b,Cerrar Accesos,2b549288-04a4-4705-bcd0-0332b683df27,4,8.01
a7b21cc3-d8cf-48af-8bb0-22cba4567e9b,Instalar Licencia,e1c69265-87e8-417b-b13a-2ae72c53d4e3,9,11.12
f5ba7581-b2ac-4b3a-830e-64ab112f975a,Especificar Servidores,f65f0bd7-27f5-4b8c-9641-94729f51744a,6,8.31
2c3d4e5f-6a7b-8c9d-0e1f-2a3b4c5d6e7f,Especificar Licencia,2e310583-c106-4f2c-a6c3-c4b12ec30658,2,6.37
0e1f2a3b-4c5d-6e7f-8a9b-0c1d2e3f4a5b,Dispersión de Fondos,2084f511-720a-4096-80cd-5bc9b91cf5b6,4,3.55
0e1f2a3b-4c5d-6e7f-8a9b-0c1d2e3f4a5b,Validar Capacitación,3f72a8b2-777b-43c8-ba37-8f5d9fbd2135,9,9.04
8c9d0e1f-2a3b-4c5d-6e7f-8a9b0c1d2e3f,Validación de RRHH,4cd6a83f-a8b6-4b56-854d-5d3693ec4ab4,4,12.69
0e1f2a3b-4c5d-6e7f-8a9b-0c1d2e3f4a5b,Instalar Licencia,d822aaf2-81c6-4054-b63b-a2bec2d53509,2,3.92
0e1f2a3b-4c5d-6e7f-8a9b-0c1d2e3f4a5b,Consolidación de RRHH,7949fc3c-9284-40a0-8161-7b39cf9f9b2d,12,10.31
bd9966b2-5fa2-4a4b-b924-59e817a5e756,Setup Tecnológico,a9eff785-5679-4a1b-91ef-6ca8712ddd18,10,12.06
5c6d7e8f-9a0b-1c2d-3e4f-5a6b7c8d9e0f,Revisión de Seguridad,bebe41a9-85fc-43f3-a125-5c7f72b0898d,5,10.48
3c4d5e6f-7a8b-9c0d-1e2f-3a4b5c6d7e8f,Especificar Servidores,e121cbea-1209-4fe7-ad22-6cf09caf5b95,6,8.11
2c3d4e5f-6a7b-8c9d-0e1f-2a3b4c5d6e7f,Aprobación del manager,e04f861d-b880-4d7f-bf03-59ce8e435929,14,15.95
2c3d4e5f-6a7b-8c9d-0e1f-2a3b4c5d6e7f,Cerrar Accesos,eccb7c0d-52a7-4143-baad-ebee05361b50,10,10.0
000a3793-827e-4616-84f9-0a23863e0a35,Subir Borrador,14791e8e-28e4-4f61-9593-d7a2653d97a3,12,13.03
9c0d1e2f-3a4b-5c6d-7e8f-9a0b1c2d3e4f,Pago de Liquidación,eccb7c0d-52a7-4143-baad-ebee05361b50,12,14.68
993a46fb-a0b2-4d2c-88eb-11ab1c3d4e8c,Especificar Licencia,e04f861d-b880-4d7f-bf03-59ce8e435929,2,10.98
6720c739-1916-432b-b392-e698dcfd8112,Revisión Contable,8490fcc8-7f53-4704-ac48-99b48356b21c,4,7.23
111e9d86-cbd2-45ff-a809-4072bbe6a4d0,Enviar solicitud de vacaciones,2b549288-04a4-4705-bcd0-0332b683df27,13,12.22
7c8d9e0f-1a2b-3c4d-5e6f-7a8b9c0d1e2f,Cerrar Accesos,2e310583-c106-4f2c-a6c3-c4b12ec30658,10,11.3
111e9d86-cbd2-45ff-a809-4072bbe6a4d0,Evaluación Técnica,2e310583-c106-4f2c-a6c3-c4b12ec30658,11,12.61
111e9d86-cbd2-45ff-a809-4072bbe6a4d0,Solicitar Adelanto,87f8e8d1-83e9-4ddb-9be0-fc955228db6d,13,12.54
bd9966b2-5fa2-4a4b-b924-59e817a5e756,Registrar Recibos,eccb7c0d-52a7-4143-baad-ebee05361b50,13,13.73
a7b21cc3-d8cf-48af-8bb0-22cba4567e9b,Cerrar Accesos,db614129-bb28-4b41-8a46-bea1444c388c,0,3.71
bd9966b2-5fa2-4a4b-b924-59e817a5e756,Aprobación del manager,2b549288-04a4-4705-bcd0-0332b683df27,3,6.39
7c8d9e0f-1a2b-3c4d-5e6f-7a8b9c0d1e2f,Verificar Stock,bebe41a9-85fc-43f3-a125-5c7f72b0898d,9,11.1
a7b21cc3-d8cf-48af-8bb0-22cba4567e9b,Feedback de Manager,d822aaf2-81c6-4054-b63b-a2bec2d53509,1,5.58
111e9d86-cbd2-45ff-a809-4072bbe6a4d0,Validar Capacitación,bebe41a9-85fc-43f3-a125-5c7f72b0898d,2,5.84
31ece703-f961-4e8e-a5c5-cd5c5b47e3db,Inicio de la solicitud,2e310583-c106-4f2c-a6c3-c4b12ec30658,12,11.65
6720c739-1916-432b-b392-e698dcfd8112,Instalar Licencia,bebe41a9-85fc-43f3-a125-5c7f72b0898d,15,14.41
993a46fb-a0b2-4d2c-88eb-11ab1c3d4e8c,Evaluación Técnica,0eea38fa-f85e-4c73-b47b-0a1985db1227,14,16.01
31ece703-f961-4e8e-a5c5-cd5c5b47e3db,Setup Tecnológico,f615b16b-8fd1-43c9-97c0-a65e08960291,9,11.01
0e1f2a3b-4c5d-6e7f-8a9b-0c1d2e3f4a5b,Consolidación de RRHH,0eea38fa-f85e-4c73-b47b-0a1985db1227,6,5.46
a7b21cc3-d8cf-48af-8bb0-22cba4567e9b,Verificar Stock,d9b58f63-b601-433e-9861-2bf2ad90eeb6,12,15.02
000a3793-827e-4616-84f9-0a23863e0a35,Aprobación de Pago,e04f861d-b880-4d7f-bf03-59ce8e435929,11,12.62
a7b21cc3-d8cf-48af-8bb0-22cba4567e9b,Aprobación Presupuesto,d822aaf2-81c6-4054-b63b-a2bec2d53509,6,10.61
2c3d4e5f-6a7b-8c9d-0e1f-2a3b4c5d6e7f,Verificar Factura,eccb7c0d-52a7-4143-baad-ebee05361b50,4,6.43
5c6d7e8f-9a0b-1c2d-3e4f-5a6b7c8d9e0f,Instalar Licencia,f615b16b-8fd1-43c9-97c0-a65e08960291,12,15.01
a7b21cc3-d8cf-48af-8bb0-22cba4567e9b,Consolidar Gastos,eccb7c0d-52a7-4143-baad-ebee05361b50,15,15.9
6720c739-1916-432b-b392-e698dcfd8112,Validar Capacitación,2b549288-04a4-4705-bcd0-0332b683df27,7,10.46
2c3d4e5f-6a7b-8c9d-0e1f-2a3b4c5d6e7f,Verificar Stock,3f72a8b2-777b-43c8-ba37-8f5d9fbd2135,5,7.66
2c3d4e5f-6a7b-8c9d-0e1f-2a3b4c5d6e7f,Reunión Bienvenida,e04f861d-b880-4d7f-bf03-59ce8e435929,1,2.46
3c4d5e6f-7a8b-9c0d-1e2f-3a4b5c6d7e8f,Aprobación del manager,e04f861d-b880-4d7f-bf03-59ce8e435929,5,8.85
bd9966b2-5fa2-4a4b-b924-59e817a5e756,Aprobación de Pago,d822aaf2-81c6-4054-b63b-a2bec2d53509,0,2.85
993a46fb-a0b2-4d2c-88eb-11ab1c3d4e8c,Iniciar Baja,bebe41a9-85fc-43f3-a125-5c7f72b0898d,4,9.69
9c0d1e2f-3a4b-5c6d-7e8f-9a0b1c2d3e4f,Enviar solicitud de vacaciones,a9eff785-5679-4a1b-91ef-6ca8712ddd18,5,6.65
9c0d1e2f-3a4b-5c6d-7e8f-9a0b1c2d3e4f,Evaluación Técnica,e1c69265-87e8-417b-b13a-2ae72c53d4e3,1,5.76
2c3d4e5f-6a7b-8c9d-0e1f-2a3b4c5d6e7f,Enviar solicitud de vacaciones,f615b16b-8fd1-43c9-97c0-a65e08960291,15,12.79
7c8d9e0f-1a2b-3c4d-5e6f-7a8b9c0d1e2f,Evaluación Técnica,d822aaf2-81c6-4054-b63b-a2bec2d53509,13,12.7
6720c739-1916-432b-b392-e698dcfd8112,Validación de RRHH,e1c69265-87e8-417b-b13a-2ae72c53d4e3,14,16.14
0e1f2a3b-4c5d-6e7f-8a9b-0c1d2e3f4a5b,Revisión de Seguridad,2084f511-720a-4096-80cd-5bc9b91cf5b6,9,9.34
9c0d1e2f-3a4b-5c6d-7e8f-9a0b1c2d3e4f,Subir Borrador,c017087e-fcbc-4f47-ae54-78008d243fbf,8,11.06
bd9966b2-5fa2-4a4b-b924-59e817a5e756,Autorización Gerencia,db614129-bb28-4b41-8a46-bea1444c388c,5,8.0
439df689-d1cf-41c3-883c-1b7713fe68e5,Validar Capacitación,7949fc3c-9284-40a0-8161-7b39cf9f9b2d,14,14.38
111e9d86-cbd2-45ff-a809-4072bbe6a4d0,Reunión Bienvenida,4cd6a83f-a8b6-4b56-854d-5d3693ec4ab4,8,8.24
f5ba7581-b2ac-4b3a-830e-64ab112f975a,Aprobación Presupuesto,d9b58f63-b601-433e-9861-2bf2ad90eeb6,9,9.88
6720c739-1916-432b-b392-e698dcfd8112,Detallar Curso,2e310583-c106-4f2c-a6c3-c4b12ec30658,15,17.35
3c4d5e6f-7a8b-9c0d-1e2f-3a4b5c6d7e8f,Cerrar Accesos,2e310583-c106-4f2c-a6c3-c4b12ec30658,6,8.2
439df689-d1cf-41c3-883c-1b7713fe68e5,Revisión Contable,e121cbea-1209-4fe7-ad22-6cf09caf5b95,2,6.57
111e9d86-cbd2-45ff-a809-4072bbe6a4d0,Consolidación de RRHH,c017087e-fcbc-4f47-ae54-78008d243fbf,14,14.02
5c6d7e8f-9a0b-1c2d-3e4f-5a6b7c8d9e0f,Validar Capacitación,e121cbea-1209-4fe7-ad22-6cf09caf5b95,7,15.72
7c8d9e0f-1a2b-3c4d-5e6f-7a8b9c0d1e2f,Validar Elegibilidad,e04f861d-b880-4d7f-bf03-59ce8e435929,15,12.78
439df689-d1cf-41c3-883c-1b7713fe68e5,Validar Comercial,a9eff785-5679-4a1b-91ef-6ca8712ddd18,1,4.54
bd9966b2-5fa2-4a4b-b924-59e817a5e756,Cerrar Accesos,eccb7c0d-52a7-4143-baad-ebee05361b50,7,11.44
111e9d86-cbd2-45ff-a809-4072bbe6a4d0,Validación de RRHH,8490fcc8-7f53-4704-ac48-99b48356b21c,13,11.74
7c8d9e0f-1a2b-3c4d-5e6f-7a8b9c0d1e2f,Aprobación del manager,a9eff785-5679-4a1b-91ef-6ca8712ddd18,12,11.85
000a3793-827e-4616-84f9-0a23863e0a35,Enviar solicitud de vacaciones,e121cbea-1209-4fe7-ad22-6cf09caf5b95,4,6.99
439df689-d1cf-41c3-883c-1b7713fe68e5,Subir Borrador,e121cbea-1209-4fe7-ad22-6cf09caf5b95,1,3.37
bd9966b2-5fa2-4a4b-b924-59e817a5e756,Verificar Stock,e121cbea-1209-4fe7-ad22-6cf09caf5b95,4,5.12
4c5d6e7f-8a9b-0c1d-2e3f-4a5b6c7d8e9f,Aprobación Costos,4cd6a83f-a8b6-4b56-854d-5d3693ec4ab4,1,3.91
3c4d5e6f-7a8b-9c0d-1e2f-3a4b5c6d7e8f,Solicitar Adelanto,2084f511-720a-4096-80cd-5bc9b91cf5b6,7,7.2
439df689-d1cf-41c3-883c-1b7713fe68e5,Autorización Gerencia,8490fcc8-7f53-4704-ac48-99b48356b21c,15,16.22
111e9d86-cbd2-45ff-a809-4072bbe6a4d0,Detallar Curso,8490fcc8-7f53-4704-ac48-99b48356b21c,2,6.26
9c0d1e2f-3a4b-5c6d-7e8f-9a0b1c2d3e4f,Instalar Licencia,7949fc3c-9284-40a0-8161-7b39cf9f9b2d,7,10.21
439df689-d1cf-41c3-883c-1b7713fe68e5,Autorización Gerencia,0eea38fa-f85e-4c73-b47b-0a1985db1227,11,11.79
3c4d5e6f-7a8b-9c0d-1e2f-3a4b5c6d7e8f,Entrega del Equipo,eccb7c0d-52a7-4143-baad-ebee05361b50,8,9.37
f5ba7581-b2ac-4b3a-830e-64ab112f975a,Verificar Stock,a9eff785-5679-4a1b-91ef-6ca8712ddd18,4,8.08
6720c739-1916-432b-b392-e698dcfd8112,Aprobar Presupuesto,0eea38fa-f85e-4c73-b47b-0a1985db1227,15,13.42
2c3d4e5f-6a7b-8c9d-0e1f-2a3b4c5d6e7f,Consolidar Gastos,e121cbea-1209-4fe7-ad22-6cf09caf5b95,5,8.93
7c8d9e0f-1a2b-3c4d-5e6f-7a8b9c0d1e2f,Inicio de la solicitud,db614129-bb28-4b41-8a46-bea1444c388c,6,10.79
bd9966b2-5fa2-4a4b-b924-59e817a5e756,Consolidar Gastos,7949fc3c-9284-40a0-8161-7b39cf9f9b2d,1,6.1
a7b21cc3-d8cf-48af-8bb0-22cba4567e9b,Consolidación de RRHH,eccb7c0d-52a7-4143-baad-ebee05361b50,10,11.56
2c3d4e5f-6a7b-8c9d-0e1f-2a3b4c5d6e7f,Especificar Licencia,8490fcc8-7f53-4704-ac48-99b48356b21c,11,12.61
6720c739-1916-432b-b392-e698dcfd8112,Aprobación Costos,f65f0bd7-27f5-4b8c-9641-94729f51744a,14,16.46
a7b21cc3-d8cf-48af-8bb0-22cba4567e9b,Autoevaluación,2b549288-04a4-4705-bcd0-0332b683df27,15,13.63
5c6d7e8f-9a0b-1c2d-3e4f-5a6b7c8d9e0f,Autoevaluación,eccb7c0d-52a7-4143-baad-ebee05361b50,11,17.67
7c8d9e0f-1a2b-3c4d-5e6f-7a8b9c0d1e2f,Solicitar Adelanto,8490fcc8-7f53-4704-ac48-99b48356b21c,5,9.62
993a46fb-a0b2-4d2c-88eb-11ab1c3d4e8c,Revisión Gerencial,3f72a8b2-777b-43c8-ba37-8f5d9fbd2135,15,20.55
7c8d9e0f-1a2b-3c4d-5e6f-7a8b9c0d1e2f,Autoevaluación,2b549288-04a4-4705-bcd0-0332b683df27,15,12.51
111e9d86-cbd2-45ff-a809-4072bbe6a4d0,Validar Capacitación,e04f861d-b880-4d7f-bf03-59ce8e435929,13,13.6
31ece703-f961-4e8e-a5c5-cd5c5b47e3db,Subir Borrador,8490fcc8-7f53-4704-ac48-99b48356b21c,10,10.9
3c4d5e6f-7a8b-9c0d-1e2f-3a4b5c6d7e8f,Entrega del Equipo,8490fcc8-7f53-4704-ac48-99b48356b21c,1,3.27
9c0d1e2f-3a4b-5c6d-7e8f-9a0b1c2d3e4f,Revisión Contable,a9eff785-5679-4a1b-91ef-6ca8712ddd18,5,9.65
111e9d86-cbd2-45ff-a809-4072bbe6a4d0,Entrega del Equipo,2084f511-720a-4096-80cd-5bc9b91cf5b6,9,9.39
31ece703-f961-4e8e-a5c5-cd5c5b47e3db,Consolidar Gastos,f65f0bd7-27f5-4b8c-9641-94729f51744a,10,11.34
a7b21cc3-d8cf-48af-8bb0-22cba4567e9b,Validar Capacitación,7949fc3c-9284-40a0-8161-7b39cf9f9b2d,4,4.98
439df689-d1cf-41c3-883c-1b7713fe68e5,Preparar Firma,0eea38fa-f85e-4c73-b47b-0a1985db1227,7,7.23
6720c739-1916-432b-b392-e698dcfd8112,Aprobar Presupuesto,2084f511-720a-4096-80cd-5bc9b91cf5b6,13,15.86
8c9d0e1f-2a3b-4c5d-6e7f-8a9b0c1d2e3f,Enviar solicitud de vacaciones,f65f0bd7-27f5-4b8c-9641-94729f51744a,2,6.62
f5ba7581-b2ac-4b3a-830e-64ab112f975a,Cerrar Accesos,c017087e-fcbc-4f47-ae54-78008d243fbf,7,7.99
4c5d6e7f-8a9b-0c1d-2e3f-4a5b6c7d8e9f,Evaluación Técnica,8490fcc8-7f53-4704-ac48-99b48356b21c,0,5.31
111e9d86-cbd2-45ff-a809-4072bbe6a4d0,Pago de Liquidación,f65f0bd7-27f5-4b8c-9641-94729f51744a,11,11.44
4c5d6e7f-8a9b-0c1d-2e3f-4a5b6c7d8e9f,Aprobación del manager,f65f0bd7-27f5-4b8c-9641-94729f51744a,15,13.37
439df689-d1cf-41c3-883c-1b7713fe68e5,Revisión Gerencial,a9eff785-5679-4a1b-91ef-6ca8712ddd18,4,6.25
993a46fb-a0b2-4d2c-88eb-11ab1c3d4e8c,Inicio de la solicitud,db614129-bb28-4b41-8a46-bea1444c388c,2,7.46
f5ba7581-b2ac-4b3a-830e-64ab112f975a,Validar Comercial,c017087e-fcbc-4f47-ae54-78008d243fbf,1,3.19
7c8d9e0f-1a2b-3c4d-5e6f-7a8b9c0d1e2f,Autorización Gerencia,e04f861d-b880-4d7f-bf03-59ce8e435929,12,11.85
6720c739-1916-432b-b392-e698dcfd8112,Setup Tecnológico,4cd6a83f-a8b6-4b56-854d-5d3693ec4ab4,10,11.4
31ece703-f961-4e8e-a5c5-cd5c5b47e3db,Habilitar Permisos,2084f511-720a-4096-80cd-5bc9b91cf5b6,7,10.59
8c9d0e1f-2a3b-4c5d-6e7f-8a9b0c1d2e3f,Validación de RRHH,87f8e8d1-83e9-4ddb-9be0-fc955228db6d,5,12.79
f5ba7581-b2ac-4b3a-830e-64ab112f975a,Validar Comercial,2b549288-04a4-4705-bcd0-0332b683df27,0,2.4
bd9966b2-5fa2-4a4b-b924-59e817a5e756,Reunión Bienvenida,f65f0bd7-27f5-4b8c-9641-94729f51744a,6,9.81
a7b21cc3-d8cf-48af-8bb0-22cba4567e9b,Subir Borrador,4cd6a83f-a8b6-4b56-854d-5d3693ec4ab4,15,14.44
111e9d86-cbd2-45ff-a809-4072bbe6a4d0,Validación de RRHH,e04f861d-b880-4d7f-bf03-59ce8e435929,0,3.9
bd9966b2-5fa2-4a4b-b924-59e817a5e756,Autoevaluación,0eea38fa-f85e-4c73-b47b-0a1985db1227,6,6.75
6c7d8e9f-0a1b-2c3d-4e5f-6a7b8c9d0e1f,Enviar solicitud de vacaciones,d822aaf2-81c6-4054-b63b-a2bec2d53509,12,12.01
111e9d86-cbd2-45ff-a809-4072bbe6a4d0,Enviar solicitud de vacaciones,f65f0bd7-27f5-4b8c-9641-94729f51744a,9,10.12
bd9966b2-5fa2-4a4b-b924-59e817a5e756,Instalar Licencia,87f8e8d1-83e9-4ddb-9be0-fc955228db6d,12,11.17
6c7d8e9f-0a1b-2c3d-4e5f-6a7b8c9d0e1f,Enviar solicitud de vacaciones,c017087e-fcbc-4f47-ae54-78008d243fbf,13,12.23
7c8d9e0f-1a2b-3c4d-5e6f-7a8b9c0d1e2f,Evaluación Técnica,eccb7c0d-52a7-4143-baad-ebee05361b50,14,15.71
bd9966b2-5fa2-4a4b-b924-59e817a5e756,Autoevaluación,d9b58f63-b601-433e-9861-2bf2ad90eeb6,12,12.93
6c7d8e9f-0a1b-2c3d-4e5f-6a7b8c9d0e1f,Validar Comercial,f65f0bd7-27f5-4b8c-9641-94729f51744a,11,13.82
439df689-d1cf-41c3-883c-1b7713fe68e5,Aprobar Presupuesto,2b549288-04a4-4705-bcd0-0332b683df27,4,7.37
5c6d7e8f-9a0b-1c2d-3e4f-5a6b7c8d9e0f,Revisión de Seguridad,0eea38fa-f85e-4c73-b47b-0a1985db1227,12,16.24
9c0d1e2f-3a4b-5c6d-7e8f-9a0b1c2d3e4f,Validar Comercial,f65f0bd7-27f5-4b8c-9641-94729f51744a,11,10.09
111e9d86-cbd2-45ff-a809-4072bbe6a4d0,Subir Borrador,87f8e8d1-83e9-4ddb-9be0-fc955228db6d,13,14.21
6720c739-1916-432b-b392-e698dcfd8112,Cerrar Accesos,3f72a8b2-777b-43c8-ba37-8f5d9fbd2135,2,5.19
9c0d1e2f-3a4b-5c6d-7e8f-9a0b1c2d3e4f,Entrega del Equipo,7949fc3c-9284-40a0-8161-7b39cf9f9b2d,5,7.6
31ece703-f961-4e8e-a5c5-cd5c5b47e3db,Aprobación de Pago,14791e8e-28e4-4f61-9593-d7a2653d97a3,3,6.55
8c9d0e1f-2a3b-4c5d-6e7f-8a9b0c1d2e3f,Revisión Gerencial,e04f861d-b880-4d7f-bf03-59ce8e435929,15,18.72
6720c739-1916-432b-b392-e698dcfd8112,Enviar solicitud de vacaciones,87f8e8d1-83e9-4ddb-9be0-fc955228db6d,5,5.84
8c9d0e1f-2a3b-4c5d-6e7f-8a9b0c1d2e3f,Validar Comercial,d9b58f63-b601-433e-9861-2bf2ad90eeb6,14,19.96
000a3793-827e-4616-84f9-0a23863e0a35,Validar Comercial,0eea38fa-f85e-4c73-b47b-0a1985db1227,10,12.93
7c8d9e0f-1a2b-3c4d-5e6f-7a8b9c0d1e2f,Setup Tecnológico,a9eff785-5679-4a1b-91ef-6ca8712ddd18,11,14.03
2c3d4e5f-6a7b-8c9d-0e1f-2a3b4c5d6e7f,Presentar Requerimiento,d9b58f63-b601-433e-9861-2bf2ad90eeb6,12,11.99
6720c739-1916-432b-b392-e698dcfd8112,Preparar Firma,8490fcc8-7f53-4704-ac48-99b48356b21c,4,7.1
0e1f2a3b-4c5d-6e7f-8a9b-0c1d2e3f4a5b,Autoevaluación,2b549288-04a4-4705-bcd0-0332b683df27,8,7.81
6720c739-1916-432b-b392-e698dcfd8112,Aprobación Costos,3f72a8b2-777b-43c8-ba37-8f5d9fbd2135,12,10.75
993a46fb-a0b2-4d2c-88eb-11ab1c3d4e8c,Validar Capacitación,2e310583-c106-4f2c-a6c3-c4b12ec30658,6,10.79
9c0d1e2f-3a4b-5c6d-7e8f-9a0b1c2d3e4f,Validar Comercial,e1c69265-87e8-417b-b13a-2ae72c53d4e3,13,12.85
000a3793-827e-4616-84f9-0a23863e0a35,Registrar Recibos,7949fc3c-9284-40a0-8161-7b39cf9f9b2d,10,10.6
bd9966b2-5fa2-4a4b-b924-59e817a5e756,Aprobar Presupuesto,7949fc3c-9284-40a0-8161-7b39cf9f9b2d,6,10.35
bd9966b2-5fa2-4a4b-b924-59e817a5e756,Detallar Curso,4cd6a83f-a8b6-4b56-854d-5d3693ec4ab4,9,12.1
a7b21cc3-d8cf-48af-8bb0-22cba4567e9b,Consolidar Gastos,c017087e-fcbc-4f47-ae54-78008d243fbf,12,11.0
4c5d6e7f-8a9b-0c1d-2e3f-4a5b6c7d8e9f,Iniciar Baja,f65f0bd7-27f5-4b8c-9641-94729f51744a,15,12.55
3c4d5e6f-7a8b-9c0d-1e2f-3a4b5c6d7e8f,Verificar Stock,7949fc3c-9284-40a0-8161-7b39cf9f9b2d,14,14.62
0e1f2a3b-4c5d-6e7f-8a9b-0c1d2e3f4a5b,Entrega del Equipo,14791e8e-28e4-4f61-9593-d7a2653d97a3,11,10.09
f5ba7581-b2ac-4b3a-830e-64ab112f975a,Aprobar Presupuesto,d822aaf2-81c6-4054-b63b-a2bec2d53509,7,11.05
993a46fb-a0b2-4d2c-88eb-11ab1c3d4e8c,Especificar Servidores,4cd6a83f-a8b6-4b56-854d-5d3693ec4ab4,11,14.06
f5ba7581-b2ac-4b3a-830e-64ab112f975a,Detallar Curso,f65f0bd7-27f5-4b8c-9641-94729f51744a,8,7.53
993a46fb-a0b2-4d2c-88eb-11ab1c3d4e8c,Subir Borrador,c017087e-fcbc-4f47-ae54-78008d243fbf,10,14.38
3c4d5e6f-7a8b-9c0d-1e2f-3a4b5c6d7e8f,Aprobación Presupuesto,db614129-bb28-4b41-8a46-bea1444c388c,8,9.12
9c0d1e2f-3a4b-5c6d-7e8f-9a0b1c2d3e4f,Entrega del Equipo,2e310583-c106-4f2c-a6c3-c4b12ec30658,8,8.73
f5ba7581-b2ac-4b3a-830e-64ab112f975a,Inicio de la solicitud,e121cbea-1209-4fe7-ad22-6cf09caf5b95,9,10.15
bd9966b2-5fa2-4a4b-b924-59e817a5e756,Aprobación Costos,e1c69265-87e8-417b-b13a-2ae72c53d4e3,10,11.34
8c9d0e1f-2a3b-4c5d-6e7f-8a9b0c1d2e3f,Detallar Curso,f65f0bd7-27f5-4b8c-9641-94729f51744a,6,13.33
439df689-d1cf-41c3-883c-1b7713fe68e5,Registrar Recibos,8490fcc8-7f53-4704-ac48-99b48356b21c,4,6.95
2c3d4e5f-6a7b-8c9d-0e1f-2a3b4c5d6e7f,Subir Borrador,2084f511-720a-4096-80cd-5bc9b91cf5b6,13,12.42
5c6d7e8f-9a0b-1c2d-3e4f-5a6b7c8d9e0f,Instalar Licencia,bebe41a9-85fc-43f3-a125-5c7f72b0898d,11,15.13
a7b21cc3-d8cf-48af-8bb0-22cba4567e9b,Consolidación de RRHH,db614129-bb28-4b41-8a46-bea1444c388c,5,8.93
7c8d9e0f-1a2b-3c4d-5e6f-7a8b9c0d1e2f,Procesar Transferencia,c017087e-fcbc-4f47-ae54-78008d243fbf,5,5.18
31ece703-f961-4e8e-a5c5-cd5c5b47e3db,Dispersión de Fondos,eccb7c0d-52a7-4143-baad-ebee05361b50,15,15.14
3c4d5e6f-7a8b-9c0d-1e2f-3a4b5c6d7e8f,Detallar Curso,4cd6a83f-a8b6-4b56-854d-5d3693ec4ab4,13,14.16
0e1f2a3b-4c5d-6e7f-8a9b-0c1d2e3f4a5b,Inicio del Proceso,2e310583-c106-4f2c-a6c3-c4b12ec30658,2,3.75
3c4d5e6f-7a8b-9c0d-1e2f-3a4b5c6d7e8f,Aprobar Presupuesto,7949fc3c-9284-40a0-8161-7b39cf9f9b2d,4,6.02
f5ba7581-b2ac-4b3a-830e-64ab112f975a,Aprobación del manager,d9b58f63-b601-433e-9861-2bf2ad90eeb6,12,14.15
31ece703-f961-4e8e-a5c5-cd5c5b47e3db,Validar Comercial,4cd6a83f-a8b6-4b56-854d-5d3693ec4ab4,8,8.95
6720c739-1916-432b-b392-e698dcfd8112,Reunión Bienvenida,e121cbea-1209-4fe7-ad22-6cf09caf5b95,9,9.31
000a3793-827e-4616-84f9-0a23863e0a35,Validar Capacitación,0eea38fa-f85e-4c73-b47b-0a1985db1227,11,11.83
4c5d6e7f-8a9b-0c1d-2e3f-4a5b6c7d8e9f,Detallar Curso,f615b16b-8fd1-43c9-97c0-a65e08960291,9,11.97
2c3d4e5f-6a7b-8c9d-0e1f-2a3b4c5d6e7f,Consolidación de RRHH,8490fcc8-7f53-4704-ac48-99b48356b21c,3,6.22
111e9d86-cbd2-45ff-a809-4072bbe6a4d0,Setup Tecnológico,2084f511-720a-4096-80cd-5bc9b91cf5b6,5,6.94
439df689-d1cf-41c3-883c-1b7713fe68e5,Cerrar Accesos,14791e8e-28e4-4f61-9593-d7a2653d97a3,14,14.25
4c5d6e7f-8a9b-0c1d-2e3f-4a5b6c7d8e9f,Instalar Licencia,2084f511-720a-4096-80cd-5bc9b91cf5b6,5,10.19
0e1f2a3b-4c5d-6e7f-8a9b-0c1d2e3f4a5b,Detallar Curso,e1c69265-87e8-417b-b13a-2ae72c53d4e3,14,12.27
7c8d9e0f-1a2b-3c4d-5e6f-7a8b9c0d1e2f,Subir Borrador,e121cbea-1209-4fe7-ad22-6cf09caf5b95,8,11.18
6720c739-1916-432b-b392-e698dcfd8112,Autorización Gerencia,14791e8e-28e4-4f61-9593-d7a2653d97a3,10,9.37
f5ba7581-b2ac-4b3a-830e-64ab112f975a,Evaluación Técnica,e04f861d-b880-4d7f-bf03-59ce8e435929,1,5.18
111e9d86-cbd2-45ff-a809-4072bbe6a4d0,Registrar Recibos,a9eff785-5679-4a1b-91ef-6ca8712ddd18,9,8.69
111e9d86-cbd2-45ff-a809-4072bbe6a4d0,Subir Borrador,bebe41a9-85fc-43f3-a125-5c7f72b0898d,13,12.77
9c0d1e2f-3a4b-5c6d-7e8f-9a0b1c2d3e4f,Inicio del Proceso,2b549288-04a4-4705-bcd0-0332b683df27,10,12.7
a7b21cc3-d8cf-48af-8bb0-22cba4567e9b,Procesar Transferencia,d822aaf2-81c6-4054-b63b-a2bec2d53509,6,5.88
9c0d1e2f-3a4b-5c6d-7e8f-9a0b1c2d3e4f,Aprobación Costos,2084f511-720a-4096-80cd-5bc9b91cf5b6,12,13.07
8c9d0e1f-2a3b-4c5d-6e7f-8a9b0c1d2e3f,Validar Capacitación,7949fc3c-9284-40a0-8161-7b39cf9f9b2d,8,10.97
3c4d5e6f-7a8b-9c0d-1e2f-3a4b5c6d7e8f,Subir Borrador,d9b58f63-b601-433e-9861-2bf2ad90eeb6,14,12.3
bd9966b2-5fa2-4a4b-b924-59e817a5e756,Aprobación del manager,e121cbea-1209-4fe7-ad22-6cf09caf5b95,6,8.32
4c5d6e7f-8a9b-0c1d-2e3f-4a5b6c7d8e9f,Detallar Curso,e04f861d-b880-4d7f-bf03-59ce8e435929,8,10.18
439df689-d1cf-41c3-883c-1b7713fe68e5,Autoevaluación,87f8e8d1-83e9-4ddb-9be0-fc955228db6d,13,15.04
993a46fb-a0b2-4d2c-88eb-11ab1c3d4e8c,Procesar Transferencia,bebe41a9-85fc-43f3-a125-5c7f72b0898d,0,8.91
5c6d7e8f-9a0b-1c2d-3e4f-5a6b7c8d9e0f,Inicio del Proceso,f65f0bd7-27f5-4b8c-9641-94729f51744a,5,13.45
9c0d1e2f-3a4b-5c6d-7e8f-9a0b1c2d3e4f,Procesar Transferencia,2084f511-720a-4096-80cd-5bc9b91cf5b6,10,9.68
000a3793-827e-4616-84f9-0a23863e0a35,Entrega del Equipo,f65f0bd7-27f5-4b8c-9641-94729f51744a,13,13.27
000a3793-827e-4616-84f9-0a23863e0a35,Cerrar Accesos,eccb7c0d-52a7-4143-baad-ebee05361b50,2,7.06
6c7d8e9f-0a1b-2c3d-4e5f-6a7b8c9d0e1f,Subir Borrador,e1c69265-87e8-417b-b13a-2ae72c53d4e3,1,3.71
a7b21cc3-d8cf-48af-8bb0-22cba4567e9b,Iniciar Baja,eccb7c0d-52a7-4143-baad-ebee05361b50,8,8.54
f5ba7581-b2ac-4b3a-830e-64ab112f975a,Especificar Servidores,a9eff785-5679-4a1b-91ef-6ca8712ddd18,10,8.94
9c0d1e2f-3a4b-5c6d-7e8f-9a0b1c2d3e4f,Habilitar Permisos,3f72a8b2-777b-43c8-ba37-8f5d9fbd2135,0,6.64
111e9d86-cbd2-45ff-a809-4072bbe6a4d0,Revisión de Seguridad,14791e8e-28e4-4f61-9593-d7a2653d97a3,7,8.96
9c0d1e2f-3a4b-5c6d-7e8f-9a0b1c2d3e4f,Preparar Firma,3f72a8b2-777b-43c8-ba37-8f5d9fbd2135,11,11.79
6c7d8e9f-0a1b-2c3d-4e5f-6a7b8c9d0e1f,Cerrar Accesos,e121cbea-1209-4fe7-ad22-6cf09caf5b95,14,12.62
5c6d7e8f-9a0b-1c2d-3e4f-5a6b7c8d9e0f,Aprobación del manager,e121cbea-1209-4fe7-ad22-6cf09caf5b95,12,17.57
993a46fb-a0b2-4d2c-88eb-11ab1c3d4e8c,Setup Tecnológico,e121cbea-1209-4fe7-ad22-6cf09caf5b95,2,8.81
6720c739-1916-432b-b392-e698dcfd8112,Solicitar Adelanto,d9b58f63-b601-433e-9861-2bf2ad90eeb6,10,12.79
a7b21cc3-d8cf-48af-8bb0-22cba4567e9b,Inicio de la solicitud,f65f0bd7-27f5-4b8c-9641-94729f51744a,15,15.68
5c6d7e8f-9a0b-1c2d-3e4f-5a6b7c8d9e0f,Dispersión de Fondos,bebe41a9-85fc-43f3-a125-5c7f72b0898d,5,10.18
7c8d9e0f-1a2b-3c4d-5e6f-7a8b9c0d1e2f,Registrar Recibos,4cd6a83f-a8b6-4b56-854d-5d3693ec4ab4,8,9.52
0e1f2a3b-4c5d-6e7f-8a9b-0c1d2e3f4a5b,Solicitar Adelanto,4cd6a83f-a8b6-4b56-854d-5d3693ec4ab4,7,7.42
6c7d8e9f-0a1b-2c3d-4e5f-6a7b8c9d0e1f,Cerrar Accesos,2b549288-04a4-4705-bcd0-0332b683df27,12,12.43
31ece703-f961-4e8e-a5c5-cd5c5b47e3db,Verificar Factura,eccb7c0d-52a7-4143-baad-ebee05361b50,8,10.53
9c0d1e2f-3a4b-5c6d-7e8f-9a0b1c2d3e4f,Revisión Gerencial,f615b16b-8fd1-43c9-97c0-a65e08960291,12,12.98
993a46fb-a0b2-4d2c-88eb-11ab1c3d4e8c,Aprobación del manager,bebe41a9-85fc-43f3-a125-5c7f72b0898d,15,20.23
4c5d6e7f-8a9b-0c1d-2e3f-4a5b6c7d8e9f,Habilitar Permisos,e1c69265-87e8-417b-b13a-2ae72c53d4e3,1,5.98
111e9d86-cbd2-45ff-a809-4072bbe6a4d0,Verificar Factura,7949fc3c-9284-40a0-8161-7b39cf9f9b2d,0,5.15
31ece703-f961-4e8e-a5c5-cd5c5b47e3db,Procesar Transferencia,e121cbea-1209-4fe7-ad22-6cf09caf5b95,0,4.65
6c7d8e9f-0a1b-2c3d-4e5f-6a7b8c9d0e1f,Aprobación Costos,db614129-bb28-4b41-8a46-bea1444c388c,7,8.35
8c9d0e1f-2a3b-4c5d-6e7f-8a9b0c1d2e3f,Habilitar Permisos,bebe41a9-85fc-43f3-a125-5c7f72b0898d,8,11.53
f5ba7581-b2ac-4b3a-830e-64ab112f975a,Evaluación Técnica,d822aaf2-81c6-4054-b63b-a2bec2d53509,3,4.69
439df689-d1cf-41c3-883c-1b7713fe68e5,Autorización Gerencia,14791e8e-28e4-4f61-9593-d7a2653d97a3,0,3.87
bd9966b2-5fa2-4a4b-b924-59e817a5e756,Reunión Bienvenida,3f72a8b2-777b-43c8-ba37-8f5d9fbd2135,9,11.22
3c4d5e6f-7a8b-9c0d-1e2f-3a4b5c6d7e8f,Revisión de Seguridad,d9b58f63-b601-433e-9861-2bf2ad90eeb6,9,11.85
a7b21cc3-d8cf-48af-8bb0-22cba4567e9b,Consolidar Gastos,f65f0bd7-27f5-4b8c-9641-94729f51744a,5,7.34
6720c739-1916-432b-b392-e698dcfd8112,Enviar solicitud de vacaciones,bebe41a9-85fc-43f3-a125-5c7f72b0898d,6,7.19
f5ba7581-b2ac-4b3a-830e-64ab112f975a,Enviar solicitud de vacaciones,c017087e-fcbc-4f47-ae54-78008d243fbf,7,9.42
2c3d4e5f-6a7b-8c9d-0e1f-2a3b4c5d6e7f,Registrar Recibos,a9eff785-5679-4a1b-91ef-6ca8712ddd18,1,6.57
6720c739-1916-432b-b392-e698dcfd8112,Solicitar Adelanto,8490fcc8-7f53-4704-ac48-99b48356b21c,4,6.13
f5ba7581-b2ac-4b3a-830e-64ab112f975a,Procesar Transferencia,7949fc3c-9284-40a0-8161-7b39cf9f9b2d,8,10.6
6c7d8e9f-0a1b-2c3d-4e5f-6a7b8c9d0e1f,Validar Elegibilidad,f615b16b-8fd1-43c9-97c0-a65e08960291,11,12.54
f5ba7581-b2ac-4b3a-830e-64ab112f975a,Autorización Gerencia,8490fcc8-7f53-4704-ac48-99b48356b21c,8,10.59
5c6d7e8f-9a0b-1c2d-3e4f-5a6b7c8d9e0f,Enviar solicitud de vacaciones,7949fc3c-9284-40a0-8161-7b39cf9f9b2d,8,14.4
000a3793-827e-4616-84f9-0a23863e0a35,Habilitar Permisos,d9b58f63-b601-433e-9861-2bf2ad90eeb6,12,12.12
000a3793-827e-4616-84f9-0a23863e0a35,Autorización Gerencia,0eea38fa-f85e-4c73-b47b-0a1985db1227,6,9.52
8c9d0e1f-2a3b-4c5d-6e7f-8a9b0c1d2e3f,Especificar Servidores,bebe41a9-85fc-43f3-a125-5c7f72b0898d,15,20.79
3c4d5e6f-7a8b-9c0d-1e2f-3a4b5c6d7e8f,Especificar Licencia,0eea38fa-f85e-4c73-b47b-0a1985db1227,2,5.67
6720c739-1916-432b-b392-e698dcfd8112,Reunión Bienvenida,f65f0bd7-27f5-4b8c-9641-94729f51744a,3,4.11
111e9d86-cbd2-45ff-a809-4072bbe6a4d0,Evaluación Técnica,8490fcc8-7f53-4704-ac48-99b48356b21c,6,6.42
31ece703-f961-4e8e-a5c5-cd5c5b47e3db,Evaluación Técnica,2b549288-04a4-4705-bcd0-0332b683df27,11,10.15
bd9966b2-5fa2-4a4b-b924-59e817a5e756,Consolidación de RRHH,0eea38fa-f85e-4c73-b47b-0a1985db1227,12,15.31
6720c739-1916-432b-b392-e698dcfd8112,Especificar Servidores,87f8e8d1-83e9-4ddb-9be0-fc955228db6d,14,15.9
9c0d1e2f-3a4b-5c6d-7e8f-9a0b1c2d3e4f,Feedback de Manager,2b549288-04a4-4705-bcd0-0332b683df27,8,8.72
8c9d0e1f-2a3b-4c5d-6e7f-8a9b0c1d2e3f,Iniciar Baja,d822aaf2-81c6-4054-b63b-a2bec2d53509,15,16.46
2c3d4e5f-6a7b-8c9d-0e1f-2a3b4c5d6e7f,Dispersión de Fondos,e1c69265-87e8-417b-b13a-2ae72c53d4e3,12,13.83
5c6d7e8f-9a0b-1c2d-3e4f-5a6b7c8d9e0f,Cerrar Accesos,2b549288-04a4-4705-bcd0-0332b683df27,15,17.45
9c0d1e2f-3a4b-5c6d-7e8f-9a0b1c2d3e4f,Setup Tecnológico,e1c69265-87e8-417b-b13a-2ae72c53d4e3,6,7.45
4c5d6e7f-8a9b-0c1d-2e3f-4a5b6c7d8e9f,Enviar solicitud de vacaciones,14791e8e-28e4-4f61-9593-d7a2653d97a3,0,3.74
f5ba7581-b2ac-4b3a-830e-64ab112f975a,Enviar solicitud de vacaciones,d9b58f63-b601-433e-9861-2bf2ad90eeb6,10,9.36
6720c739-1916-432b-b392-e698dcfd8112,Habilitar Permisos,4cd6a83f-a8b6-4b56-854d-5d3693ec4ab4,4,6.69
f5ba7581-b2ac-4b3a-830e-64ab112f975a,Feedback de Manager,4cd6a83f-a8b6-4b56-854d-5d3693ec4ab4,7,11.52
f5ba7581-b2ac-4b3a-830e-64ab112f975a,Validar Capacitación,e04f861d-b880-4d7f-bf03-59ce8e435929,6,8.96
9c0d1e2f-3a4b-5c6d-7e8f-9a0b1c2d3e4f,Inicio de la solicitud,87f8e8d1-83e9-4ddb-9be0-fc955228db6d,14,13.23
2c3d4e5f-6a7b-8c9d-0e1f-2a3b4c5d6e7f,Especificar Servidores,db614129-bb28-4b41-8a46-bea1444c388c,7,7.92
3c4d5e6f-7a8b-9c0d-1e2f-3a4b5c6d7e8f,Revisión Gerencial,f615b16b-8fd1-43c9-97c0-a65e08960291,9,12.99
9c0d1e2f-3a4b-5c6d-7e8f-9a0b1c2d3e4f,Autorización Gerencia,d822aaf2-81c6-4054-b63b-a2bec2d53509,5,5.23
5c6d7e8f-9a0b-1c2d-3e4f-5a6b7c8d9e0f,Feedback de Manager,f65f0bd7-27f5-4b8c-9641-94729f51744a,3,11.15
0e1f2a3b-4c5d-6e7f-8a9b-0c1d2e3f4a5b,Consolidación de RRHH,4cd6a83f-a8b6-4b56-854d-5d3693ec4ab4,5,7.27
3c4d5e6f-7a8b-9c0d-1e2f-3a4b5c6d7e8f,Validar Elegibilidad,eccb7c0d-52a7-4143-baad-ebee05361b50,15,17.86
993a46fb-a0b2-4d2c-88eb-11ab1c3d4e8c,Consolidar Gastos,4cd6a83f-a8b6-4b56-854d-5d3693ec4ab4,14,15.95
0e1f2a3b-4c5d-6e7f-8a9b-0c1d2e3f4a5b,Registrar Recibos,bebe41a9-85fc-43f3-a125-5c7f72b0898d,8,8.15
bd9966b2-5fa2-4a4b-b924-59e817a5e756,Habilitar Permisos,e1c69265-87e8-417b-b13a-2ae72c53d4e3,4,5.38
2c3d4e5f-6a7b-8c9d-0e1f-2a3b4c5d6e7f,Aprobación del manager,8490fcc8-7f53-4704-ac48-99b48356b21c,2,8.23
8c9d0e1f-2a3b-4c5d-6e7f-8a9b0c1d2e3f,Aprobación del manager,2084f511-720a-4096-80cd-5bc9b91cf5b6,0,9.77
5c6d7e8f-9a0b-1c2d-3e4f-5a6b7c8d9e0f,Revisión de Seguridad,eccb7c0d-52a7-4143-baad-ebee05361b50,7,12.38
7c8d9e0f-1a2b-3c4d-5e6f-7a8b9c0d1e2f,Detallar Curso,87f8e8d1-83e9-4ddb-9be0-fc955228db6d,13,14.16
993a46fb-a0b2-4d2c-88eb-11ab1c3d4e8c,Detallar Curso,d822aaf2-81c6-4054-b63b-a2bec2d53509,1,5.36
6c7d8e9f-0a1b-2c3d-4e5f-6a7b8c9d0e1f,Consolidación de RRHH,f65f0bd7-27f5-4b8c-9641-94729f51744a,15,17.09
a7b21cc3-d8cf-48af-8bb0-22cba4567e9b,Subir Borrador,14791e8e-28e4-4f61-9593-d7a2653d97a3,0,4.3
8c9d0e1f-2a3b-4c5d-6e7f-8a9b0c1d2e3f,Instalar Licencia,7949fc3c-9284-40a0-8161-7b39cf9f9b2d,8,16.55
9c0d1e2f-3a4b-5c6d-7e8f-9a0b1c2d3e4f,Registrar Recibos,bebe41a9-85fc-43f3-a125-5c7f72b0898d,2,6.68
8c9d0e1f-2a3b-4c5d-6e7f-8a9b0c1d2e3f,Consolidar Gastos,e1c69265-87e8-417b-b13a-2ae72c53d4e3,1,4.36
5c6d7e8f-9a0b-1c2d-3e4f-5a6b7c8d9e0f,Especificar Servidores,db614129-bb28-4b41-8a46-bea1444c388c,10,15.54
2c3d4e5f-6a7b-8c9d-0e1f-2a3b4c5d6e7f,Verificar Stock,f65f0bd7-27f5-4b8c-9641-94729f51744a,14,13.98
a7b21cc3-d8cf-48af-8bb0-22cba4567e9b,Verificar Stock,f615b16b-8fd1-43c9-97c0-a65e08960291,10,12.26
2c3d4e5f-6a7b-8c9d-0e1f-2a3b4c5d6e7f,Instalar Licencia,d822aaf2-81c6-4054-b63b-a2bec2d53509,3,7.85
f5ba7581-b2ac-4b3a-830e-64ab112f975a,Revisión de Seguridad,bebe41a9-85fc-43f3-a125-5c7f72b0898d,8,10.68
8c9d0e1f-2a3b-4c5d-6e7f-8a9b0c1d2e3f,Setup Tecnológico,14791e8e-28e4-4f61-9593-d7a2653d97a3,13,14.22
3c4d5e6f-7a8b-9c0d-1e2f-3a4b5c6d7e8f,Solicitar Adelanto,d9b58f63-b601-433e-9861-2bf2ad90eeb6,11,11.92
7c8d9e0f-1a2b-3c4d-5e6f-7a8b9c0d1e2f,Evaluación Técnica,f615b16b-8fd1-43c9-97c0-a65e08960291,8,9.8
439df689-d1cf-41c3-883c-1b7713fe68e5,Validar Capacitación,2b549288-04a4-4705-bcd0-0332b683df27,11,12.23
3c4d5e6f-7a8b-9c0d-1e2f-3a4b5c6d7e8f,Feedback de Manager,0eea38fa-f85e-4c73-b47b-0a1985db1227,10,11.49
6c7d8e9f-0a1b-2c3d-4e5f-6a7b8c9d0e1f,Aprobación de Pago,7949fc3c-9284-40a0-8161-7b39cf9f9b2d,13,14.56
000a3793-827e-4616-84f9-0a23863e0a35,Especificar Servidores,e1c69265-87e8-417b-b13a-2ae72c53d4e3,1,5.8
8c9d0e1f-2a3b-4c5d-6e7f-8a9b0c1d2e3f,Detallar Curso,e1c69265-87e8-417b-b13a-2ae72c53d4e3,15,19.62
31ece703-f961-4e8e-a5c5-cd5c5b47e3db,Enviar solicitud de vacaciones,d822aaf2-81c6-4054-b63b-a2bec2d53509,6,8.81
a7b21cc3-d8cf-48af-8bb0-22cba4567e9b,Aprobación de Pago,f65f0bd7-27f5-4b8c-9641-94729f51744a,13,13.99
439df689-d1cf-41c3-883c-1b7713fe68e5,Aprobar Presupuesto,3f72a8b2-777b-43c8-ba37-8f5d9fbd2135,13,13.75
439df689-d1cf-41c3-883c-1b7713fe68e5,Aprobación Costos,f615b16b-8fd1-43c9-97c0-a65e08960291,15,13.58
000a3793-827e-4616-84f9-0a23863e0a35,Aprobación de Pago,c017087e-fcbc-4f47-ae54-78008d243fbf,8,9.15
0e1f2a3b-4c5d-6e7f-8a9b-0c1d2e3f4a5b,Detallar Curso,2084f511-720a-4096-80cd-5bc9b91cf5b6,10,9.25
bd9966b2-5fa2-4a4b-b924-59e817a5e756,Aprobación Costos,e1c69265-87e8-417b-b13a-2ae72c53d4e3,13,13.93
2c3d4e5f-6a7b-8c9d-0e1f-2a3b4c5d6e7f,Revisión Contable,0eea38fa-f85e-4c73-b47b-0a1985db1227,11,12.68
8c9d0e1f-2a3b-4c5d-6e7f-8a9b0c1d2e3f,Revisión de Seguridad,e121cbea-1209-4fe7-ad22-6cf09caf5b95,13,16.15
9c0d1e2f-3a4b-5c6d-7e8f-9a0b1c2d3e4f,Especificar Servidores,3f72a8b2-777b-43c8-ba37-8f5d9fbd2135,4,7.81
0e1f2a3b-4c5d-6e7f-8a9b-0c1d2e3f4a5b,Aprobar Presupuesto,f65f0bd7-27f5-4b8c-9641-94729f51744a,0,3.01
4c5d6e7f-8a9b-0c1d-2e3f-4a5b6c7d8e9f,Validar Capacitación,4cd6a83f-a8b6-4b56-854d-5d3693ec4ab4,15,14.75
9c0d1e2f-3a4b-5c6d-7e8f-9a0b1c2d3e4f,Revisión de Seguridad,a9eff785-5679-4a1b-91ef-6ca8712ddd18,5,9.9
2c3d4e5f-6a7b-8c9d-0e1f-2a3b4c5d6e7f,Consolidar Gastos,4cd6a83f-a8b6-4b56-854d-5d3693ec4ab4,10,9.72
000a3793-827e-4616-84f9-0a23863e0a35,Revisión Gerencial,e121cbea-1209-4fe7-ad22-6cf09caf5b95,9,10.23
bd9966b2-5fa2-4a4b-b924-59e817a5e756,Instalar Licencia,e1c69265-87e8-417b-b13a-2ae72c53d4e3,8,12.32
bd9966b2-5fa2-4a4b-b924-59e817a5e756,Validar Capacitación,d9b58f63-b601-433e-9861-2bf2ad90eeb6,7,9.93
993a46fb-a0b2-4d2c-88eb-11ab1c3d4e8c,Enviar solicitud de vacaciones,e1c69265-87e8-417b-b13a-2ae72c53d4e3,6,13.52
31ece703-f961-4e8e-a5c5-cd5c5b47e3db,Presentar Requerimiento,87f8e8d1-83e9-4ddb-9be0-fc955228db6d,12,11.83
993a46fb-a0b2-4d2c-88eb-11ab1c3d4e8c,Autorización Gerencia,2b549288-04a4-4705-bcd0-0332b683df27,15,17.5
2c3d4e5f-6a7b-8c9d-0e1f-2a3b4c5d6e7f,Especificar Licencia,db614129-bb28-4b41-8a46-bea1444c388c,11,12.42
5c6d7e8f-9a0b-1c2d-3e4f-5a6b7c8d9e0f,Setup Tecnológico,d9b58f63-b601-433e-9861-2bf2ad90eeb6,9,15.84
6720c739-1916-432b-b392-e698dcfd8112,Setup Tecnológico,e121cbea-1209-4fe7-ad22-6cf09caf5b95,13,12.87
993a46fb-a0b2-4d2c-88eb-11ab1c3d4e8c,Presentar Requerimiento,7949fc3c-9284-40a0-8161-7b39cf9f9b2d,14,15.22
7c8d9e0f-1a2b-3c4d-5e6f-7a8b9c0d1e2f,Habilitar Permisos,0eea38fa-f85e-4c73-b47b-0a1985db1227,9,12.62
6720c739-1916-432b-b392-e698dcfd8112,Validar Elegibilidad,0eea38fa-f85e-4c73-b47b-0a1985db1227,14,16.51
6c7d8e9f-0a1b-2c3d-4e5f-6a7b8c9d0e1f,Aprobación de Pago,2084f511-720a-4096-80cd-5bc9b91cf5b6,1,4.4
f5ba7581-b2ac-4b3a-830e-64ab112f975a,Presentar Requerimiento,d822aaf2-81c6-4054-b63b-a2bec2d53509,13,15.21
111e9d86-cbd2-45ff-a809-4072bbe6a4d0,Validación de RRHH,a9eff785-5679-4a1b-91ef-6ca8712ddd18,6,8.38
8c9d0e1f-2a3b-4c5d-6e7f-8a9b0c1d2e3f,Evaluación Técnica,8490fcc8-7f53-4704-ac48-99b48356b21c,10,13.6
993a46fb-a0b2-4d2c-88eb-11ab1c3d4e8c,Validar Comercial,d822aaf2-81c6-4054-b63b-a2bec2d53509,4,7.75
9c0d1e2f-3a4b-5c6d-7e8f-9a0b1c2d3e4f,Detallar Curso,c017087e-fcbc-4f47-ae54-78008d243fbf,8,11.95
f5ba7581-b2ac-4b3a-830e-64ab112f975a,Subir Borrador,87f8e8d1-83e9-4ddb-9be0-fc955228db6d,11,12.31
a7b21cc3-d8cf-48af-8bb0-22cba4567e9b,Entrega del Equipo,e1c69265-87e8-417b-b13a-2ae72c53d4e3,3,7.49
993a46fb-a0b2-4d2c-88eb-11ab1c3d4e8c,Validar Elegibilidad,8490fcc8-7f53-4704-ac48-99b48356b21c,11,14.58
6720c739-1916-432b-b392-e698dcfd8112,Verificar Factura,f615b16b-8fd1-43c9-97c0-a65e08960291,11,14.25
0e1f2a3b-4c5d-6e7f-8a9b-0c1d2e3f4a5b,Preparar Firma,4cd6a83f-a8b6-4b56-854d-5d3693ec4ab4,0,2.96
993a46fb-a0b2-4d2c-88eb-11ab1c3d4e8c,Verificar Stock,2b549288-04a4-4705-bcd0-0332b683df27,8,11.01
111e9d86-cbd2-45ff-a809-4072bbe6a4d0,Consolidar Gastos,f615b16b-8fd1-43c9-97c0-a65e08960291,2,5.46
8c9d0e1f-2a3b-4c5d-6e7f-8a9b0c1d2e3f,Verificar Factura,f615b16b-8fd1-43c9-97c0-a65e08960291,7,11.64
a7b21cc3-d8cf-48af-8bb0-22cba4567e9b,Detallar Curso,f615b16b-8fd1-43c9-97c0-a65e08960291,1,5.09
000a3793-827e-4616-84f9-0a23863e0a35,Aprobación del manager,7949fc3c-9284-40a0-8161-7b39cf9f9b2d,3,6.37
8c9d0e1f-2a3b-4c5d-6e7f-8a9b0c1d2e3f,Registrar Recibos,3f72a8b2-777b-43c8-ba37-8f5d9fbd2135,4,12.06
31ece703-f961-4e8e-a5c5-cd5c5b47e3db,Especificar Licencia,d822aaf2-81c6-4054-b63b-a2bec2d53509,6,8.09
000a3793-827e-4616-84f9-0a23863e0a35,Consolidar Gastos,e04f861d-b880-4d7f-bf03-59ce8e435929,10,12.17
8c9d0e1f-2a3b-4c5d-6e7f-8a9b0c1d2e3f,Aprobación Presupuesto,bebe41a9-85fc-43f3-a125-5c7f72b0898d,1,7.13
5c6d7e8f-9a0b-1c2d-3e4f-5a6b7c8d9e0f,Validar Comercial,87f8e8d1-83e9-4ddb-9be0-fc955228db6d,12,16.97
6c7d8e9f-0a1b-2c3d-4e5f-6a7b8c9d0e1f,Presentar Requerimiento,7949fc3c-9284-40a0-8161-7b39cf9f9b2d,14,15.31
5c6d7e8f-9a0b-1c2d-3e4f-5a6b7c8d9e0f,Verificar Factura,0eea38fa-f85e-4c73-b47b-0a1985db1227,0,9.12
7c8d9e0f-1a2b-3c4d-5e6f-7a8b9c0d1e2f,Autorización Gerencia,2b549288-04a4-4705-bcd0-0332b683df27,10,12.43
2c3d4e5f-6a7b-8c9d-0e1f-2a3b4c5d6e7f,Habilitar Permisos,7949fc3c-9284-40a0-8161-7b39cf9f9b2d,0,4.51
8c9d0e1f-2a3b-4c5d-6e7f-8a9b0c1d2e3f,Autorización Gerencia,d9b58f63-b601-433e-9861-2bf2ad90eeb6,5,9.06
8c9d0e1f-2a3b-4c5d-6e7f-8a9b0c1d2e3f,Aprobación del manager,7949fc3c-9284-40a0-8161-7b39cf9f9b2d,11,13.07
6720c739-1916-432b-b392-e698dcfd8112,Aprobación del manager,f615b16b-8fd1-43c9-97c0-a65e08960291,3,8.23
a7b21cc3-d8cf-48af-8bb0-22cba4567e9b,Revisión Gerencial,d9b58f63-b601-433e-9861-2bf2ad90eeb6,12,13.69
8c9d0e1f-2a3b-4c5d-6e7f-8a9b0c1d2e3f,Validar Comercial,f65f0bd7-27f5-4b8c-9641-94729f51744a,13,19.97
f5ba7581-b2ac-4b3a-830e-64ab112f975a,Autorización Gerencia,e1c69265-87e8-417b-b13a-2ae72c53d4e3,6,7.67
7c8d9e0f-1a2b-3c4d-5e6f-7a8b9c0d1e2f,Enviar solicitud de vacaciones,3f72a8b2-777b-43c8-ba37-8f5d9fbd2135,1,4.12
111e9d86-cbd2-45ff-a809-4072bbe6a4d0,Registrar Recibos,0eea38fa-f85e-4c73-b47b-0a1985db1227,4,6.75
4c5d6e7f-8a9b-0c1d-2e3f-4a5b6c7d8e9f,Inicio de la solicitud,f65f0bd7-27f5-4b8c-9641-94729f51744a,7,9.9
f5ba7581-b2ac-4b3a-830e-64ab112f975a,Dispersión de Fondos,87f8e8d1-83e9-4ddb-9be0-fc955228db6d,9,12.15
0e1f2a3b-4c5d-6e7f-8a9b-0c1d2e3f4a5b,Firma Director,d9b58f63-b601-433e-9861-2bf2ad90eeb6,12,12.5
6c7d8e9f-0a1b-2c3d-4e5f-6a7b8c9d0e1f,Pago de Liquidación,a9eff785-5679-4a1b-91ef-6ca8712ddd18,14,13.06
f5ba7581-b2ac-4b3a-830e-64ab112f975a,Entrega del Equipo,2e310583-c106-4f2c-a6c3-c4b12ec30658,0,2.43
8c9d0e1f-2a3b-4c5d-6e7f-8a9b0c1d2e3f,Aprobación Costos,e04f861d-b880-4d7f-bf03-59ce8e435929,12,14.21
a7b21cc3-d8cf-48af-8bb0-22cba4567e9b,Dispersión de Fondos,a9eff785-5679-4a1b-91ef-6ca8712ddd18,13,13.95
7c8d9e0f-1a2b-3c4d-5e6f-7a8b9c0d1e2f,Verificar Factura,c017087e-fcbc-4f47-ae54-78008d243fbf,2,6.96
8c9d0e1f-2a3b-4c5d-6e7f-8a9b0c1d2e3f,Aprobación de Pago,e121cbea-1209-4fe7-ad22-6cf09caf5b95,15,18.19
993a46fb-a0b2-4d2c-88eb-11ab1c3d4e8c,Revisión Gerencial,2e310583-c106-4f2c-a6c3-c4b12ec30658,15,15.96
000a3793-827e-4616-84f9-0a23863e0a35,Evaluación Técnica,7949fc3c-9284-40a0-8161-7b39cf9f9b2d,3,6.41
993a46fb-a0b2-4d2c-88eb-11ab1c3d4e8c,Procesar Transferencia,3f72a8b2-777b-43c8-ba37-8f5d9fbd2135,3,9.27
7c8d9e0f-1a2b-3c4d-5e6f-7a8b9c0d1e2f,Enviar solicitud de vacaciones,3f72a8b2-777b-43c8-ba37-8f5d9fbd2135,6,8.73
2c3d4e5f-6a7b-8c9d-0e1f-2a3b4c5d6e7f,Entrega del Equipo,e1c69265-87e8-417b-b13a-2ae72c53d4e3,10,13.54
2c3d4e5f-6a7b-8c9d-0e1f-2a3b4c5d6e7f,Solicitar Adelanto,3f72a8b2-777b-43c8-ba37-8f5d9fbd2135,6,9.13
3c4d5e6f-7a8b-9c0d-1e2f-3a4b5c6d7e8f,Cerrar Accesos,f615b16b-8fd1-43c9-97c0-a65e08960291,5,6.82
439df689-d1cf-41c3-883c-1b7713fe68e5,Solicitar Adelanto,8490fcc8-7f53-4704-ac48-99b48356b21c,1,5.1
2c3d4e5f-6a7b-8c9d-0e1f-2a3b4c5d6e7f,Aprobación del manager,2b549288-04a4-4705-bcd0-0332b683df27,10,10.17
a7b21cc3-d8cf-48af-8bb0-22cba4567e9b,Entrega del Equipo,3f72a8b2-777b-43c8-ba37-8f5d9fbd2135,7,8.89
993a46fb-a0b2-4d2c-88eb-11ab1c3d4e8c,Validar Comercial,d9b58f63-b601-433e-9861-2bf2ad90eeb6,12,15.55
6c7d8e9f-0a1b-2c3d-4e5f-6a7b8c9d0e1f,Verificar Stock,e04f861d-b880-4d7f-bf03-59ce8e435929,5,8.04
3c4d5e6f-7a8b-9c0d-1e2f-3a4b5c6d7e8f,Subir Borrador,eccb7c0d-52a7-4143-baad-ebee05361b50,9,10.49
7c8d9e0f-1a2b-3c4d-5e6f-7a8b9c0d1e2f,Aprobación de Pago,d9b58f63-b601-433e-9861-2bf2ad90eeb6,2,5.82
2c3d4e5f-6a7b-8c9d-0e1f-2a3b4c5d6e7f,Validar Comercial,d822aaf2-81c6-4054-b63b-a2bec2d53509,4,5.86
439df689-d1cf-41c3-883c-1b7713fe68e5,Verificar Stock,2b549288-04a4-4705-bcd0-0332b683df27,1,4.51
7c8d9e0f-1a2b-3c4d-5e6f-7a8b9c0d1e2f,Consolidar Gastos,8490fcc8-7f53-4704-ac48-99b48356b21c,4,8.24
3c4d5e6f-7a8b-9c0d-1e2f-3a4b5c6d7e8f,Enviar solicitud de vacaciones,bebe41a9-85fc-43f3-a125-5c7f72b0898d,13,14.34
3c4d5e6f-7a8b-9c0d-1e2f-3a4b5c6d7e8f,Instalar Licencia,a9eff785-5679-4a1b-91ef-6ca8712ddd18,12,12.1
8c9d0e1f-2a3b-4c5d-6e7f-8a9b0c1d2e3f,Inicio de la solicitud,4cd6a83f-a8b6-4b56-854d-5d3693ec4ab4,3,9.57
6c7d8e9f-0a1b-2c3d-4e5f-6a7b8c9d0e1f,Reunión Bienvenida,d822aaf2-81c6-4054-b63b-a2bec2d53509,5,9.44
bd9966b2-5fa2-4a4b-b924-59e817a5e756,Detallar Curso,f65f0bd7-27f5-4b8c-9641-94729f51744a,10,12.37
439df689-d1cf-41c3-883c-1b7713fe68e5,Aprobación Costos,e1c69265-87e8-417b-b13a-2ae72c53d4e3,3,5.27
f5ba7581-b2ac-4b3a-830e-64ab112f975a,Aprobar Presupuesto,2084f511-720a-4096-80cd-5bc9b91cf5b6,6,8.9
3c4d5e6f-7a8b-9c0d-1e2f-3a4b5c6d7e8f,Registrar Recibos,e121cbea-1209-4fe7-ad22-6cf09caf5b95,13,12.96
8c9d0e1f-2a3b-4c5d-6e7f-8a9b0c1d2e3f,Verificar Factura,d822aaf2-81c6-4054-b63b-a2bec2d53509,0,9.32
111e9d86-cbd2-45ff-a809-4072bbe6a4d0,Especificar Servidores,e04f861d-b880-4d7f-bf03-59ce8e435929,3,4.58
a7b21cc3-d8cf-48af-8bb0-22cba4567e9b,Aprobación del manager,0eea38fa-f85e-4c73-b47b-0a1985db1227,8,11.67
8c9d0e1f-2a3b-4c5d-6e7f-8a9b0c1d2e3f,Setup Tecnológico,2e310583-c106-4f2c-a6c3-c4b12ec30658,9,11.99
6c7d8e9f-0a1b-2c3d-4e5f-6a7b8c9d0e1f,Consolidación de RRHH,2e310583-c106-4f2c-a6c3-c4b12ec30658,2,3.44
4c5d6e7f-8a9b-0c1d-2e3f-4a5b6c7d8e9f,Validar Capacitación,3f72a8b2-777b-43c8-ba37-8f5d9fbd2135,10,10.89
2c3d4e5f-6a7b-8c9d-0e1f-2a3b4c5d6e7f,Preparar Firma,f65f0bd7-27f5-4b8c-9641-94729f51744a,3,6.37
6720c739-1916-432b-b392-e698dcfd8112,Revisión de Seguridad,e1c69265-87e8-417b-b13a-2ae72c53d4e3,13,13.2
000a3793-827e-4616-84f9-0a23863e0a35,Verificar Stock,f65f0bd7-27f5-4b8c-9641-94729f51744a,11,11.26
0e1f2a3b-4c5d-6e7f-8a9b-0c1d2e3f4a5b,Revisión Gerencial,db614129-bb28-4b41-8a46-bea1444c388c,13,10.5
2c3d4e5f-6a7b-8c9d-0e1f-2a3b4c5d6e7f,Dispersión de Fondos,e04f861d-b880-4d7f-bf03-59ce8e435929,10,9.03
a7b21cc3-d8cf-48af-8bb0-22cba4567e9b,Iniciar Baja,3f72a8b2-777b-43c8-ba37-8f5d9fbd2135,0,2.73
6720c739-1916-432b-b392-e698dcfd8112,Subir Borrador,f615b16b-8fd1-43c9-97c0-a65e08960291,4,9.13
6c7d8e9f-0a1b-2c3d-4e5f-6a7b8c9d0e1f,Entrega del Equipo,14791e8e-28e4-4f61-9593-d7a2653d97a3,5,6.9
9c0d1e2f-3a4b-5c6d-7e8f-9a0b1c2d3e4f,Feedback de Manager,2e310583-c106-4f2c-a6c3-c4b12ec30658,15,17.31
9c0d1e2f-3a4b-5c6d-7e8f-9a0b1c2d3e4f,Aprobación Costos,f65f0bd7-27f5-4b8c-9641-94729f51744a,6,8.54
6720c739-1916-432b-b392-e698dcfd8112,Consolidar Gastos,d822aaf2-81c6-4054-b63b-a2bec2d53509,14,14.94
439df689-d1cf-41c3-883c-1b7713fe68e5,Aprobar Presupuesto,f65f0bd7-27f5-4b8c-9641-94729f51744a,11,12.74
2c3d4e5f-6a7b-8c9d-0e1f-2a3b4c5d6e7f,Especificar Licencia,14791e8e-28e4-4f61-9593-d7a2653d97a3,8,11.74
6c7d8e9f-0a1b-2c3d-4e5f-6a7b8c9d0e1f,Feedback de Manager,e1c69265-87e8-417b-b13a-2ae72c53d4e3,9,11.13
993a46fb-a0b2-4d2c-88eb-11ab1c3d4e8c,Enviar solicitud de vacaciones,c017087e-fcbc-4f47-ae54-78008d243fbf,2,11.34
f5ba7581-b2ac-4b3a-830e-64ab112f975a,Validar Capacitación,2b549288-04a4-4705-bcd0-0332b683df27,15,13.41
bd9966b2-5fa2-4a4b-b924-59e817a5e756,Solicitar Adelanto,f65f0bd7-27f5-4b8c-9641-94729f51744a,15,15.52
4c5d6e7f-8a9b-0c1d-2e3f-4a5b6c7d8e9f,Validación de RRHH,2084f511-720a-4096-80cd-5bc9b91cf5b6,13,14.85
0e1f2a3b-4c5d-6e7f-8a9b-0c1d2e3f4a5b,Validación de RRHH,f65f0bd7-27f5-4b8c-9641-94729f51744a,11,10.34
6c7d8e9f-0a1b-2c3d-4e5f-6a7b8c9d0e1f,Especificar Servidores,e1c69265-87e8-417b-b13a-2ae72c53d4e3,0,5.68
31ece703-f961-4e8e-a5c5-cd5c5b47e3db,Firma Director,2084f511-720a-4096-80cd-5bc9b91cf5b6,9,9.16
439df689-d1cf-41c3-883c-1b7713fe68e5,Validación de RRHH,2b549288-04a4-4705-bcd0-0332b683df27,14,15.58
111e9d86-cbd2-45ff-a809-4072bbe6a4d0,Instalar Licencia,4cd6a83f-a8b6-4b56-854d-5d3693ec4ab4,6,6.99
2c3d4e5f-6a7b-8c9d-0e1f-2a3b4c5d6e7f,Detallar Curso,e1c69265-87e8-417b-b13a-2ae72c53d4e3,15,13.64
5c6d7e8f-9a0b-1c2d-3e4f-5a6b7c8d9e0f,Aprobación Costos,e121cbea-1209-4fe7-ad22-6cf09caf5b95,14,17.41
5c6d7e8f-9a0b-1c2d-3e4f-5a6b7c8d9e0f,Aprobar Presupuesto,2e310583-c106-4f2c-a6c3-c4b12ec30658,11,17.83
8c9d0e1f-2a3b-4c5d-6e7f-8a9b0c1d2e3f,Entrega del Equipo,8490fcc8-7f53-4704-ac48-99b48356b21c,7,15.05
9c0d1e2f-3a4b-5c6d-7e8f-9a0b1c2d3e4f,Firma Director,bebe41a9-85fc-43f3-a125-5c7f72b0898d,3,6.39
7c8d9e0f-1a2b-3c4d-5e6f-7a8b9c0d1e2f,Enviar solicitud de vacaciones,3f72a8b2-777b-43c8-ba37-8f5d9fbd2135,10,11.67
6c7d8e9f-0a1b-2c3d-4e5f-6a7b8c9d0e1f,Validación de RRHH,8490fcc8-7f53-4704-ac48-99b48356b21c,7,10.99
4c5d6e7f-8a9b-0c1d-2e3f-4a5b6c7d8e9f,Especificar Servidores,f65f0bd7-27f5-4b8c-9641-94729f51744a,4,8.77
5c6d7e8f-9a0b-1c2d-3e4f-5a6b7c8d9e0f,Presentar Requerimiento,e121cbea-1209-4fe7-ad22-6cf09caf5b95,14,19.12
f5ba7581-b2ac-4b3a-830e-64ab112f975a,Aprobación Costos,bebe41a9-85fc-43f3-a125-5c7f72b0898d,10,11.02
3c4d5e6f-7a8b-9c0d-1e2f-3a4b5c6d7e8f,Aprobación Costos,3f72a8b2-777b-43c8-ba37-8f5d9fbd2135,12,12.64
993a46fb-a0b2-4d2c-88eb-11ab1c3d4e8c,Aprobación Presupuesto,d822aaf2-81c6-4054-b63b-a2bec2d53509,5,12.73
4c5d6e7f-8a9b-0c1d-2e3f-4a5b6c7d8e9f,Aprobar Presupuesto,d822aaf2-81c6-4054-b63b-a2bec2d53509,7,10.16
9c0d1e2f-3a4b-5c6d-7e8f-9a0b1c2d3e4f,Aprobación de Pago,eccb7c0d-52a7-4143-baad-ebee05361b50,7,7.23
0e1f2a3b-4c5d-6e7f-8a9b-0c1d2e3f4a5b,Instalar Licencia,e1c69265-87e8-417b-b13a-2ae72c53d4e3,8,7.64
6c7d8e9f-0a1b-2c3d-4e5f-6a7b8c9d0e1f,Revisión Contable,e04f861d-b880-4d7f-bf03-59ce8e435929,12,14.35
5c6d7e8f-9a0b-1c2d-3e4f-5a6b7c8d9e0f,Reunión Bienvenida,7949fc3c-9284-40a0-8161-7b39cf9f9b2d,9,11.74
0e1f2a3b-4c5d-6e7f-8a9b-0c1d2e3f4a5b,Validar Capacitación,3f72a8b2-777b-43c8-ba37-8f5d9fbd2135,15,13.95
000a3793-827e-4616-84f9-0a23863e0a35,Consolidación de RRHH,e1c69265-87e8-417b-b13a-2ae72c53d4e3,3,4.37
439df689-d1cf-41c3-883c-1b7713fe68e5,Registrar Recibos,8490fcc8-7f53-4704-ac48-99b48356b21c,1,4.48
bd9966b2-5fa2-4a4b-b924-59e817a5e756,Autorización Gerencia,e121cbea-1209-4fe7-ad22-6cf09caf5b95,0,2.71
3c4d5e6f-7a8b-9c0d-1e2f-3a4b5c6d7e8f,Procesar Transferencia,bebe41a9-85fc-43f3-a125-5c7f72b0898d,3,4.95
31ece703-f961-4e8e-a5c5-cd5c5b47e3db,Preparar Firma,d822aaf2-81c6-4054-b63b-a2bec2d53509,5,9.98
111e9d86-cbd2-45ff-a809-4072bbe6a4d0,Procesar Transferencia,bebe41a9-85fc-43f3-a125-5c7f72b0898d,5,5.85
993a46fb-a0b2-4d2c-88eb-11ab1c3d4e8c,Iniciar Baja,4cd6a83f-a8b6-4b56-854d-5d3693ec4ab4,1,9.14
31ece703-f961-4e8e-a5c5-cd5c5b47e3db,Validar Elegibilidad,14791e8e-28e4-4f61-9593-d7a2653d97a3,11,11.9
3c4d5e6f-7a8b-9c0d-1e2f-3a4b5c6d7e8f,Iniciar Baja,f65f0bd7-27f5-4b8c-9641-94729f51744a,9,12.89
a7b21cc3-d8cf-48af-8bb0-22cba4567e9b,Especificar Servidores,0eea38fa-f85e-4c73-b47b-0a1985db1227,2,6.83
8c9d0e1f-2a3b-4c5d-6e7f-8a9b0c1d2e3f,Instalar Licencia,a9eff785-5679-4a1b-91ef-6ca8712ddd18,5,8.72
9c0d1e2f-3a4b-5c6d-7e8f-9a0b1c2d3e4f,Cerrar Accesos,4cd6a83f-a8b6-4b56-854d-5d3693ec4ab4,8,8.82
8c9d0e1f-2a3b-4c5d-6e7f-8a9b0c1d2e3f,Aprobación Presupuesto,8490fcc8-7f53-4704-ac48-99b48356b21c,12,15.35
0e1f2a3b-4c5d-6e7f-8a9b-0c1d2e3f4a5b,Consolidar Gastos,f65f0bd7-27f5-4b8c-9641-94729f51744a,4,6.1
5c6d7e8f-9a0b-1c2d-3e4f-5a6b7c8d9e0f,Instalar Licencia,d9b58f63-b601-433e-9861-2bf2ad90eeb6,11,14.52
6720c739-1916-432b-b392-e698dcfd8112,Inicio del Proceso,c017087e-fcbc-4f47-ae54-78008d243fbf,2,3.76
439df689-d1cf-41c3-883c-1b7713fe68e5,Presentar Requerimiento,2b549288-04a4-4705-bcd0-0332b683df27,13,13.79
111e9d86-cbd2-45ff-a809-4072bbe6a4d0,Validar Elegibilidad,7949fc3c-9284-40a0-8161-7b39cf9f9b2d,12,13.65
31ece703-f961-4e8e-a5c5-cd5c5b47e3db,Firma Director,d822aaf2-81c6-4054-b63b-a2bec2d53509,13,15.15
9c0d1e2f-3a4b-5c6d-7e8f-9a0b1c2d3e4f,Solicitar Adelanto,2b549288-04a4-4705-bcd0-0332b683df27,11,12.92
9c0d1e2f-3a4b-5c6d-7e8f-9a0b1c2d3e4f,Especificar Servidores,8490fcc8-7f53-4704-ac48-99b48356b21c,12,11.76
9c0d1e2f-3a4b-5c6d-7e8f-9a0b1c2d3e4f,Solicitar Adelanto,bebe41a9-85fc-43f3-a125-5c7f72b0898d,8,9.57
6720c739-1916-432b-b392-e698dcfd8112,Iniciar Baja,eccb7c0d-52a7-4143-baad-ebee05361b50,6,7.28
4c5d6e7f-8a9b-0c1d-2e3f-4a5b6c7d8e9f,Revisión Gerencial,f65f0bd7-27f5-4b8c-9641-94729f51744a,14,13.15
0e1f2a3b-4c5d-6e7f-8a9b-0c1d2e3f4a5b,Revisión de Seguridad,0eea38fa-f85e-4c73-b47b-0a1985db1227,9,6.93
439df689-d1cf-41c3-883c-1b7713fe68e5,Validar Capacitación,c017087e-fcbc-4f47-ae54-78008d243fbf,8,10.08
4c5d6e7f-8a9b-0c1d-2e3f-4a5b6c7d8e9f,Especificar Licencia,bebe41a9-85fc-43f3-a125-5c7f72b0898d,8,11.61
bd9966b2-5fa2-4a4b-b924-59e817a5e756,Inicio del Proceso,e121cbea-1209-4fe7-ad22-6cf09caf5b95,9,10.55
5c6d7e8f-9a0b-1c2d-3e4f-5a6b7c8d9e0f,Procesar Transferencia,3f72a8b2-777b-43c8-ba37-8f5d9fbd2135,3,8.77
000a3793-827e-4616-84f9-0a23863e0a35,Setup Tecnológico,e1c69265-87e8-417b-b13a-2ae72c53d4e3,15,17.66
3c4d5e6f-7a8b-9c0d-1e2f-3a4b5c6d7e8f,Setup Tecnológico,8490fcc8-7f53-4704-ac48-99b48356b21c,11,13.81
2c3d4e5f-6a7b-8c9d-0e1f-2a3b4c5d6e7f,Procesar Transferencia,a9eff785-5679-4a1b-91ef-6ca8712ddd18,12,11.77
4c5d6e7f-8a9b-0c1d-2e3f-4a5b6c7d8e9f,Revisión Contable,7949fc3c-9284-40a0-8161-7b39cf9f9b2d,5,8.7
6720c739-1916-432b-b392-e698dcfd8112,Preparar Firma,e121cbea-1209-4fe7-ad22-6cf09caf5b95,14,13.55
439df689-d1cf-41c3-883c-1b7713fe68e5,Cerrar Accesos,87f8e8d1-83e9-4ddb-9be0-fc955228db6d,7,11.49
111e9d86-cbd2-45ff-a809-4072bbe6a4d0,Setup Tecnológico,14791e8e-28e4-4f61-9593-d7a2653d97a3,13,11.41
111e9d86-cbd2-45ff-a809-4072bbe6a4d0,Procesar Transferencia,e04f861d-b880-4d7f-bf03-59ce8e435929,7,8.6
6c7d8e9f-0a1b-2c3d-4e5f-6a7b8c9d0e1f,Reunión Bienvenida,c017087e-fcbc-4f47-ae54-78008d243fbf,3,6.36
6c7d8e9f-0a1b-2c3d-4e5f-6a7b8c9d0e1f,Autoevaluación,87f8e8d1-83e9-4ddb-9be0-fc955228db6d,2,3.67
111e9d86-cbd2-45ff-a809-4072bbe6a4d0,Consolidación de RRHH,7949fc3c-9284-40a0-8161-7b39cf9f9b2d,7,7.07
0e1f2a3b-4c5d-6e7f-8a9b-0c1d2e3f4a5b,Detallar Curso,87f8e8d1-83e9-4ddb-9be0-fc955228db6d,3,3.85
2c3d4e5f-6a7b-8c9d-0e1f-2a3b4c5d6e7f,Aprobación de Pago,eccb7c0d-52a7-4143-baad-ebee05361b50,3,6.97
439df689-d1cf-41c3-883c-1b7713fe68e5,Firma Director,0eea38fa-f85e-4c73-b47b-0a1985db1227,9,10.49
439df689-d1cf-41c3-883c-1b7713fe68e5,Autoevaluación,bebe41a9-85fc-43f3-a125-5c7f72b0898d,7,11.83
0e1f2a3b-4c5d-6e7f-8a9b-0c1d2e3f4a5b,Aprobación Presupuesto,4cd6a83f-a8b6-4b56-854d-5d3693ec4ab4,14,12.81
6c7d8e9f-0a1b-2c3d-4e5f-6a7b8c9d0e1f,Pago de Liquidación,4cd6a83f-a8b6-4b56-854d-5d3693ec4ab4,15,14.17
000a3793-827e-4616-84f9-0a23863e0a35,Inicio de la solicitud,0eea38fa-f85e-4c73-b47b-0a1985db1227,12,12.42
5c6d7e8f-9a0b-1c2d-3e4f-5a6b7c8d9e0f,Reunión Bienvenida,e04f861d-b880-4d7f-bf03-59ce8e435929,9,14.98
2c3d4e5f-6a7b-8c9d-0e1f-2a3b4c5d6e7f,Especificar Servidores,8490fcc8-7f53-4704-ac48-99b48356b21c,6,11.4
6720c739-1916-432b-b392-e698dcfd8112,Reunión Bienvenida,d822aaf2-81c6-4054-b63b-a2bec2d53509,4,4.88
8c9d0e1f-2a3b-4c5d-6e7f-8a9b0c1d2e3f,Validación de RRHH,2e310583-c106-4f2c-a6c3-c4b12ec30658,4,12.24
7c8d9e0f-1a2b-3c4d-5e6f-7a8b9c0d1e2f,Enviar solicitud de vacaciones,e04f861d-b880-4d7f-bf03-59ce8e435929,4,7.58
7c8d9e0f-1a2b-3c4d-5e6f-7a8b9c0d1e2f,Validación de RRHH,7949fc3c-9284-40a0-8161-7b39cf9f9b2d,14,12.32
6720c739-1916-432b-b392-e698dcfd8112,Aprobación Costos,e1c69265-87e8-417b-b13a-2ae72c53d4e3,2,4.6
a7b21cc3-d8cf-48af-8bb0-22cba4567e9b,Especificar Licencia,2084f511-720a-4096-80cd-5bc9b91cf5b6,1,2.76
3c4d5e6f-7a8b-9c0d-1e2f-3a4b5c6d7e8f,Aprobación Presupuesto,e121cbea-1209-4fe7-ad22-6cf09caf5b95,6,8.47
6c7d8e9f-0a1b-2c3d-4e5f-6a7b8c9d0e1f,Feedback de Manager,bebe41a9-85fc-43f3-a125-5c7f72b0898d,8,10.24
993a46fb-a0b2-4d2c-88eb-11ab1c3d4e8c,Autorización Gerencia,2084f511-720a-4096-80cd-5bc9b91cf5b6,10,15.44
8c9d0e1f-2a3b-4c5d-6e7f-8a9b0c1d2e3f,Subir Borrador,2e310583-c106-4f2c-a6c3-c4b12ec30658,2,9.01
2c3d4e5f-6a7b-8c9d-0e1f-2a3b4c5d6e7f,Validar Comercial,d9b58f63-b601-433e-9861-2bf2ad90eeb6,14,14.45
3c4d5e6f-7a8b-9c0d-1e2f-3a4b5c6d7e8f,Evaluación Técnica,c017087e-fcbc-4f47-ae54-78008d243fbf,14,13.73
f5ba7581-b2ac-4b3a-830e-64ab112f975a,Validar Capacitación,bebe41a9-85fc-43f3-a125-5c7f72b0898d,5,5.48
4c5d6e7f-8a9b-0c1d-2e3f-4a5b6c7d8e9f,Reunión Bienvenida,d822aaf2-81c6-4054-b63b-a2bec2d53509,14,12.27
000a3793-827e-4616-84f9-0a23863e0a35,Autoevaluación,87f8e8d1-83e9-4ddb-9be0-fc955228db6d,13,15.17
f5ba7581-b2ac-4b3a-830e-64ab112f975a,Validar Comercial,bebe41a9-85fc-43f3-a125-5c7f72b0898d,10,10.74
0e1f2a3b-4c5d-6e7f-8a9b-0c1d2e3f4a5b,Feedback de Manager,2b549288-04a4-4705-bcd0-0332b683df27,13,11.38
3c4d5e6f-7a8b-9c0d-1e2f-3a4b5c6d7e8f,Validar Capacitación,bebe41a9-85fc-43f3-a125-5c7f72b0898d,0,5.45
993a46fb-a0b2-4d2c-88eb-11ab1c3d4e8c,Validar Capacitación,f65f0bd7-27f5-4b8c-9641-94729f51744a,13,16.59
993a46fb-a0b2-4d2c-88eb-11ab1c3d4e8c,Inicio de la solicitud,3f72a8b2-777b-43c8-ba37-8f5d9fbd2135,3,7.33
0e1f2a3b-4c5d-6e7f-8a9b-0c1d2e3f4a5b,Consolidación de RRHH,e1c69265-87e8-417b-b13a-2ae72c53d4e3,9,9.53
2c3d4e5f-6a7b-8c9d-0e1f-2a3b4c5d6e7f,Verificar Factura,87f8e8d1-83e9-4ddb-9be0-fc955228db6d,3,6.62
6c7d8e9f-0a1b-2c3d-4e5f-6a7b8c9d0e1f,Especificar Servidores,7949fc3c-9284-40a0-8161-7b39cf9f9b2d,13,11.58
7c8d9e0f-1a2b-3c4d-5e6f-7a8b9c0d1e2f,Validación de RRHH,e04f861d-b880-4d7f-bf03-59ce8e435929,6,8.48
000a3793-827e-4616-84f9-0a23863e0a35,Especificar Servidores,e1c69265-87e8-417b-b13a-2ae72c53d4e3,12,14.37
111e9d86-cbd2-45ff-a809-4072bbe6a4d0,Firma Director,a9eff785-5679-4a1b-91ef-6ca8712ddd18,11,10.08
5c6d7e8f-9a0b-1c2d-3e4f-5a6b7c8d9e0f,Procesar Transferencia,4cd6a83f-a8b6-4b56-854d-5d3693ec4ab4,8,12.34
439df689-d1cf-41c3-883c-1b7713fe68e5,Especificar Licencia,a9eff785-5679-4a1b-91ef-6ca8712ddd18,6,6.93
4c5d6e7f-8a9b-0c1d-2e3f-4a5b6c7d8e9f,Firma Director,f615b16b-8fd1-43c9-97c0-a65e08960291,1,5.98
993a46fb-a0b2-4d2c-88eb-11ab1c3d4e8c,Aprobación Costos,a9eff785-5679-4a1b-91ef-6ca8712ddd18,9,15.95
6720c739-1916-432b-b392-e698dcfd8112,Aprobación de Pago,14791e8e-28e4-4f61-9593-d7a2653d97a3,13,14.93
0e1f2a3b-4c5d-6e7f-8a9b-0c1d2e3f4a5b,Validar Capacitación,7949fc3c-9284-40a0-8161-7b39cf9f9b2d,10,10.82
6c7d8e9f-0a1b-2c3d-4e5f-6a7b8c9d0e1f,Reunión Bienvenida,e04f861d-b880-4d7f-bf03-59ce8e435929,11,12.02
3c4d5e6f-7a8b-9c0d-1e2f-3a4b5c6d7e8f,Consolidar Gastos,87f8e8d1-83e9-4ddb-9be0-fc955228db6d,3,7.05
4c5d6e7f-8a9b-0c1d-2e3f-4a5b6c7d8e9f,Revisión Gerencial,d822aaf2-81c6-4054-b63b-a2bec2d53509,15,14.43
3c4d5e6f-7a8b-9c0d-1e2f-3a4b5c6d7e8f,Aprobación del manager,bebe41a9-85fc-43f3-a125-5c7f72b0898d,12,15.16
2c3d4e5f-6a7b-8c9d-0e1f-2a3b4c5d6e7f,Reunión Bienvenida,2b549288-04a4-4705-bcd0-0332b683df27,4,4.91
8c9d0e1f-2a3b-4c5d-6e7f-8a9b0c1d2e3f,Evaluación Técnica,eccb7c0d-52a7-4143-baad-ebee05361b50,14,17.04
bd9966b2-5fa2-4a4b-b924-59e817a5e756,Validar Capacitación,db614129-bb28-4b41-8a46-bea1444c388c,9,10.99
bd9966b2-5fa2-4a4b-b924-59e817a5e756,Aprobación Costos,db614129-bb28-4b41-8a46-bea1444c388c,8,11.88
111e9d86-cbd2-45ff-a809-4072bbe6a4d0,Aprobación de Pago,0eea38fa-f85e-4c73-b47b-0a1985db1227,11,12.52
6c7d8e9f-0a1b-2c3d-4e5f-6a7b8c9d0e1f,Autoevaluación,4cd6a83f-a8b6-4b56-854d-5d3693ec4ab4,1,6.1
4c5d6e7f-8a9b-0c1d-2e3f-4a5b6c7d8e9f,Preparar Firma,e121cbea-1209-4fe7-ad22-6cf09caf5b95,11,12.96
6720c739-1916-432b-b392-e698dcfd8112,Entrega del Equipo,8490fcc8-7f53-4704-ac48-99b48356b21c,2,7.58
4c5d6e7f-8a9b-0c1d-2e3f-4a5b6c7d8e9f,Aprobar Presupuesto,d822aaf2-81c6-4054-b63b-a2bec2d53509,14,14.39
8c9d0e1f-2a3b-4c5d-6e7f-8a9b0c1d2e3f,Preparar Firma,bebe41a9-85fc-43f3-a125-5c7f72b0898d,8,13.69
6720c739-1916-432b-b392-e698dcfd8112,Aprobación Presupuesto,bebe41a9-85fc-43f3-a125-5c7f72b0898d,0,3.48
8c9d0e1f-2a3b-4c5d-6e7f-8a9b0c1d2e3f,Procesar Transferencia,3f72a8b2-777b-43c8-ba37-8f5d9fbd2135,1,9.45
8c9d0e1f-2a3b-4c5d-6e7f-8a9b0c1d2e3f,Feedback de Manager,f615b16b-8fd1-43c9-97c0-a65e08960291,5,10.62
2c3d4e5f-6a7b-8c9d-0e1f-2a3b4c5d6e7f,Autoevaluación,e121cbea-1209-4fe7-ad22-6cf09caf5b95,4,6.34
000a3793-827e-4616-84f9-0a23863e0a35,Enviar solicitud de vacaciones,2e310583-c106-4f2c-a6c3-c4b12ec30658,7,10.49
8c9d0e1f-2a3b-4c5d-6e7f-8a9b0c1d2e3f,Preparar Firma,d9b58f63-b601-433e-9861-2bf2ad90eeb6,4,9.72
a7b21cc3-d8cf-48af-8bb0-22cba4567e9b,Aprobación Presupuesto,87f8e8d1-83e9-4ddb-9be0-fc955228db6d,5,9.0
3c4d5e6f-7a8b-9c0d-1e2f-3a4b5c6d7e8f,Subir Borrador,bebe41a9-85fc-43f3-a125-5c7f72b0898d,5,8.75
9c0d1e2f-3a4b-5c6d-7e8f-9a0b1c2d3e4f,Entrega del Equipo,7949fc3c-9284-40a0-8161-7b39cf9f9b2d,5,6.37
bd9966b2-5fa2-4a4b-b924-59e817a5e756,Habilitar Permisos,e1c69265-87e8-417b-b13a-2ae72c53d4e3,15,14.69
000a3793-827e-4616-84f9-0a23863e0a35,Detallar Curso,e121cbea-1209-4fe7-ad22-6cf09caf5b95,13,13.98
6c7d8e9f-0a1b-2c3d-4e5f-6a7b8c9d0e1f,Revisión Contable,a9eff785-5679-4a1b-91ef-6ca8712ddd18,2,7.43
6720c739-1916-432b-b392-e698dcfd8112,Revisión de Seguridad,2084f511-720a-4096-80cd-5bc9b91cf5b6,13,13.54
bd9966b2-5fa2-4a4b-b924-59e817a5e756,Procesar Transferencia,f615b16b-8fd1-43c9-97c0-a65e08960291,4,5.04
6c7d8e9f-0a1b-2c3d-4e5f-6a7b8c9d0e1f,Registrar Recibos,d822aaf2-81c6-4054-b63b-a2bec2d53509,13,15.03
3c4d5e6f-7a8b-9c0d-1e2f-3a4b5c6d7e8f,Habilitar Permisos,a9eff785-5679-4a1b-91ef-6ca8712ddd18,10,11.68
111e9d86-cbd2-45ff-a809-4072bbe6a4d0,Revisión Gerencial,a9eff785-5679-4a1b-91ef-6ca8712ddd18,2,4.51
0e1f2a3b-4c5d-6e7f-8a9b-0c1d2e3f4a5b,Instalar Licencia,c017087e-fcbc-4f47-ae54-78008d243fbf,5,5.35
4c5d6e7f-8a9b-0c1d-2e3f-4a5b6c7d8e9f,Pago de Liquidación,8490fcc8-7f53-4704-ac48-99b48356b21c,2,5.21
8c9d0e1f-2a3b-4c5d-6e7f-8a9b0c1d2e3f,Consolidación de RRHH,e1c69265-87e8-417b-b13a-2ae72c53d4e3,8,14.98
f5ba7581-b2ac-4b3a-830e-64ab112f975a,Especificar Licencia,2e310583-c106-4f2c-a6c3-c4b12ec30658,0,4.1
2c3d4e5f-6a7b-8c9d-0e1f-2a3b4c5d6e7f,Revisión de Seguridad,e121cbea-1209-4fe7-ad22-6cf09caf5b95,7,10.46
8c9d0e1f-2a3b-4c5d-6e7f-8a9b0c1d2e3f,Habilitar Permisos,eccb7c0d-52a7-4143-baad-ebee05361b50,8,11.32
0e1f2a3b-4c5d-6e7f-8a9b-0c1d2e3f4a5b,Habilitar Permisos,a9eff785-5679-4a1b-91ef-6ca8712ddd18,11,10.69
7c8d9e0f-1a2b-3c4d-5e6f-7a8b9c0d1e2f,Aprobación de Pago,a9eff785-5679-4a1b-91ef-6ca8712ddd18,12,15.73
31ece703-f961-4e8e-a5c5-cd5c5b47e3db,Iniciar Baja,7949fc3c-9284-40a0-8161-7b39cf9f9b2d,12,12.69
0e1f2a3b-4c5d-6e7f-8a9b-0c1d2e3f4a5b,Aprobación Presupuesto,d822aaf2-81c6-4054-b63b-a2bec2d53509,3,3.86
f5ba7581-b2ac-4b3a-830e-64ab112f975a,Feedback de Manager,a9eff785-5679-4a1b-91ef-6ca8712ddd18,9,9.37
6c7d8e9f-0a1b-2c3d-4e5f-6a7b8c9d0e1f,Feedback de Manager,2084f511-720a-4096-80cd-5bc9b91cf5b6,2,3.71
993a46fb-a0b2-4d2c-88eb-11ab1c3d4e8c,Pago de Liquidación,0eea38fa-f85e-4c73-b47b-0a1985db1227,14,16.96
111e9d86-cbd2-45ff-a809-4072bbe6a4d0,Aprobar Presupuesto,87f8e8d1-83e9-4ddb-9be0-fc955228db6d,10,12.04
0e1f2a3b-4c5d-6e7f-8a9b-0c1d2e3f4a5b,Procesar Transferencia,f615b16b-8fd1-43c9-97c0-a65e08960291,6,7.47
439df689-d1cf-41c3-883c-1b7713fe68e5,Verificar Stock,a9eff785-5679-4a1b-91ef-6ca8712ddd18,12,13.1
8c9d0e1f-2a3b-4c5d-6e7f-8a9b0c1d2e3f,Verificar Stock,f65f0bd7-27f5-4b8c-9641-94729f51744a,0,6.28
111e9d86-cbd2-45ff-a809-4072bbe6a4d0,Aprobación Costos,7949fc3c-9284-40a0-8161-7b39cf9f9b2d,2,3.48
6720c739-1916-432b-b392-e698dcfd8112,Aprobación de Pago,14791e8e-28e4-4f61-9593-d7a2653d97a3,9,10.56
9c0d1e2f-3a4b-5c6d-7e8f-9a0b1c2d3e4f,Pago de Liquidación,7949fc3c-9284-40a0-8161-7b39cf9f9b2d,10,12.52
6720c739-1916-432b-b392-e698dcfd8112,Cerrar Accesos,d822aaf2-81c6-4054-b63b-a2bec2d53509,15,14.34
000a3793-827e-4616-84f9-0a23863e0a35,Subir Borrador,db614129-bb28-4b41-8a46-bea1444c388c,4,8.99
6720c739-1916-432b-b392-e698dcfd8112,Enviar solicitud de vacaciones,4cd6a83f-a8b6-4b56-854d-5d3693ec4ab4,12,15.82
2c3d4e5f-6a7b-8c9d-0e1f-2a3b4c5d6e7f,Iniciar Baja,f615b16b-8fd1-43c9-97c0-a65e08960291,8,9.51
31ece703-f961-4e8e-a5c5-cd5c5b47e3db,Verificar Factura,bebe41a9-85fc-43f3-a125-5c7f72b0898d,13,13.24
000a3793-827e-4616-84f9-0a23863e0a35,Subir Borrador,e1c69265-87e8-417b-b13a-2ae72c53d4e3,1,6.87
2c3d4e5f-6a7b-8c9d-0e1f-2a3b4c5d6e7f,Procesar Transferencia,f65f0bd7-27f5-4b8c-9641-94729f51744a,1,2.99
0e1f2a3b-4c5d-6e7f-8a9b-0c1d2e3f4a5b,Firma Director,d9b58f63-b601-433e-9861-2bf2ad90eeb6,0,1.16
6720c739-1916-432b-b392-e698dcfd8112,Reunión Bienvenida,eccb7c0d-52a7-4143-baad-ebee05361b50,1,6.08
439df689-d1cf-41c3-883c-1b7713fe68e5,Inicio de la solicitud,db614129-bb28-4b41-8a46-bea1444c388c,6,9.45
2c3d4e5f-6a7b-8c9d-0e1f-2a3b4c5d6e7f,Aprobación de Pago,7949fc3c-9284-40a0-8161-7b39cf9f9b2d,9,8.71
3c4d5e6f-7a8b-9c0d-1e2f-3a4b5c6d7e8f,Verificar Stock,d822aaf2-81c6-4054-b63b-a2bec2d53509,10,12.45
2c3d4e5f-6a7b-8c9d-0e1f-2a3b4c5d6e7f,Setup Tecnológico,d9b58f63-b601-433e-9861-2bf2ad90eeb6,15,13.42
111e9d86-cbd2-45ff-a809-4072bbe6a4d0,Firma Director,e121cbea-1209-4fe7-ad22-6cf09caf5b95,9,10.44
111e9d86-cbd2-45ff-a809-4072bbe6a4d0,Entrega del Equipo,e121cbea-1209-4fe7-ad22-6cf09caf5b95,4,7.69
7c8d9e0f-1a2b-3c4d-5e6f-7a8b9c0d1e2f,Firma Director,f615b16b-8fd1-43c9-97c0-a65e08960291,11,11.47
f5ba7581-b2ac-4b3a-830e-64ab112f975a,Revisión Contable,0eea38fa-f85e-4c73-b47b-0a1985db1227,6,10.75
439df689-d1cf-41c3-883c-1b7713fe68e5,Autorización Gerencia,3f72a8b2-777b-43c8-ba37-8f5d9fbd2135,15,13.74
439df689-d1cf-41c3-883c-1b7713fe68e5,Validar Capacitación,8490fcc8-7f53-4704-ac48-99b48356b21c,15,15.1
2c3d4e5f-6a7b-8c9d-0e1f-2a3b4c5d6e7f,Verificar Factura,f615b16b-8fd1-43c9-97c0-a65e08960291,14,11.68
993a46fb-a0b2-4d2c-88eb-11ab1c3d4e8c,Especificar Servidores,bebe41a9-85fc-43f3-a125-5c7f72b0898d,11,11.86
5c6d7e8f-9a0b-1c2d-3e4f-5a6b7c8d9e0f,Verificar Stock,7949fc3c-9284-40a0-8161-7b39cf9f9b2d,13,19.36
000a3793-827e-4616-84f9-0a23863e0a35,Detallar Curso,d822aaf2-81c6-4054-b63b-a2bec2d53509,14,15.74
6720c739-1916-432b-b392-e698dcfd8112,Verificar Stock,87f8e8d1-83e9-4ddb-9be0-fc955228db6d,1,5.31
6c7d8e9f-0a1b-2c3d-4e5f-6a7b8c9d0e1f,Firma Director,f615b16b-8fd1-43c9-97c0-a65e08960291,8,9.1
7c8d9e0f-1a2b-3c4d-5e6f-7a8b9c0d1e2f,Instalar Licencia,87f8e8d1-83e9-4ddb-9be0-fc955228db6d,14,13.16
0e1f2a3b-4c5d-6e7f-8a9b-0c1d2e3f4a5b,Procesar Transferencia,7949fc3c-9284-40a0-8161-7b39cf9f9b2d,11,11.43
439df689-d1cf-41c3-883c-1b7713fe68e5,Especificar Licencia,c017087e-fcbc-4f47-ae54-78008d243fbf,15,16.37
6720c739-1916-432b-b392-e698dcfd8112,Revisión Contable,14791e8e-28e4-4f61-9593-d7a2653d97a3,11,13.06
5c6d7e8f-9a0b-1c2d-3e4f-5a6b7c8d9e0f,Entrega del Equipo,eccb7c0d-52a7-4143-baad-ebee05361b50,11,15.1
6c7d8e9f-0a1b-2c3d-4e5f-6a7b8c9d0e1f,Subir Borrador,e1c69265-87e8-417b-b13a-2ae72c53d4e3,12,13.58
bd9966b2-5fa2-4a4b-b924-59e817a5e756,Aprobación de Pago,c017087e-fcbc-4f47-ae54-78008d243fbf,8,9.29
3c4d5e6f-7a8b-9c0d-1e2f-3a4b5c6d7e8f,Instalar Licencia,f615b16b-8fd1-43c9-97c0-a65e08960291,0,5.46
9c0d1e2f-3a4b-5c6d-7e8f-9a0b1c2d3e4f,Firma Director,db614129-bb28-4b41-8a46-bea1444c388c,2,7.53
f5ba7581-b2ac-4b3a-830e-64ab112f975a,Dispersión de Fondos,2084f511-720a-4096-80cd-5bc9b91cf5b6,14,15.96
8c9d0e1f-2a3b-4c5d-6e7f-8a9b0c1d2e3f,Procesar Transferencia,2e310583-c106-4f2c-a6c3-c4b12ec30658,15,18.64
9c0d1e2f-3a4b-5c6d-7e8f-9a0b1c2d3e4f,Aprobación Presupuesto,db614129-bb28-4b41-8a46-bea1444c388c,10,10.66
8c9d0e1f-2a3b-4c5d-6e7f-8a9b0c1d2e3f,Enviar solicitud de vacaciones,0eea38fa-f85e-4c73-b47b-0a1985db1227,1,8.26
993a46fb-a0b2-4d2c-88eb-11ab1c3d4e8c,Autorización Gerencia,87f8e8d1-83e9-4ddb-9be0-fc955228db6d,6,13.18
0e1f2a3b-4c5d-6e7f-8a9b-0c1d2e3f4a5b,Validar Comercial,db614129-bb28-4b41-8a46-bea1444c388c,11,10.95
000a3793-827e-4616-84f9-0a23863e0a35,Aprobación Presupuesto,f65f0bd7-27f5-4b8c-9641-94729f51744a,14,15.65
2c3d4e5f-6a7b-8c9d-0e1f-2a3b4c5d6e7f,Pago de Liquidación,3f72a8b2-777b-43c8-ba37-8f5d9fbd2135,4,8.01
993a46fb-a0b2-4d2c-88eb-11ab1c3d4e8c,Dispersión de Fondos,3f72a8b2-777b-43c8-ba37-8f5d9fbd2135,7,12.73
0e1f2a3b-4c5d-6e7f-8a9b-0c1d2e3f4a5b,Autorización Gerencia,d9b58f63-b601-433e-9861-2bf2ad90eeb6,14,12.76
bd9966b2-5fa2-4a4b-b924-59e817a5e756,Verificar Stock,8490fcc8-7f53-4704-ac48-99b48356b21c,3,6.57
993a46fb-a0b2-4d2c-88eb-11ab1c3d4e8c,Verificar Factura,8490fcc8-7f53-4704-ac48-99b48356b21c,2,8.37
6720c739-1916-432b-b392-e698dcfd8112,Firma Director,14791e8e-28e4-4f61-9593-d7a2653d97a3,9,9.87
111e9d86-cbd2-45ff-a809-4072bbe6a4d0,Autorización Gerencia,f615b16b-8fd1-43c9-97c0-a65e08960291,14,15.12
111e9d86-cbd2-45ff-a809-4072bbe6a4d0,Consolidar Gastos,f615b16b-8fd1-43c9-97c0-a65e08960291,15,16.58
2c3d4e5f-6a7b-8c9d-0e1f-2a3b4c5d6e7f,Firma Director,db614129-bb28-4b41-8a46-bea1444c388c,12,13.31
9c0d1e2f-3a4b-5c6d-7e8f-9a0b1c2d3e4f,Aprobación Presupuesto,4cd6a83f-a8b6-4b56-854d-5d3693ec4ab4,10,12.06
111e9d86-cbd2-45ff-a809-4072bbe6a4d0,Entrega del Equipo,7949fc3c-9284-40a0-8161-7b39cf9f9b2d,4,6.43
000a3793-827e-4616-84f9-0a23863e0a35,Validar Elegibilidad,7949fc3c-9284-40a0-8161-7b39cf9f9b2d,10,11.47
0e1f2a3b-4c5d-6e7f-8a9b-0c1d2e3f4a5b,Iniciar Baja,db614129-bb28-4b41-8a46-bea1444c388c,11,11.95
111e9d86-cbd2-45ff-a809-4072bbe6a4d0,Reunión Bienvenida,c017087e-fcbc-4f47-ae54-78008d243fbf,8,11.46
6c7d8e9f-0a1b-2c3d-4e5f-6a7b8c9d0e1f,Aprobación de Pago,a9eff785-5679-4a1b-91ef-6ca8712ddd18,9,8.75
8c9d0e1f-2a3b-4c5d-6e7f-8a9b0c1d2e3f,Preparar Firma,e121cbea-1209-4fe7-ad22-6cf09caf5b95,6,9.96
f5ba7581-b2ac-4b3a-830e-64ab112f975a,Feedback de Manager,4cd6a83f-a8b6-4b56-854d-5d3693ec4ab4,10,10.59
9c0d1e2f-3a4b-5c6d-7e8f-9a0b1c2d3e4f,Verificar Stock,e1c69265-87e8-417b-b13a-2ae72c53d4e3,3,6.43
7c8d9e0f-1a2b-3c4d-5e6f-7a8b9c0d1e2f,Revisión Contable,7949fc3c-9284-40a0-8161-7b39cf9f9b2d,0,4.54
a7b21cc3-d8cf-48af-8bb0-22cba4567e9b,Autorización Gerencia,0eea38fa-f85e-4c73-b47b-0a1985db1227,2,3.39
bd9966b2-5fa2-4a4b-b924-59e817a5e756,Entrega del Equipo,0eea38fa-f85e-4c73-b47b-0a1985db1227,2,5.06
5c6d7e8f-9a0b-1c2d-3e4f-5a6b7c8d9e0f,Iniciar Baja,0eea38fa-f85e-4c73-b47b-0a1985db1227,3,10.64
4c5d6e7f-8a9b-0c1d-2e3f-4a5b6c7d8e9f,Autoevaluación,e04f861d-b880-4d7f-bf03-59ce8e435929,15,14.05
0e1f2a3b-4c5d-6e7f-8a9b-0c1d2e3f4a5b,Consolidación de RRHH,a9eff785-5679-4a1b-91ef-6ca8712ddd18,1,2.38
6720c739-1916-432b-b392-e698dcfd8112,Procesar Transferencia,d9b58f63-b601-433e-9861-2bf2ad90eeb6,4,6.8
f5ba7581-b2ac-4b3a-830e-64ab112f975a,Iniciar Baja,f65f0bd7-27f5-4b8c-9641-94729f51744a,10,12.41
bd9966b2-5fa2-4a4b-b924-59e817a5e756,Dispersión de Fondos,f615b16b-8fd1-43c9-97c0-a65e08960291,1,5.74
7c8d9e0f-1a2b-3c4d-5e6f-7a8b9c0d1e2f,Enviar solicitud de vacaciones,14791e8e-28e4-4f61-9593-d7a2653d97a3,0,3.03
0e1f2a3b-4c5d-6e7f-8a9b-0c1d2e3f4a5b,Iniciar Baja,f65f0bd7-27f5-4b8c-9641-94729f51744a,0,1.44
4c5d6e7f-8a9b-0c1d-2e3f-4a5b6c7d8e9f,Dispersión de Fondos,a9eff785-5679-4a1b-91ef-6ca8712ddd18,13,11.02
3c4d5e6f-7a8b-9c0d-1e2f-3a4b5c6d7e8f,Verificar Stock,bebe41a9-85fc-43f3-a125-5c7f72b0898d,6,7.76
993a46fb-a0b2-4d2c-88eb-11ab1c3d4e8c,Validar Capacitación,3f72a8b2-777b-43c8-ba37-8f5d9fbd2135,5,9.38
6720c739-1916-432b-b392-e698dcfd8112,Consolidar Gastos,8490fcc8-7f53-4704-ac48-99b48356b21c,10,13.26
7c8d9e0f-1a2b-3c4d-5e6f-7a8b9c0d1e2f,Especificar Licencia,0eea38fa-f85e-4c73-b47b-0a1985db1227,2,3.19
bd9966b2-5fa2-4a4b-b924-59e817a5e756,Enviar solicitud de vacaciones,bebe41a9-85fc-43f3-a125-5c7f72b0898d,4,6.5
9c0d1e2f-3a4b-5c6d-7e8f-9a0b1c2d3e4f,Iniciar Baja,87f8e8d1-83e9-4ddb-9be0-fc955228db6d,8,9.22
7c8d9e0f-1a2b-3c4d-5e6f-7a8b9c0d1e2f,Revisión Gerencial,a9eff785-5679-4a1b-91ef-6ca8712ddd18,15,15.97
993a46fb-a0b2-4d2c-88eb-11ab1c3d4e8c,Revisión Gerencial,8490fcc8-7f53-4704-ac48-99b48356b21c,11,16.02
3c4d5e6f-7a8b-9c0d-1e2f-3a4b5c6d7e8f,Setup Tecnológico,c017087e-fcbc-4f47-ae54-78008d243fbf,8,7.7
6c7d8e9f-0a1b-2c3d-4e5f-6a7b8c9d0e1f,Subir Borrador,f65f0bd7-27f5-4b8c-9641-94729f51744a,3,5.32
111e9d86-cbd2-45ff-a809-4072bbe6a4d0,Dispersión de Fondos,7949fc3c-9284-40a0-8161-7b39cf9f9b2d,2,4.77
8c9d0e1f-2a3b-4c5d-6e7f-8a9b0c1d2e3f,Presentar Requerimiento,87f8e8d1-83e9-4ddb-9be0-fc955228db6d,10,14.16
6720c739-1916-432b-b392-e698dcfd8112,Verificar Factura,4cd6a83f-a8b6-4b56-854d-5d3693ec4ab4,5,8.49
bd9966b2-5fa2-4a4b-b924-59e817a5e756,Enviar solicitud de vacaciones,2b549288-04a4-4705-bcd0-0332b683df27,2,5.27
4c5d6e7f-8a9b-0c1d-2e3f-4a5b6c7d8e9f,Inicio de la solicitud,f65f0bd7-27f5-4b8c-9641-94729f51744a,11,11.12
0e1f2a3b-4c5d-6e7f-8a9b-0c1d2e3f4a5b,Iniciar Baja,3f72a8b2-777b-43c8-ba37-8f5d9fbd2135,3,4.7
993a46fb-a0b2-4d2c-88eb-11ab1c3d4e8c,Revisión Gerencial,87f8e8d1-83e9-4ddb-9be0-fc955228db6d,13,16.2
2c3d4e5f-6a7b-8c9d-0e1f-2a3b4c5d6e7f,Subir Borrador,87f8e8d1-83e9-4ddb-9be0-fc955228db6d,9,11.06
111e9d86-cbd2-45ff-a809-4072bbe6a4d0,Autoevaluación,bebe41a9-85fc-43f3-a125-5c7f72b0898d,4,5.19
bd9966b2-5fa2-4a4b-b924-59e817a5e756,Pago de Liquidación,4cd6a83f-a8b6-4b56-854d-5d3693ec4ab4,6,9.5
2c3d4e5f-6a7b-8c9d-0e1f-2a3b4c5d6e7f,Consolidación de RRHH,8490fcc8-7f53-4704-ac48-99b48356b21c,5,8.29
a7b21cc3-d8cf-48af-8bb0-22cba4567e9b,Cerrar Accesos,eccb7c0d-52a7-4143-baad-ebee05361b50,13,14.81
3c4d5e6f-7a8b-9c0d-1e2f-3a4b5c6d7e8f,Especificar Licencia,2b549288-04a4-4705-bcd0-0332b683df27,5,10.19
8c9d0e1f-2a3b-4c5d-6e7f-8a9b0c1d2e3f,Aprobación Presupuesto,3f72a8b2-777b-43c8-ba37-8f5d9fbd2135,0,6.58
9c0d1e2f-3a4b-5c6d-7e8f-9a0b1c2d3e4f,Consolidar Gastos,7949fc3c-9284-40a0-8161-7b39cf9f9b2d,9,11.65
7c8d9e0f-1a2b-3c4d-5e6f-7a8b9c0d1e2f,Cerrar Accesos,c017087e-fcbc-4f47-ae54-78008d243fbf,14,14.79
3c4d5e6f-7a8b-9c0d-1e2f-3a4b5c6d7e8f,Cerrar Accesos,a9eff785-5679-4a1b-91ef-6ca8712ddd18,11,12.44
bd9966b2-5fa2-4a4b-b924-59e817a5e756,Detallar Curso,f615b16b-8fd1-43c9-97c0-a65e08960291,5,7.94
3c4d5e6f-7a8b-9c0d-1e2f-3a4b5c6d7e8f,Especificar Servidores,d822aaf2-81c6-4054-b63b-a2bec2d53509,12,12.07
3c4d5e6f-7a8b-9c0d-1e2f-3a4b5c6d7e8f,Firma Director,e04f861d-b880-4d7f-bf03-59ce8e435929,14,13.21
439df689-d1cf-41c3-883c-1b7713fe68e5,Reunión Bienvenida,db614129-bb28-4b41-8a46-bea1444c388c,0,1.78
4c5d6e7f-8a9b-0c1d-2e3f-4a5b6c7d8e9f,Iniciar Baja,c017087e-fcbc-4f47-ae54-78008d243fbf,2,3.12
4c5d6e7f-8a9b-0c1d-2e3f-4a5b6c7d8e9f,Validar Elegibilidad,7949fc3c-9284-40a0-8161-7b39cf9f9b2d,1,3.09
2c3d4e5f-6a7b-8c9d-0e1f-2a3b4c5d6e7f,Procesar Transferencia,e04f861d-b880-4d7f-bf03-59ce8e435929,8,11.88
439df689-d1cf-41c3-883c-1b7713fe68e5,Setup Tecnológico,2b549288-04a4-4705-bcd0-0332b683df27,12,14.54
3c4d5e6f-7a8b-9c0d-1e2f-3a4b5c6d7e8f,Presentar Requerimiento,a9eff785-5679-4a1b-91ef-6ca8712ddd18,7,9.79
8c9d0e1f-2a3b-4c5d-6e7f-8a9b0c1d2e3f,Enviar solicitud de vacaciones,d9b58f63-b601-433e-9861-2bf2ad90eeb6,2,6.63
6720c739-1916-432b-b392-e698dcfd8112,Especificar Servidores,e121cbea-1209-4fe7-ad22-6cf09caf5b95,7,9.49
8c9d0e1f-2a3b-4c5d-6e7f-8a9b0c1d2e3f,Inicio de la solicitud,2b549288-04a4-4705-bcd0-0332b683df27,6,9.23
111e9d86-cbd2-45ff-a809-4072bbe6a4d0,Detallar Curso,e1c69265-87e8-417b-b13a-2ae72c53d4e3,13,14.34
4c5d6e7f-8a9b-0c1d-2e3f-4a5b6c7d8e9f,Validar Capacitación,d9b58f63-b601-433e-9861-2bf2ad90eeb6,14,14.82
2c3d4e5f-6a7b-8c9d-0e1f-2a3b4c5d6e7f,Detallar Curso,87f8e8d1-83e9-4ddb-9be0-fc955228db6d,8,10.02
bd9966b2-5fa2-4a4b-b924-59e817a5e756,Subir Borrador,8490fcc8-7f53-4704-ac48-99b48356b21c,3,9.07
6720c739-1916-432b-b392-e698dcfd8112,Firma Director,8490fcc8-7f53-4704-ac48-99b48356b21c,2,5.97
3c4d5e6f-7a8b-9c0d-1e2f-3a4b5c6d7e8f,Enviar solicitud de vacaciones,87f8e8d1-83e9-4ddb-9be0-fc955228db6d,14,14.08
4c5d6e7f-8a9b-0c1d-2e3f-4a5b6c7d8e9f,Setup Tecnológico,c017087e-fcbc-4f47-ae54-78008d243fbf,7,9.06
7c8d9e0f-1a2b-3c4d-5e6f-7a8b9c0d1e2f,Autoevaluación,2084f511-720a-4096-80cd-5bc9b91cf5b6,13,15.31
6720c739-1916-432b-b392-e698dcfd8112,Aprobación Presupuesto,7949fc3c-9284-40a0-8161-7b39cf9f9b2d,12,15.05
f5ba7581-b2ac-4b3a-830e-64ab112f975a,Presentar Requerimiento,f65f0bd7-27f5-4b8c-9641-94729f51744a,3,4.61
8c9d0e1f-2a3b-4c5d-6e7f-8a9b0c1d2e3f,Revisión de Seguridad,7949fc3c-9284-40a0-8161-7b39cf9f9b2d,7,13.39
8c9d0e1f-2a3b-4c5d-6e7f-8a9b0c1d2e3f,Feedback de Manager,f615b16b-8fd1-43c9-97c0-a65e08960291,2,8.01
7c8d9e0f-1a2b-3c4d-5e6f-7a8b9c0d1e2f,Subir Borrador,87f8e8d1-83e9-4ddb-9be0-fc955228db6d,4,6.12
9c0d1e2f-3a4b-5c6d-7e8f-9a0b1c2d3e4f,Reunión Bienvenida,d822aaf2-81c6-4054-b63b-a2bec2d53509,15,16.77
439df689-d1cf-41c3-883c-1b7713fe68e5,Presentar Requerimiento,87f8e8d1-83e9-4ddb-9be0-fc955228db6d,5,9.69
7c8d9e0f-1a2b-3c4d-5e6f-7a8b9c0d1e2f,Aprobación Presupuesto,3f72a8b2-777b-43c8-ba37-8f5d9fbd2135,3,7.75
a7b21cc3-d8cf-48af-8bb0-22cba4567e9b,Revisión Contable,d822aaf2-81c6-4054-b63b-a2bec2d53509,2,4.85
31ece703-f961-4e8e-a5c5-cd5c5b47e3db,Iniciar Baja,e1c69265-87e8-417b-b13a-2ae72c53d4e3,9,12.94
7c8d9e0f-1a2b-3c4d-5e6f-7a8b9c0d1e2f,Inicio del Proceso,bebe41a9-85fc-43f3-a125-5c7f72b0898d,3,6.97
000a3793-827e-4616-84f9-0a23863e0a35,Dispersión de Fondos,2e310583-c106-4f2c-a6c3-c4b12ec30658,11,12.68
7c8d9e0f-1a2b-3c4d-5e6f-7a8b9c0d1e2f,Cerrar Accesos,3f72a8b2-777b-43c8-ba37-8f5d9fbd2135,15,17.25
000a3793-827e-4616-84f9-0a23863e0a35,Registrar Recibos,eccb7c0d-52a7-4143-baad-ebee05361b50,3,5.17
7c8d9e0f-1a2b-3c4d-5e6f-7a8b9c0d1e2f,Entrega del Equipo,f65f0bd7-27f5-4b8c-9641-94729f51744a,7,10.68
9c0d1e2f-3a4b-5c6d-7e8f-9a0b1c2d3e4f,Autorización Gerencia,eccb7c0d-52a7-4143-baad-ebee05361b50,14,14.77
3c4d5e6f-7a8b-9c0d-1e2f-3a4b5c6d7e8f,Aprobación Costos,2084f511-720a-4096-80cd-5bc9b91cf5b6,7,8.03
6720c739-1916-432b-b392-e698dcfd8112,Feedback de Manager,f65f0bd7-27f5-4b8c-9641-94729f51744a,5,8.87
31ece703-f961-4e8e-a5c5-cd5c5b47e3db,Aprobación del manager,d9b58f63-b601-433e-9861-2bf2ad90eeb6,0,5.47
6c7d8e9f-0a1b-2c3d-4e5f-6a7b8c9d0e1f,Revisión Gerencial,e1c69265-87e8-417b-b13a-2ae72c53d4e3,4,4.85
7c8d9e0f-1a2b-3c4d-5e6f-7a8b9c0d1e2f,Especificar Licencia,e121cbea-1209-4fe7-ad22-6cf09caf5b95,8,10.15
f5ba7581-b2ac-4b3a-830e-64ab112f975a,Autoevaluación,eccb7c0d-52a7-4143-baad-ebee05361b50,2,5.16
6c7d8e9f-0a1b-2c3d-4e5f-6a7b8c9d0e1f,Consolidar Gastos,2084f511-720a-4096-80cd-5bc9b91cf5b6,11,11.22
0e1f2a3b-4c5d-6e7f-8a9b-0c1d2e3f4a5b,Solicitar Adelanto,e1c69265-87e8-417b-b13a-2ae72c53d4e3,9,9.29
9c0d1e2f-3a4b-5c6d-7e8f-9a0b1c2d3e4f,Revisión de Seguridad,0eea38fa-f85e-4c73-b47b-0a1985db1227,12,12.64
31ece703-f961-4e8e-a5c5-cd5c5b47e3db,Revisión Contable,87f8e8d1-83e9-4ddb-9be0-fc955228db6d,13,12.92
9c0d1e2f-3a4b-5c6d-7e8f-9a0b1c2d3e4f,Evaluación Técnica,e1c69265-87e8-417b-b13a-2ae72c53d4e3,12,14.07
6720c739-1916-432b-b392-e698dcfd8112,Setup Tecnológico,bebe41a9-85fc-43f3-a125-5c7f72b0898d,3,8.0
6720c739-1916-432b-b392-e698dcfd8112,Aprobación Costos,4cd6a83f-a8b6-4b56-854d-5d3693ec4ab4,14,14.12
0e1f2a3b-4c5d-6e7f-8a9b-0c1d2e3f4a5b,Iniciar Baja,e1c69265-87e8-417b-b13a-2ae72c53d4e3,10,8.75
993a46fb-a0b2-4d2c-88eb-11ab1c3d4e8c,Iniciar Baja,2084f511-720a-4096-80cd-5bc9b91cf5b6,9,15.23
439df689-d1cf-41c3-883c-1b7713fe68e5,Validar Capacitación,e1c69265-87e8-417b-b13a-2ae72c53d4e3,14,12.02
439df689-d1cf-41c3-883c-1b7713fe68e5,Firma Director,8490fcc8-7f53-4704-ac48-99b48356b21c,1,5.35
6c7d8e9f-0a1b-2c3d-4e5f-6a7b8c9d0e1f,Presentar Requerimiento,7949fc3c-9284-40a0-8161-7b39cf9f9b2d,13,13.34
3c4d5e6f-7a8b-9c0d-1e2f-3a4b5c6d7e8f,Validar Comercial,e1c69265-87e8-417b-b13a-2ae72c53d4e3,6,8.98
000a3793-827e-4616-84f9-0a23863e0a35,Especificar Licencia,d822aaf2-81c6-4054-b63b-a2bec2d53509,6,7.92
31ece703-f961-4e8e-a5c5-cd5c5b47e3db,Consolidar Gastos,0eea38fa-f85e-4c73-b47b-0a1985db1227,6,11.07
31ece703-f961-4e8e-a5c5-cd5c5b47e3db,Detallar Curso,2b549288-04a4-4705-bcd0-0332b683df27,1,2.66
6720c739-1916-432b-b392-e698dcfd8112,Autoevaluación,f615b16b-8fd1-43c9-97c0-a65e08960291,8,9.69
a7b21cc3-d8cf-48af-8bb0-22cba4567e9b,Iniciar Baja,2b549288-04a4-4705-bcd0-0332b683df27,2,4.0
6720c739-1916-432b-b392-e698dcfd8112,Firma Director,db614129-bb28-4b41-8a46-bea1444c388c,15,15.63
6c7d8e9f-0a1b-2c3d-4e5f-6a7b8c9d0e1f,Aprobación Presupuesto,2b549288-04a4-4705-bcd0-0332b683df27,5,6.89
bd9966b2-5fa2-4a4b-b924-59e817a5e756,Pago de Liquidación,bebe41a9-85fc-43f3-a125-5c7f72b0898d,5,5.96
5c6d7e8f-9a0b-1c2d-3e4f-5a6b7c8d9e0f,Inicio del Proceso,bebe41a9-85fc-43f3-a125-5c7f72b0898d,14,16.39
3c4d5e6f-7a8b-9c0d-1e2f-3a4b5c6d7e8f,Pago de Liquidación,14791e8e-28e4-4f61-9593-d7a2653d97a3,5,9.89
f5ba7581-b2ac-4b3a-830e-64ab112f975a,Dispersión de Fondos,2084f511-720a-4096-80cd-5bc9b91cf5b6,1,5.9
6c7d8e9f-0a1b-2c3d-4e5f-6a7b8c9d0e1f,Aprobación Presupuesto,7949fc3c-9284-40a0-8161-7b39cf9f9b2d,14,14.07
8c9d0e1f-2a3b-4c5d-6e7f-8a9b0c1d2e3f,Entrega del Equipo,2b549288-04a4-4705-bcd0-0332b683df27,9,16.53
9c0d1e2f-3a4b-5c6d-7e8f-9a0b1c2d3e4f,Reunión Bienvenida,0eea38fa-f85e-4c73-b47b-0a1985db1227,3,6.61
7c8d9e0f-1a2b-3c4d-5e6f-7a8b9c0d1e2f,Aprobación de Pago,0eea38fa-f85e-4c73-b47b-0a1985db1227,11,12.97
4c5d6e7f-8a9b-0c1d-2e3f-4a5b6c7d8e9f,Especificar Servidores,d822aaf2-81c6-4054-b63b-a2bec2d53509,7,10.93
9c0d1e2f-3a4b-5c6d-7e8f-9a0b1c2d3e4f,Aprobación Presupuesto,f615b16b-8fd1-43c9-97c0-a65e08960291,7,10.49
8c9d0e1f-2a3b-4c5d-6e7f-8a9b0c1d2e3f,Cerrar Accesos,e04f861d-b880-4d7f-bf03-59ce8e435929,13,17.32
bd9966b2-5fa2-4a4b-b924-59e817a5e756,Registrar Recibos,f615b16b-8fd1-43c9-97c0-a65e08960291,4,7.7
0e1f2a3b-4c5d-6e7f-8a9b-0c1d2e3f4a5b,Entrega del Equipo,e04f861d-b880-4d7f-bf03-59ce8e435929,7,7.59
31ece703-f961-4e8e-a5c5-cd5c5b47e3db,Especificar Servidores,c017087e-fcbc-4f47-ae54-78008d243fbf,10,10.25
6720c739-1916-432b-b392-e698dcfd8112,Validar Capacitación,c017087e-fcbc-4f47-ae54-78008d243fbf,1,5.67
4c5d6e7f-8a9b-0c1d-2e3f-4a5b6c7d8e9f,Validar Elegibilidad,c017087e-fcbc-4f47-ae54-78008d243fbf,4,8.75
6720c739-1916-432b-b392-e698dcfd8112,Inicio de la solicitud,2e310583-c106-4f2c-a6c3-c4b12ec30658,11,13.63
2c3d4e5f-6a7b-8c9d-0e1f-2a3b4c5d6e7f,Aprobación de Pago,3f72a8b2-777b-43c8-ba37-8f5d9fbd2135,4,6.48
000a3793-827e-4616-84f9-0a23863e0a35,Cerrar Accesos,c017087e-fcbc-4f47-ae54-78008d243fbf,15,14.01
6720c739-1916-432b-b392-e698dcfd8112,Verificar Stock,eccb7c0d-52a7-4143-baad-ebee05361b50,14,14.66
6720c739-1916-432b-b392-e698dcfd8112,Verificar Factura,f615b16b-8fd1-43c9-97c0-a65e08960291,2,8.11
993a46fb-a0b2-4d2c-88eb-11ab1c3d4e8c,Consolidar Gastos,bebe41a9-85fc-43f3-a125-5c7f72b0898d,8,9.37
000a3793-827e-4616-84f9-0a23863e0a35,Aprobación del manager,bebe41a9-85fc-43f3-a125-5c7f72b0898d,15,17.15
3c4d5e6f-7a8b-9c0d-1e2f-3a4b5c6d7e8f,Preparar Firma,e04f861d-b880-4d7f-bf03-59ce8e435929,1,6.38
2c3d4e5f-6a7b-8c9d-0e1f-2a3b4c5d6e7f,Pago de Liquidación,3f72a8b2-777b-43c8-ba37-8f5d9fbd2135,8,7.4
000a3793-827e-4616-84f9-0a23863e0a35,Feedback de Manager,d822aaf2-81c6-4054-b63b-a2bec2d53509,12,14.87
7c8d9e0f-1a2b-3c4d-5e6f-7a8b9c0d1e2f,Consolidar Gastos,2e310583-c106-4f2c-a6c3-c4b12ec30658,14,13.8
2c3d4e5f-6a7b-8c9d-0e1f-2a3b4c5d6e7f,Aprobación Costos,f65f0bd7-27f5-4b8c-9641-94729f51744a,7,7.58
111e9d86-cbd2-45ff-a809-4072bbe6a4d0,Revisión Gerencial,e1c69265-87e8-417b-b13a-2ae72c53d4e3,1,2.55
993a46fb-a0b2-4d2c-88eb-11ab1c3d4e8c,Registrar Recibos,4cd6a83f-a8b6-4b56-854d-5d3693ec4ab4,8,10.59
0e1f2a3b-4c5d-6e7f-8a9b-0c1d2e3f4a5b,Autorización Gerencia,0eea38fa-f85e-4c73-b47b-0a1985db1227,7,8.01
7c8d9e0f-1a2b-3c4d-5e6f-7a8b9c0d1e2f,Solicitar Adelanto,d9b58f63-b601-433e-9861-2bf2ad90eeb6,14,13.94
6c7d8e9f-0a1b-2c3d-4e5f-6a7b8c9d0e1f,Presentar Requerimiento,e1c69265-87e8-417b-b13a-2ae72c53d4e3,11,13.15
9c0d1e2f-3a4b-5c6d-7e8f-9a0b1c2d3e4f,Evaluación Técnica,4cd6a83f-a8b6-4b56-854d-5d3693ec4ab4,1,6.57
8c9d0e1f-2a3b-4c5d-6e7f-8a9b0c1d2e3f,Solicitar Adelanto,2b549288-04a4-4705-bcd0-0332b683df27,8,15.53
6c7d8e9f-0a1b-2c3d-4e5f-6a7b8c9d0e1f,Reunión Bienvenida,eccb7c0d-52a7-4143-baad-ebee05361b50,7,9.67
31ece703-f961-4e8e-a5c5-cd5c5b47e3db,Validar Comercial,7949fc3c-9284-40a0-8161-7b39cf9f9b2d,12,14.04
6720c739-1916-432b-b392-e698dcfd8112,Enviar solicitud de vacaciones,2e310583-c106-4f2c-a6c3-c4b12ec30658,15,17.21
5c6d7e8f-9a0b-1c2d-3e4f-5a6b7c8d9e0f,Validar Comercial,2e310583-c106-4f2c-a6c3-c4b12ec30658,10,12.78
8c9d0e1f-2a3b-4c5d-6e7f-8a9b0c1d2e3f,Especificar Servidores,0eea38fa-f85e-4c73-b47b-0a1985db1227,7,8.64
000a3793-827e-4616-84f9-0a23863e0a35,Aprobación del manager,4cd6a83f-a8b6-4b56-854d-5d3693ec4ab4,7,9.14
4c5d6e7f-8a9b-0c1d-2e3f-4a5b6c7d8e9f,Setup Tecnológico,db614129-bb28-4b41-8a46-bea1444c388c,3,7.89
993a46fb-a0b2-4d2c-88eb-11ab1c3d4e8c,Entrega del Equipo,d822aaf2-81c6-4054-b63b-a2bec2d53509,15,15.16
7c8d9e0f-1a2b-3c4d-5e6f-7a8b9c0d1e2f,Aprobación del manager,eccb7c0d-52a7-4143-baad-ebee05361b50,9,13.49
8c9d0e1f-2a3b-4c5d-6e7f-8a9b0c1d2e3f,Verificar Stock,87f8e8d1-83e9-4ddb-9be0-fc955228db6d,12,13.55
8c9d0e1f-2a3b-4c5d-6e7f-8a9b0c1d2e3f,Subir Borrador,14791e8e-28e4-4f61-9593-d7a2653d97a3,9,11.2
f5ba7581-b2ac-4b3a-830e-64ab112f975a,Aprobación Presupuesto,c017087e-fcbc-4f47-ae54-78008d243fbf,6,9.07
7c8d9e0f-1a2b-3c4d-5e6f-7a8b9c0d1e2f,Pago de Liquidación,3f72a8b2-777b-43c8-ba37-8f5d9fbd2135,11,13.95
4c5d6e7f-8a9b-0c1d-2e3f-4a5b6c7d8e9f,Validar Capacitación,d822aaf2-81c6-4054-b63b-a2bec2d53509,5,7.79
2c3d4e5f-6a7b-8c9d-0e1f-2a3b4c5d6e7f,Enviar solicitud de vacaciones,d9b58f63-b601-433e-9861-2bf2ad90eeb6,14,14.57
bd9966b2-5fa2-4a4b-b924-59e817a5e756,Inicio de la solicitud,bebe41a9-85fc-43f3-a125-5c7f72b0898d,8,10.04
9c0d1e2f-3a4b-5c6d-7e8f-9a0b1c2d3e4f,Aprobación del manager,7949fc3c-9284-40a0-8161-7b39cf9f9b2d,8,8.72
993a46fb-a0b2-4d2c-88eb-11ab1c3d4e8c,Inicio de la solicitud,f615b16b-8fd1-43c9-97c0-a65e08960291,0,9.67
439df689-d1cf-41c3-883c-1b7713fe68e5,Verificar Stock,4cd6a83f-a8b6-4b56-854d-5d3693ec4ab4,11,10.58
8c9d0e1f-2a3b-4c5d-6e7f-8a9b0c1d2e3f,Pago de Liquidación,eccb7c0d-52a7-4143-baad-ebee05361b50,15,17.46
0e1f2a3b-4c5d-6e7f-8a9b-0c1d2e3f4a5b,Inicio de la solicitud,2b549288-04a4-4705-bcd0-0332b683df27,9,9.24
439df689-d1cf-41c3-883c-1b7713fe68e5,Preparar Firma,2e310583-c106-4f2c-a6c3-c4b12ec30658,3,8.57
6720c739-1916-432b-b392-e698dcfd8112,Habilitar Permisos,f615b16b-8fd1-43c9-97c0-a65e08960291,9,11.97
4c5d6e7f-8a9b-0c1d-2e3f-4a5b6c7d8e9f,Consolidar Gastos,d9b58f63-b601-433e-9861-2bf2ad90eeb6,14,14.33
439df689-d1cf-41c3-883c-1b7713fe68e5,Inicio del Proceso,e1c69265-87e8-417b-b13a-2ae72c53d4e3,8,9.09
439df689-d1cf-41c3-883c-1b7713fe68e5,Verificar Stock,87f8e8d1-83e9-4ddb-9be0-fc955228db6d,0,4.49
bd9966b2-5fa2-4a4b-b924-59e817a5e756,Pago de Liquidación,d822aaf2-81c6-4054-b63b-a2bec2d53509,6,7.14
31ece703-f961-4e8e-a5c5-cd5c5b47e3db,Aprobar Presupuesto,7949fc3c-9284-40a0-8161-7b39cf9f9b2d,4,5.48
4c5d6e7f-8a9b-0c1d-2e3f-4a5b6c7d8e9f,Feedback de Manager,eccb7c0d-52a7-4143-baad-ebee05361b50,11,11.32
000a3793-827e-4616-84f9-0a23863e0a35,Iniciar Baja,db614129-bb28-4b41-8a46-bea1444c388c,13,13.41
6c7d8e9f-0a1b-2c3d-4e5f-6a7b8c9d0e1f,Detallar Curso,14791e8e-28e4-4f61-9593-d7a2653d97a3,1,5.51
4c5d6e7f-8a9b-0c1d-2e3f-4a5b6c7d8e9f,Inicio de la solicitud,d9b58f63-b601-433e-9861-2bf2ad90eeb6,0,2.81
000a3793-827e-4616-84f9-0a23863e0a35,Procesar Transferencia,e04f861d-b880-4d7f-bf03-59ce8e435929,11,11.81
31ece703-f961-4e8e-a5c5-cd5c5b47e3db,Especificar Licencia,8490fcc8-7f53-4704-ac48-99b48356b21c,7,11.27
0e1f2a3b-4c5d-6e7f-8a9b-0c1d2e3f4a5b,Cerrar Accesos,bebe41a9-85fc-43f3-a125-5c7f72b0898d,2,2.95
6720c739-1916-432b-b392-e698dcfd8112,Consolidación de RRHH,87f8e8d1-83e9-4ddb-9be0-fc955228db6d,1,3.58
5c6d7e8f-9a0b-1c2d-3e4f-5a6b7c8d9e0f,Aprobar Presupuesto,2084f511-720a-4096-80cd-5bc9b91cf5b6,14,18.32
8c9d0e1f-2a3b-4c5d-6e7f-8a9b0c1d2e3f,Validar Capacitación,4cd6a83f-a8b6-4b56-854d-5d3693ec4ab4,1,7.58
0e1f2a3b-4c5d-6e7f-8a9b-0c1d2e3f4a5b,Revisión Gerencial,f615b16b-8fd1-43c9-97c0-a65e08960291,8,7.49
8c9d0e1f-2a3b-4c5d-6e7f-8a9b0c1d2e3f,Inicio de la solicitud,f65f0bd7-27f5-4b8c-9641-94729f51744a,11,15.6
6720c739-1916-432b-b392-e698dcfd8112,Inicio de la solicitud,e04f861d-b880-4d7f-bf03-59ce8e435929,10,13.83
a7b21cc3-d8cf-48af-8bb0-22cba4567e9b,Evaluación Técnica,2b549288-04a4-4705-bcd0-0332b683df27,2,4.6
8c9d0e1f-2a3b-4c5d-6e7f-8a9b0c1d2e3f,Feedback de Manager,db614129-bb28-4b41-8a46-bea1444c388c,14,18.06
7c8d9e0f-1a2b-3c4d-5e6f-7a8b9c0d1e2f,Consolidación de RRHH,e1c69265-87e8-417b-b13a-2ae72c53d4e3,10,11.63
31ece703-f961-4e8e-a5c5-cd5c5b47e3db,Consolidar Gastos,2e310583-c106-4f2c-a6c3-c4b12ec30658,7,8.82
2c3d4e5f-6a7b-8c9d-0e1f-2a3b4c5d6e7f,Verificar Factura,f65f0bd7-27f5-4b8c-9641-94729f51744a,6,8.85
7c8d9e0f-1a2b-3c4d-5e6f-7a8b9c0d1e2f,Consolidación de RRHH,db614129-bb28-4b41-8a46-bea1444c388c,6,8.47
6c7d8e9f-0a1b-2c3d-4e5f-6a7b8c9d0e1f,Preparar Firma,c017087e-fcbc-4f47-ae54-78008d243fbf,14,14.72
f5ba7581-b2ac-4b3a-830e-64ab112f975a,Firma Director,8490fcc8-7f53-4704-ac48-99b48356b21c,2,6.57
6c7d8e9f-0a1b-2c3d-4e5f-6a7b8c9d0e1f,Enviar solicitud de vacaciones,a9eff785-5679-4a1b-91ef-6ca8712ddd18,10,12.99
bd9966b2-5fa2-4a4b-b924-59e817a5e756,Validar Comercial,7949fc3c-9284-40a0-8161-7b39cf9f9b2d,3,7.53
2c3d4e5f-6a7b-8c9d-0e1f-2a3b4c5d6e7f,Consolidar Gastos,bebe41a9-85fc-43f3-a125-5c7f72b0898d,2,5.44
439df689-d1cf-41c3-883c-1b7713fe68e5,Preparar Firma,d822aaf2-81c6-4054-b63b-a2bec2d53509,5,7.52
6c7d8e9f-0a1b-2c3d-4e5f-6a7b8c9d0e1f,Aprobación Costos,2084f511-720a-4096-80cd-5bc9b91cf5b6,3,7.5
439df689-d1cf-41c3-883c-1b7713fe68e5,Validar Capacitación,eccb7c0d-52a7-4143-baad-ebee05361b50,6,9.95
f5ba7581-b2ac-4b3a-830e-64ab112f975a,Setup Tecnológico,a9eff785-5679-4a1b-91ef-6ca8712ddd18,5,8.9
31ece703-f961-4e8e-a5c5-cd5c5b47e3db,Dispersión de Fondos,d822aaf2-81c6-4054-b63b-a2bec2d53509,2,6.26
6c7d8e9f-0a1b-2c3d-4e5f-6a7b8c9d0e1f,Aprobación Costos,eccb7c0d-52a7-4143-baad-ebee05361b50,13,13.28
31ece703-f961-4e8e-a5c5-cd5c5b47e3db,Feedback de Manager,f615b16b-8fd1-43c9-97c0-a65e08960291,3,6.01
9c0d1e2f-3a4b-5c6d-7e8f-9a0b1c2d3e4f,Inicio de la solicitud,bebe41a9-85fc-43f3-a125-5c7f72b0898d,3,8.06
9c0d1e2f-3a4b-5c6d-7e8f-9a0b1c2d3e4f,Registrar Recibos,e121cbea-1209-4fe7-ad22-6cf09caf5b95,13,12.29
4c5d6e7f-8a9b-0c1d-2e3f-4a5b6c7d8e9f,Pago de Liquidación,d822aaf2-81c6-4054-b63b-a2bec2d53509,11,12.01
7c8d9e0f-1a2b-3c4d-5e6f-7a8b9c0d1e2f,Verificar Factura,14791e8e-28e4-4f61-9593-d7a2653d97a3,4,4.98
7c8d9e0f-1a2b-3c4d-5e6f-7a8b9c0d1e2f,Feedback de Manager,e121cbea-1209-4fe7-ad22-6cf09caf5b95,3,4.79
5c6d7e8f-9a0b-1c2d-3e4f-5a6b7c8d9e0f,Revisión de Seguridad,2e310583-c106-4f2c-a6c3-c4b12ec30658,11,16.49
993a46fb-a0b2-4d2c-88eb-11ab1c3d4e8c,Autoevaluación,2e310583-c106-4f2c-a6c3-c4b12ec30658,7,11.79
3c4d5e6f-7a8b-9c0d-1e2f-3a4b5c6d7e8f,Setup Tecnológico,8490fcc8-7f53-4704-ac48-99b48356b21c,2,7.49
5c6d7e8f-9a0b-1c2d-3e4f-5a6b7c8d9e0f,Aprobación Costos,eccb7c0d-52a7-4143-baad-ebee05361b50,12,17.85
0e1f2a3b-4c5d-6e7f-8a9b-0c1d2e3f4a5b,Enviar solicitud de vacaciones,f615b16b-8fd1-43c9-97c0-a65e08960291,10,9.01
2c3d4e5f-6a7b-8c9d-0e1f-2a3b4c5d6e7f,Iniciar Baja,f65f0bd7-27f5-4b8c-9641-94729f51744a,8,8.68
000a3793-827e-4616-84f9-0a23863e0a35,Subir Borrador,f65f0bd7-27f5-4b8c-9641-94729f51744a,4,5.84
9c0d1e2f-3a4b-5c6d-7e8f-9a0b1c2d3e4f,Preparar Firma,14791e8e-28e4-4f61-9593-d7a2653d97a3,3,6.84
6720c739-1916-432b-b392-e698dcfd8112,Presentar Requerimiento,bebe41a9-85fc-43f3-a125-5c7f72b0898d,10,10.92
31ece703-f961-4e8e-a5c5-cd5c5b47e3db,Reunión Bienvenida,d9b58f63-b601-433e-9861-2bf2ad90eeb6,5,8.82
439df689-d1cf-41c3-883c-1b7713fe68e5,Firma Director,0eea38fa-f85e-4c73-b47b-0a1985db1227,11,13.63
6c7d8e9f-0a1b-2c3d-4e5f-6a7b8c9d0e1f,Cerrar Accesos,db614129-bb28-4b41-8a46-bea1444c388c,15,17.22
3c4d5e6f-7a8b-9c0d-1e2f-3a4b5c6d7e8f,Validación de RRHH,e04f861d-b880-4d7f-bf03-59ce8e435929,13,14.97
993a46fb-a0b2-4d2c-88eb-11ab1c3d4e8c,Subir Borrador,3f72a8b2-777b-43c8-ba37-8f5d9fbd2135,3,6.37
3c4d5e6f-7a8b-9c0d-1e2f-3a4b5c6d7e8f,Verificar Stock,eccb7c0d-52a7-4143-baad-ebee05361b50,13,14.21
a7b21cc3-d8cf-48af-8bb0-22cba4567e9b,Cerrar Accesos,f615b16b-8fd1-43c9-97c0-a65e08960291,10,11.9
000a3793-827e-4616-84f9-0a23863e0a35,Subir Borrador,a9eff785-5679-4a1b-91ef-6ca8712ddd18,3,5.4
993a46fb-a0b2-4d2c-88eb-11ab1c3d4e8c,Validación de RRHH,e1c69265-87e8-417b-b13a-2ae72c53d4e3,4,11.71
bd9966b2-5fa2-4a4b-b924-59e817a5e756,Detallar Curso,db614129-bb28-4b41-8a46-bea1444c388c,0,4.44
439df689-d1cf-41c3-883c-1b7713fe68e5,Autorización Gerencia,c017087e-fcbc-4f47-ae54-78008d243fbf,4,8.06
31ece703-f961-4e8e-a5c5-cd5c5b47e3db,Aprobación Costos,2084f511-720a-4096-80cd-5bc9b91cf5b6,11,12.47
a7b21cc3-d8cf-48af-8bb0-22cba4567e9b,Subir Borrador,14791e8e-28e4-4f61-9593-d7a2653d97a3,3,7.3
6720c739-1916-432b-b392-e698dcfd8112,Validar Capacitación,3f72a8b2-777b-43c8-ba37-8f5d9fbd2135,3,4.54
31ece703-f961-4e8e-a5c5-cd5c5b47e3db,Consolidar Gastos,2084f511-720a-4096-80cd-5bc9b91cf5b6,10,10.59
111e9d86-cbd2-45ff-a809-4072bbe6a4d0,Aprobar Presupuesto,c017087e-fcbc-4f47-ae54-78008d243fbf,3,7.72
31ece703-f961-4e8e-a5c5-cd5c5b47e3db,Aprobación Presupuesto,f615b16b-8fd1-43c9-97c0-a65e08960291,1,6.95
000a3793-827e-4616-84f9-0a23863e0a35,Dispersión de Fondos,87f8e8d1-83e9-4ddb-9be0-fc955228db6d,6,8.83
5c6d7e8f-9a0b-1c2d-3e4f-5a6b7c8d9e0f,Detallar Curso,87f8e8d1-83e9-4ddb-9be0-fc955228db6d,14,20.03
2c3d4e5f-6a7b-8c9d-0e1f-2a3b4c5d6e7f,Evaluación Técnica,0eea38fa-f85e-4c73-b47b-0a1985db1227,8,11.35
2c3d4e5f-6a7b-8c9d-0e1f-2a3b4c5d6e7f,Solicitar Adelanto,2e310583-c106-4f2c-a6c3-c4b12ec30658,15,13.54
a7b21cc3-d8cf-48af-8bb0-22cba4567e9b,Verificar Factura,0eea38fa-f85e-4c73-b47b-0a1985db1227,3,7.54
000a3793-827e-4616-84f9-0a23863e0a35,Feedback de Manager,c017087e-fcbc-4f47-ae54-78008d243fbf,6,6.76
5c6d7e8f-9a0b-1c2d-3e4f-5a6b7c8d9e0f,Cerrar Accesos,0eea38fa-f85e-4c73-b47b-0a1985db1227,5,11.42
0e1f2a3b-4c5d-6e7f-8a9b-0c1d2e3f4a5b,Validación de RRHH,e121cbea-1209-4fe7-ad22-6cf09caf5b95,13,12.57
4c5d6e7f-8a9b-0c1d-2e3f-4a5b6c7d8e9f,Revisión de Seguridad,7949fc3c-9284-40a0-8161-7b39cf9f9b2d,15,16.2
7c8d9e0f-1a2b-3c4d-5e6f-7a8b9c0d1e2f,Aprobar Presupuesto,2b549288-04a4-4705-bcd0-0332b683df27,4,8.2
993a46fb-a0b2-4d2c-88eb-11ab1c3d4e8c,Aprobar Presupuesto,2e310583-c106-4f2c-a6c3-c4b12ec30658,14,18.54
000a3793-827e-4616-84f9-0a23863e0a35,Feedback de Manager,8490fcc8-7f53-4704-ac48-99b48356b21c,1,2.35
2c3d4e5f-6a7b-8c9d-0e1f-2a3b4c5d6e7f,Solicitar Adelanto,0eea38fa-f85e-4c73-b47b-0a1985db1227,2,3.88
a7b21cc3-d8cf-48af-8bb0-22cba4567e9b,Aprobación del manager,2084f511-720a-4096-80cd-5bc9b91cf5b6,3,4.82
8c9d0e1f-2a3b-4c5d-6e7f-8a9b0c1d2e3f,Habilitar Permisos,0eea38fa-f85e-4c73-b47b-0a1985db1227,15,18.57
31ece703-f961-4e8e-a5c5-cd5c5b47e3db,Revisión Contable,e04f861d-b880-4d7f-bf03-59ce8e435929,12,12.84
7c8d9e0f-1a2b-3c4d-5e6f-7a8b9c0d1e2f,Setup Tecnológico,87f8e8d1-83e9-4ddb-9be0-fc955228db6d,3,4.28
2c3d4e5f-6a7b-8c9d-0e1f-2a3b4c5d6e7f,Revisión Gerencial,2e310583-c106-4f2c-a6c3-c4b12ec30658,12,10.36
7c8d9e0f-1a2b-3c4d-5e6f-7a8b9c0d1e2f,Especificar Licencia,e04f861d-b880-4d7f-bf03-59ce8e435929,0,4.72
4c5d6e7f-8a9b-0c1d-2e3f-4a5b6c7d8e9f,Setup Tecnológico,f65f0bd7-27f5-4b8c-9641-94729f51744a,15,13.32
4c5d6e7f-8a9b-0c1d-2e3f-4a5b6c7d8e9f,Aprobación Presupuesto,4cd6a83f-a8b6-4b56-854d-5d3693ec4ab4,13,15.33
6c7d8e9f-0a1b-2c3d-4e5f-6a7b8c9d0e1f,Feedback de Manager,2e310583-c106-4f2c-a6c3-c4b12ec30658,8,11.12
4c5d6e7f-8a9b-0c1d-2e3f-4a5b6c7d8e9f,Especificar Licencia,7949fc3c-9284-40a0-8161-7b39cf9f9b2d,8,10.34
993a46fb-a0b2-4d2c-88eb-11ab1c3d4e8c,Consolidar Gastos,7949fc3c-9284-40a0-8161-7b39cf9f9b2d,1,10.93
6720c739-1916-432b-b392-e698dcfd8112,Aprobar Presupuesto,87f8e8d1-83e9-4ddb-9be0-fc955228db6d,3,5.49
7c8d9e0f-1a2b-3c4d-5e6f-7a8b9c0d1e2f,Registrar Recibos,2084f511-720a-4096-80cd-5bc9b91cf5b6,8,11.4
6720c739-1916-432b-b392-e698dcfd8112,Instalar Licencia,4cd6a83f-a8b6-4b56-854d-5d3693ec4ab4,10,10.71
8c9d0e1f-2a3b-4c5d-6e7f-8a9b0c1d2e3f,Verificar Factura,4cd6a83f-a8b6-4b56-854d-5d3693ec4ab4,13,16.39
6720c739-1916-432b-b392-e698dcfd8112,Validar Elegibilidad,e1c69265-87e8-417b-b13a-2ae72c53d4e3,8,11.3
7c8d9e0f-1a2b-3c4d-5e6f-7a8b9c0d1e2f,Preparar Firma,db614129-bb28-4b41-8a46-bea1444c388c,11,13.43
000a3793-827e-4616-84f9-0a23863e0a35,Presentar Requerimiento,0eea38fa-f85e-4c73-b47b-0a1985db1227,1,5.56
9c0d1e2f-3a4b-5c6d-7e8f-9a0b1c2d3e4f,Autoevaluación,e1c69265-87e8-417b-b13a-2ae72c53d4e3,1,4.82
4c5d6e7f-8a9b-0c1d-2e3f-4a5b6c7d8e9f,Aprobar Presupuesto,a9eff785-5679-4a1b-91ef-6ca8712ddd18,14,14.07
000a3793-827e-4616-84f9-0a23863e0a35,Preparar Firma,14791e8e-28e4-4f61-9593-d7a2653d97a3,6,8.88
6720c739-1916-432b-b392-e698dcfd8112,Feedback de Manager,14791e8e-28e4-4f61-9593-d7a2653d97a3,1,3.23
7c8d9e0f-1a2b-3c4d-5e6f-7a8b9c0d1e2f,Revisión Contable,bebe41a9-85fc-43f3-a125-5c7f72b0898d,4,7.82
a7b21cc3-d8cf-48af-8bb0-22cba4567e9b,Preparar Firma,4cd6a83f-a8b6-4b56-854d-5d3693ec4ab4,10,13.25
6720c739-1916-432b-b392-e698dcfd8112,Subir Borrador,d9b58f63-b601-433e-9861-2bf2ad90eeb6,11,12.0
000a3793-827e-4616-84f9-0a23863e0a35,Detallar Curso,db614129-bb28-4b41-8a46-bea1444c388c,5,5.18
f5ba7581-b2ac-4b3a-830e-64ab112f975a,Validar Elegibilidad,d9b58f63-b601-433e-9861-2bf2ad90eeb6,13,13.96
3c4d5e6f-7a8b-9c0d-1e2f-3a4b5c6d7e8f,Presentar Requerimiento,2e310583-c106-4f2c-a6c3-c4b12ec30658,9,9.72
111e9d86-cbd2-45ff-a809-4072bbe6a4d0,Reunión Bienvenida,8490fcc8-7f53-4704-ac48-99b48356b21c,4,6.57
111e9d86-cbd2-45ff-a809-4072bbe6a4d0,Inicio de la solicitud,eccb7c0d-52a7-4143-baad-ebee05361b50,12,13.13
993a46fb-a0b2-4d2c-88eb-11ab1c3d4e8c,Dispersión de Fondos,f615b16b-8fd1-43c9-97c0-a65e08960291,6,12.13
5c6d7e8f-9a0b-1c2d-3e4f-5a6b7c8d9e0f,Autoevaluación,db614129-bb28-4b41-8a46-bea1444c388c,15,15.65
8c9d0e1f-2a3b-4c5d-6e7f-8a9b0c1d2e3f,Revisión de Seguridad,7949fc3c-9284-40a0-8161-7b39cf9f9b2d,13,18.4
31ece703-f961-4e8e-a5c5-cd5c5b47e3db,Pago de Liquidación,f615b16b-8fd1-43c9-97c0-a65e08960291,7,8.18
000a3793-827e-4616-84f9-0a23863e0a35,Inicio de la solicitud,2b549288-04a4-4705-bcd0-0332b683df27,12,12.09
4c5d6e7f-8a9b-0c1d-2e3f-4a5b6c7d8e9f,Procesar Transferencia,c017087e-fcbc-4f47-ae54-78008d243fbf,7,9.34
000a3793-827e-4616-84f9-0a23863e0a35,Validar Capacitación,e1c69265-87e8-417b-b13a-2ae72c53d4e3,7,8.61
bd9966b2-5fa2-4a4b-b924-59e817a5e756,Autorización Gerencia,a9eff785-5679-4a1b-91ef-6ca8712ddd18,8,11.34
3c4d5e6f-7a8b-9c0d-1e2f-3a4b5c6d7e8f,Consolidación de RRHH,2b549288-04a4-4705-bcd0-0332b683df27,4,7.73
000a3793-827e-4616-84f9-0a23863e0a35,Validación de RRHH,d9b58f63-b601-433e-9861-2bf2ad90eeb6,14,16.09
4c5d6e7f-8a9b-0c1d-2e3f-4a5b6c7d8e9f,Detallar Curso,7949fc3c-9284-40a0-8161-7b39cf9f9b2d,9,10.59
3c4d5e6f-7a8b-9c0d-1e2f-3a4b5c6d7e8f,Validar Comercial,a9eff785-5679-4a1b-91ef-6ca8712ddd18,13,15.14
9c0d1e2f-3a4b-5c6d-7e8f-9a0b1c2d3e4f,Especificar Servidores,3f72a8b2-777b-43c8-ba37-8f5d9fbd2135,6,7.8
993a46fb-a0b2-4d2c-88eb-11ab1c3d4e8c,Autoevaluación,e1c69265-87e8-417b-b13a-2ae72c53d4e3,11,18.49
3c4d5e6f-7a8b-9c0d-1e2f-3a4b5c6d7e8f,Inicio del Proceso,d9b58f63-b601-433e-9861-2bf2ad90eeb6,13,12.44
9c0d1e2f-3a4b-5c6d-7e8f-9a0b1c2d3e4f,Validar Comercial,f65f0bd7-27f5-4b8c-9641-94729f51744a,11,12.92
111e9d86-cbd2-45ff-a809-4072bbe6a4d0,Aprobación Costos,3f72a8b2-777b-43c8-ba37-8f5d9fbd2135,8,10.16
2c3d4e5f-6a7b-8c9d-0e1f-2a3b4c5d6e7f,Especificar Servidores,d822aaf2-81c6-4054-b63b-a2bec2d53509,8,9.45
0e1f2a3b-4c5d-6e7f-8a9b-0c1d2e3f4a5b,Aprobar Presupuesto,f65f0bd7-27f5-4b8c-9641-94729f51744a,13,12.28
4c5d6e7f-8a9b-0c1d-2e3f-4a5b6c7d8e9f,Detallar Curso,14791e8e-28e4-4f61-9593-d7a2653d97a3,14,14.73
111e9d86-cbd2-45ff-a809-4072bbe6a4d0,Detallar Curso,d9b58f63-b601-433e-9861-2bf2ad90eeb6,10,9.61
8c9d0e1f-2a3b-4c5d-6e7f-8a9b0c1d2e3f,Preparar Firma,87f8e8d1-83e9-4ddb-9be0-fc955228db6d,6,12.74
5c6d7e8f-9a0b-1c2d-3e4f-5a6b7c8d9e0f,Subir Borrador,14791e8e-28e4-4f61-9593-d7a2653d97a3,3,9.45
9c0d1e2f-3a4b-5c6d-7e8f-9a0b1c2d3e4f,Solicitar Adelanto,3f72a8b2-777b-43c8-ba37-8f5d9fbd2135,10,12.11
111e9d86-cbd2-45ff-a809-4072bbe6a4d0,Aprobación del manager,2e310583-c106-4f2c-a6c3-c4b12ec30658,7,7.18
993a46fb-a0b2-4d2c-88eb-11ab1c3d4e8c,Procesar Transferencia,87f8e8d1-83e9-4ddb-9be0-fc955228db6d,8,9.82
f5ba7581-b2ac-4b3a-830e-64ab112f975a,Subir Borrador,2e310583-c106-4f2c-a6c3-c4b12ec30658,6,11.21
9c0d1e2f-3a4b-5c6d-7e8f-9a0b1c2d3e4f,Solicitar Adelanto,eccb7c0d-52a7-4143-baad-ebee05361b50,13,12.55
6720c739-1916-432b-b392-e698dcfd8112,Detallar Curso,db614129-bb28-4b41-8a46-bea1444c388c,1,4.5
a7b21cc3-d8cf-48af-8bb0-22cba4567e9b,Feedback de Manager,e1c69265-87e8-417b-b13a-2ae72c53d4e3,8,9.17
993a46fb-a0b2-4d2c-88eb-11ab1c3d4e8c,Subir Borrador,14791e8e-28e4-4f61-9593-d7a2653d97a3,5,12.04
5c6d7e8f-9a0b-1c2d-3e4f-5a6b7c8d9e0f,Instalar Licencia,2b549288-04a4-4705-bcd0-0332b683df27,5,11.0
6c7d8e9f-0a1b-2c3d-4e5f-6a7b8c9d0e1f,Revisión Gerencial,2e310583-c106-4f2c-a6c3-c4b12ec30658,2,5.94
31ece703-f961-4e8e-a5c5-cd5c5b47e3db,Entrega del Equipo,d9b58f63-b601-433e-9861-2bf2ad90eeb6,3,3.54
5c6d7e8f-9a0b-1c2d-3e4f-5a6b7c8d9e0f,Evaluación Técnica,e1c69265-87e8-417b-b13a-2ae72c53d4e3,14,16.72
5c6d7e8f-9a0b-1c2d-3e4f-5a6b7c8d9e0f,Autoevaluación,2084f511-720a-4096-80cd-5bc9b91cf5b6,10,11.43
5c6d7e8f-9a0b-1c2d-3e4f-5a6b7c8d9e0f,Revisión Contable,2084f511-720a-4096-80cd-5bc9b91cf5b6,1,9.88
3c4d5e6f-7a8b-9c0d-1e2f-3a4b5c6d7e8f,Presentar Requerimiento,14791e8e-28e4-4f61-9593-d7a2653d97a3,11,12.3
9c0d1e2f-3a4b-5c6d-7e8f-9a0b1c2d3e4f,Aprobación Presupuesto,3f72a8b2-777b-43c8-ba37-8f5d9fbd2135,15,14.31
439df689-d1cf-41c3-883c-1b7713fe68e5,Pago de Liquidación,e121cbea-1209-4fe7-ad22-6cf09caf5b95,5,9.4
6720c739-1916-432b-b392-e698dcfd8112,Preparar Firma,7949fc3c-9284-40a0-8161-7b39cf9f9b2d,2,3.95
5c6d7e8f-9a0b-1c2d-3e4f-5a6b7c8d9e0f,Instalar Licencia,2b549288-04a4-4705-bcd0-0332b683df27,2,10.55
993a46fb-a0b2-4d2c-88eb-11ab1c3d4e8c,Detallar Curso,7949fc3c-9284-40a0-8161-7b39cf9f9b2d,12,15.0
5c6d7e8f-9a0b-1c2d-3e4f-5a6b7c8d9e0f,Revisión Contable,87f8e8d1-83e9-4ddb-9be0-fc955228db6d,15,20.45
8c9d0e1f-2a3b-4c5d-6e7f-8a9b0c1d2e3f,Aprobación del manager,2b549288-04a4-4705-bcd0-0332b683df27,1,7.64
8c9d0e1f-2a3b-4c5d-6e7f-8a9b0c1d2e3f,Presentar Requerimiento,8490fcc8-7f53-4704-ac48-99b48356b21c,0,6.34
9c0d1e2f-3a4b-5c6d-7e8f-9a0b1c2d3e4f,Firma Director,bebe41a9-85fc-43f3-a125-5c7f72b0898d,1,6.51
8c9d0e1f-2a3b-4c5d-6e7f-8a9b0c1d2e3f,Aprobación de Pago,f65f0bd7-27f5-4b8c-9641-94729f51744a,9,11.55
993a46fb-a0b2-4d2c-88eb-11ab1c3d4e8c,Setup Tecnológico,d9b58f63-b601-433e-9861-2bf2ad90eeb6,6,12.09
7c8d9e0f-1a2b-3c4d-5e6f-7a8b9c0d1e2f,Setup Tecnológico,2e310583-c106-4f2c-a6c3-c4b12ec30658,8,11.58
9c0d1e2f-3a4b-5c6d-7e8f-9a0b1c2d3e4f,Reunión Bienvenida,3f72a8b2-777b-43c8-ba37-8f5d9fbd2135,9,10.25
0e1f2a3b-4c5d-6e7f-8a9b-0c1d2e3f4a5b,Validar Comercial,f65f0bd7-27f5-4b8c-9641-94729f51744a,11,10.13
6c7d8e9f-0a1b-2c3d-4e5f-6a7b8c9d0e1f,Especificar Servidores,0eea38fa-f85e-4c73-b47b-0a1985db1227,13,12.36
993a46fb-a0b2-4d2c-88eb-11ab1c3d4e8c,Aprobación Costos,7949fc3c-9284-40a0-8161-7b39cf9f9b2d,3,8.09
8c9d0e1f-2a3b-4c5d-6e7f-8a9b0c1d2e3f,Autorización Gerencia,14791e8e-28e4-4f61-9593-d7a2653d97a3,6,11.2
3c4d5e6f-7a8b-9c0d-1e2f-3a4b5c6d7e8f,Consolidar Gastos,e121cbea-1209-4fe7-ad22-6cf09caf5b95,9,12.83
9c0d1e2f-3a4b-5c6d-7e8f-9a0b1c2d3e4f,Feedback de Manager,db614129-bb28-4b41-8a46-bea1444c388c,15,17.36
439df689-d1cf-41c3-883c-1b7713fe68e5,Dispersión de Fondos,d822aaf2-81c6-4054-b63b-a2bec2d53509,6,8.72
0e1f2a3b-4c5d-6e7f-8a9b-0c1d2e3f4a5b,Especificar Licencia,2b549288-04a4-4705-bcd0-0332b683df27,6,5.9
000a3793-827e-4616-84f9-0a23863e0a35,Subir Borrador,2e310583-c106-4f2c-a6c3-c4b12ec30658,2,4.87
6c7d8e9f-0a1b-2c3d-4e5f-6a7b8c9d0e1f,Dispersión de Fondos,f615b16b-8fd1-43c9-97c0-a65e08960291,10,10.31
8c9d0e1f-2a3b-4c5d-6e7f-8a9b0c1d2e3f,Validación de RRHH,14791e8e-28e4-4f61-9593-d7a2653d97a3,11,14.15
000a3793-827e-4616-84f9-0a23863e0a35,Consolidar Gastos,d9b58f63-b601-433e-9861-2bf2ad90eeb6,1,5.59
9c0d1e2f-3a4b-5c6d-7e8f-9a0b1c2d3e4f,Registrar Recibos,4cd6a83f-a8b6-4b56-854d-5d3693ec4ab4,12,13.84
a7b21cc3-d8cf-48af-8bb0-22cba4567e9b,Verificar Factura,0eea38fa-f85e-4c73-b47b-0a1985db1227,11,13.21
31ece703-f961-4e8e-a5c5-cd5c5b47e3db,Preparar Firma,7949fc3c-9284-40a0-8161-7b39cf9f9b2d,15,14.5
8c9d0e1f-2a3b-4c5d-6e7f-8a9b0c1d2e3f,Detallar Curso,7949fc3c-9284-40a0-8161-7b39cf9f9b2d,3,10.18
3c4d5e6f-7a8b-9c0d-1e2f-3a4b5c6d7e8f,Entrega del Equipo,d9b58f63-b601-433e-9861-2bf2ad90eeb6,5,5.55
f5ba7581-b2ac-4b3a-830e-64ab112f975a,Enviar solicitud de vacaciones,7949fc3c-9284-40a0-8161-7b39cf9f9b2d,7,7.18
6720c739-1916-432b-b392-e698dcfd8112,Aprobación Costos,c017087e-fcbc-4f47-ae54-78008d243fbf,9,9.19
2c3d4e5f-6a7b-8c9d-0e1f-2a3b4c5d6e7f,Reunión Bienvenida,7949fc3c-9284-40a0-8161-7b39cf9f9b2d,6,9.24
111e9d86-cbd2-45ff-a809-4072bbe6a4d0,Procesar Transferencia,f615b16b-8fd1-43c9-97c0-a65e08960291,10,11.13
439df689-d1cf-41c3-883c-1b7713fe68e5,Dispersión de Fondos,bebe41a9-85fc-43f3-a125-5c7f72b0898d,0,4.37
3c4d5e6f-7a8b-9c0d-1e2f-3a4b5c6d7e8f,Inicio de la solicitud,f615b16b-8fd1-43c9-97c0-a65e08960291,4,4.59
9c0d1e2f-3a4b-5c6d-7e8f-9a0b1c2d3e4f,Dispersión de Fondos,d9b58f63-b601-433e-9861-2bf2ad90eeb6,6,8.97
6720c739-1916-432b-b392-e698dcfd8112,Instalar Licencia,4cd6a83f-a8b6-4b56-854d-5d3693ec4ab4,1,3.73
6c7d8e9f-0a1b-2c3d-4e5f-6a7b8c9d0e1f,Registrar Recibos,8490fcc8-7f53-4704-ac48-99b48356b21c,3,6.9
6720c739-1916-432b-b392-e698dcfd8112,Revisión Contable,14791e8e-28e4-4f61-9593-d7a2653d97a3,13,14.77
8c9d0e1f-2a3b-4c5d-6e7f-8a9b0c1d2e3f,Inicio de la solicitud,3f72a8b2-777b-43c8-ba37-8f5d9fbd2135,5,11.29
8c9d0e1f-2a3b-4c5d-6e7f-8a9b0c1d2e3f,Aprobar Presupuesto,0eea38fa-f85e-4c73-b47b-0a1985db1227,5,12.79
a7b21cc3-d8cf-48af-8bb0-22cba4567e9b,Revisión de Seguridad,7949fc3c-9284-40a0-8161-7b39cf9f9b2d,2,6.97
3c4d5e6f-7a8b-9c0d-1e2f-3a4b5c6d7e8f,Evaluación Técnica,e04f861d-b880-4d7f-bf03-59ce8e435929,2,7.71
6720c739-1916-432b-b392-e698dcfd8112,Validar Capacitación,2b549288-04a4-4705-bcd0-0332b683df27,10,11.87
3c4d5e6f-7a8b-9c0d-1e2f-3a4b5c6d7e8f,Procesar Transferencia,2b549288-04a4-4705-bcd0-0332b683df27,6,7.75
439df689-d1cf-41c3-883c-1b7713fe68e5,Subir Borrador,d822aaf2-81c6-4054-b63b-a2bec2d53509,3,7.86
a7b21cc3-d8cf-48af-8bb0-22cba4567e9b,Firma Director,c017087e-fcbc-4f47-ae54-78008d243fbf,12,14.54
bd9966b2-5fa2-4a4b-b924-59e817a5e756,Inicio del Proceso,f65f0bd7-27f5-4b8c-9641-94729f51744a,8,10.86
bd9966b2-5fa2-4a4b-b924-59e817a5e756,Validar Elegibilidad,4cd6a83f-a8b6-4b56-854d-5d3693ec4ab4,14,13.39
31ece703-f961-4e8e-a5c5-cd5c5b47e3db,Instalar Licencia,bebe41a9-85fc-43f3-a125-5c7f72b0898d,5,8.26
bd9966b2-5fa2-4a4b-b924-59e817a5e756,Solicitar Adelanto,e121cbea-1209-4fe7-ad22-6cf09caf5b95,7,8.24
439df689-d1cf-41c3-883c-1b7713fe68e5,Verificar Stock,bebe41a9-85fc-43f3-a125-5c7f72b0898d,2,5.37
2c3d4e5f-6a7b-8c9d-0e1f-2a3b4c5d6e7f,Cerrar Accesos,a9eff785-5679-4a1b-91ef-6ca8712ddd18,12,15.24
f5ba7581-b2ac-4b3a-830e-64ab112f975a,Verificar Stock,c017087e-fcbc-4f47-ae54-78008d243fbf,15,14.74
5c6d7e8f-9a0b-1c2d-3e4f-5a6b7c8d9e0f,Aprobar Presupuesto,3f72a8b2-777b-43c8-ba37-8f5d9fbd2135,14,20.46
8c9d0e1f-2a3b-4c5d-6e7f-8a9b0c1d2e3f,Reunión Bienvenida,4cd6a83f-a8b6-4b56-854d-5d3693ec4ab4,10,11.76
4c5d6e7f-8a9b-0c1d-2e3f-4a5b6c7d8e9f,Aprobar Presupuesto,e1c69265-87e8-417b-b13a-2ae72c53d4e3,2,6.79
000a3793-827e-4616-84f9-0a23863e0a35,Aprobación de Pago,2b549288-04a4-4705-bcd0-0332b683df27,14,16.55
111e9d86-cbd2-45ff-a809-4072bbe6a4d0,Validación de RRHH,3f72a8b2-777b-43c8-ba37-8f5d9fbd2135,3,4.79
31ece703-f961-4e8e-a5c5-cd5c5b47e3db,Verificar Factura,f65f0bd7-27f5-4b8c-9641-94729f51744a,15,14.27
3c4d5e6f-7a8b-9c0d-1e2f-3a4b5c6d7e8f,Revisión de Seguridad,2b549288-04a4-4705-bcd0-0332b683df27,10,10.27
439df689-d1cf-41c3-883c-1b7713fe68e5,Verificar Factura,4cd6a83f-a8b6-4b56-854d-5d3693ec4ab4,1,3.8
4c5d6e7f-8a9b-0c1d-2e3f-4a5b6c7d8e9f,Subir Borrador,2084f511-720a-4096-80cd-5bc9b91cf5b6,6,8.85
a7b21cc3-d8cf-48af-8bb0-22cba4567e9b,Feedback de Manager,db614129-bb28-4b41-8a46-bea1444c388c,8,11.27
5c6d7e8f-9a0b-1c2d-3e4f-5a6b7c8d9e0f,Solicitar Adelanto,eccb7c0d-52a7-4143-baad-ebee05361b50,10,16.49
111e9d86-cbd2-45ff-a809-4072bbe6a4d0,Inicio de la solicitud,2e310583-c106-4f2c-a6c3-c4b12ec30658,3,7.19
a7b21cc3-d8cf-48af-8bb0-22cba4567e9b,Inicio de la solicitud,7949fc3c-9284-40a0-8161-7b39cf9f9b2d,0,2.49
6c7d8e9f-0a1b-2c3d-4e5f-6a7b8c9d0e1f,Habilitar Permisos,7949fc3c-9284-40a0-8161-7b39cf9f9b2d,8,10.51
bd9966b2-5fa2-4a4b-b924-59e817a5e756,Consolidar Gastos,f615b16b-8fd1-43c9-97c0-a65e08960291,0,6.09
f5ba7581-b2ac-4b3a-830e-64ab112f975a,Cerrar Accesos,2b549288-04a4-4705-bcd0-0332b683df27,2,5.12
5c6d7e8f-9a0b-1c2d-3e4f-5a6b7c8d9e0f,Aprobación Presupuesto,7949fc3c-9284-40a0-8161-7b39cf9f9b2d,0,10.79
5c6d7e8f-9a0b-1c2d-3e4f-5a6b7c8d9e0f,Procesar Transferencia,2e310583-c106-4f2c-a6c3-c4b12ec30658,4,8.95
000a3793-827e-4616-84f9-0a23863e0a35,Entrega del Equipo,8490fcc8-7f53-4704-ac48-99b48356b21c,5,7.63
6720c739-1916-432b-b392-e698dcfd8112,Validar Elegibilidad,e04f861d-b880-4d7f-bf03-59ce8e435929,10,13.02
31ece703-f961-4e8e-a5c5-cd5c5b47e3db,Solicitar Adelanto,4cd6a83f-a8b6-4b56-854d-5d3693ec4ab4,0,5.29
6c7d8e9f-0a1b-2c3d-4e5f-6a7b8c9d0e1f,Revisión Gerencial,f615b16b-8fd1-43c9-97c0-a65e08960291,15,15.25
9c0d1e2f-3a4b-5c6d-7e8f-9a0b1c2d3e4f,Revisión Gerencial,bebe41a9-85fc-43f3-a125-5c7f72b0898d,13,12.28
000a3793-827e-4616-84f9-0a23863e0a35,Revisión Contable,8490fcc8-7f53-4704-ac48-99b48356b21c,6,6.4
0e1f2a3b-4c5d-6e7f-8a9b-0c1d2e3f4a5b,Preparar Firma,3f72a8b2-777b-43c8-ba37-8f5d9fbd2135,2,4.89
7c8d9e0f-1a2b-3c4d-5e6f-7a8b9c0d1e2f,Inicio del Proceso,e1c69265-87e8-417b-b13a-2ae72c53d4e3,7,10.99
6720c739-1916-432b-b392-e698dcfd8112,Revisión Gerencial,eccb7c0d-52a7-4143-baad-ebee05361b50,2,6.43
a7b21cc3-d8cf-48af-8bb0-22cba4567e9b,Aprobación Presupuesto,d9b58f63-b601-433e-9861-2bf2ad90eeb6,13,14.75
7c8d9e0f-1a2b-3c4d-5e6f-7a8b9c0d1e2f,Verificar Factura,0eea38fa-f85e-4c73-b47b-0a1985db1227,6,8.04
6720c739-1916-432b-b392-e698dcfd8112,Solicitar Adelanto,e04f861d-b880-4d7f-bf03-59ce8e435929,5,9.93
f5ba7581-b2ac-4b3a-830e-64ab112f975a,Feedback de Manager,d9b58f63-b601-433e-9861-2bf2ad90eeb6,10,12.6
8c9d0e1f-2a3b-4c5d-6e7f-8a9b0c1d2e3f,Revisión Gerencial,8490fcc8-7f53-4704-ac48-99b48356b21c,9,14.91
6c7d8e9f-0a1b-2c3d-4e5f-6a7b8c9d0e1f,Especificar Servidores,e121cbea-1209-4fe7-ad22-6cf09caf5b95,1,3.93
f5ba7581-b2ac-4b3a-830e-64ab112f975a,Aprobación del manager,0eea38fa-f85e-4c73-b47b-0a1985db1227,14,13.32
3c4d5e6f-7a8b-9c0d-1e2f-3a4b5c6d7e8f,Revisión Gerencial,db614129-bb28-4b41-8a46-bea1444c388c,7,8.56
a7b21cc3-d8cf-48af-8bb0-22cba4567e9b,Aprobación del manager,14791e8e-28e4-4f61-9593-d7a2653d97a3,4,5.65
3c4d5e6f-7a8b-9c0d-1e2f-3a4b5c6d7e8f,Aprobación Presupuesto,f615b16b-8fd1-43c9-97c0-a65e08960291,8,9.66
f5ba7581-b2ac-4b3a-830e-64ab112f975a,Cerrar Accesos,14791e8e-28e4-4f61-9593-d7a2653d97a3,10,11.06
bd9966b2-5fa2-4a4b-b924-59e817a5e756,Aprobar Presupuesto,f65f0bd7-27f5-4b8c-9641-94729f51744a,5,6.74
111e9d86-cbd2-45ff-a809-4072bbe6a4d0,Subir Borrador,d9b58f63-b601-433e-9861-2bf2ad90eeb6,4,6.62
111e9d86-cbd2-45ff-a809-4072bbe6a4d0,Procesar Transferencia,2e310583-c106-4f2c-a6c3-c4b12ec30658,8,10.17
6720c739-1916-432b-b392-e698dcfd8112,Verificar Stock,d9b58f63-b601-433e-9861-2bf2ad90eeb6,3,8.94
f5ba7581-b2ac-4b3a-830e-64ab112f975a,Inicio del Proceso,e04f861d-b880-4d7f-bf03-59ce8e435929,8,11.97
5c6d7e8f-9a0b-1c2d-3e4f-5a6b7c8d9e0f,Especificar Servidores,a9eff785-5679-4a1b-91ef-6ca8712ddd18,1,7.93
993a46fb-a0b2-4d2c-88eb-11ab1c3d4e8c,Pago de Liquidación,0eea38fa-f85e-4c73-b47b-0a1985db1227,12,16.9
000a3793-827e-4616-84f9-0a23863e0a35,Habilitar Permisos,eccb7c0d-52a7-4143-baad-ebee05361b50,10,10.95
6720c739-1916-432b-b392-e698dcfd8112,Verificar Stock,14791e8e-28e4-4f61-9593-d7a2653d97a3,13,14.8
a7b21cc3-d8cf-48af-8bb0-22cba4567e9b,Validar Comercial,bebe41a9-85fc-43f3-a125-5c7f72b0898d,5,7.79
f5ba7581-b2ac-4b3a-830e-64ab112f975a,Iniciar Baja,f615b16b-8fd1-43c9-97c0-a65e08960291,13,13.55
bd9966b2-5fa2-4a4b-b924-59e817a5e756,Procesar Transferencia,d822aaf2-81c6-4054-b63b-a2bec2d53509,12,12.12
6c7d8e9f-0a1b-2c3d-4e5f-6a7b8c9d0e1f,Procesar Transferencia,7949fc3c-9284-40a0-8161-7b39cf9f9b2d,11,13.72
3c4d5e6f-7a8b-9c0d-1e2f-3a4b5c6d7e8f,Consolidar Gastos,2e310583-c106-4f2c-a6c3-c4b12ec30658,7,8.6
bd9966b2-5fa2-4a4b-b924-59e817a5e756,Reunión Bienvenida,f65f0bd7-27f5-4b8c-9641-94729f51744a,2,4.32
000a3793-827e-4616-84f9-0a23863e0a35,Aprobar Presupuesto,c017087e-fcbc-4f47-ae54-78008d243fbf,0,4.88
9c0d1e2f-3a4b-5c6d-7e8f-9a0b1c2d3e4f,Validación de RRHH,7949fc3c-9284-40a0-8161-7b39cf9f9b2d,2,3.22
a7b21cc3-d8cf-48af-8bb0-22cba4567e9b,Pago de Liquidación,7949fc3c-9284-40a0-8161-7b39cf9f9b2d,7,8.65
31ece703-f961-4e8e-a5c5-cd5c5b47e3db,Aprobación Costos,eccb7c0d-52a7-4143-baad-ebee05361b50,15,13.8
000a3793-827e-4616-84f9-0a23863e0a35,Especificar Licencia,2e310583-c106-4f2c-a6c3-c4b12ec30658,6,8.45
111e9d86-cbd2-45ff-a809-4072bbe6a4d0,Validar Elegibilidad,c017087e-fcbc-4f47-ae54-78008d243fbf,0,4.94
a7b21cc3-d8cf-48af-8bb0-22cba4567e9b,Aprobación Presupuesto,14791e8e-28e4-4f61-9593-d7a2653d97a3,13,15.72
8c9d0e1f-2a3b-4c5d-6e7f-8a9b0c1d2e3f,Aprobar Presupuesto,14791e8e-28e4-4f61-9593-d7a2653d97a3,1,7.54
a7b21cc3-d8cf-48af-8bb0-22cba4567e9b,Dispersión de Fondos,0eea38fa-f85e-4c73-b47b-0a1985db1227,13,15.89
9c0d1e2f-3a4b-5c6d-7e8f-9a0b1c2d3e4f,Validar Comercial,8490fcc8-7f53-4704-ac48-99b48356b21c,13,12.0
111e9d86-cbd2-45ff-a809-4072bbe6a4d0,Firma Director,e04f861d-b880-4d7f-bf03-59ce8e435929,1,5.31
0e1f2a3b-4c5d-6e7f-8a9b-0c1d2e3f4a5b,Revisión Gerencial,d822aaf2-81c6-4054-b63b-a2bec2d53509,8,8.29
f5ba7581-b2ac-4b3a-830e-64ab112f975a,Inicio de la solicitud,bebe41a9-85fc-43f3-a125-5c7f72b0898d,1,2.84
9c0d1e2f-3a4b-5c6d-7e8f-9a0b1c2d3e4f,Consolidación de RRHH,f65f0bd7-27f5-4b8c-9641-94729f51744a,6,9.36
4c5d6e7f-8a9b-0c1d-2e3f-4a5b6c7d8e9f,Instalar Licencia,d9b58f63-b601-433e-9861-2bf2ad90eeb6,11,12.38
0e1f2a3b-4c5d-6e7f-8a9b-0c1d2e3f4a5b,Firma Director,2084f511-720a-4096-80cd-5bc9b91cf5b6,6,6.87
2c3d4e5f-6a7b-8c9d-0e1f-2a3b4c5d6e7f,Entrega del Equipo,2b549288-04a4-4705-bcd0-0332b683df27,14,13.29
993a46fb-a0b2-4d2c-88eb-11ab1c3d4e8c,Validar Elegibilidad,d822aaf2-81c6-4054-b63b-a2bec2d53509,3,10.79
111e9d86-cbd2-45ff-a809-4072bbe6a4d0,Validar Comercial,2e310583-c106-4f2c-a6c3-c4b12ec30658,9,10.39
5c6d7e8f-9a0b-1c2d-3e4f-5a6b7c8d9e0f,Pago de Liquidación,f65f0bd7-27f5-4b8c-9641-94729f51744a,10,15.41
5c6d7e8f-9a0b-1c2d-3e4f-5a6b7c8d9e0f,Pago de Liquidación,f65f0bd7-27f5-4b8c-9641-94729f51744a,8,11.75
000a3793-827e-4616-84f9-0a23863e0a35,Revisión Contable,eccb7c0d-52a7-4143-baad-ebee05361b50,15,16.08
8c9d0e1f-2a3b-4c5d-6e7f-8a9b0c1d2e3f,Inicio del Proceso,f65f0bd7-27f5-4b8c-9641-94729f51744a,6,13.64
111e9d86-cbd2-45ff-a809-4072bbe6a4d0,Dispersión de Fondos,bebe41a9-85fc-43f3-a125-5c7f72b0898d,8,9.12
6c7d8e9f-0a1b-2c3d-4e5f-6a7b8c9d0e1f,Inicio del Proceso,e1c69265-87e8-417b-b13a-2ae72c53d4e3,3,6.48
993a46fb-a0b2-4d2c-88eb-11ab1c3d4e8c,Firma Director,7949fc3c-9284-40a0-8161-7b39cf9f9b2d,6,9.51
a7b21cc3-d8cf-48af-8bb0-22cba4567e9b,Evaluación Técnica,14791e8e-28e4-4f61-9593-d7a2653d97a3,15,16.53
993a46fb-a0b2-4d2c-88eb-11ab1c3d4e8c,Validar Elegibilidad,2e310583-c106-4f2c-a6c3-c4b12ec30658,5,12.81
6c7d8e9f-0a1b-2c3d-4e5f-6a7b8c9d0e1f,Iniciar Baja,2e310583-c106-4f2c-a6c3-c4b12ec30658,3,6.36
993a46fb-a0b2-4d2c-88eb-11ab1c3d4e8c,Dispersión de Fondos,db614129-bb28-4b41-8a46-bea1444c388c,4,11.86
993a46fb-a0b2-4d2c-88eb-11ab1c3d4e8c,Inicio de la solicitud,d822aaf2-81c6-4054-b63b-a2bec2d53509,9,11.92
993a46fb-a0b2-4d2c-88eb-11ab1c3d4e8c,Setup Tecnológico,e121cbea-1209-4fe7-ad22-6cf09caf5b95,0,4.92
7c8d9e0f-1a2b-3c4d-5e6f-7a8b9c0d1e2f,Instalar Licencia,8490fcc8-7f53-4704-ac48-99b48356b21c,15,15.12
993a46fb-a0b2-4d2c-88eb-11ab1c3d4e8c,Revisión Contable,14791e8e-28e4-4f61-9593-d7a2653d97a3,1,7.23
6c7d8e9f-0a1b-2c3d-4e5f-6a7b8c9d0e1f,Autorización Gerencia,2b549288-04a4-4705-bcd0-0332b683df27,15,14.64
bd9966b2-5fa2-4a4b-b924-59e817a5e756,Consolidar Gastos,f615b16b-8fd1-43c9-97c0-a65e08960291,15,16.07
31ece703-f961-4e8e-a5c5-cd5c5b47e3db,Iniciar Baja,f65f0bd7-27f5-4b8c-9641-94729f51744a,7,7.96
3c4d5e6f-7a8b-9c0d-1e2f-3a4b5c6d7e8f,Verificar Stock,db614129-bb28-4b41-8a46-bea1444c388c,8,12.1
5c6d7e8f-9a0b-1c2d-3e4f-5a6b7c8d9e0f,Aprobación del manager,f615b16b-8fd1-43c9-97c0-a65e08960291,13,17.33
6c7d8e9f-0a1b-2c3d-4e5f-6a7b8c9d0e1f,Consolidación de RRHH,2b549288-04a4-4705-bcd0-0332b683df27,3,7.35
31ece703-f961-4e8e-a5c5-cd5c5b47e3db,Reunión Bienvenida,8490fcc8-7f53-4704-ac48-99b48356b21c,1,4.83
8c9d0e1f-2a3b-4c5d-6e7f-8a9b0c1d2e3f,Detallar Curso,8490fcc8-7f53-4704-ac48-99b48356b21c,10,16.82
9c0d1e2f-3a4b-5c6d-7e8f-9a0b1c2d3e4f,Revisión de Seguridad,8490fcc8-7f53-4704-ac48-99b48356b21c,14,12.99
111e9d86-cbd2-45ff-a809-4072bbe6a4d0,Entrega del Equipo,f615b16b-8fd1-43c9-97c0-a65e08960291,13,14.73
993a46fb-a0b2-4d2c-88eb-11ab1c3d4e8c,Presentar Requerimiento,0eea38fa-f85e-4c73-b47b-0a1985db1227,13,14.91
000a3793-827e-4616-84f9-0a23863e0a35,Instalar Licencia,0eea38fa-f85e-4c73-b47b-0a1985db1227,13,16.38
31ece703-f961-4e8e-a5c5-cd5c5b47e3db,Habilitar Permisos,2e310583-c106-4f2c-a6c3-c4b12ec30658,7,7.08
5c6d7e8f-9a0b-1c2d-3e4f-5a6b7c8d9e0f,Especificar Licencia,eccb7c0d-52a7-4143-baad-ebee05361b50,8,11.7
9c0d1e2f-3a4b-5c6d-7e8f-9a0b1c2d3e4f,Verificar Factura,87f8e8d1-83e9-4ddb-9be0-fc955228db6d,10,9.37
f5ba7581-b2ac-4b3a-830e-64ab112f975a,Especificar Servidores,bebe41a9-85fc-43f3-a125-5c7f72b0898d,14,14.58
2c3d4e5f-6a7b-8c9d-0e1f-2a3b4c5d6e7f,Procesar Transferencia,8490fcc8-7f53-4704-ac48-99b48356b21c,10,11.57
2c3d4e5f-6a7b-8c9d-0e1f-2a3b4c5d6e7f,Iniciar Baja,7949fc3c-9284-40a0-8161-7b39cf9f9b2d,14,14.77
a7b21cc3-d8cf-48af-8bb0-22cba4567e9b,Validación de RRHH,a9eff785-5679-4a1b-91ef-6ca8712ddd18,14,17.26
8c9d0e1f-2a3b-4c5d-6e7f-8a9b0c1d2e3f,Registrar Recibos,7949fc3c-9284-40a0-8161-7b39cf9f9b2d,8,14.57
8c9d0e1f-2a3b-4c5d-6e7f-8a9b0c1d2e3f,Especificar Licencia,d822aaf2-81c6-4054-b63b-a2bec2d53509,12,19.33
6c7d8e9f-0a1b-2c3d-4e5f-6a7b8c9d0e1f,Revisión de Seguridad,4cd6a83f-a8b6-4b56-854d-5d3693ec4ab4,7,6.32
111e9d86-cbd2-45ff-a809-4072bbe6a4d0,Revisión de Seguridad,87f8e8d1-83e9-4ddb-9be0-fc955228db6d,9,12.17
2c3d4e5f-6a7b-8c9d-0e1f-2a3b4c5d6e7f,Revisión Contable,14791e8e-28e4-4f61-9593-d7a2653d97a3,3,4.52
5c6d7e8f-9a0b-1c2d-3e4f-5a6b7c8d9e0f,Autorización Gerencia,2e310583-c106-4f2c-a6c3-c4b12ec30658,3,6.88
8c9d0e1f-2a3b-4c5d-6e7f-8a9b0c1d2e3f,Cerrar Accesos,db614129-bb28-4b41-8a46-bea1444c388c,7,12.43
bd9966b2-5fa2-4a4b-b924-59e817a5e756,Consolidación de RRHH,e04f861d-b880-4d7f-bf03-59ce8e435929,10,13.04
9c0d1e2f-3a4b-5c6d-7e8f-9a0b1c2d3e4f,Enviar solicitud de vacaciones,d822aaf2-81c6-4054-b63b-a2bec2d53509,15,14.88
6c7d8e9f-0a1b-2c3d-4e5f-6a7b8c9d0e1f,Aprobación Presupuesto,87f8e8d1-83e9-4ddb-9be0-fc955228db6d,9,11.53
993a46fb-a0b2-4d2c-88eb-11ab1c3d4e8c,Feedback de Manager,eccb7c0d-52a7-4143-baad-ebee05361b50,13,15.65
6720c739-1916-432b-b392-e698dcfd8112,Enviar solicitud de vacaciones,e1c69265-87e8-417b-b13a-2ae72c53d4e3,6,8.34
4c5d6e7f-8a9b-0c1d-2e3f-4a5b6c7d8e9f,Feedback de Manager,db614129-bb28-4b41-8a46-bea1444c388c,6,8.03
6c7d8e9f-0a1b-2c3d-4e5f-6a7b8c9d0e1f,Aprobación Costos,2e310583-c106-4f2c-a6c3-c4b12ec30658,8,7.51
a7b21cc3-d8cf-48af-8bb0-22cba4567e9b,Cerrar Accesos,2e310583-c106-4f2c-a6c3-c4b12ec30658,2,5.31
4c5d6e7f-8a9b-0c1d-2e3f-4a5b6c7d8e9f,Aprobar Presupuesto,2e310583-c106-4f2c-a6c3-c4b12ec30658,7,9.12
8c9d0e1f-2a3b-4c5d-6e7f-8a9b0c1d2e3f,Iniciar Baja,f615b16b-8fd1-43c9-97c0-a65e08960291,1,9.46
f5ba7581-b2ac-4b3a-830e-64ab112f975a,Inicio del Proceso,8490fcc8-7f53-4704-ac48-99b48356b21c,2,8.01
2c3d4e5f-6a7b-8c9d-0e1f-2a3b4c5d6e7f,Iniciar Baja,8490fcc8-7f53-4704-ac48-99b48356b21c,8,11.4
6c7d8e9f-0a1b-2c3d-4e5f-6a7b8c9d0e1f,Cerrar Accesos,a9eff785-5679-4a1b-91ef-6ca8712ddd18,12,11.41
3c4d5e6f-7a8b-9c0d-1e2f-3a4b5c6d7e8f,Autorización Gerencia,2084f511-720a-4096-80cd-5bc9b91cf5b6,5,8.71
993a46fb-a0b2-4d2c-88eb-11ab1c3d4e8c,Especificar Licencia,f65f0bd7-27f5-4b8c-9641-94729f51744a,4,9.53
6720c739-1916-432b-b392-e698dcfd8112,Preparar Firma,2e310583-c106-4f2c-a6c3-c4b12ec30658,13,13.38
a7b21cc3-d8cf-48af-8bb0-22cba4567e9b,Revisión Gerencial,14791e8e-28e4-4f61-9593-d7a2653d97a3,15,13.84
7c8d9e0f-1a2b-3c4d-5e6f-7a8b9c0d1e2f,Aprobación Presupuesto,bebe41a9-85fc-43f3-a125-5c7f72b0898d,8,11.33
3c4d5e6f-7a8b-9c0d-1e2f-3a4b5c6d7e8f,Registrar Recibos,2b549288-04a4-4705-bcd0-0332b683df27,12,13.89
2c3d4e5f-6a7b-8c9d-0e1f-2a3b4c5d6e7f,Enviar solicitud de vacaciones,eccb7c0d-52a7-4143-baad-ebee05361b50,10,11.46
7c8d9e0f-1a2b-3c4d-5e6f-7a8b9c0d1e2f,Consolidación de RRHH,0eea38fa-f85e-4c73-b47b-0a1985db1227,13,12.5
bd9966b2-5fa2-4a4b-b924-59e817a5e756,Validación de RRHH,0eea38fa-f85e-4c73-b47b-0a1985db1227,15,13.48
993a46fb-a0b2-4d2c-88eb-11ab1c3d4e8c,Verificar Stock,e121cbea-1209-4fe7-ad22-6cf09caf5b95,6,11.09
5c6d7e8f-9a0b-1c2d-3e4f-5a6b7c8d9e0f,Procesar Transferencia,c017087e-fcbc-4f47-ae54-78008d243fbf,6,11.58
993a46fb-a0b2-4d2c-88eb-11ab1c3d4e8c,Aprobación de Pago,2e310583-c106-4f2c-a6c3-c4b12ec30658,9,14.14
439df689-d1cf-41c3-883c-1b7713fe68e5,Solicitar Adelanto,2084f511-720a-4096-80cd-5bc9b91cf5b6,5,6.45
993a46fb-a0b2-4d2c-88eb-11ab1c3d4e8c,Dispersión de Fondos,bebe41a9-85fc-43f3-a125-5c7f72b0898d,8,12.9
3c4d5e6f-7a8b-9c0d-1e2f-3a4b5c6d7e8f,Aprobación Presupuesto,87f8e8d1-83e9-4ddb-9be0-fc955228db6d,10,12.65
3c4d5e6f-7a8b-9c0d-1e2f-3a4b5c6d7e8f,Consolidación de RRHH,d9b58f63-b601-433e-9861-2bf2ad90eeb6,8,10.59
6720c739-1916-432b-b392-e698dcfd8112,Revisión Contable,2e310583-c106-4f2c-a6c3-c4b12ec30658,13,13.37
993a46fb-a0b2-4d2c-88eb-11ab1c3d4e8c,Reunión Bienvenida,8490fcc8-7f53-4704-ac48-99b48356b21c,14,18.62
2c3d4e5f-6a7b-8c9d-0e1f-2a3b4c5d6e7f,Evaluación Técnica,87f8e8d1-83e9-4ddb-9be0-fc955228db6d,13,13.97
8c9d0e1f-2a3b-4c5d-6e7f-8a9b0c1d2e3f,Enviar solicitud de vacaciones,0eea38fa-f85e-4c73-b47b-0a1985db1227,1,6.65
5c6d7e8f-9a0b-1c2d-3e4f-5a6b7c8d9e0f,Presentar Requerimiento,2b549288-04a4-4705-bcd0-0332b683df27,8,11.84
111e9d86-cbd2-45ff-a809-4072bbe6a4d0,Revisión Gerencial,2b549288-04a4-4705-bcd0-0332b683df27,10,12.92
f5ba7581-b2ac-4b3a-830e-64ab112f975a,Aprobación del manager,bebe41a9-85fc-43f3-a125-5c7f72b0898d,11,14.17
2c3d4e5f-6a7b-8c9d-0e1f-2a3b4c5d6e7f,Registrar Recibos,4cd6a83f-a8b6-4b56-854d-5d3693ec4ab4,10,11.3
7c8d9e0f-1a2b-3c4d-5e6f-7a8b9c0d1e2f,Autoevaluación,2084f511-720a-4096-80cd-5bc9b91cf5b6,6,7.3
5c6d7e8f-9a0b-1c2d-3e4f-5a6b7c8d9e0f,Aprobación Presupuesto,f65f0bd7-27f5-4b8c-9641-94729f51744a,4,11.29
7c8d9e0f-1a2b-3c4d-5e6f-7a8b9c0d1e2f,Presentar Requerimiento,f65f0bd7-27f5-4b8c-9641-94729f51744a,11,11.12
bd9966b2-5fa2-4a4b-b924-59e817a5e756,Verificar Stock,7949fc3c-9284-40a0-8161-7b39cf9f9b2d,0,3.07
4c5d6e7f-8a9b-0c1d-2e3f-4a5b6c7d8e9f,Registrar Recibos,3f72a8b2-777b-43c8-ba37-8f5d9fbd2135,8,9.3
bd9966b2-5fa2-4a4b-b924-59e817a5e756,Autoevaluación,2084f511-720a-4096-80cd-5bc9b91cf5b6,1,5.5
6c7d8e9f-0a1b-2c3d-4e5f-6a7b8c9d0e1f,Subir Borrador,2b549288-04a4-4705-bcd0-0332b683df27,13,12.47
0e1f2a3b-4c5d-6e7f-8a9b-0c1d2e3f4a5b,Autoevaluación,14791e8e-28e4-4f61-9593-d7a2653d97a3,0,1.61
6720c739-1916-432b-b392-e698dcfd8112,Cerrar Accesos,7949fc3c-9284-40a0-8161-7b39cf9f9b2d,9,8.65
439df689-d1cf-41c3-883c-1b7713fe68e5,Preparar Firma,14791e8e-28e4-4f61-9593-d7a2653d97a3,1,5.63
000a3793-827e-4616-84f9-0a23863e0a35,Aprobación del manager,7949fc3c-9284-40a0-8161-7b39cf9f9b2d,6,8.23
9c0d1e2f-3a4b-5c6d-7e8f-9a0b1c2d3e4f,Autorización Gerencia,bebe41a9-85fc-43f3-a125-5c7f72b0898d,8,9.24
4c5d6e7f-8a9b-0c1d-2e3f-4a5b6c7d8e9f,Preparar Firma,db614129-bb28-4b41-8a46-bea1444c388c,5,7.99
111e9d86-cbd2-45ff-a809-4072bbe6a4d0,Consolidar Gastos,c017087e-fcbc-4f47-ae54-78008d243fbf,15,16.01
6720c739-1916-432b-b392-e698dcfd8112,Habilitar Permisos,d822aaf2-81c6-4054-b63b-a2bec2d53509,4,5.89
6c7d8e9f-0a1b-2c3d-4e5f-6a7b8c9d0e1f,Aprobación Presupuesto,0eea38fa-f85e-4c73-b47b-0a1985db1227,11,11.22
111e9d86-cbd2-45ff-a809-4072bbe6a4d0,Validación de RRHH,4cd6a83f-a8b6-4b56-854d-5d3693ec4ab4,1,3.77
2c3d4e5f-6a7b-8c9d-0e1f-2a3b4c5d6e7f,Consolidación de RRHH,2e310583-c106-4f2c-a6c3-c4b12ec30658,14,16.77
3c4d5e6f-7a8b-9c0d-1e2f-3a4b5c6d7e8f,Especificar Servidores,d822aaf2-81c6-4054-b63b-a2bec2d53509,1,3.4
a7b21cc3-d8cf-48af-8bb0-22cba4567e9b,Reunión Bienvenida,f65f0bd7-27f5-4b8c-9641-94729f51744a,5,5.67
7c8d9e0f-1a2b-3c4d-5e6f-7a8b9c0d1e2f,Inicio de la solicitud,0eea38fa-f85e-4c73-b47b-0a1985db1227,9,8.2
111e9d86-cbd2-45ff-a809-4072bbe6a4d0,Pago de Liquidación,7949fc3c-9284-40a0-8161-7b39cf9f9b2d,3,7.35
0e1f2a3b-4c5d-6e7f-8a9b-0c1d2e3f4a5b,Especificar Servidores,e121cbea-1209-4fe7-ad22-6cf09caf5b95,10,10.18
0e1f2a3b-4c5d-6e7f-8a9b-0c1d2e3f4a5b,Cerrar Accesos,3f72a8b2-777b-43c8-ba37-8f5d9fbd2135,15,12.28
f5ba7581-b2ac-4b3a-830e-64ab112f975a,Aprobar Presupuesto,e1c69265-87e8-417b-b13a-2ae72c53d4e3,14,16.04
993a46fb-a0b2-4d2c-88eb-11ab1c3d4e8c,Revisión de Seguridad,8490fcc8-7f53-4704-ac48-99b48356b21c,10,13.55
7c8d9e0f-1a2b-3c4d-5e6f-7a8b9c0d1e2f,Cerrar Accesos,c017087e-fcbc-4f47-ae54-78008d243fbf,1,3.41
6c7d8e9f-0a1b-2c3d-4e5f-6a7b8c9d0e1f,Enviar solicitud de vacaciones,a9eff785-5679-4a1b-91ef-6ca8712ddd18,6,7.86
6c7d8e9f-0a1b-2c3d-4e5f-6a7b8c9d0e1f,Presentar Requerimiento,f615b16b-8fd1-43c9-97c0-a65e08960291,14,12.65
5c6d7e8f-9a0b-1c2d-3e4f-5a6b7c8d9e0f,Dispersión de Fondos,bebe41a9-85fc-43f3-a125-5c7f72b0898d,7,11.39
f5ba7581-b2ac-4b3a-830e-64ab112f975a,Evaluación Técnica,eccb7c0d-52a7-4143-baad-ebee05361b50,4,6.83
f5ba7581-b2ac-4b3a-830e-64ab112f975a,Aprobación de Pago,db614129-bb28-4b41-8a46-bea1444c388c,7,10.73
3c4d5e6f-7a8b-9c0d-1e2f-3a4b5c6d7e8f,Inicio del Proceso,d9b58f63-b601-433e-9861-2bf2ad90eeb6,5,8.27
f5ba7581-b2ac-4b3a-830e-64ab112f975a,Instalar Licencia,3f72a8b2-777b-43c8-ba37-8f5d9fbd2135,4,5.62
111e9d86-cbd2-45ff-a809-4072bbe6a4d0,Detallar Curso,d9b58f63-b601-433e-9861-2bf2ad90eeb6,3,8.47
993a46fb-a0b2-4d2c-88eb-11ab1c3d4e8c,Autorización Gerencia,4cd6a83f-a8b6-4b56-854d-5d3693ec4ab4,5,8.48
7c8d9e0f-1a2b-3c4d-5e6f-7a8b9c0d1e2f,Solicitar Adelanto,f65f0bd7-27f5-4b8c-9641-94729f51744a,11,11.78
9c0d1e2f-3a4b-5c6d-7e8f-9a0b1c2d3e4f,Consolidación de RRHH,4cd6a83f-a8b6-4b56-854d-5d3693ec4ab4,4,5.41
3c4d5e6f-7a8b-9c0d-1e2f-3a4b5c6d7e8f,Preparar Firma,14791e8e-28e4-4f61-9593-d7a2653d97a3,15,14.86
5c6d7e8f-9a0b-1c2d-3e4f-5a6b7c8d9e0f,Cerrar Accesos,2e310583-c106-4f2c-a6c3-c4b12ec30658,3,6.6
0e1f2a3b-4c5d-6e7f-8a9b-0c1d2e3f4a5b,Revisión Gerencial,e04f861d-b880-4d7f-bf03-59ce8e435929,9,8.81
993a46fb-a0b2-4d2c-88eb-11ab1c3d4e8c,Instalar Licencia,7949fc3c-9284-40a0-8161-7b39cf9f9b2d,2,6.11
7c8d9e0f-1a2b-3c4d-5e6f-7a8b9c0d1e2f,Pago de Liquidación,e04f861d-b880-4d7f-bf03-59ce8e435929,7,9.7
439df689-d1cf-41c3-883c-1b7713fe68e5,Procesar Transferencia,0eea38fa-f85e-4c73-b47b-0a1985db1227,2,5.59
5c6d7e8f-9a0b-1c2d-3e4f-5a6b7c8d9e0f,Autoevaluación,bebe41a9-85fc-43f3-a125-5c7f72b0898d,10,14.94
6720c739-1916-432b-b392-e698dcfd8112,Validación de RRHH,87f8e8d1-83e9-4ddb-9be0-fc955228db6d,4,7.62
a7b21cc3-d8cf-48af-8bb0-22cba4567e9b,Validación de RRHH,d9b58f63-b601-433e-9861-2bf2ad90eeb6,6,8.3
bd9966b2-5fa2-4a4b-b924-59e817a5e756,Instalar Licencia,f65f0bd7-27f5-4b8c-9641-94729f51744a,3,4.72
6c7d8e9f-0a1b-2c3d-4e5f-6a7b8c9d0e1f,Setup Tecnológico,d9b58f63-b601-433e-9861-2bf2ad90eeb6,5,8.01
31ece703-f961-4e8e-a5c5-cd5c5b47e3db,Consolidación de RRHH,f65f0bd7-27f5-4b8c-9641-94729f51744a,2,6.33
f5ba7581-b2ac-4b3a-830e-64ab112f975a,Inicio del Proceso,2b549288-04a4-4705-bcd0-0332b683df27,14,14.04
993a46fb-a0b2-4d2c-88eb-11ab1c3d4e8c,Presentar Requerimiento,db614129-bb28-4b41-8a46-bea1444c388c,4,9.56
6c7d8e9f-0a1b-2c3d-4e5f-6a7b8c9d0e1f,Inicio del Proceso,d9b58f63-b601-433e-9861-2bf2ad90eeb6,11,14.46
a7b21cc3-d8cf-48af-8bb0-22cba4567e9b,Inicio de la solicitud,f615b16b-8fd1-43c9-97c0-a65e08960291,15,16.07
2c3d4e5f-6a7b-8c9d-0e1f-2a3b4c5d6e7f,Procesar Transferencia,db614129-bb28-4b41-8a46-bea1444c388c,2,3.64
5c6d7e8f-9a0b-1c2d-3e4f-5a6b7c8d9e0f,Revisión Gerencial,3f72a8b2-777b-43c8-ba37-8f5d9fbd2135,5,12.5
6720c739-1916-432b-b392-e698dcfd8112,Autoevaluación,eccb7c0d-52a7-4143-baad-ebee05361b50,11,11.2
31ece703-f961-4e8e-a5c5-cd5c5b47e3db,Feedback de Manager,e04f861d-b880-4d7f-bf03-59ce8e435929,5,8.4
0e1f2a3b-4c5d-6e7f-8a9b-0c1d2e3f4a5b,Verificar Factura,2b549288-04a4-4705-bcd0-0332b683df27,1,2.82
f5ba7581-b2ac-4b3a-830e-64ab112f975a,Inicio de la solicitud,e1c69265-87e8-417b-b13a-2ae72c53d4e3,8,8.41
5c6d7e8f-9a0b-1c2d-3e4f-5a6b7c8d9e0f,Revisión Contable,f615b16b-8fd1-43c9-97c0-a65e08960291,0,6.36
f5ba7581-b2ac-4b3a-830e-64ab112f975a,Presentar Requerimiento,d822aaf2-81c6-4054-b63b-a2bec2d53509,5,8.15
0e1f2a3b-4c5d-6e7f-8a9b-0c1d2e3f4a5b,Setup Tecnológico,87f8e8d1-83e9-4ddb-9be0-fc955228db6d,10,8.79
7c8d9e0f-1a2b-3c4d-5e6f-7a8b9c0d1e2f,Aprobación del manager,0eea38fa-f85e-4c73-b47b-0a1985db1227,0,3.98
5c6d7e8f-9a0b-1c2d-3e4f-5a6b7c8d9e0f,Iniciar Baja,bebe41a9-85fc-43f3-a125-5c7f72b0898d,8,12.66
f5ba7581-b2ac-4b3a-830e-64ab112f975a,Verificar Stock,e1c69265-87e8-417b-b13a-2ae72c53d4e3,14,13.67
3c4d5e6f-7a8b-9c0d-1e2f-3a4b5c6d7e8f,Aprobación Presupuesto,e04f861d-b880-4d7f-bf03-59ce8e435929,5,8.77
8c9d0e1f-2a3b-4c5d-6e7f-8a9b0c1d2e3f,Instalar Licencia,0eea38fa-f85e-4c73-b47b-0a1985db1227,6,11.56
4c5d6e7f-8a9b-0c1d-2e3f-4a5b6c7d8e9f,Procesar Transferencia,8490fcc8-7f53-4704-ac48-99b48356b21c,13,15.65
000a3793-827e-4616-84f9-0a23863e0a35,Preparar Firma,e1c69265-87e8-417b-b13a-2ae72c53d4e3,0,3.3
2c3d4e5f-6a7b-8c9d-0e1f-2a3b4c5d6e7f,Aprobación de Pago,d9b58f63-b601-433e-9861-2bf2ad90eeb6,15,14.47
6c7d8e9f-0a1b-2c3d-4e5f-6a7b8c9d0e1f,Enviar solicitud de vacaciones,4cd6a83f-a8b6-4b56-854d-5d3693ec4ab4,1,2.07
993a46fb-a0b2-4d2c-88eb-11ab1c3d4e8c,Validación de RRHH,d822aaf2-81c6-4054-b63b-a2bec2d53509,8,9.77
f5ba7581-b2ac-4b3a-830e-64ab112f975a,Consolidar Gastos,eccb7c0d-52a7-4143-baad-ebee05361b50,14,14.53
439df689-d1cf-41c3-883c-1b7713fe68e5,Revisión de Seguridad,e04f861d-b880-4d7f-bf03-59ce8e435929,9,12.34
2c3d4e5f-6a7b-8c9d-0e1f-2a3b4c5d6e7f,Autoevaluación,7949fc3c-9284-40a0-8161-7b39cf9f9b2d,13,13.4
111e9d86-cbd2-45ff-a809-4072bbe6a4d0,Habilitar Permisos,eccb7c0d-52a7-4143-baad-ebee05361b50,11,12.52
a7b21cc3-d8cf-48af-8bb0-22cba4567e9b,Verificar Stock,2b549288-04a4-4705-bcd0-0332b683df27,3,5.23
5c6d7e8f-9a0b-1c2d-3e4f-5a6b7c8d9e0f,Presentar Requerimiento,db614129-bb28-4b41-8a46-bea1444c388c,7,12.08
a7b21cc3-d8cf-48af-8bb0-22cba4567e9b,Inicio de la solicitud,3f72a8b2-777b-43c8-ba37-8f5d9fbd2135,11,11.39
bd9966b2-5fa2-4a4b-b924-59e817a5e756,Enviar solicitud de vacaciones,0eea38fa-f85e-4c73-b47b-0a1985db1227,7,11.0
993a46fb-a0b2-4d2c-88eb-11ab1c3d4e8c,Validar Comercial,f615b16b-8fd1-43c9-97c0-a65e08960291,11,15.26
3c4d5e6f-7a8b-9c0d-1e2f-3a4b5c6d7e8f,Validar Comercial,db614129-bb28-4b41-8a46-bea1444c388c,7,9.61
0e1f2a3b-4c5d-6e7f-8a9b-0c1d2e3f4a5b,Revisión de Seguridad,d822aaf2-81c6-4054-b63b-a2bec2d53509,9,10.05
000a3793-827e-4616-84f9-0a23863e0a35,Feedback de Manager,a9eff785-5679-4a1b-91ef-6ca8712ddd18,5,6.56
993a46fb-a0b2-4d2c-88eb-11ab1c3d4e8c,Validar Capacitación,87f8e8d1-83e9-4ddb-9be0-fc955228db6d,13,18.3
6720c739-1916-432b-b392-e698dcfd8112,Especificar Licencia,8490fcc8-7f53-4704-ac48-99b48356b21c,3,4.8
000a3793-827e-4616-84f9-0a23863e0a35,Presentar Requerimiento,d9b58f63-b601-433e-9861-2bf2ad90eeb6,10,11.58
8c9d0e1f-2a3b-4c5d-6e7f-8a9b0c1d2e3f,Cerrar Accesos,f615b16b-8fd1-43c9-97c0-a65e08960291,7,12.14
4c5d6e7f-8a9b-0c1d-2e3f-4a5b6c7d8e9f,Autorización Gerencia,d9b58f63-b601-433e-9861-2bf2ad90eeb6,11,10.09
439df689-d1cf-41c3-883c-1b7713fe68e5,Aprobación del manager,db614129-bb28-4b41-8a46-bea1444c388c,0,2.79
7c8d9e0f-1a2b-3c4d-5e6f-7a8b9c0d1e2f,Entrega del Equipo,db614129-bb28-4b41-8a46-bea1444c388c,7,9.63
0e1f2a3b-4c5d-6e7f-8a9b-0c1d2e3f4a5b,Cerrar Accesos,7949fc3c-9284-40a0-8161-7b39cf9f9b2d,9,8.22
a7b21cc3-d8cf-48af-8bb0-22cba4567e9b,Inicio del Proceso,2084f511-720a-4096-80cd-5bc9b91cf5b6,1,7.22
a7b21cc3-d8cf-48af-8bb0-22cba4567e9b,Subir Borrador,2e310583-c106-4f2c-a6c3-c4b12ec30658,10,13.89
8c9d0e1f-2a3b-4c5d-6e7f-8a9b0c1d2e3f,Firma Director,eccb7c0d-52a7-4143-baad-ebee05361b50,4,13.26
4c5d6e7f-8a9b-0c1d-2e3f-4a5b6c7d8e9f,Validación de RRHH,2e310583-c106-4f2c-a6c3-c4b12ec30658,1,5.58
3c4d5e6f-7a8b-9c0d-1e2f-3a4b5c6d7e8f,Enviar solicitud de vacaciones,3f72a8b2-777b-43c8-ba37-8f5d9fbd2135,10,11.65
000a3793-827e-4616-84f9-0a23863e0a35,Verificar Stock,d9b58f63-b601-433e-9861-2bf2ad90eeb6,1,4.01
111e9d86-cbd2-45ff-a809-4072bbe6a4d0,Evaluación Técnica,eccb7c0d-52a7-4143-baad-ebee05361b50,10,12.61
111e9d86-cbd2-45ff-a809-4072bbe6a4d0,Verificar Factura,bebe41a9-85fc-43f3-a125-5c7f72b0898d,10,12.94
000a3793-827e-4616-84f9-0a23863e0a35,Firma Director,87f8e8d1-83e9-4ddb-9be0-fc955228db6d,7,9.09
4c5d6e7f-8a9b-0c1d-2e3f-4a5b6c7d8e9f,Validar Capacitación,d822aaf2-81c6-4054-b63b-a2bec2d53509,2,2.81
4c5d6e7f-8a9b-0c1d-2e3f-4a5b6c7d8e9f,Feedback de Manager,d822aaf2-81c6-4054-b63b-a2bec2d53509,3,6.68
4c5d6e7f-8a9b-0c1d-2e3f-4a5b6c7d8e9f,Verificar Factura,eccb7c0d-52a7-4143-baad-ebee05361b50,5,5.62
111e9d86-cbd2-45ff-a809-4072bbe6a4d0,Pago de Liquidación,bebe41a9-85fc-43f3-a125-5c7f72b0898d,6,9.2
4c5d6e7f-8a9b-0c1d-2e3f-4a5b6c7d8e9f,Instalar Licencia,2b549288-04a4-4705-bcd0-0332b683df27,12,12.65
111e9d86-cbd2-45ff-a809-4072bbe6a4d0,Cerrar Accesos,eccb7c0d-52a7-4143-baad-ebee05361b50,6,8.58
a7b21cc3-d8cf-48af-8bb0-22cba4567e9b,Subir Borrador,2e310583-c106-4f2c-a6c3-c4b12ec30658,13,13.29
8c9d0e1f-2a3b-4c5d-6e7f-8a9b0c1d2e3f,Verificar Stock,7949fc3c-9284-40a0-8161-7b39cf9f9b2d,0,3.82
7c8d9e0f-1a2b-3c4d-5e6f-7a8b9c0d1e2f,Autorización Gerencia,a9eff785-5679-4a1b-91ef-6ca8712ddd18,6,8.3
f5ba7581-b2ac-4b3a-830e-64ab112f975a,Autoevaluación,7949fc3c-9284-40a0-8161-7b39cf9f9b2d,13,14.71
000a3793-827e-4616-84f9-0a23863e0a35,Aprobación Costos,d822aaf2-81c6-4054-b63b-a2bec2d53509,1,5.62
5c6d7e8f-9a0b-1c2d-3e4f-5a6b7c8d9e0f,Registrar Recibos,bebe41a9-85fc-43f3-a125-5c7f72b0898d,9,13.03
2c3d4e5f-6a7b-8c9d-0e1f-2a3b4c5d6e7f,Solicitar Adelanto,0eea38fa-f85e-4c73-b47b-0a1985db1227,14,13.61
8c9d0e1f-2a3b-4c5d-6e7f-8a9b0c1d2e3f,Enviar solicitud de vacaciones,0eea38fa-f85e-4c73-b47b-0a1985db1227,3,9.94
000a3793-827e-4616-84f9-0a23863e0a35,Cerrar Accesos,f615b16b-8fd1-43c9-97c0-a65e08960291,8,11.51
993a46fb-a0b2-4d2c-88eb-11ab1c3d4e8c,Especificar Licencia,c017087e-fcbc-4f47-ae54-78008d243fbf,0,6.5
9c0d1e2f-3a4b-5c6d-7e8f-9a0b1c2d3e4f,Setup Tecnológico,14791e8e-28e4-4f61-9593-d7a2653d97a3,0,4.1
5c6d7e8f-9a0b-1c2d-3e4f-5a6b7c8d9e0f,Detallar Curso,e121cbea-1209-4fe7-ad22-6cf09caf5b95,4,7.82
000a3793-827e-4616-84f9-0a23863e0a35,Procesar Transferencia,a9eff785-5679-4a1b-91ef-6ca8712ddd18,0,3.08
2c3d4e5f-6a7b-8c9d-0e1f-2a3b4c5d6e7f,Reunión Bienvenida,8490fcc8-7f53-4704-ac48-99b48356b21c,1,3.76
000a3793-827e-4616-84f9-0a23863e0a35,Aprobación Costos,bebe41a9-85fc-43f3-a125-5c7f72b0898d,11,10.33
0e1f2a3b-4c5d-6e7f-8a9b-0c1d2e3f4a5b,Inicio de la solicitud,eccb7c0d-52a7-4143-baad-ebee05361b50,12,11.47
6c7d8e9f-0a1b-2c3d-4e5f-6a7b8c9d0e1f,Inicio de la solicitud,e121cbea-1209-4fe7-ad22-6cf09caf5b95,14,12.86
6c7d8e9f-0a1b-2c3d-4e5f-6a7b8c9d0e1f,Verificar Stock,2b549288-04a4-4705-bcd0-0332b683df27,5,9.09
bd9966b2-5fa2-4a4b-b924-59e817a5e756,Validar Capacitación,7949fc3c-9284-40a0-8161-7b39cf9f9b2d,14,13.53
bd9966b2-5fa2-4a4b-b924-59e817a5e756,Consolidación de RRHH,e121cbea-1209-4fe7-ad22-6cf09caf5b95,2,7.84
993a46fb-a0b2-4d2c-88eb-11ab1c3d4e8c,Setup Tecnológico,eccb7c0d-52a7-4143-baad-ebee05361b50,9,11.83
0e1f2a3b-4c5d-6e7f-8a9b-0c1d2e3f4a5b,Revisión Contable,c017087e-fcbc-4f47-ae54-78008d243fbf,7,8.45
9c0d1e2f-3a4b-5c6d-7e8f-9a0b1c2d3e4f,Iniciar Baja,e04f861d-b880-4d7f-bf03-59ce8e435929,1,5.4
111e9d86-cbd2-45ff-a809-4072bbe6a4d0,Enviar solicitud de vacaciones,7949fc3c-9284-40a0-8161-7b39cf9f9b2d,10,11.22
7c8d9e0f-1a2b-3c4d-5e6f-7a8b9c0d1e2f,Aprobación del manager,d822aaf2-81c6-4054-b63b-a2bec2d53509,14,13.32
993a46fb-a0b2-4d2c-88eb-11ab1c3d4e8c,Firma Director,2b549288-04a4-4705-bcd0-0332b683df27,3,9.61
8c9d0e1f-2a3b-4c5d-6e7f-8a9b0c1d2e3f,Solicitar Adelanto,d822aaf2-81c6-4054-b63b-a2bec2d53509,0,7.57
993a46fb-a0b2-4d2c-88eb-11ab1c3d4e8c,Validar Comercial,3f72a8b2-777b-43c8-ba37-8f5d9fbd2135,11,14.7
6720c739-1916-432b-b392-e698dcfd8112,Revisión Contable,e121cbea-1209-4fe7-ad22-6cf09caf5b95,10,10.33
6c7d8e9f-0a1b-2c3d-4e5f-6a7b8c9d0e1f,Feedback de Manager,e04f861d-b880-4d7f-bf03-59ce8e435929,12,15.3
9c0d1e2f-3a4b-5c6d-7e8f-9a0b1c2d3e4f,Validar Elegibilidad,a9eff785-5679-4a1b-91ef-6ca8712ddd18,8,9.46
111e9d86-cbd2-45ff-a809-4072bbe6a4d0,Solicitar Adelanto,eccb7c0d-52a7-4143-baad-ebee05361b50,10,13.93
7c8d9e0f-1a2b-3c4d-5e6f-7a8b9c0d1e2f,Inicio de la solicitud,f615b16b-8fd1-43c9-97c0-a65e08960291,0,4.13
000a3793-827e-4616-84f9-0a23863e0a35,Instalar Licencia,a9eff785-5679-4a1b-91ef-6ca8712ddd18,8,10.63
6c7d8e9f-0a1b-2c3d-4e5f-6a7b8c9d0e1f,Revisión Contable,e1c69265-87e8-417b-b13a-2ae72c53d4e3,13,15.15
8c9d0e1f-2a3b-4c5d-6e7f-8a9b0c1d2e3f,Feedback de Manager,d9b58f63-b601-433e-9861-2bf2ad90eeb6,6,10.18
2c3d4e5f-6a7b-8c9d-0e1f-2a3b4c5d6e7f,Verificar Factura,f65f0bd7-27f5-4b8c-9641-94729f51744a,13,14.41
31ece703-f961-4e8e-a5c5-cd5c5b47e3db,Especificar Servidores,87f8e8d1-83e9-4ddb-9be0-fc955228db6d,9,12.64
6c7d8e9f-0a1b-2c3d-4e5f-6a7b8c9d0e1f,Verificar Stock,eccb7c0d-52a7-4143-baad-ebee05361b50,6,11.01
0e1f2a3b-4c5d-6e7f-8a9b-0c1d2e3f4a5b,Entrega del Equipo,2e310583-c106-4f2c-a6c3-c4b12ec30658,10,9.22
f5ba7581-b2ac-4b3a-830e-64ab112f975a,Feedback de Manager,e1c69265-87e8-417b-b13a-2ae72c53d4e3,4,7.55
2c3d4e5f-6a7b-8c9d-0e1f-2a3b4c5d6e7f,Firma Director,4cd6a83f-a8b6-4b56-854d-5d3693ec4ab4,12,11.45
3c4d5e6f-7a8b-9c0d-1e2f-3a4b5c6d7e8f,Inicio del Proceso,a9eff785-5679-4a1b-91ef-6ca8712ddd18,2,4.49
000a3793-827e-4616-84f9-0a23863e0a35,Feedback de Manager,7949fc3c-9284-40a0-8161-7b39cf9f9b2d,2,7.8
8c9d0e1f-2a3b-4c5d-6e7f-8a9b0c1d2e3f,Reunión Bienvenida,2084f511-720a-4096-80cd-5bc9b91cf5b6,5,12.72
2c3d4e5f-6a7b-8c9d-0e1f-2a3b4c5d6e7f,Aprobación Costos,f615b16b-8fd1-43c9-97c0-a65e08960291,1,3.87
5c6d7e8f-9a0b-1c2d-3e4f-5a6b7c8d9e0f,Revisión Contable,2e310583-c106-4f2c-a6c3-c4b12ec30658,6,10.74
6c7d8e9f-0a1b-2c3d-4e5f-6a7b8c9d0e1f,Aprobación Costos,2e310583-c106-4f2c-a6c3-c4b12ec30658,2,4.23
6720c739-1916-432b-b392-e698dcfd8112,Aprobación del manager,f615b16b-8fd1-43c9-97c0-a65e08960291,9,10.53
f5ba7581-b2ac-4b3a-830e-64ab112f975a,Validar Capacitación,e1c69265-87e8-417b-b13a-2ae72c53d4e3,15,14.21
439df689-d1cf-41c3-883c-1b7713fe68e5,Solicitar Adelanto,bebe41a9-85fc-43f3-a125-5c7f72b0898d,1,6.9
31ece703-f961-4e8e-a5c5-cd5c5b47e3db,Aprobación Presupuesto,3f72a8b2-777b-43c8-ba37-8f5d9fbd2135,9,9.66
31ece703-f961-4e8e-a5c5-cd5c5b47e3db,Evaluación Técnica,3f72a8b2-777b-43c8-ba37-8f5d9fbd2135,12,12.11
f5ba7581-b2ac-4b3a-830e-64ab112f975a,Registrar Recibos,f65f0bd7-27f5-4b8c-9641-94729f51744a,1,5.03
a7b21cc3-d8cf-48af-8bb0-22cba4567e9b,Cerrar Accesos,14791e8e-28e4-4f61-9593-d7a2653d97a3,6,7.53
9c0d1e2f-3a4b-5c6d-7e8f-9a0b1c2d3e4f,Autorización Gerencia,db614129-bb28-4b41-8a46-bea1444c388c,4,6.59
6c7d8e9f-0a1b-2c3d-4e5f-6a7b8c9d0e1f,Aprobación de Pago,14791e8e-28e4-4f61-9593-d7a2653d97a3,12,11.93
6720c739-1916-432b-b392-e698dcfd8112,Procesar Transferencia,87f8e8d1-83e9-4ddb-9be0-fc955228db6d,2,5.96
111e9d86-cbd2-45ff-a809-4072bbe6a4d0,Revisión Gerencial,d822aaf2-81c6-4054-b63b-a2bec2d53509,1,3.24
f5ba7581-b2ac-4b3a-830e-64ab112f975a,Inicio del Proceso,c017087e-fcbc-4f47-ae54-78008d243fbf,0,5.98
a7b21cc3-d8cf-48af-8bb0-22cba4567e9b,Consolidar Gastos,7949fc3c-9284-40a0-8161-7b39cf9f9b2d,13,16.38
3c4d5e6f-7a8b-9c0d-1e2f-3a4b5c6d7e8f,Especificar Licencia,f615b16b-8fd1-43c9-97c0-a65e08960291,0,4.85
6c7d8e9f-0a1b-2c3d-4e5f-6a7b8c9d0e1f,Pago de Liquidación,bebe41a9-85fc-43f3-a125-5c7f72b0898d,1,4.45
8c9d0e1f-2a3b-4c5d-6e7f-8a9b0c1d2e3f,Habilitar Permisos,7949fc3c-9284-40a0-8161-7b39cf9f9b2d,1,6.4
4c5d6e7f-8a9b-0c1d-2e3f-4a5b6c7d8e9f,Inicio del Proceso,e121cbea-1209-4fe7-ad22-6cf09caf5b95,13,13.05
9c0d1e2f-3a4b-5c6d-7e8f-9a0b1c2d3e4f,Especificar Licencia,e121cbea-1209-4fe7-ad22-6cf09caf5b95,11,12.4
993a46fb-a0b2-4d2c-88eb-11ab1c3d4e8c,Revisión Contable,f65f0bd7-27f5-4b8c-9641-94729f51744a,4,6.65
a7b21cc3-d8cf-48af-8bb0-22cba4567e9b,Verificar Factura,3f72a8b2-777b-43c8-ba37-8f5d9fbd2135,14,14.6
bd9966b2-5fa2-4a4b-b924-59e817a5e756,Validar Elegibilidad,2e310583-c106-4f2c-a6c3-c4b12ec30658,6,10.94
439df689-d1cf-41c3-883c-1b7713fe68e5,Detallar Curso,db614129-bb28-4b41-8a46-bea1444c388c,11,13.76
a7b21cc3-d8cf-48af-8bb0-22cba4567e9b,Validar Comercial,7949fc3c-9284-40a0-8161-7b39cf9f9b2d,6,8.88
a7b21cc3-d8cf-48af-8bb0-22cba4567e9b,Evaluación Técnica,87f8e8d1-83e9-4ddb-9be0-fc955228db6d,4,6.65
111e9d86-cbd2-45ff-a809-4072bbe6a4d0,Entrega del Equipo,3f72a8b2-777b-43c8-ba37-8f5d9fbd2135,11,13.09
2c3d4e5f-6a7b-8c9d-0e1f-2a3b4c5d6e7f,Cerrar Accesos,4cd6a83f-a8b6-4b56-854d-5d3693ec4ab4,3,6.08
6c7d8e9f-0a1b-2c3d-4e5f-6a7b8c9d0e1f,Inicio del Proceso,db614129-bb28-4b41-8a46-bea1444c388c,1,4.81
f5ba7581-b2ac-4b3a-830e-64ab112f975a,Aprobación del manager,2e310583-c106-4f2c-a6c3-c4b12ec30658,15,14.48
111e9d86-cbd2-45ff-a809-4072bbe6a4d0,Verificar Factura,c017087e-fcbc-4f47-ae54-78008d243fbf,5,6.43
7c8d9e0f-1a2b-3c4d-5e6f-7a8b9c0d1e2f,Instalar Licencia,e04f861d-b880-4d7f-bf03-59ce8e435929,9,9.55
f5ba7581-b2ac-4b3a-830e-64ab112f975a,Especificar Licencia,2084f511-720a-4096-80cd-5bc9b91cf5b6,3,5.86
439df689-d1cf-41c3-883c-1b7713fe68e5,Dispersión de Fondos,d9b58f63-b601-433e-9861-2bf2ad90eeb6,7,10.45
bd9966b2-5fa2-4a4b-b924-59e817a5e756,Dispersión de Fondos,2084f511-720a-4096-80cd-5bc9b91cf5b6,15,15.21
439df689-d1cf-41c3-883c-1b7713fe68e5,Aprobación Presupuesto,a9eff785-5679-4a1b-91ef-6ca8712ddd18,10,11.14
6720c739-1916-432b-b392-e698dcfd8112,Firma Director,2b549288-04a4-4705-bcd0-0332b683df27,6,7.63
6720c739-1916-432b-b392-e698dcfd8112,Inicio del Proceso,f65f0bd7-27f5-4b8c-9641-94729f51744a,13,12.16
6720c739-1916-432b-b392-e698dcfd8112,Autorización Gerencia,eccb7c0d-52a7-4143-baad-ebee05361b50,7,10.45
a7b21cc3-d8cf-48af-8bb0-22cba4567e9b,Cerrar Accesos,8490fcc8-7f53-4704-ac48-99b48356b21c,4,4.83
993a46fb-a0b2-4d2c-88eb-11ab1c3d4e8c,Cerrar Accesos,8490fcc8-7f53-4704-ac48-99b48356b21c,10,14.03
5c6d7e8f-9a0b-1c2d-3e4f-5a6b7c8d9e0f,Entrega del Equipo,eccb7c0d-52a7-4143-baad-ebee05361b50,6,11.05
000a3793-827e-4616-84f9-0a23863e0a35,Aprobar Presupuesto,d9b58f63-b601-433e-9861-2bf2ad90eeb6,0,2.68
000a3793-827e-4616-84f9-0a23863e0a35,Validar Elegibilidad,d9b58f63-b601-433e-9861-2bf2ad90eeb6,9,11.33
bd9966b2-5fa2-4a4b-b924-59e817a5e756,Reunión Bienvenida,3f72a8b2-777b-43c8-ba37-8f5d9fbd2135,10,9.46
6720c739-1916-432b-b392-e698dcfd8112,Enviar solicitud de vacaciones,bebe41a9-85fc-43f3-a125-5c7f72b0898d,9,10.68
7c8d9e0f-1a2b-3c4d-5e6f-7a8b9c0d1e2f,Firma Director,0eea38fa-f85e-4c73-b47b-0a1985db1227,5,6.57
3c4d5e6f-7a8b-9c0d-1e2f-3a4b5c6d7e8f,Instalar Licencia,f615b16b-8fd1-43c9-97c0-a65e08960291,1,4.93
993a46fb-a0b2-4d2c-88eb-11ab1c3d4e8c,Validación de RRHH,e04f861d-b880-4d7f-bf03-59ce8e435929,0,4.53
4c5d6e7f-8a9b-0c1d-2e3f-4a5b6c7d8e9f,Solicitar Adelanto,d9b58f63-b601-433e-9861-2bf2ad90eeb6,11,12.35
000a3793-827e-4616-84f9-0a23863e0a35,Evaluación Técnica,2e310583-c106-4f2c-a6c3-c4b12ec30658,11,12.85
000a3793-827e-4616-84f9-0a23863e0a35,Autoevaluación,2084f511-720a-4096-80cd-5bc9b91cf5b6,15,16.24
8c9d0e1f-2a3b-4c5d-6e7f-8a9b0c1d2e3f,Especificar Licencia,2084f511-720a-4096-80cd-5bc9b91cf5b6,6,13.22
993a46fb-a0b2-4d2c-88eb-11ab1c3d4e8c,Evaluación Técnica,bebe41a9-85fc-43f3-a125-5c7f72b0898d,8,15.44
3c4d5e6f-7a8b-9c0d-1e2f-3a4b5c6d7e8f,Aprobación de Pago,a9eff785-5679-4a1b-91ef-6ca8712ddd18,2,6.74
8c9d0e1f-2a3b-4c5d-6e7f-8a9b0c1d2e3f,Especificar Licencia,f65f0bd7-27f5-4b8c-9641-94729f51744a,13,16.0
f5ba7581-b2ac-4b3a-830e-64ab112f975a,Revisión de Seguridad,0eea38fa-f85e-4c73-b47b-0a1985db1227,14,15.24
3c4d5e6f-7a8b-9c0d-1e2f-3a4b5c6d7e8f,Evaluación Técnica,c017087e-fcbc-4f47-ae54-78008d243fbf,13,13.6
439df689-d1cf-41c3-883c-1b7713fe68e5,Validar Comercial,e121cbea-1209-4fe7-ad22-6cf09caf5b95,11,12.85
6720c739-1916-432b-b392-e698dcfd8112,Registrar Recibos,2b549288-04a4-4705-bcd0-0332b683df27,13,12.61
f5ba7581-b2ac-4b3a-830e-64ab112f975a,Validación de RRHH,14791e8e-28e4-4f61-9593-d7a2653d97a3,4,5.76
2c3d4e5f-6a7b-8c9d-0e1f-2a3b4c5d6e7f,Preparar Firma,14791e8e-28e4-4f61-9593-d7a2653d97a3,14,12.55
2c3d4e5f-6a7b-8c9d-0e1f-2a3b4c5d6e7f,Habilitar Permisos,f65f0bd7-27f5-4b8c-9641-94729f51744a,11,12.8
8c9d0e1f-2a3b-4c5d-6e7f-8a9b0c1d2e3f,Pago de Liquidación,e121cbea-1209-4fe7-ad22-6cf09caf5b95,7,12.28
6720c739-1916-432b-b392-e698dcfd8112,Evaluación Técnica,eccb7c0d-52a7-4143-baad-ebee05361b50,6,8.82
993a46fb-a0b2-4d2c-88eb-11ab1c3d4e8c,Pago de Liquidación,0eea38fa-f85e-4c73-b47b-0a1985db1227,14,15.7
31ece703-f961-4e8e-a5c5-cd5c5b47e3db,Procesar Transferencia,2084f511-720a-4096-80cd-5bc9b91cf5b6,14,17.13
6720c739-1916-432b-b392-e698dcfd8112,Preparar Firma,f615b16b-8fd1-43c9-97c0-a65e08960291,5,8.69
6c7d8e9f-0a1b-2c3d-4e5f-6a7b8c9d0e1f,Inicio de la solicitud,bebe41a9-85fc-43f3-a125-5c7f72b0898d,8,11.66
3c4d5e6f-7a8b-9c0d-1e2f-3a4b5c6d7e8f,Evaluación Técnica,87f8e8d1-83e9-4ddb-9be0-fc955228db6d,6,8.17
5c6d7e8f-9a0b-1c2d-3e4f-5a6b7c8d9e0f,Aprobación Costos,d9b58f63-b601-433e-9861-2bf2ad90eeb6,2,5.67
6c7d8e9f-0a1b-2c3d-4e5f-6a7b8c9d0e1f,Feedback de Manager,d9b58f63-b601-433e-9861-2bf2ad90eeb6,9,10.85
8c9d0e1f-2a3b-4c5d-6e7f-8a9b0c1d2e3f,Autoevaluación,2b549288-04a4-4705-bcd0-0332b683df27,2,9.72
9c0d1e2f-3a4b-5c6d-7e8f-9a0b1c2d3e4f,Autorización Gerencia,7949fc3c-9284-40a0-8161-7b39cf9f9b2d,13,15.17
439df689-d1cf-41c3-883c-1b7713fe68e5,Aprobación Costos,3f72a8b2-777b-43c8-ba37-8f5d9fbd2135,9,10.59
3c4d5e6f-7a8b-9c0d-1e2f-3a4b5c6d7e8f,Firma Director,bebe41a9-85fc-43f3-a125-5c7f72b0898d,5,6.53
111e9d86-cbd2-45ff-a809-4072bbe6a4d0,Reunión Bienvenida,c017087e-fcbc-4f47-ae54-78008d243fbf,14,13.62
4c5d6e7f-8a9b-0c1d-2e3f-4a5b6c7d8e9f,Habilitar Permisos,2e310583-c106-4f2c-a6c3-c4b12ec30658,2,6.16
bd9966b2-5fa2-4a4b-b924-59e817a5e756,Feedback de Manager,2084f511-720a-4096-80cd-5bc9b91cf5b6,7,8.12
3c4d5e6f-7a8b-9c0d-1e2f-3a4b5c6d7e8f,Especificar Servidores,a9eff785-5679-4a1b-91ef-6ca8712ddd18,5,7.04
0e1f2a3b-4c5d-6e7f-8a9b-0c1d2e3f4a5b,Especificar Licencia,87f8e8d1-83e9-4ddb-9be0-fc955228db6d,2,4.22
000a3793-827e-4616-84f9-0a23863e0a35,Instalar Licencia,f65f0bd7-27f5-4b8c-9641-94729f51744a,12,12.7
6720c739-1916-432b-b392-e698dcfd8112,Revisión de Seguridad,e121cbea-1209-4fe7-ad22-6cf09caf5b95,5,8.91
6c7d8e9f-0a1b-2c3d-4e5f-6a7b8c9d0e1f,Firma Director,e1c69265-87e8-417b-b13a-2ae72c53d4e3,12,11.45
111e9d86-cbd2-45ff-a809-4072bbe6a4d0,Verificar Factura,bebe41a9-85fc-43f3-a125-5c7f72b0898d,15,14.21
439df689-d1cf-41c3-883c-1b7713fe68e5,Validar Capacitación,14791e8e-28e4-4f61-9593-d7a2653d97a3,10,11.76
31ece703-f961-4e8e-a5c5-cd5c5b47e3db,Revisión Contable,f615b16b-8fd1-43c9-97c0-a65e08960291,7,10.31
439df689-d1cf-41c3-883c-1b7713fe68e5,Registrar Recibos,8490fcc8-7f53-4704-ac48-99b48356b21c,10,9.07
439df689-d1cf-41c3-883c-1b7713fe68e5,Pago de Liquidación,2084f511-720a-4096-80cd-5bc9b91cf5b6,4,5.27
a7b21cc3-d8cf-48af-8bb0-22cba4567e9b,Aprobación Costos,f65f0bd7-27f5-4b8c-9641-94729f51744a,1,4.06
9c0d1e2f-3a4b-5c6d-7e8f-9a0b1c2d3e4f,Aprobar Presupuesto,f615b16b-8fd1-43c9-97c0-a65e08960291,2,7.16
8c9d0e1f-2a3b-4c5d-6e7f-8a9b0c1d2e3f,Autoevaluación,e1c69265-87e8-417b-b13a-2ae72c53d4e3,13,16.66
a7b21cc3-d8cf-48af-8bb0-22cba4567e9b,Firma Director,f65f0bd7-27f5-4b8c-9641-94729f51744a,12,14.67
111e9d86-cbd2-45ff-a809-4072bbe6a4d0,Validar Comercial,d822aaf2-81c6-4054-b63b-a2bec2d53509,12,13.69
4c5d6e7f-8a9b-0c1d-2e3f-4a5b6c7d8e9f,Aprobación de Pago,2084f511-720a-4096-80cd-5bc9b91cf5b6,8,8.73
3c4d5e6f-7a8b-9c0d-1e2f-3a4b5c6d7e8f,Instalar Licencia,db614129-bb28-4b41-8a46-bea1444c388c,12,10.22
7c8d9e0f-1a2b-3c4d-5e6f-7a8b9c0d1e2f,Aprobación del manager,a9eff785-5679-4a1b-91ef-6ca8712ddd18,1,5.27
6720c739-1916-432b-b392-e698dcfd8112,Entrega del Equipo,c017087e-fcbc-4f47-ae54-78008d243fbf,9,10.77
4c5d6e7f-8a9b-0c1d-2e3f-4a5b6c7d8e9f,Consolidar Gastos,14791e8e-28e4-4f61-9593-d7a2653d97a3,4,7.69
8c9d0e1f-2a3b-4c5d-6e7f-8a9b0c1d2e3f,Revisión de Seguridad,db614129-bb28-4b41-8a46-bea1444c388c,0,8.6
439df689-d1cf-41c3-883c-1b7713fe68e5,Presentar Requerimiento,c017087e-fcbc-4f47-ae54-78008d243fbf,2,5.92
9c0d1e2f-3a4b-5c6d-7e8f-9a0b1c2d3e4f,Enviar solicitud de vacaciones,e04f861d-b880-4d7f-bf03-59ce8e435929,8,7.71
993a46fb-a0b2-4d2c-88eb-11ab1c3d4e8c,Aprobación Presupuesto,a9eff785-5679-4a1b-91ef-6ca8712ddd18,1,5.39
3c4d5e6f-7a8b-9c0d-1e2f-3a4b5c6d7e8f,Solicitar Adelanto,f65f0bd7-27f5-4b8c-9641-94729f51744a,15,17.73
000a3793-827e-4616-84f9-0a23863e0a35,Especificar Licencia,f615b16b-8fd1-43c9-97c0-a65e08960291,8,9.37
5c6d7e8f-9a0b-1c2d-3e4f-5a6b7c8d9e0f,Pago de Liquidación,14791e8e-28e4-4f61-9593-d7a2653d97a3,0,10.15
3c4d5e6f-7a8b-9c0d-1e2f-3a4b5c6d7e8f,Solicitar Adelanto,14791e8e-28e4-4f61-9593-d7a2653d97a3,4,9.44
6720c739-1916-432b-b392-e698dcfd8112,Aprobación Costos,a9eff785-5679-4a1b-91ef-6ca8712ddd18,14,14.78
993a46fb-a0b2-4d2c-88eb-11ab1c3d4e8c,Aprobar Presupuesto,eccb7c0d-52a7-4143-baad-ebee05361b50,14,18.28
7c8d9e0f-1a2b-3c4d-5e6f-7a8b9c0d1e2f,Revisión Contable,c017087e-fcbc-4f47-ae54-78008d243fbf,15,15.0
f5ba7581-b2ac-4b3a-830e-64ab112f975a,Cerrar Accesos,e121cbea-1209-4fe7-ad22-6cf09caf5b95,15,14.47
7c8d9e0f-1a2b-3c4d-5e6f-7a8b9c0d1e2f,Aprobar Presupuesto,2e310583-c106-4f2c-a6c3-c4b12ec30658,10,9.1
0e1f2a3b-4c5d-6e7f-8a9b-0c1d2e3f4a5b,Verificar Factura,3f72a8b2-777b-43c8-ba37-8f5d9fbd2135,10,7.97
111e9d86-cbd2-45ff-a809-4072bbe6a4d0,Dispersión de Fondos,2e310583-c106-4f2c-a6c3-c4b12ec30658,5,6.75
8c9d0e1f-2a3b-4c5d-6e7f-8a9b0c1d2e3f,Aprobación de Pago,7949fc3c-9284-40a0-8161-7b39cf9f9b2d,7,13.74
9c0d1e2f-3a4b-5c6d-7e8f-9a0b1c2d3e4f,Solicitar Adelanto,d822aaf2-81c6-4054-b63b-a2bec2d53509,9,11.33
5c6d7e8f-9a0b-1c2d-3e4f-5a6b7c8d9e0f,Aprobar Presupuesto,2e310583-c106-4f2c-a6c3-c4b12ec30658,9,12.72
993a46fb-a0b2-4d2c-88eb-11ab1c3d4e8c,Entrega del Equipo,f65f0bd7-27f5-4b8c-9641-94729f51744a,1,6.96
a7b21cc3-d8cf-48af-8bb0-22cba4567e9b,Especificar Licencia,d9b58f63-b601-433e-9861-2bf2ad90eeb6,14,15.22
31ece703-f961-4e8e-a5c5-cd5c5b47e3db,Revisión Contable,4cd6a83f-a8b6-4b56-854d-5d3693ec4ab4,3,8.21
6720c739-1916-432b-b392-e698dcfd8112,Presentar Requerimiento,2b549288-04a4-4705-bcd0-0332b683df27,8,7.85
4c5d6e7f-8a9b-0c1d-2e3f-4a5b6c7d8e9f,Aprobación Costos,f65f0bd7-27f5-4b8c-9641-94729f51744a,3,7.61
a7b21cc3-d8cf-48af-8bb0-22cba4567e9b,Iniciar Baja,87f8e8d1-83e9-4ddb-9be0-fc955228db6d,12,12.94
6720c739-1916-432b-b392-e698dcfd8112,Revisión Gerencial,7949fc3c-9284-40a0-8161-7b39cf9f9b2d,12,14.37
31ece703-f961-4e8e-a5c5-cd5c5b47e3db,Detallar Curso,e1c69265-87e8-417b-b13a-2ae72c53d4e3,8,8.69
5c6d7e8f-9a0b-1c2d-3e4f-5a6b7c8d9e0f,Revisión Gerencial,f65f0bd7-27f5-4b8c-9641-94729f51744a,4,13.24
993a46fb-a0b2-4d2c-88eb-11ab1c3d4e8c,Autorización Gerencia,e1c69265-87e8-417b-b13a-2ae72c53d4e3,9,15.51
000a3793-827e-4616-84f9-0a23863e0a35,Consolidar Gastos,a9eff785-5679-4a1b-91ef-6ca8712ddd18,11,9.65
111e9d86-cbd2-45ff-a809-4072bbe6a4d0,Entrega del Equipo,87f8e8d1-83e9-4ddb-9be0-fc955228db6d,12,10.32
000a3793-827e-4616-84f9-0a23863e0a35,Iniciar Baja,f615b16b-8fd1-43c9-97c0-a65e08960291,15,16.07
a7b21cc3-d8cf-48af-8bb0-22cba4567e9b,Consolidación de RRHH,4cd6a83f-a8b6-4b56-854d-5d3693ec4ab4,3,7.03
111e9d86-cbd2-45ff-a809-4072bbe6a4d0,Feedback de Manager,0eea38fa-f85e-4c73-b47b-0a1985db1227,15,14.27
8c9d0e1f-2a3b-4c5d-6e7f-8a9b0c1d2e3f,Verificar Factura,2b549288-04a4-4705-bcd0-0332b683df27,8,15.34
0e1f2a3b-4c5d-6e7f-8a9b-0c1d2e3f4a5b,Procesar Transferencia,bebe41a9-85fc-43f3-a125-5c7f72b0898d,13,9.79
2c3d4e5f-6a7b-8c9d-0e1f-2a3b4c5d6e7f,Validar Comercial,8490fcc8-7f53-4704-ac48-99b48356b21c,7,9.98
31ece703-f961-4e8e-a5c5-cd5c5b47e3db,Registrar Recibos,d822aaf2-81c6-4054-b63b-a2bec2d53509,13,15.51
4c5d6e7f-8a9b-0c1d-2e3f-4a5b6c7d8e9f,Validar Elegibilidad,eccb7c0d-52a7-4143-baad-ebee05361b50,6,10.48
0e1f2a3b-4c5d-6e7f-8a9b-0c1d2e3f4a5b,Verificar Stock,2b549288-04a4-4705-bcd0-0332b683df27,10,7.9
9c0d1e2f-3a4b-5c6d-7e8f-9a0b1c2d3e4f,Pago de Liquidación,0eea38fa-f85e-4c73-b47b-0a1985db1227,12,13.08
4c5d6e7f-8a9b-0c1d-2e3f-4a5b6c7d8e9f,Especificar Servidores,db614129-bb28-4b41-8a46-bea1444c388c,4,5.04
3c4d5e6f-7a8b-9c0d-1e2f-3a4b5c6d7e8f,Solicitar Adelanto,e04f861d-b880-4d7f-bf03-59ce8e435929,4,6.41
6c7d8e9f-0a1b-2c3d-4e5f-6a7b8c9d0e1f,Revisión Contable,d822aaf2-81c6-4054-b63b-a2bec2d53509,9,13.08
439df689-d1cf-41c3-883c-1b7713fe68e5,Instalar Licencia,e1c69265-87e8-417b-b13a-2ae72c53d4e3,11,12.62
5c6d7e8f-9a0b-1c2d-3e4f-5a6b7c8d9e0f,Registrar Recibos,0eea38fa-f85e-4c73-b47b-0a1985db1227,6,9.23
0e1f2a3b-4c5d-6e7f-8a9b-0c1d2e3f4a5b,Aprobar Presupuesto,2e310583-c106-4f2c-a6c3-c4b12ec30658,4,3.64
7c8d9e0f-1a2b-3c4d-5e6f-7a8b9c0d1e2f,Validar Capacitación,e04f861d-b880-4d7f-bf03-59ce8e435929,12,11.34
9c0d1e2f-3a4b-5c6d-7e8f-9a0b1c2d3e4f,Cerrar Accesos,2b549288-04a4-4705-bcd0-0332b683df27,0,2.18
bd9966b2-5fa2-4a4b-b924-59e817a5e756,Iniciar Baja,e121cbea-1209-4fe7-ad22-6cf09caf5b95,13,16.18
993a46fb-a0b2-4d2c-88eb-11ab1c3d4e8c,Detallar Curso,4cd6a83f-a8b6-4b56-854d-5d3693ec4ab4,15,16.63
bd9966b2-5fa2-4a4b-b924-59e817a5e756,Procesar Transferencia,2084f511-720a-4096-80cd-5bc9b91cf5b6,5,8.19
2c3d4e5f-6a7b-8c9d-0e1f-2a3b4c5d6e7f,Procesar Transferencia,c017087e-fcbc-4f47-ae54-78008d243fbf,7,9.8
9c0d1e2f-3a4b-5c6d-7e8f-9a0b1c2d3e4f,Autoevaluación,db614129-bb28-4b41-8a46-bea1444c388c,6,8.49
6720c739-1916-432b-b392-e698dcfd8112,Inicio de la solicitud,eccb7c0d-52a7-4143-baad-ebee05361b50,15,12.56
2c3d4e5f-6a7b-8c9d-0e1f-2a3b4c5d6e7f,Especificar Servidores,2084f511-720a-4096-80cd-5bc9b91cf5b6,12,11.51
6720c739-1916-432b-b392-e698dcfd8112,Consolidar Gastos,87f8e8d1-83e9-4ddb-9be0-fc955228db6d,13,16.0
5c6d7e8f-9a0b-1c2d-3e4f-5a6b7c8d9e0f,Habilitar Permisos,eccb7c0d-52a7-4143-baad-ebee05361b50,6,10.15
3c4d5e6f-7a8b-9c0d-1e2f-3a4b5c6d7e8f,Aprobar Presupuesto,3f72a8b2-777b-43c8-ba37-8f5d9fbd2135,10,12.36
2c3d4e5f-6a7b-8c9d-0e1f-2a3b4c5d6e7f,Setup Tecnológico,2084f511-720a-4096-80cd-5bc9b91cf5b6,6,9.42
0e1f2a3b-4c5d-6e7f-8a9b-0c1d2e3f4a5b,Aprobación Presupuesto,c017087e-fcbc-4f47-ae54-78008d243fbf,4,5.6
31ece703-f961-4e8e-a5c5-cd5c5b47e3db,Pago de Liquidación,0eea38fa-f85e-4c73-b47b-0a1985db1227,1,3.86
2c3d4e5f-6a7b-8c9d-0e1f-2a3b4c5d6e7f,Setup Tecnológico,f65f0bd7-27f5-4b8c-9641-94729f51744a,4,6.54
7c8d9e0f-1a2b-3c4d-5e6f-7a8b9c0d1e2f,Especificar Servidores,f615b16b-8fd1-43c9-97c0-a65e08960291,10,11.54
111e9d86-cbd2-45ff-a809-4072bbe6a4d0,Instalar Licencia,eccb7c0d-52a7-4143-baad-ebee05361b50,8,9.21
9c0d1e2f-3a4b-5c6d-7e8f-9a0b1c2d3e4f,Especificar Servidores,87f8e8d1-83e9-4ddb-9be0-fc955228db6d,2,4.97
993a46fb-a0b2-4d2c-88eb-11ab1c3d4e8c,Cerrar Accesos,e04f861d-b880-4d7f-bf03-59ce8e435929,15,17.73
2c3d4e5f-6a7b-8c9d-0e1f-2a3b4c5d6e7f,Especificar Servidores,bebe41a9-85fc-43f3-a125-5c7f72b0898d,12,12.19
439df689-d1cf-41c3-883c-1b7713fe68e5,Detallar Curso,db614129-bb28-4b41-8a46-bea1444c388c,3,8.59
6c7d8e9f-0a1b-2c3d-4e5f-6a7b8c9d0e1f,Validar Elegibilidad,4cd6a83f-a8b6-4b56-854d-5d3693ec4ab4,11,12.8
bd9966b2-5fa2-4a4b-b924-59e817a5e756,Validar Elegibilidad,2b549288-04a4-4705-bcd0-0332b683df27,11,10.05
8c9d0e1f-2a3b-4c5d-6e7f-8a9b0c1d2e3f,Presentar Requerimiento,87f8e8d1-83e9-4ddb-9be0-fc955228db6d,13,14.03
9c0d1e2f-3a4b-5c6d-7e8f-9a0b1c2d3e4f,Setup Tecnológico,e121cbea-1209-4fe7-ad22-6cf09caf5b95,12,14.71
2c3d4e5f-6a7b-8c9d-0e1f-2a3b4c5d6e7f,Aprobación Costos,4cd6a83f-a8b6-4b56-854d-5d3693ec4ab4,2,3.84
3c4d5e6f-7a8b-9c0d-1e2f-3a4b5c6d7e8f,Revisión Gerencial,d9b58f63-b601-433e-9861-2bf2ad90eeb6,10,9.88
3c4d5e6f-7a8b-9c0d-1e2f-3a4b5c6d7e8f,Aprobación del manager,e121cbea-1209-4fe7-ad22-6cf09caf5b95,14,15.1
4c5d6e7f-8a9b-0c1d-2e3f-4a5b6c7d8e9f,Validar Elegibilidad,0eea38fa-f85e-4c73-b47b-0a1985db1227,5,9.02
a7b21cc3-d8cf-48af-8bb0-22cba4567e9b,Evaluación Técnica,bebe41a9-85fc-43f3-a125-5c7f72b0898d,5,7.2
000a3793-827e-4616-84f9-0a23863e0a35,Aprobación Presupuesto,f615b16b-8fd1-43c9-97c0-a65e08960291,2,3.15
4c5d6e7f-8a9b-0c1d-2e3f-4a5b6c7d8e9f,Solicitar Adelanto,d9b58f63-b601-433e-9861-2bf2ad90eeb6,11,11.77
8c9d0e1f-2a3b-4c5d-6e7f-8a9b0c1d2e3f,Validar Elegibilidad,f65f0bd7-27f5-4b8c-9641-94729f51744a,4,13.33
111e9d86-cbd2-45ff-a809-4072bbe6a4d0,Validar Capacitación,e121cbea-1209-4fe7-ad22-6cf09caf5b95,6,7.83
7c8d9e0f-1a2b-3c4d-5e6f-7a8b9c0d1e2f,Reunión Bienvenida,bebe41a9-85fc-43f3-a125-5c7f72b0898d,0,6.01
0e1f2a3b-4c5d-6e7f-8a9b-0c1d2e3f4a5b,Aprobar Presupuesto,db614129-bb28-4b41-8a46-bea1444c388c,14,13.39
6c7d8e9f-0a1b-2c3d-4e5f-6a7b8c9d0e1f,Enviar solicitud de vacaciones,f615b16b-8fd1-43c9-97c0-a65e08960291,10,9.02
a7b21cc3-d8cf-48af-8bb0-22cba4567e9b,Presentar Requerimiento,a9eff785-5679-4a1b-91ef-6ca8712ddd18,12,14.35
7c8d9e0f-1a2b-3c4d-5e6f-7a8b9c0d1e2f,Validar Comercial,f65f0bd7-27f5-4b8c-9641-94729f51744a,1,6.05
2c3d4e5f-6a7b-8c9d-0e1f-2a3b4c5d6e7f,Evaluación Técnica,7949fc3c-9284-40a0-8161-7b39cf9f9b2d,13,15.55
31ece703-f961-4e8e-a5c5-cd5c5b47e3db,Dispersión de Fondos,2084f511-720a-4096-80cd-5bc9b91cf5b6,14,16.9
0e1f2a3b-4c5d-6e7f-8a9b-0c1d2e3f4a5b,Instalar Licencia,4cd6a83f-a8b6-4b56-854d-5d3693ec4ab4,15,12.77
a7b21cc3-d8cf-48af-8bb0-22cba4567e9b,Reunión Bienvenida,db614129-bb28-4b41-8a46-bea1444c388c,0,1.44
111e9d86-cbd2-45ff-a809-4072bbe6a4d0,Consolidar Gastos,eccb7c0d-52a7-4143-baad-ebee05361b50,5,8.93
4c5d6e7f-8a9b-0c1d-2e3f-4a5b6c7d8e9f,Reunión Bienvenida,e04f861d-b880-4d7f-bf03-59ce8e435929,5,7.79
111e9d86-cbd2-45ff-a809-4072bbe6a4d0,Especificar Servidores,d822aaf2-81c6-4054-b63b-a2bec2d53509,12,13.91
4c5d6e7f-8a9b-0c1d-2e3f-4a5b6c7d8e9f,Evaluación Técnica,3f72a8b2-777b-43c8-ba37-8f5d9fbd2135,15,16.91
000a3793-827e-4616-84f9-0a23863e0a35,Feedback de Manager,7949fc3c-9284-40a0-8161-7b39cf9f9b2d,0,4.21
439df689-d1cf-41c3-883c-1b7713fe68e5,Consolidar Gastos,87f8e8d1-83e9-4ddb-9be0-fc955228db6d,10,14.08
439df689-d1cf-41c3-883c-1b7713fe68e5,Inicio de la solicitud,e04f861d-b880-4d7f-bf03-59ce8e435929,0,4.67
2c3d4e5f-6a7b-8c9d-0e1f-2a3b4c5d6e7f,Aprobación del manager,2e310583-c106-4f2c-a6c3-c4b12ec30658,4,6.32
31ece703-f961-4e8e-a5c5-cd5c5b47e3db,Firma Director,db614129-bb28-4b41-8a46-bea1444c388c,6,9.3
5c6d7e8f-9a0b-1c2d-3e4f-5a6b7c8d9e0f,Setup Tecnológico,14791e8e-28e4-4f61-9593-d7a2653d97a3,5,11.81
6c7d8e9f-0a1b-2c3d-4e5f-6a7b8c9d0e1f,Aprobación del manager,d9b58f63-b601-433e-9861-2bf2ad90eeb6,9,13.11
6c7d8e9f-0a1b-2c3d-4e5f-6a7b8c9d0e1f,Revisión de Seguridad,0eea38fa-f85e-4c73-b47b-0a1985db1227,13,14.95
31ece703-f961-4e8e-a5c5-cd5c5b47e3db,Verificar Factura,87f8e8d1-83e9-4ddb-9be0-fc955228db6d,1,2.91
bd9966b2-5fa2-4a4b-b924-59e817a5e756,Cerrar Accesos,eccb7c0d-52a7-4143-baad-ebee05361b50,12,13.74
6720c739-1916-432b-b392-e698dcfd8112,Inicio de la solicitud,7949fc3c-9284-40a0-8161-7b39cf9f9b2d,15,15.44
2c3d4e5f-6a7b-8c9d-0e1f-2a3b4c5d6e7f,Presentar Requerimiento,2e310583-c106-4f2c-a6c3-c4b12ec30658,5,8.65
8c9d0e1f-2a3b-4c5d-6e7f-8a9b0c1d2e3f,Aprobación Costos,3f72a8b2-777b-43c8-ba37-8f5d9fbd2135,11,18.29
31ece703-f961-4e8e-a5c5-cd5c5b47e3db,Inicio de la solicitud,2084f511-720a-4096-80cd-5bc9b91cf5b6,6,6.62
111e9d86-cbd2-45ff-a809-4072bbe6a4d0,Validar Elegibilidad,14791e8e-28e4-4f61-9593-d7a2653d97a3,10,10.78
7c8d9e0f-1a2b-3c4d-5e6f-7a8b9c0d1e2f,Instalar Licencia,2084f511-720a-4096-80cd-5bc9b91cf5b6,10,11.33
6c7d8e9f-0a1b-2c3d-4e5f-6a7b8c9d0e1f,Autorización Gerencia,0eea38fa-f85e-4c73-b47b-0a1985db1227,3,7.53
f5ba7581-b2ac-4b3a-830e-64ab112f975a,Especificar Licencia,d822aaf2-81c6-4054-b63b-a2bec2d53509,5,6.85
5c6d7e8f-9a0b-1c2d-3e4f-5a6b7c8d9e0f,Especificar Licencia,2b549288-04a4-4705-bcd0-0332b683df27,2,10.9
2c3d4e5f-6a7b-8c9d-0e1f-2a3b4c5d6e7f,Aprobación Presupuesto,f65f0bd7-27f5-4b8c-9641-94729f51744a,3,7.02
000a3793-827e-4616-84f9-0a23863e0a35,Especificar Licencia,eccb7c0d-52a7-4143-baad-ebee05361b50,4,6.57
2c3d4e5f-6a7b-8c9d-0e1f-2a3b4c5d6e7f,Verificar Stock,db614129-bb28-4b41-8a46-bea1444c388c,7,10.49
5c6d7e8f-9a0b-1c2d-3e4f-5a6b7c8d9e0f,Validar Comercial,87f8e8d1-83e9-4ddb-9be0-fc955228db6d,7,10.24
0e1f2a3b-4c5d-6e7f-8a9b-0c1d2e3f4a5b,Consolidación de RRHH,2b549288-04a4-4705-bcd0-0332b683df27,3,5.83
2c3d4e5f-6a7b-8c9d-0e1f-2a3b4c5d6e7f,Autoevaluación,eccb7c0d-52a7-4143-baad-ebee05361b50,8,10.71
000a3793-827e-4616-84f9-0a23863e0a35,Inicio del Proceso,8490fcc8-7f53-4704-ac48-99b48356b21c,13,13.8
bd9966b2-5fa2-4a4b-b924-59e817a5e756,Subir Borrador,14791e8e-28e4-4f61-9593-d7a2653d97a3,11,10.79
439df689-d1cf-41c3-883c-1b7713fe68e5,Validar Comercial,f65f0bd7-27f5-4b8c-9641-94729f51744a,1,3.92
31ece703-f961-4e8e-a5c5-cd5c5b47e3db,Procesar Transferencia,d9b58f63-b601-433e-9861-2bf2ad90eeb6,14,16.72
31ece703-f961-4e8e-a5c5-cd5c5b47e3db,Inicio del Proceso,f65f0bd7-27f5-4b8c-9641-94729f51744a,6,9.13
993a46fb-a0b2-4d2c-88eb-11ab1c3d4e8c,Detallar Curso,2e310583-c106-4f2c-a6c3-c4b12ec30658,15,18.19
bd9966b2-5fa2-4a4b-b924-59e817a5e756,Instalar Licencia,c017087e-fcbc-4f47-ae54-78008d243fbf,10,10.83
439df689-d1cf-41c3-883c-1b7713fe68e5,Autorización Gerencia,87f8e8d1-83e9-4ddb-9be0-fc955228db6d,1,1.91
f5ba7581-b2ac-4b3a-830e-64ab112f975a,Dispersión de Fondos,f65f0bd7-27f5-4b8c-9641-94729f51744a,0,1.84
7c8d9e0f-1a2b-3c4d-5e6f-7a8b9c0d1e2f,Aprobación Presupuesto,f65f0bd7-27f5-4b8c-9641-94729f51744a,4,7.4
