text,policy_id
Necesito iniciar el trámite de vacaciones,000a3793-827e-4616-84f9-0a23863e0a35
Necesito iniciar el trámite de vacaciones para Ale Mateos-Vazquez,000a3793-827e-4616-84f9-0a23863e0a35
Quiero solicitar vacaciones,000a3793-827e-4616-84f9-0a23863e0a35
Quiero solicitar vacaciones para Darío del Águila,000a3793-827e-4616-84f9-0a23863e0a35
Cómo hago para pedir vacaciones,000a3793-827e-4616-84f9-0a23863e0a35
Cómo hago para pedir vacaciones para Nazaret Falcón,000a3793-827e-4616-84f9-0a23863e0a35
Ayuda con vacaciones,000a3793-827e-4616-84f9-0a23863e0a35
Ayuda con vacaciones para Ale Vilar Pina,000a3793-827e-4616-84f9-0a23863e0a35
Trámite de vacaciones por favor,000a3793-827e-4616-84f9-0a23863e0a35
Trámite de vacaciones por favor para Jose Francisco Ribas Tejera,000a3793-827e-4616-84f9-0a23863e0a35
Deseo tramitar vacaciones,000a3793-827e-4616-84f9-0a23863e0a35
Deseo tramitar vacaciones para Claudio Ramiro Lara Valero,000a3793-827e-4616-84f9-0a23863e0a35
Requiero vacaciones urgente,000a3793-827e-4616-84f9-0a23863e0a35
Requiero vacaciones urgente para Anita Eligia Requena Romeu,000a3793-827e-4616-84f9-0a23863e0a35
Me gustaría iniciar el proceso de vacaciones,000a3793-827e-4616-84f9-0a23863e0a35
Me gustaría iniciar el proceso de vacaciones para Loreto Antón Catalán,000a3793-827e-4616-84f9-0a23863e0a35
vacaciones es lo que busco,000a3793-827e-4616-84f9-0a23863e0a35
vacaciones es lo que busco para Rodolfo Marcelo Cabanillas Llorens,000a3793-827e-4616-84f9-0a23863e0a35
Quiero abrir una solicitud para vacaciones,000a3793-827e-4616-84f9-0a23863e0a35
Quiero abrir una solicitud para vacaciones para Almudena Vendrell Marqués,000a3793-827e-4616-84f9-0a23863e0a35
"Por favor, necesito vacaciones",000a3793-827e-4616-84f9-0a23863e0a35
"Por favor, necesito vacaciones para Estrella Elisa Valenzuela Anguita",000a3793-827e-4616-84f9-0a23863e0a35
Quisiera gestionar vacaciones para este mes,000a3793-827e-4616-84f9-0a23863e0a35
Quisiera gestionar vacaciones para este mes para Eladio de Lluch,000a3793-827e-4616-84f9-0a23863e0a35
Me hace falta iniciar vacaciones,000a3793-827e-4616-84f9-0a23863e0a35
Me hace falta iniciar vacaciones para Hortensia Ana Giménez Guzmán,000a3793-827e-4616-84f9-0a23863e0a35
Abrir solicitud de vacaciones,000a3793-827e-4616-84f9-0a23863e0a35
Abrir solicitud de vacaciones para Amalia Gómez-Asenjo,000a3793-827e-4616-84f9-0a23863e0a35
Iniciar flujo para vacaciones,000a3793-827e-4616-84f9-0a23863e0a35
Iniciar flujo para vacaciones para Calixta Suarez Cabanillas,000a3793-827e-4616-84f9-0a23863e0a35
Tengo un problema con vacaciones,000a3793-827e-4616-84f9-0a23863e0a35
Tengo un problema con vacaciones para Lino Pulido Lucas,000a3793-827e-4616-84f9-0a23863e0a35
Cómo puedo solicitar vacaciones,000a3793-827e-4616-84f9-0a23863e0a35
Cómo puedo solicitar vacaciones para Jimena Diez-Rey,000a3793-827e-4616-84f9-0a23863e0a35
Deseo registrar vacaciones,000a3793-827e-4616-84f9-0a23863e0a35
Deseo registrar vacaciones para Samuel Vilalta Valcárcel,000a3793-827e-4616-84f9-0a23863e0a35
Necesito iniciar el trámite de días libres,000a3793-827e-4616-84f9-0a23863e0a35
Necesito iniciar el trámite de días libres para Asdrubal Mario Berrocal Robledo,000a3793-827e-4616-84f9-0a23863e0a35
Quiero solicitar días libres,000a3793-827e-4616-84f9-0a23863e0a35
Quiero solicitar días libres para Adelia del Tejera,000a3793-827e-4616-84f9-0a23863e0a35
Cómo hago para pedir días libres,000a3793-827e-4616-84f9-0a23863e0a35
Cómo hago para pedir días libres para Paola Velázquez Real,000a3793-827e-4616-84f9-0a23863e0a35
Ayuda con días libres,000a3793-827e-4616-84f9-0a23863e0a35
Ayuda con días libres para Eva Guitart-Lerma,000a3793-827e-4616-84f9-0a23863e0a35
Trámite de días libres por favor,000a3793-827e-4616-84f9-0a23863e0a35
Trámite de días libres por favor para Oriana Rodrigo,000a3793-827e-4616-84f9-0a23863e0a35
Deseo tramitar días libres,000a3793-827e-4616-84f9-0a23863e0a35
Deseo tramitar días libres para Concepción Iniesta Aguilera,000a3793-827e-4616-84f9-0a23863e0a35
Requiero días libres urgente,000a3793-827e-4616-84f9-0a23863e0a35
Requiero días libres urgente para Aitana Gil Castelló,000a3793-827e-4616-84f9-0a23863e0a35
Me gustaría iniciar el proceso de días libres,000a3793-827e-4616-84f9-0a23863e0a35
Me gustaría iniciar el proceso de días libres para Evaristo de Piña,000a3793-827e-4616-84f9-0a23863e0a35
días libres es lo que busco,000a3793-827e-4616-84f9-0a23863e0a35
días libres es lo que busco para Luna Santiago Soto,000a3793-827e-4616-84f9-0a23863e0a35
Quiero abrir una solicitud para días libres,000a3793-827e-4616-84f9-0a23863e0a35
Quiero abrir una solicitud para días libres para Hector Barranco Montesinos,000a3793-827e-4616-84f9-0a23863e0a35
"Por favor, necesito días libres",000a3793-827e-4616-84f9-0a23863e0a35
"Por favor, necesito días libres para Melchor Carbó Escrivá",000a3793-827e-4616-84f9-0a23863e0a35
Quisiera gestionar días libres para este mes,000a3793-827e-4616-84f9-0a23863e0a35
Quisiera gestionar días libres para este mes para Celso Montoya Plana,000a3793-827e-4616-84f9-0a23863e0a35
Me hace falta iniciar días libres,000a3793-827e-4616-84f9-0a23863e0a35
Me hace falta iniciar días libres para Olegario Heraclio Vara Lara,000a3793-827e-4616-84f9-0a23863e0a35
Abrir solicitud de días libres,000a3793-827e-4616-84f9-0a23863e0a35
Abrir solicitud de días libres para Adora del Arnau,000a3793-827e-4616-84f9-0a23863e0a35
Iniciar flujo para días libres,000a3793-827e-4616-84f9-0a23863e0a35
Iniciar flujo para días libres para Óscar Lasa Reina,000a3793-827e-4616-84f9-0a23863e0a35
Tengo un problema con días libres,000a3793-827e-4616-84f9-0a23863e0a35
Tengo un problema con días libres para Luis Fiol Zamora,000a3793-827e-4616-84f9-0a23863e0a35
Cómo puedo solicitar días libres,000a3793-827e-4616-84f9-0a23863e0a35
Cómo puedo solicitar días libres para Amador Palomo Manso,000a3793-827e-4616-84f9-0a23863e0a35
Deseo registrar días libres,000a3793-827e-4616-84f9-0a23863e0a35
Deseo registrar días libres para Leocadia Pomares Riba,000a3793-827e-4616-84f9-0a23863e0a35
Necesito iniciar el trámite de pedir vacaciones,000a3793-827e-4616-84f9-0a23863e0a35
Necesito iniciar el trámite de pedir vacaciones para Pelayo Peinado Ledesma,000a3793-827e-4616-84f9-0a23863e0a35
Quiero solicitar pedir vacaciones,000a3793-827e-4616-84f9-0a23863e0a35
Quiero solicitar pedir vacaciones para Reina Emperatriz Almeida Tejedor,000a3793-827e-4616-84f9-0a23863e0a35
Cómo hago para pedir pedir vacaciones,000a3793-827e-4616-84f9-0a23863e0a35
Cómo hago para pedir pedir vacaciones para Guiomar Navarrete Garriga,000a3793-827e-4616-84f9-0a23863e0a35
Ayuda con pedir vacaciones,000a3793-827e-4616-84f9-0a23863e0a35
Ayuda con pedir vacaciones para Pastor Cañizares Carreño,000a3793-827e-4616-84f9-0a23863e0a35
Trámite de pedir vacaciones por favor,000a3793-827e-4616-84f9-0a23863e0a35
Trámite de pedir vacaciones por favor para Baudelio de Tejera,000a3793-827e-4616-84f9-0a23863e0a35
Deseo tramitar pedir vacaciones,000a3793-827e-4616-84f9-0a23863e0a35
Deseo tramitar pedir vacaciones para Isaura del Pablo,000a3793-827e-4616-84f9-0a23863e0a35
Requiero pedir vacaciones urgente,000a3793-827e-4616-84f9-0a23863e0a35
Requiero pedir vacaciones urgente para Tadeo del Iñiguez,000a3793-827e-4616-84f9-0a23863e0a35
Me gustaría iniciar el proceso de pedir vacaciones,000a3793-827e-4616-84f9-0a23863e0a35
Me gustaría iniciar el proceso de pedir vacaciones para Buenaventura Perez-Español,000a3793-827e-4616-84f9-0a23863e0a35
pedir vacaciones es lo que busco,000a3793-827e-4616-84f9-0a23863e0a35
pedir vacaciones es lo que busco para Olga Meléndez Piñeiro,000a3793-827e-4616-84f9-0a23863e0a35
Quiero abrir una solicitud para pedir vacaciones,000a3793-827e-4616-84f9-0a23863e0a35
Quiero abrir una solicitud para pedir vacaciones para Dan Quiroga Pinedo,000a3793-827e-4616-84f9-0a23863e0a35
"Por favor, necesito pedir vacaciones",000a3793-827e-4616-84f9-0a23863e0a35
"Por favor, necesito pedir vacaciones para Cecilia Gelabert",000a3793-827e-4616-84f9-0a23863e0a35
Quisiera gestionar pedir vacaciones para este mes,000a3793-827e-4616-84f9-0a23863e0a35
Quisiera gestionar pedir vacaciones para este mes para Belen Girona Falcó,000a3793-827e-4616-84f9-0a23863e0a35
Me hace falta iniciar pedir vacaciones,000a3793-827e-4616-84f9-0a23863e0a35
Me hace falta iniciar pedir vacaciones para Carolina de Peñalver,000a3793-827e-4616-84f9-0a23863e0a35
Abrir solicitud de pedir vacaciones,000a3793-827e-4616-84f9-0a23863e0a35
Abrir solicitud de pedir vacaciones para Pancho Vallés Palomino,000a3793-827e-4616-84f9-0a23863e0a35
Iniciar flujo para pedir vacaciones,000a3793-827e-4616-84f9-0a23863e0a35
Iniciar flujo para pedir vacaciones para Marina de Coll,000a3793-827e-4616-84f9-0a23863e0a35
Tengo un problema con pedir vacaciones,000a3793-827e-4616-84f9-0a23863e0a35
Tengo un problema con pedir vacaciones para Mario de Vilalta,000a3793-827e-4616-84f9-0a23863e0a35
Cómo puedo solicitar pedir vacaciones,000a3793-827e-4616-84f9-0a23863e0a35
Cómo puedo solicitar pedir vacaciones para Félix Caballero Ríos,000a3793-827e-4616-84f9-0a23863e0a35
Deseo registrar pedir vacaciones,000a3793-827e-4616-84f9-0a23863e0a35
Deseo registrar pedir vacaciones para Morena Vazquez,000a3793-827e-4616-84f9-0a23863e0a35
Necesito iniciar el trámite de descanso anual,000a3793-827e-4616-84f9-0a23863e0a35
Necesito iniciar el trámite de descanso anual para Guiomar Bermudez Cabrera,000a3793-827e-4616-84f9-0a23863e0a35
Quiero solicitar descanso anual,000a3793-827e-4616-84f9-0a23863e0a35
Quiero solicitar descanso anual para Toribio Pablo Manzano Carrera,000a3793-827e-4616-84f9-0a23863e0a35
Cómo hago para pedir descanso anual,000a3793-827e-4616-84f9-0a23863e0a35
Cómo hago para pedir descanso anual para Imelda Nadal-Egea,000a3793-827e-4616-84f9-0a23863e0a35
Ayuda con descanso anual,000a3793-827e-4616-84f9-0a23863e0a35
Ayuda con descanso anual para Javi Rico Armengol,000a3793-827e-4616-84f9-0a23863e0a35
Trámite de descanso anual por favor,000a3793-827e-4616-84f9-0a23863e0a35
Trámite de descanso anual por favor para Julie del Múgica,000a3793-827e-4616-84f9-0a23863e0a35
Deseo tramitar descanso anual,000a3793-827e-4616-84f9-0a23863e0a35
Deseo tramitar descanso anual para Leocadio Cervantes Hurtado,000a3793-827e-4616-84f9-0a23863e0a35
Necesito iniciar el trámite de contratar,111e9d86-cbd2-45ff-a809-4072bbe6a4d0
Necesito iniciar el trámite de contratar para Jimena Cuenca Serra,111e9d86-cbd2-45ff-a809-4072bbe6a4d0
Quiero solicitar contratar,111e9d86-cbd2-45ff-a809-4072bbe6a4d0
Quiero solicitar contratar para Eliseo Pareja Riera,111e9d86-cbd2-45ff-a809-4072bbe6a4d0
Cómo hago para pedir contratar,111e9d86-cbd2-45ff-a809-4072bbe6a4d0
Cómo hago para pedir contratar para Cayetano Torralba Morante,111e9d86-cbd2-45ff-a809-4072bbe6a4d0
Ayuda con contratar,111e9d86-cbd2-45ff-a809-4072bbe6a4d0
Ayuda con contratar para Tito del Soria,111e9d86-cbd2-45ff-a809-4072bbe6a4d0
Trámite de contratar por favor,111e9d86-cbd2-45ff-a809-4072bbe6a4d0
Trámite de contratar por favor para Germán Escalona,111e9d86-cbd2-45ff-a809-4072bbe6a4d0
Deseo tramitar contratar,111e9d86-cbd2-45ff-a809-4072bbe6a4d0
Deseo tramitar contratar para Jose Angel Castelló Gomila,111e9d86-cbd2-45ff-a809-4072bbe6a4d0
Requiero contratar urgente,111e9d86-cbd2-45ff-a809-4072bbe6a4d0
Requiero contratar urgente para Ángela de Briones,111e9d86-cbd2-45ff-a809-4072bbe6a4d0
Me gustaría iniciar el proceso de contratar,111e9d86-cbd2-45ff-a809-4072bbe6a4d0
Me gustaría iniciar el proceso de contratar para Fito Pineda Aguirre,111e9d86-cbd2-45ff-a809-4072bbe6a4d0
contratar es lo que busco,111e9d86-cbd2-45ff-a809-4072bbe6a4d0
contratar es lo que busco para Agustina Fabra,111e9d86-cbd2-45ff-a809-4072bbe6a4d0
Quiero abrir una solicitud para contratar,111e9d86-cbd2-45ff-a809-4072bbe6a4d0
Quiero abrir una solicitud para contratar para Carolina Regina Ribes Lucena,111e9d86-cbd2-45ff-a809-4072bbe6a4d0
"Por favor, necesito contratar",111e9d86-cbd2-45ff-a809-4072bbe6a4d0
"Por favor, necesito contratar para Brunilda Escolano Sobrino",111e9d86-cbd2-45ff-a809-4072bbe6a4d0
Quisiera gestionar contratar para este mes,111e9d86-cbd2-45ff-a809-4072bbe6a4d0
Quisiera gestionar contratar para este mes para Rosa María Frías Roura,111e9d86-cbd2-45ff-a809-4072bbe6a4d0
Me hace falta iniciar contratar,111e9d86-cbd2-45ff-a809-4072bbe6a4d0
Me hace falta iniciar contratar para Carolina Recio Quintanilla,111e9d86-cbd2-45ff-a809-4072bbe6a4d0
Abrir solicitud de contratar,111e9d86-cbd2-45ff-a809-4072bbe6a4d0
Abrir solicitud de contratar para Encarnacion Bartolomé,111e9d86-cbd2-45ff-a809-4072bbe6a4d0
Iniciar flujo para contratar,111e9d86-cbd2-45ff-a809-4072bbe6a4d0
Iniciar flujo para contratar para Ricardo Antón Ibarra,111e9d86-cbd2-45ff-a809-4072bbe6a4d0
Tengo un problema con contratar,111e9d86-cbd2-45ff-a809-4072bbe6a4d0
Tengo un problema con contratar para Reynaldo Che Escrivá Seco,111e9d86-cbd2-45ff-a809-4072bbe6a4d0
Cómo puedo solicitar contratar,111e9d86-cbd2-45ff-a809-4072bbe6a4d0
Cómo puedo solicitar contratar para Corona Urrutia,111e9d86-cbd2-45ff-a809-4072bbe6a4d0
Deseo registrar contratar,111e9d86-cbd2-45ff-a809-4072bbe6a4d0
Deseo registrar contratar para Benita Collado,111e9d86-cbd2-45ff-a809-4072bbe6a4d0
Necesito iniciar el trámite de nuevo empleado,111e9d86-cbd2-45ff-a809-4072bbe6a4d0
Necesito iniciar el trámite de nuevo empleado para Carmela Benavente Quiroga,111e9d86-cbd2-45ff-a809-4072bbe6a4d0
Quiero solicitar nuevo empleado,111e9d86-cbd2-45ff-a809-4072bbe6a4d0
Quiero solicitar nuevo empleado para Amaya Beltran Montalbán,111e9d86-cbd2-45ff-a809-4072bbe6a4d0
Cómo hago para pedir nuevo empleado,111e9d86-cbd2-45ff-a809-4072bbe6a4d0
Cómo hago para pedir nuevo empleado para Consuela de Guardia,111e9d86-cbd2-45ff-a809-4072bbe6a4d0
Ayuda con nuevo empleado,111e9d86-cbd2-45ff-a809-4072bbe6a4d0
Ayuda con nuevo empleado para Tere de Gomis,111e9d86-cbd2-45ff-a809-4072bbe6a4d0
Trámite de nuevo empleado por favor,111e9d86-cbd2-45ff-a809-4072bbe6a4d0
Trámite de nuevo empleado por favor para Chucho Ugarte Solera,111e9d86-cbd2-45ff-a809-4072bbe6a4d0
Deseo tramitar nuevo empleado,111e9d86-cbd2-45ff-a809-4072bbe6a4d0
Deseo tramitar nuevo empleado para Griselda González Costa,111e9d86-cbd2-45ff-a809-4072bbe6a4d0
Requiero nuevo empleado urgente,111e9d86-cbd2-45ff-a809-4072bbe6a4d0
Requiero nuevo empleado urgente para Maricruz Teófila Pascual Tomé,111e9d86-cbd2-45ff-a809-4072bbe6a4d0
Me gustaría iniciar el proceso de nuevo empleado,111e9d86-cbd2-45ff-a809-4072bbe6a4d0
Me gustaría iniciar el proceso de nuevo empleado para Gil Alcalde-Cabrero,111e9d86-cbd2-45ff-a809-4072bbe6a4d0
nuevo empleado es lo que busco,111e9d86-cbd2-45ff-a809-4072bbe6a4d0
nuevo empleado es lo que busco para Lope Vicente Guerrero,111e9d86-cbd2-45ff-a809-4072bbe6a4d0
Quiero abrir una solicitud para nuevo empleado,111e9d86-cbd2-45ff-a809-4072bbe6a4d0
Quiero abrir una solicitud para nuevo empleado para Violeta Ferrán Nieto,111e9d86-cbd2-45ff-a809-4072bbe6a4d0
"Por favor, necesito nuevo empleado",111e9d86-cbd2-45ff-a809-4072bbe6a4d0
"Por favor, necesito nuevo empleado para Balduino del Antúnez",111e9d86-cbd2-45ff-a809-4072bbe6a4d0
Quisiera gestionar nuevo empleado para este mes,111e9d86-cbd2-45ff-a809-4072bbe6a4d0
Quisiera gestionar nuevo empleado para este mes para Débora Iborra,111e9d86-cbd2-45ff-a809-4072bbe6a4d0
Me hace falta iniciar nuevo empleado,111e9d86-cbd2-45ff-a809-4072bbe6a4d0
Me hace falta iniciar nuevo empleado para Evelia Sarabia Cámara,111e9d86-cbd2-45ff-a809-4072bbe6a4d0
Abrir solicitud de nuevo empleado,111e9d86-cbd2-45ff-a809-4072bbe6a4d0
Abrir solicitud de nuevo empleado para Dolores Mar Calatayud Torre,111e9d86-cbd2-45ff-a809-4072bbe6a4d0
Iniciar flujo para nuevo empleado,111e9d86-cbd2-45ff-a809-4072bbe6a4d0
Iniciar flujo para nuevo empleado para María Belén de Castellanos,111e9d86-cbd2-45ff-a809-4072bbe6a4d0
Tengo un problema con nuevo empleado,111e9d86-cbd2-45ff-a809-4072bbe6a4d0
Tengo un problema con nuevo empleado para Alcides Giménez,111e9d86-cbd2-45ff-a809-4072bbe6a4d0
Cómo puedo solicitar nuevo empleado,111e9d86-cbd2-45ff-a809-4072bbe6a4d0
Cómo puedo solicitar nuevo empleado para Clarisa Rueda-Vergara,111e9d86-cbd2-45ff-a809-4072bbe6a4d0
Deseo registrar nuevo empleado,111e9d86-cbd2-45ff-a809-4072bbe6a4d0
Deseo registrar nuevo empleado para Noé Pánfilo Iglesias Tamayo,111e9d86-cbd2-45ff-a809-4072bbe6a4d0
Necesito iniciar el trámite de incorporación,111e9d86-cbd2-45ff-a809-4072bbe6a4d0
Necesito iniciar el trámite de incorporación para Úrsula Bartolomé,111e9d86-cbd2-45ff-a809-4072bbe6a4d0
Quiero solicitar incorporación,111e9d86-cbd2-45ff-a809-4072bbe6a4d0
Quiero solicitar incorporación para Roque Canet Castelló,111e9d86-cbd2-45ff-a809-4072bbe6a4d0
Cómo hago para pedir incorporación,111e9d86-cbd2-45ff-a809-4072bbe6a4d0
Cómo hago para pedir incorporación para Armando Roldan Roca,111e9d86-cbd2-45ff-a809-4072bbe6a4d0
Ayuda con incorporación,111e9d86-cbd2-45ff-a809-4072bbe6a4d0
Ayuda con incorporación para Nieves Sans-Jimenez,111e9d86-cbd2-45ff-a809-4072bbe6a4d0
Trámite de incorporación por favor,111e9d86-cbd2-45ff-a809-4072bbe6a4d0
Trámite de incorporación por favor para Blas Sainz Prat,111e9d86-cbd2-45ff-a809-4072bbe6a4d0
Deseo tramitar incorporación,111e9d86-cbd2-45ff-a809-4072bbe6a4d0
Deseo tramitar incorporación para Sabas Cánovas-Amaya,111e9d86-cbd2-45ff-a809-4072bbe6a4d0
Requiero incorporación urgente,111e9d86-cbd2-45ff-a809-4072bbe6a4d0
Requiero incorporación urgente para Daniel Perales Sancho,111e9d86-cbd2-45ff-a809-4072bbe6a4d0
Me gustaría iniciar el proceso de incorporación,111e9d86-cbd2-45ff-a809-4072bbe6a4d0
Me gustaría iniciar el proceso de incorporación para Rolando Chamorro,111e9d86-cbd2-45ff-a809-4072bbe6a4d0
incorporación es lo que busco,111e9d86-cbd2-45ff-a809-4072bbe6a4d0
incorporación es lo que busco para Jacinto Girón Manzanares,111e9d86-cbd2-45ff-a809-4072bbe6a4d0
Quiero abrir una solicitud para incorporación,111e9d86-cbd2-45ff-a809-4072bbe6a4d0
Quiero abrir una solicitud para incorporación para Amor Vilaplana Llabrés,111e9d86-cbd2-45ff-a809-4072bbe6a4d0
"Por favor, necesito incorporación",111e9d86-cbd2-45ff-a809-4072bbe6a4d0
"Por favor, necesito incorporación para Pía Casanovas",111e9d86-cbd2-45ff-a809-4072bbe6a4d0
Quisiera gestionar incorporación para este mes,111e9d86-cbd2-45ff-a809-4072bbe6a4d0
Quisiera gestionar incorporación para este mes para Rita Peral,111e9d86-cbd2-45ff-a809-4072bbe6a4d0
Me hace falta iniciar incorporación,111e9d86-cbd2-45ff-a809-4072bbe6a4d0
Me hace falta iniciar incorporación para Rosalina Tirado Bonilla,111e9d86-cbd2-45ff-a809-4072bbe6a4d0
Abrir solicitud de incorporación,111e9d86-cbd2-45ff-a809-4072bbe6a4d0
Abrir solicitud de incorporación para Luciano Alfonso Crespi Aller,111e9d86-cbd2-45ff-a809-4072bbe6a4d0
Iniciar flujo para incorporación,111e9d86-cbd2-45ff-a809-4072bbe6a4d0
Iniciar flujo para incorporación para Mohamed Manuel Tello,111e9d86-cbd2-45ff-a809-4072bbe6a4d0
Tengo un problema con incorporación,111e9d86-cbd2-45ff-a809-4072bbe6a4d0
Tengo un problema con incorporación para Clotilde Fajardo Belda,111e9d86-cbd2-45ff-a809-4072bbe6a4d0
Cómo puedo solicitar incorporación,111e9d86-cbd2-45ff-a809-4072bbe6a4d0
Cómo puedo solicitar incorporación para Martirio Galán Toledo,111e9d86-cbd2-45ff-a809-4072bbe6a4d0
Deseo registrar incorporación,111e9d86-cbd2-45ff-a809-4072bbe6a4d0
Deseo registrar incorporación para Anselma Royo Perea,111e9d86-cbd2-45ff-a809-4072bbe6a4d0
Necesito iniciar el trámite de entrevistar candidatos,111e9d86-cbd2-45ff-a809-4072bbe6a4d0
Necesito iniciar el trámite de entrevistar candidatos para Zaida Barco Bauzà,111e9d86-cbd2-45ff-a809-4072bbe6a4d0
Quiero solicitar entrevistar candidatos,111e9d86-cbd2-45ff-a809-4072bbe6a4d0
Quiero solicitar entrevistar candidatos para Ileana Llobet Lladó,111e9d86-cbd2-45ff-a809-4072bbe6a4d0
Cómo hago para pedir entrevistar candidatos,111e9d86-cbd2-45ff-a809-4072bbe6a4d0
Cómo hago para pedir entrevistar candidatos para Amarilis Arnau-Santamaria,111e9d86-cbd2-45ff-a809-4072bbe6a4d0
Ayuda con entrevistar candidatos,111e9d86-cbd2-45ff-a809-4072bbe6a4d0
Ayuda con entrevistar candidatos para Seve Robledo,111e9d86-cbd2-45ff-a809-4072bbe6a4d0
Trámite de entrevistar candidatos por favor,111e9d86-cbd2-45ff-a809-4072bbe6a4d0
Trámite de entrevistar candidatos por favor para Mariano Vinicio Jara Moll,111e9d86-cbd2-45ff-a809-4072bbe6a4d0
Deseo tramitar entrevistar candidatos,111e9d86-cbd2-45ff-a809-4072bbe6a4d0
Deseo tramitar entrevistar candidatos para Alfredo Padilla Conesa,111e9d86-cbd2-45ff-a809-4072bbe6a4d0
Necesito iniciar el trámite de contratar nuevo personal,6720c739-1916-432b-b392-e698dcfd8112
Necesito iniciar el trámite de contratar nuevo personal para Eligia Acevedo Mora,6720c739-1916-432b-b392-e698dcfd8112
Quiero solicitar contratar nuevo personal,6720c739-1916-432b-b392-e698dcfd8112
Quiero solicitar contratar nuevo personal para Sofía Cantón Prada,6720c739-1916-432b-b392-e698dcfd8112
Cómo hago para pedir contratar nuevo personal,6720c739-1916-432b-b392-e698dcfd8112
Cómo hago para pedir contratar nuevo personal para Chus Narváez Montesinos,6720c739-1916-432b-b392-e698dcfd8112
Ayuda con contratar nuevo personal,6720c739-1916-432b-b392-e698dcfd8112
Ayuda con contratar nuevo personal para Patricio Gallart Sola,6720c739-1916-432b-b392-e698dcfd8112
Trámite de contratar nuevo personal por favor,6720c739-1916-432b-b392-e698dcfd8112
Trámite de contratar nuevo personal por favor para Salomón Tomás Blanco,6720c739-1916-432b-b392-e698dcfd8112
Deseo tramitar contratar nuevo personal,6720c739-1916-432b-b392-e698dcfd8112
Deseo tramitar contratar nuevo personal para Herminia Bayo,6720c739-1916-432b-b392-e698dcfd8112
Requiero contratar nuevo personal urgente,6720c739-1916-432b-b392-e698dcfd8112
Requiero contratar nuevo personal urgente para Gabino Román Muñoz,6720c739-1916-432b-b392-e698dcfd8112
Me gustaría iniciar el proceso de contratar nuevo personal,6720c739-1916-432b-b392-e698dcfd8112
Me gustaría iniciar el proceso de contratar nuevo personal para Florina de Aznar,6720c739-1916-432b-b392-e698dcfd8112
contratar nuevo personal es lo que busco,6720c739-1916-432b-b392-e698dcfd8112
contratar nuevo personal es lo que busco para Armando Sureda Calleja,6720c739-1916-432b-b392-e698dcfd8112
Quiero abrir una solicitud para contratar nuevo personal,6720c739-1916-432b-b392-e698dcfd8112
Quiero abrir una solicitud para contratar nuevo personal para Jennifer Ortuño Perez,6720c739-1916-432b-b392-e698dcfd8112
"Por favor, necesito contratar nuevo personal",6720c739-1916-432b-b392-e698dcfd8112
"Por favor, necesito contratar nuevo personal para Elisa Francisca Fuentes Vara",6720c739-1916-432b-b392-e698dcfd8112
Quisiera gestionar contratar nuevo personal para este mes,6720c739-1916-432b-b392-e698dcfd8112
Quisiera gestionar contratar nuevo personal para este mes para Sonia Pedrosa Cáceres,6720c739-1916-432b-b392-e698dcfd8112
Me hace falta iniciar contratar nuevo personal,6720c739-1916-432b-b392-e698dcfd8112
Me hace falta iniciar contratar nuevo personal para María Luisa Piedad Mata Chico,6720c739-1916-432b-b392-e698dcfd8112
Abrir solicitud de contratar nuevo personal,6720c739-1916-432b-b392-e698dcfd8112
Abrir solicitud de contratar nuevo personal para Chita del Gallardo,6720c739-1916-432b-b392-e698dcfd8112
Iniciar flujo para contratar nuevo personal,6720c739-1916-432b-b392-e698dcfd8112
Iniciar flujo para contratar nuevo personal para Gabino Valenzuela Galán,6720c739-1916-432b-b392-e698dcfd8112
Tengo un problema con contratar nuevo personal,6720c739-1916-432b-b392-e698dcfd8112
Tengo un problema con contratar nuevo personal para Piedad Chamorro Gutierrez,6720c739-1916-432b-b392-e698dcfd8112
Cómo puedo solicitar contratar nuevo personal,6720c739-1916-432b-b392-e698dcfd8112
Cómo puedo solicitar contratar nuevo personal para Angelino Ortiz,6720c739-1916-432b-b392-e698dcfd8112
Deseo registrar contratar nuevo personal,6720c739-1916-432b-b392-e698dcfd8112
Deseo registrar contratar nuevo personal para Marco Bayón Pallarès,6720c739-1916-432b-b392-e698dcfd8112
Necesito iniciar el trámite de ingreso de personal,6720c739-1916-432b-b392-e698dcfd8112
Necesito iniciar el trámite de ingreso de personal para Pepita Almeida Yuste,6720c739-1916-432b-b392-e698dcfd8112
Quiero solicitar ingreso de personal,6720c739-1916-432b-b392-e698dcfd8112
Quiero solicitar ingreso de personal para León Reyes Machado,6720c739-1916-432b-b392-e698dcfd8112
Cómo hago para pedir ingreso de personal,6720c739-1916-432b-b392-e698dcfd8112
Cómo hago para pedir ingreso de personal para Manu Morera Salas,6720c739-1916-432b-b392-e698dcfd8112
Ayuda con ingreso de personal,6720c739-1916-432b-b392-e698dcfd8112
Ayuda con ingreso de personal para Máxima Aramburu Vilalta,6720c739-1916-432b-b392-e698dcfd8112
Trámite de ingreso de personal por favor,6720c739-1916-432b-b392-e698dcfd8112
Trámite de ingreso de personal por favor para Sebastian Campos Martinez,6720c739-1916-432b-b392-e698dcfd8112
Deseo tramitar ingreso de personal,6720c739-1916-432b-b392-e698dcfd8112
Deseo tramitar ingreso de personal para Francisco Javier Vilar Riquelme,6720c739-1916-432b-b392-e698dcfd8112
Requiero ingreso de personal urgente,6720c739-1916-432b-b392-e698dcfd8112
Requiero ingreso de personal urgente para Plácido de Pujadas,6720c739-1916-432b-b392-e698dcfd8112
Me gustaría iniciar el proceso de ingreso de personal,6720c739-1916-432b-b392-e698dcfd8112
Me gustaría iniciar el proceso de ingreso de personal para Ruth de Ledesma,6720c739-1916-432b-b392-e698dcfd8112
ingreso de personal es lo que busco,6720c739-1916-432b-b392-e698dcfd8112
ingreso de personal es lo que busco para Flora Alberto Capdevila,6720c739-1916-432b-b392-e698dcfd8112
Quiero abrir una solicitud para ingreso de personal,6720c739-1916-432b-b392-e698dcfd8112
Quiero abrir una solicitud para ingreso de personal para Rita Puig Porcel,6720c739-1916-432b-b392-e698dcfd8112
"Por favor, necesito ingreso de personal",6720c739-1916-432b-b392-e698dcfd8112
"Por favor, necesito ingreso de personal para Virginia Pedrosa Meléndez",6720c739-1916-432b-b392-e698dcfd8112
Quisiera gestionar ingreso de personal para este mes,6720c739-1916-432b-b392-e698dcfd8112
Quisiera gestionar ingreso de personal para este mes para Felisa Sanchez Rius,6720c739-1916-432b-b392-e698dcfd8112
Me hace falta iniciar ingreso de personal,6720c739-1916-432b-b392-e698dcfd8112
Me hace falta iniciar ingreso de personal para Erasmo Sosimo Roig Ugarte,6720c739-1916-432b-b392-e698dcfd8112
Abrir solicitud de ingreso de personal,6720c739-1916-432b-b392-e698dcfd8112
Abrir solicitud de ingreso de personal para Bartolomé del Tovar,6720c739-1916-432b-b392-e698dcfd8112
Iniciar flujo para ingreso de personal,6720c739-1916-432b-b392-e698dcfd8112
Iniciar flujo para ingreso de personal para Octavia Julieta Bartolomé Blanca,6720c739-1916-432b-b392-e698dcfd8112
Tengo un problema con ingreso de personal,6720c739-1916-432b-b392-e698dcfd8112
Tengo un problema con ingreso de personal para Georgina Ricart-Salmerón,6720c739-1916-432b-b392-e698dcfd8112
Cómo puedo solicitar ingreso de personal,6720c739-1916-432b-b392-e698dcfd8112
Cómo puedo solicitar ingreso de personal para Marcio Antonio Silva Maldonado,6720c739-1916-432b-b392-e698dcfd8112
Deseo registrar ingreso de personal,6720c739-1916-432b-b392-e698dcfd8112
Deseo registrar ingreso de personal para Gisela Robledo Ferreras,6720c739-1916-432b-b392-e698dcfd8112
Necesito iniciar el trámite de reclutar postulantes,6720c739-1916-432b-b392-e698dcfd8112
Necesito iniciar el trámite de reclutar postulantes para Fabián Guerra Sola,6720c739-1916-432b-b392-e698dcfd8112
Quiero solicitar reclutar postulantes,6720c739-1916-432b-b392-e698dcfd8112
Quiero solicitar reclutar postulantes para Isaac Calderon Bartolomé,6720c739-1916-432b-b392-e698dcfd8112
Cómo hago para pedir reclutar postulantes,6720c739-1916-432b-b392-e698dcfd8112
Cómo hago para pedir reclutar postulantes para Marisela Guardiola Zurita,6720c739-1916-432b-b392-e698dcfd8112
Ayuda con reclutar postulantes,6720c739-1916-432b-b392-e698dcfd8112
Ayuda con reclutar postulantes para Martin Herrero Vigil,6720c739-1916-432b-b392-e698dcfd8112
Trámite de reclutar postulantes por favor,6720c739-1916-432b-b392-e698dcfd8112
Trámite de reclutar postulantes por favor para Julia Segovia Verdugo,6720c739-1916-432b-b392-e698dcfd8112
Deseo tramitar reclutar postulantes,6720c739-1916-432b-b392-e698dcfd8112
Deseo tramitar reclutar postulantes para Federico Guijarro Palomo,6720c739-1916-432b-b392-e698dcfd8112
Requiero reclutar postulantes urgente,6720c739-1916-432b-b392-e698dcfd8112
Requiero reclutar postulantes urgente para Noé Gomez Marí,6720c739-1916-432b-b392-e698dcfd8112
Me gustaría iniciar el proceso de reclutar postulantes,6720c739-1916-432b-b392-e698dcfd8112
Me gustaría iniciar el proceso de reclutar postulantes para Zaira Quevedo Lara,6720c739-1916-432b-b392-e698dcfd8112
reclutar postulantes es lo que busco,6720c739-1916-432b-b392-e698dcfd8112
reclutar postulantes es lo que busco para Chelo Campos Cuervo,6720c739-1916-432b-b392-e698dcfd8112
Quiero abrir una solicitud para reclutar postulantes,6720c739-1916-432b-b392-e698dcfd8112
Quiero abrir una solicitud para reclutar postulantes para Soledad Corominas Casanovas,6720c739-1916-432b-b392-e698dcfd8112
"Por favor, necesito reclutar postulantes",6720c739-1916-432b-b392-e698dcfd8112
"Por favor, necesito reclutar postulantes para Urbano Alberola-Roig",6720c739-1916-432b-b392-e698dcfd8112
Quisiera gestionar reclutar postulantes para este mes,6720c739-1916-432b-b392-e698dcfd8112
Quisiera gestionar reclutar postulantes para este mes para Ricarda Donoso Vélez,6720c739-1916-432b-b392-e698dcfd8112
Me hace falta iniciar reclutar postulantes,6720c739-1916-432b-b392-e698dcfd8112
Me hace falta iniciar reclutar postulantes para Ruy Bayona,6720c739-1916-432b-b392-e698dcfd8112
Abrir solicitud de reclutar postulantes,6720c739-1916-432b-b392-e698dcfd8112
Abrir solicitud de reclutar postulantes para Emilia Iriarte Izquierdo,6720c739-1916-432b-b392-e698dcfd8112
Iniciar flujo para reclutar postulantes,6720c739-1916-432b-b392-e698dcfd8112
Iniciar flujo para reclutar postulantes para Juan Manuel Monreal Sacristán,6720c739-1916-432b-b392-e698dcfd8112
Tengo un problema con reclutar postulantes,6720c739-1916-432b-b392-e698dcfd8112
Tengo un problema con reclutar postulantes para Adoración Sáez-Chico,6720c739-1916-432b-b392-e698dcfd8112
Cómo puedo solicitar reclutar postulantes,6720c739-1916-432b-b392-e698dcfd8112
Cómo puedo solicitar reclutar postulantes para José María Aroca Alegre,6720c739-1916-432b-b392-e698dcfd8112
Deseo registrar reclutar postulantes,6720c739-1916-432b-b392-e698dcfd8112
Deseo registrar reclutar postulantes para Quique Barrio Reina,6720c739-1916-432b-b392-e698dcfd8112
Necesito iniciar el trámite de evaluar currículums,6720c739-1916-432b-b392-e698dcfd8112
Necesito iniciar el trámite de evaluar currículums para Abraham Benito Rodrigo Rueda,6720c739-1916-432b-b392-e698dcfd8112
Quiero solicitar evaluar currículums,6720c739-1916-432b-b392-e698dcfd8112
Quiero solicitar evaluar currículums para Jose Angel Orozco-Granados,6720c739-1916-432b-b392-e698dcfd8112
Cómo hago para pedir evaluar currículums,6720c739-1916-432b-b392-e698dcfd8112
Cómo hago para pedir evaluar currículums para Héctor Carreño-Capdevila,6720c739-1916-432b-b392-e698dcfd8112
Ayuda con evaluar currículums,6720c739-1916-432b-b392-e698dcfd8112
Ayuda con evaluar currículums para Elías Tomás Ariño Bosch,6720c739-1916-432b-b392-e698dcfd8112
Trámite de evaluar currículums por favor,6720c739-1916-432b-b392-e698dcfd8112
Trámite de evaluar currículums por favor para Isidro Tolosa Teruel,6720c739-1916-432b-b392-e698dcfd8112
Deseo tramitar evaluar currículums,6720c739-1916-432b-b392-e698dcfd8112
Deseo tramitar evaluar currículums para Marcial Ródenas,6720c739-1916-432b-b392-e698dcfd8112
Necesito iniciar el trámite de comprar computadoras,bd9966b2-5fa2-4a4b-b924-59e817a5e756
Necesito iniciar el trámite de comprar computadoras para Flavio Abascal Vega,bd9966b2-5fa2-4a4b-b924-59e817a5e756
Quiero solicitar comprar computadoras,bd9966b2-5fa2-4a4b-b924-59e817a5e756
Quiero solicitar comprar computadoras para Marisa Miguel Nogueira,bd9966b2-5fa2-4a4b-b924-59e817a5e756
Cómo hago para pedir comprar computadoras,bd9966b2-5fa2-4a4b-b924-59e817a5e756
Cómo hago para pedir comprar computadoras para Godofredo Hoz-Villanueva,bd9966b2-5fa2-4a4b-b924-59e817a5e756
Ayuda con comprar computadoras,bd9966b2-5fa2-4a4b-b924-59e817a5e756
Ayuda con comprar computadoras para Marcio Moreno Barrio,bd9966b2-5fa2-4a4b-b924-59e817a5e756
Trámite de comprar computadoras por favor,bd9966b2-5fa2-4a4b-b924-59e817a5e756
Trámite de comprar computadoras por favor para Nando Cabello Barreda,bd9966b2-5fa2-4a4b-b924-59e817a5e756
Deseo tramitar comprar computadoras,bd9966b2-5fa2-4a4b-b924-59e817a5e756
Deseo tramitar comprar computadoras para Nacho Tovar,bd9966b2-5fa2-4a4b-b924-59e817a5e756
Requiero comprar computadoras urgente,bd9966b2-5fa2-4a4b-b924-59e817a5e756
Requiero comprar computadoras urgente para Sandra Casanova Linares,bd9966b2-5fa2-4a4b-b924-59e817a5e756
Me gustaría iniciar el proceso de comprar computadoras,bd9966b2-5fa2-4a4b-b924-59e817a5e756
Me gustaría iniciar el proceso de comprar computadoras para Felipe Morante Guzmán,bd9966b2-5fa2-4a4b-b924-59e817a5e756
comprar computadoras es lo que busco,bd9966b2-5fa2-4a4b-b924-59e817a5e756
comprar computadoras es lo que busco para Germán Timoteo Cerezo Pacheco,bd9966b2-5fa2-4a4b-b924-59e817a5e756
Quiero abrir una solicitud para comprar computadoras,bd9966b2-5fa2-4a4b-b924-59e817a5e756
Quiero abrir una solicitud para comprar computadoras para Sabas Mínguez Tello,bd9966b2-5fa2-4a4b-b924-59e817a5e756
"Por favor, necesito comprar computadoras",bd9966b2-5fa2-4a4b-b924-59e817a5e756
"Por favor, necesito comprar computadoras para José Luis del Viña",bd9966b2-5fa2-4a4b-b924-59e817a5e756
Quisiera gestionar comprar computadoras para este mes,bd9966b2-5fa2-4a4b-b924-59e817a5e756
Quisiera gestionar comprar computadoras para este mes para Javi Álamo-Reig,bd9966b2-5fa2-4a4b-b924-59e817a5e756
Me hace falta iniciar comprar computadoras,bd9966b2-5fa2-4a4b-b924-59e817a5e756
Me hace falta iniciar comprar computadoras para Gregorio Vilanova,bd9966b2-5fa2-4a4b-b924-59e817a5e756
Abrir solicitud de comprar computadoras,bd9966b2-5fa2-4a4b-b924-59e817a5e756
Abrir solicitud de comprar computadoras para Florencio de Huguet,bd9966b2-5fa2-4a4b-b924-59e817a5e756
Iniciar flujo para comprar computadoras,bd9966b2-5fa2-4a4b-b924-59e817a5e756
Iniciar flujo para comprar computadoras para Aníbal Moliner Lloret,bd9966b2-5fa2-4a4b-b924-59e817a5e756
Tengo un problema con comprar computadoras,bd9966b2-5fa2-4a4b-b924-59e817a5e756
Tengo un problema con comprar computadoras para Azahara de Prado,bd9966b2-5fa2-4a4b-b924-59e817a5e756
Cómo puedo solicitar comprar computadoras,bd9966b2-5fa2-4a4b-b924-59e817a5e756
Cómo puedo solicitar comprar computadoras para Clementina Cisneros Calderon,bd9966b2-5fa2-4a4b-b924-59e817a5e756
Deseo registrar comprar computadoras,bd9966b2-5fa2-4a4b-b924-59e817a5e756
Deseo registrar comprar computadoras para Susanita Atienza Moliner,bd9966b2-5fa2-4a4b-b924-59e817a5e756
Necesito iniciar el trámite de adquisición de laptops,bd9966b2-5fa2-4a4b-b924-59e817a5e756
Necesito iniciar el trámite de adquisición de laptops para Edmundo Reguera-Baquero,bd9966b2-5fa2-4a4b-b924-59e817a5e756
Quiero solicitar adquisición de laptops,bd9966b2-5fa2-4a4b-b924-59e817a5e756
Quiero solicitar adquisición de laptops para Leandro Reig Hurtado,bd9966b2-5fa2-4a4b-b924-59e817a5e756
Cómo hago para pedir adquisición de laptops,bd9966b2-5fa2-4a4b-b924-59e817a5e756
Cómo hago para pedir adquisición de laptops para Samanta Valentina Gaya Aparicio,bd9966b2-5fa2-4a4b-b924-59e817a5e756
Ayuda con adquisición de laptops,bd9966b2-5fa2-4a4b-b924-59e817a5e756
Ayuda con adquisición de laptops para Margarita Imelda Aranda Báez,bd9966b2-5fa2-4a4b-b924-59e817a5e756
Trámite de adquisición de laptops por favor,bd9966b2-5fa2-4a4b-b924-59e817a5e756
Trámite de adquisición de laptops por favor para Marisol Lastra Luz,bd9966b2-5fa2-4a4b-b924-59e817a5e756
Deseo tramitar adquisición de laptops,bd9966b2-5fa2-4a4b-b924-59e817a5e756
Deseo tramitar adquisición de laptops para Javi Barral-Fernandez,bd9966b2-5fa2-4a4b-b924-59e817a5e756
Requiero adquisición de laptops urgente,bd9966b2-5fa2-4a4b-b924-59e817a5e756
Requiero adquisición de laptops urgente para Edmundo Castells Perea,bd9966b2-5fa2-4a4b-b924-59e817a5e756
Me gustaría iniciar el proceso de adquisición de laptops,bd9966b2-5fa2-4a4b-b924-59e817a5e756
Me gustaría iniciar el proceso de adquisición de laptops para Leandra Roxana Puente Mármol,bd9966b2-5fa2-4a4b-b924-59e817a5e756
adquisición de laptops es lo que busco,bd9966b2-5fa2-4a4b-b924-59e817a5e756
adquisición de laptops es lo que busco para Luciana Escudero Serrano,bd9966b2-5fa2-4a4b-b924-59e817a5e756
Quiero abrir una solicitud para adquisición de laptops,bd9966b2-5fa2-4a4b-b924-59e817a5e756
Quiero abrir una solicitud para adquisición de laptops para Martin de Valcárcel,bd9966b2-5fa2-4a4b-b924-59e817a5e756
"Por favor, necesito adquisición de laptops",bd9966b2-5fa2-4a4b-b924-59e817a5e756
"Por favor, necesito adquisición de laptops para Eliana Jove-Blanch",bd9966b2-5fa2-4a4b-b924-59e817a5e756
Quisiera gestionar adquisición de laptops para este mes,bd9966b2-5fa2-4a4b-b924-59e817a5e756
Quisiera gestionar adquisición de laptops para este mes para Maximiano de Casal,bd9966b2-5fa2-4a4b-b924-59e817a5e756
Me hace falta iniciar adquisición de laptops,bd9966b2-5fa2-4a4b-b924-59e817a5e756
Me hace falta iniciar adquisición de laptops para Rosaura Cerdá Gámez,bd9966b2-5fa2-4a4b-b924-59e817a5e756
Abrir solicitud de adquisición de laptops,bd9966b2-5fa2-4a4b-b924-59e817a5e756
Abrir solicitud de adquisición de laptops para Hector Viñas Calleja,bd9966b2-5fa2-4a4b-b924-59e817a5e756
Iniciar flujo para adquisición de laptops,bd9966b2-5fa2-4a4b-b924-59e817a5e756
Iniciar flujo para adquisición de laptops para Paco Matías Barros Jáuregui,bd9966b2-5fa2-4a4b-b924-59e817a5e756
Tengo un problema con adquisición de laptops,bd9966b2-5fa2-4a4b-b924-59e817a5e756
Tengo un problema con adquisición de laptops para Mateo Valderrama Duque,bd9966b2-5fa2-4a4b-b924-59e817a5e756
Cómo puedo solicitar adquisición de laptops,bd9966b2-5fa2-4a4b-b924-59e817a5e756
Cómo puedo solicitar adquisición de laptops para Renata Villena Ramos,bd9966b2-5fa2-4a4b-b924-59e817a5e756
Deseo registrar adquisición de laptops,bd9966b2-5fa2-4a4b-b924-59e817a5e756
Deseo registrar adquisición de laptops para Cecilio Moya Aramburu,bd9966b2-5fa2-4a4b-b924-59e817a5e756
Necesito iniciar el trámite de compra de software,bd9966b2-5fa2-4a4b-b924-59e817a5e756
Necesito iniciar el trámite de compra de software para Adelardo Iglesias Azorin,bd9966b2-5fa2-4a4b-b924-59e817a5e756
Quiero solicitar compra de software,bd9966b2-5fa2-4a4b-b924-59e817a5e756
Quiero solicitar compra de software para Sarita Páez Sastre,bd9966b2-5fa2-4a4b-b924-59e817a5e756
Cómo hago para pedir compra de software,bd9966b2-5fa2-4a4b-b924-59e817a5e756
Cómo hago para pedir compra de software para Estefanía Girona Frías,bd9966b2-5fa2-4a4b-b924-59e817a5e756
Ayuda con compra de software,bd9966b2-5fa2-4a4b-b924-59e817a5e756
Ayuda con compra de software para Plácido Bastida Vargas,bd9966b2-5fa2-4a4b-b924-59e817a5e756
Trámite de compra de software por favor,bd9966b2-5fa2-4a4b-b924-59e817a5e756
Trámite de compra de software por favor para Jose Angel Marín Correa,bd9966b2-5fa2-4a4b-b924-59e817a5e756
Deseo tramitar compra de software,bd9966b2-5fa2-4a4b-b924-59e817a5e756
Deseo tramitar compra de software para Tiburcio Madrigal Hervia,bd9966b2-5fa2-4a4b-b924-59e817a5e756
Requiero compra de software urgente,bd9966b2-5fa2-4a4b-b924-59e817a5e756
Requiero compra de software urgente para Carlito Samuel Cabrera Corral,bd9966b2-5fa2-4a4b-b924-59e817a5e756
Me gustaría iniciar el proceso de compra de software,bd9966b2-5fa2-4a4b-b924-59e817a5e756
Me gustaría iniciar el proceso de compra de software para Dominga Rocha,bd9966b2-5fa2-4a4b-b924-59e817a5e756
compra de software es lo que busco,bd9966b2-5fa2-4a4b-b924-59e817a5e756
compra de software es lo que busco para Olga Bayón Perelló,bd9966b2-5fa2-4a4b-b924-59e817a5e756
Quiero abrir una solicitud para compra de software,bd9966b2-5fa2-4a4b-b924-59e817a5e756
Quiero abrir una solicitud para compra de software para Sandra Tirado Llorente,bd9966b2-5fa2-4a4b-b924-59e817a5e756
"Por favor, necesito compra de software",bd9966b2-5fa2-4a4b-b924-59e817a5e756
"Por favor, necesito compra de software para Jessica Maza",bd9966b2-5fa2-4a4b-b924-59e817a5e756
Quisiera gestionar compra de software para este mes,bd9966b2-5fa2-4a4b-b924-59e817a5e756
Quisiera gestionar compra de software para este mes para Flor Dora Badía Segura,bd9966b2-5fa2-4a4b-b924-59e817a5e756
Me hace falta iniciar compra de software,bd9966b2-5fa2-4a4b-b924-59e817a5e756
Me hace falta iniciar compra de software para Fernanda Garcés Blazquez,bd9966b2-5fa2-4a4b-b924-59e817a5e756
Abrir solicitud de compra de software,bd9966b2-5fa2-4a4b-b924-59e817a5e756
Abrir solicitud de compra de software para Brígida Borrego Mateo,bd9966b2-5fa2-4a4b-b924-59e817a5e756
Iniciar flujo para compra de software,bd9966b2-5fa2-4a4b-b924-59e817a5e756
Iniciar flujo para compra de software para Jovita Tomé Feliu,bd9966b2-5fa2-4a4b-b924-59e817a5e756
Tengo un problema con compra de software,bd9966b2-5fa2-4a4b-b924-59e817a5e756
Tengo un problema con compra de software para Wálter Matas Gimeno,bd9966b2-5fa2-4a4b-b924-59e817a5e756
Cómo puedo solicitar compra de software,bd9966b2-5fa2-4a4b-b924-59e817a5e756
Cómo puedo solicitar compra de software para Calixto Ortuño Tapia,bd9966b2-5fa2-4a4b-b924-59e817a5e756
Deseo registrar compra de software,bd9966b2-5fa2-4a4b-b924-59e817a5e756
Deseo registrar compra de software para Florentina Fortuny Marin,bd9966b2-5fa2-4a4b-b924-59e817a5e756
Necesito iniciar el trámite de equipos informáticos,bd9966b2-5fa2-4a4b-b924-59e817a5e756
Necesito iniciar el trámite de equipos informáticos para Graciela Vázquez Corominas,bd9966b2-5fa2-4a4b-b924-59e817a5e756
Quiero solicitar equipos informáticos,bd9966b2-5fa2-4a4b-b924-59e817a5e756
Quiero solicitar equipos informáticos para María Ángeles Bertrán Ávila,bd9966b2-5fa2-4a4b-b924-59e817a5e756
Cómo hago para pedir equipos informáticos,bd9966b2-5fa2-4a4b-b924-59e817a5e756
Cómo hago para pedir equipos informáticos para Tomás de Castejón,bd9966b2-5fa2-4a4b-b924-59e817a5e756
Ayuda con equipos informáticos,bd9966b2-5fa2-4a4b-b924-59e817a5e756
Ayuda con equipos informáticos para Leandra Paredes Pinto,bd9966b2-5fa2-4a4b-b924-59e817a5e756
Trámite de equipos informáticos por favor,bd9966b2-5fa2-4a4b-b924-59e817a5e756
Trámite de equipos informáticos por favor para Ana Calvet Jódar,bd9966b2-5fa2-4a4b-b924-59e817a5e756
Deseo tramitar equipos informáticos,bd9966b2-5fa2-4a4b-b924-59e817a5e756
Deseo tramitar equipos informáticos para Paola del Vazquez,bd9966b2-5fa2-4a4b-b924-59e817a5e756
Necesito iniciar el trámite de reembolso de gastos,439df689-d1cf-41c3-883c-1b7713fe68e5
Necesito iniciar el trámite de reembolso de gastos para Bienvenida Tejada,439df689-d1cf-41c3-883c-1b7713fe68e5
Quiero solicitar reembolso de gastos,439df689-d1cf-41c3-883c-1b7713fe68e5
Quiero solicitar reembolso de gastos para Juliana Montaña Mármol,439df689-d1cf-41c3-883c-1b7713fe68e5
Cómo hago para pedir reembolso de gastos,439df689-d1cf-41c3-883c-1b7713fe68e5
Cómo hago para pedir reembolso de gastos para Asdrubal de Millán,439df689-d1cf-41c3-883c-1b7713fe68e5
Ayuda con reembolso de gastos,439df689-d1cf-41c3-883c-1b7713fe68e5
Ayuda con reembolso de gastos para Rafa Puente-Recio,439df689-d1cf-41c3-883c-1b7713fe68e5
Trámite de reembolso de gastos por favor,439df689-d1cf-41c3-883c-1b7713fe68e5
Trámite de reembolso de gastos por favor para Encarnita Ortega Álamo,439df689-d1cf-41c3-883c-1b7713fe68e5
Deseo tramitar reembolso de gastos,439df689-d1cf-41c3-883c-1b7713fe68e5
Deseo tramitar reembolso de gastos para Teodoro Díez Carbonell,439df689-d1cf-41c3-883c-1b7713fe68e5
Requiero reembolso de gastos urgente,439df689-d1cf-41c3-883c-1b7713fe68e5
Requiero reembolso de gastos urgente para Rosario Rafael Coronado Marín,439df689-d1cf-41c3-883c-1b7713fe68e5
Me gustaría iniciar el proceso de reembolso de gastos,439df689-d1cf-41c3-883c-1b7713fe68e5
Me gustaría iniciar el proceso de reembolso de gastos para Marita Sanjuan Bernat,439df689-d1cf-41c3-883c-1b7713fe68e5
reembolso de gastos es lo que busco,439df689-d1cf-41c3-883c-1b7713fe68e5
reembolso de gastos es lo que busco para Gerardo Arregui-Roldan,439df689-d1cf-41c3-883c-1b7713fe68e5
Quiero abrir una solicitud para reembolso de gastos,439df689-d1cf-41c3-883c-1b7713fe68e5
Quiero abrir una solicitud para reembolso de gastos para Noemí Riera Maestre,439df689-d1cf-41c3-883c-1b7713fe68e5
"Por favor, necesito reembolso de gastos",439df689-d1cf-41c3-883c-1b7713fe68e5
"Por favor, necesito reembolso de gastos para Emelina Prudencia Julián Sanabria",439df689-d1cf-41c3-883c-1b7713fe68e5
Quisiera gestionar reembolso de gastos para este mes,439df689-d1cf-41c3-883c-1b7713fe68e5
Quisiera gestionar reembolso de gastos para este mes para Blanca de Estévez,439df689-d1cf-41c3-883c-1b7713fe68e5
Me hace falta iniciar reembolso de gastos,439df689-d1cf-41c3-883c-1b7713fe68e5
Me hace falta iniciar reembolso de gastos para Marina España Cabezas,439df689-d1cf-41c3-883c-1b7713fe68e5
Abrir solicitud de reembolso de gastos,439df689-d1cf-41c3-883c-1b7713fe68e5
Abrir solicitud de reembolso de gastos para Luz Malo Rivas,439df689-d1cf-41c3-883c-1b7713fe68e5
Iniciar flujo para reembolso de gastos,439df689-d1cf-41c3-883c-1b7713fe68e5
Iniciar flujo para reembolso de gastos para Rafaela Cuéllar Sola,439df689-d1cf-41c3-883c-1b7713fe68e5
Tengo un problema con reembolso de gastos,439df689-d1cf-41c3-883c-1b7713fe68e5
Tengo un problema con reembolso de gastos para Camilo Mayol Zamorano,439df689-d1cf-41c3-883c-1b7713fe68e5
Cómo puedo solicitar reembolso de gastos,439df689-d1cf-41c3-883c-1b7713fe68e5
Cómo puedo solicitar reembolso de gastos para Angelina Azcona-Barceló,439df689-d1cf-41c3-883c-1b7713fe68e5
Deseo registrar reembolso de gastos,439df689-d1cf-41c3-883c-1b7713fe68e5
Deseo registrar reembolso de gastos para Fortunato Olivé-Moliner,439df689-d1cf-41c3-883c-1b7713fe68e5
Necesito iniciar el trámite de viáticos del viaje,439df689-d1cf-41c3-883c-1b7713fe68e5
Necesito iniciar el trámite de viáticos del viaje para Magdalena Otero Ribas,439df689-d1cf-41c3-883c-1b7713fe68e5
Quiero solicitar viáticos del viaje,439df689-d1cf-41c3-883c-1b7713fe68e5
Quiero solicitar viáticos del viaje para Lucila Cabello Huguet,439df689-d1cf-41c3-883c-1b7713fe68e5
Cómo hago para pedir viáticos del viaje,439df689-d1cf-41c3-883c-1b7713fe68e5
Cómo hago para pedir viáticos del viaje para Wilfredo Menéndez,439df689-d1cf-41c3-883c-1b7713fe68e5
Ayuda con viáticos del viaje,439df689-d1cf-41c3-883c-1b7713fe68e5
Ayuda con viáticos del viaje para Delfina Aramburu Tamayo,439df689-d1cf-41c3-883c-1b7713fe68e5
Trámite de viáticos del viaje por favor,439df689-d1cf-41c3-883c-1b7713fe68e5
Trámite de viáticos del viaje por favor para Nilda Perez Hernando,439df689-d1cf-41c3-883c-1b7713fe68e5
Deseo tramitar viáticos del viaje,439df689-d1cf-41c3-883c-1b7713fe68e5
Deseo tramitar viáticos del viaje para Espiridión Sánchez Pallarès,439df689-d1cf-41c3-883c-1b7713fe68e5
Requiero viáticos del viaje urgente,439df689-d1cf-41c3-883c-1b7713fe68e5
Requiero viáticos del viaje urgente para Quirino Alcaraz,439df689-d1cf-41c3-883c-1b7713fe68e5
Me gustaría iniciar el proceso de viáticos del viaje,439df689-d1cf-41c3-883c-1b7713fe68e5
Me gustaría iniciar el proceso de viáticos del viaje para María Pilar Barral Tena,439df689-d1cf-41c3-883c-1b7713fe68e5
viáticos del viaje es lo que busco,439df689-d1cf-41c3-883c-1b7713fe68e5
viáticos del viaje es lo que busco para Ainoa Osuna Sacristán,439df689-d1cf-41c3-883c-1b7713fe68e5
Quiero abrir una solicitud para viáticos del viaje,439df689-d1cf-41c3-883c-1b7713fe68e5
Quiero abrir una solicitud para viáticos del viaje para Remedios Jaén Barberá,439df689-d1cf-41c3-883c-1b7713fe68e5
"Por favor, necesito viáticos del viaje",439df689-d1cf-41c3-883c-1b7713fe68e5
"Por favor, necesito viáticos del viaje para Ester Torrens Torrecilla",439df689-d1cf-41c3-883c-1b7713fe68e5
Quisiera gestionar viáticos del viaje para este mes,439df689-d1cf-41c3-883c-1b7713fe68e5
Quisiera gestionar viáticos del viaje para este mes para Ricarda Manso Salamanca,439df689-d1cf-41c3-883c-1b7713fe68e5
Me hace falta iniciar viáticos del viaje,439df689-d1cf-41c3-883c-1b7713fe68e5
Me hace falta iniciar viáticos del viaje para Pastora Andreu Montserrat,439df689-d1cf-41c3-883c-1b7713fe68e5
Abrir solicitud de viáticos del viaje,439df689-d1cf-41c3-883c-1b7713fe68e5
Abrir solicitud de viáticos del viaje para Gaspar Conrado Yáñez Guzman,439df689-d1cf-41c3-883c-1b7713fe68e5
Iniciar flujo para viáticos del viaje,439df689-d1cf-41c3-883c-1b7713fe68e5
Iniciar flujo para viáticos del viaje para Dimas Cal-Sanmartín,439df689-d1cf-41c3-883c-1b7713fe68e5
Tengo un problema con viáticos del viaje,439df689-d1cf-41c3-883c-1b7713fe68e5
Tengo un problema con viáticos del viaje para Conrado Pastor Barral,439df689-d1cf-41c3-883c-1b7713fe68e5
Cómo puedo solicitar viáticos del viaje,439df689-d1cf-41c3-883c-1b7713fe68e5
Cómo puedo solicitar viáticos del viaje para Flor Mateu Taboada,439df689-d1cf-41c3-883c-1b7713fe68e5
Deseo registrar viáticos del viaje,439df689-d1cf-41c3-883c-1b7713fe68e5
Deseo registrar viáticos del viaje para Herminia Bernardita Aller Sarabia,439df689-d1cf-41c3-883c-1b7713fe68e5
Necesito iniciar el trámite de devolver plata del taxi,439df689-d1cf-41c3-883c-1b7713fe68e5
Necesito iniciar el trámite de devolver plata del taxi para Mariana Rosselló-Rivas,439df689-d1cf-41c3-883c-1b7713fe68e5
Quiero solicitar devolver plata del taxi,439df689-d1cf-41c3-883c-1b7713fe68e5
Quiero solicitar devolver plata del taxi para Édgar Bosch Parejo,439df689-d1cf-41c3-883c-1b7713fe68e5
Cómo hago para pedir devolver plata del taxi,439df689-d1cf-41c3-883c-1b7713fe68e5
Cómo hago para pedir devolver plata del taxi para Noemí Espejo Pulido,439df689-d1cf-41c3-883c-1b7713fe68e5
Ayuda con devolver plata del taxi,439df689-d1cf-41c3-883c-1b7713fe68e5
Ayuda con devolver plata del taxi para Édgar Piñol Flores,439df689-d1cf-41c3-883c-1b7713fe68e5
Trámite de devolver plata del taxi por favor,439df689-d1cf-41c3-883c-1b7713fe68e5
Trámite de devolver plata del taxi por favor para Emiliano Fernando Ferrer Bello,439df689-d1cf-41c3-883c-1b7713fe68e5
Deseo tramitar devolver plata del taxi,439df689-d1cf-41c3-883c-1b7713fe68e5
Deseo tramitar devolver plata del taxi para Edelmiro Polo Jáuregui,439df689-d1cf-41c3-883c-1b7713fe68e5
Requiero devolver plata del taxi urgente,439df689-d1cf-41c3-883c-1b7713fe68e5
Requiero devolver plata del taxi urgente para Nidia Guijarro Camino,439df689-d1cf-41c3-883c-1b7713fe68e5
Me gustaría iniciar el proceso de devolver plata del taxi,439df689-d1cf-41c3-883c-1b7713fe68e5
Me gustaría iniciar el proceso de devolver plata del taxi para Roxana Sabater Plaza,439df689-d1cf-41c3-883c-1b7713fe68e5
devolver plata del taxi es lo que busco,439df689-d1cf-41c3-883c-1b7713fe68e5
devolver plata del taxi es lo que busco para María Del Carmen Barbero Calleja,439df689-d1cf-41c3-883c-1b7713fe68e5
Quiero abrir una solicitud para devolver plata del taxi,439df689-d1cf-41c3-883c-1b7713fe68e5
Quiero abrir una solicitud para devolver plata del taxi para Arturo Corbacho Juan,439df689-d1cf-41c3-883c-1b7713fe68e5
"Por favor, necesito devolver plata del taxi",439df689-d1cf-41c3-883c-1b7713fe68e5
"Por favor, necesito devolver plata del taxi para Bernabé Cañete-Gordillo",439df689-d1cf-41c3-883c-1b7713fe68e5
Quisiera gestionar devolver plata del taxi para este mes,439df689-d1cf-41c3-883c-1b7713fe68e5
Quisiera gestionar devolver plata del taxi para este mes para Pía Aragón-Andrade,439df689-d1cf-41c3-883c-1b7713fe68e5
Me hace falta iniciar devolver plata del taxi,439df689-d1cf-41c3-883c-1b7713fe68e5
Me hace falta iniciar devolver plata del taxi para Omar Flores Peinado,439df689-d1cf-41c3-883c-1b7713fe68e5
Abrir solicitud de devolver plata del taxi,439df689-d1cf-41c3-883c-1b7713fe68e5
Abrir solicitud de devolver plata del taxi para Carmelita Paniagua Moreno,439df689-d1cf-41c3-883c-1b7713fe68e5
Iniciar flujo para devolver plata del taxi,439df689-d1cf-41c3-883c-1b7713fe68e5
Iniciar flujo para devolver plata del taxi para Ceferino Anguita-Losada,439df689-d1cf-41c3-883c-1b7713fe68e5
Tengo un problema con devolver plata del taxi,439df689-d1cf-41c3-883c-1b7713fe68e5
Tengo un problema con devolver plata del taxi para Josefina Marquez Fajardo,439df689-d1cf-41c3-883c-1b7713fe68e5
Cómo puedo solicitar devolver plata del taxi,439df689-d1cf-41c3-883c-1b7713fe68e5
Cómo puedo solicitar devolver plata del taxi para Hilario Romeu Torrecilla,439df689-d1cf-41c3-883c-1b7713fe68e5
Deseo registrar devolver plata del taxi,439df689-d1cf-41c3-883c-1b7713fe68e5
Deseo registrar devolver plata del taxi para Rosaura Jerez Lozano,439df689-d1cf-41c3-883c-1b7713fe68e5
Necesito iniciar el trámite de gasto de hotel,439df689-d1cf-41c3-883c-1b7713fe68e5
Necesito iniciar el trámite de gasto de hotel para Virgilio Rivero-Cabanillas,439df689-d1cf-41c3-883c-1b7713fe68e5
Quiero solicitar gasto de hotel,439df689-d1cf-41c3-883c-1b7713fe68e5
Quiero solicitar gasto de hotel para Demetrio Perelló-Mesa,439df689-d1cf-41c3-883c-1b7713fe68e5
Cómo hago para pedir gasto de hotel,439df689-d1cf-41c3-883c-1b7713fe68e5
Cómo hago para pedir gasto de hotel para Eliana María Teresa Elías Mayoral,439df689-d1cf-41c3-883c-1b7713fe68e5
Ayuda con gasto de hotel,439df689-d1cf-41c3-883c-1b7713fe68e5
Ayuda con gasto de hotel para Guadalupe Ferrán Morante,439df689-d1cf-41c3-883c-1b7713fe68e5
Trámite de gasto de hotel por favor,439df689-d1cf-41c3-883c-1b7713fe68e5
Trámite de gasto de hotel por favor para Emma Hernando-Buendía,439df689-d1cf-41c3-883c-1b7713fe68e5
Deseo tramitar gasto de hotel,439df689-d1cf-41c3-883c-1b7713fe68e5
Deseo tramitar gasto de hotel para Vicenta Carretero Pedro,439df689-d1cf-41c3-883c-1b7713fe68e5
Necesito iniciar el trámite de solicitar laptop,993a46fb-a0b2-4d2c-88eb-11ab1c3d4e8c
Necesito iniciar el trámite de solicitar laptop para Nidia Llobet Varela,993a46fb-a0b2-4d2c-88eb-11ab1c3d4e8c
Quiero solicitar solicitar laptop,993a46fb-a0b2-4d2c-88eb-11ab1c3d4e8c
Quiero solicitar solicitar laptop para Guadalupe Martorell Gomis,993a46fb-a0b2-4d2c-88eb-11ab1c3d4e8c
Cómo hago para pedir solicitar laptop,993a46fb-a0b2-4d2c-88eb-11ab1c3d4e8c
Cómo hago para pedir solicitar laptop para Flor Cisneros Ferrándiz,993a46fb-a0b2-4d2c-88eb-11ab1c3d4e8c
Ayuda con solicitar laptop,993a46fb-a0b2-4d2c-88eb-11ab1c3d4e8c
Ayuda con solicitar laptop para Leandra de Sobrino,993a46fb-a0b2-4d2c-88eb-11ab1c3d4e8c
Trámite de solicitar laptop por favor,993a46fb-a0b2-4d2c-88eb-11ab1c3d4e8c
Trámite de solicitar laptop por favor para Magdalena Viñas,993a46fb-a0b2-4d2c-88eb-11ab1c3d4e8c
Deseo tramitar solicitar laptop,993a46fb-a0b2-4d2c-88eb-11ab1c3d4e8c
Deseo tramitar solicitar laptop para Alejandra Amor Barros,993a46fb-a0b2-4d2c-88eb-11ab1c3d4e8c
Requiero solicitar laptop urgente,993a46fb-a0b2-4d2c-88eb-11ab1c3d4e8c
Requiero solicitar laptop urgente para Agustina Cerdán Hernando,993a46fb-a0b2-4d2c-88eb-11ab1c3d4e8c
Me gustaría iniciar el proceso de solicitar laptop,993a46fb-a0b2-4d2c-88eb-11ab1c3d4e8c
Me gustaría iniciar el proceso de solicitar laptop para Sosimo Araujo Palma,993a46fb-a0b2-4d2c-88eb-11ab1c3d4e8c
solicitar laptop es lo que busco,993a46fb-a0b2-4d2c-88eb-11ab1c3d4e8c
solicitar laptop es lo que busco para Manuel Ayllón Llano,993a46fb-a0b2-4d2c-88eb-11ab1c3d4e8c
Quiero abrir una solicitud para solicitar laptop,993a46fb-a0b2-4d2c-88eb-11ab1c3d4e8c
Quiero abrir una solicitud para solicitar laptop para Manuelita Segura Medina,993a46fb-a0b2-4d2c-88eb-11ab1c3d4e8c
"Por favor, necesito solicitar laptop",993a46fb-a0b2-4d2c-88eb-11ab1c3d4e8c
"Por favor, necesito solicitar laptop para África Ayllón Pelayo",993a46fb-a0b2-4d2c-88eb-11ab1c3d4e8c
Quisiera gestionar solicitar laptop para este mes,993a46fb-a0b2-4d2c-88eb-11ab1c3d4e8c
Quisiera gestionar solicitar laptop para este mes para Cleto Vizcaíno Puig,993a46fb-a0b2-4d2c-88eb-11ab1c3d4e8c
Me hace falta iniciar solicitar laptop,993a46fb-a0b2-4d2c-88eb-11ab1c3d4e8c
Me hace falta iniciar solicitar laptop para Loreto Borja Otero Ribera,993a46fb-a0b2-4d2c-88eb-11ab1c3d4e8c
Abrir solicitud de solicitar laptop,993a46fb-a0b2-4d2c-88eb-11ab1c3d4e8c
Abrir solicitud de solicitar laptop para Sol Folch Botella,993a46fb-a0b2-4d2c-88eb-11ab1c3d4e8c
Iniciar flujo para solicitar laptop,993a46fb-a0b2-4d2c-88eb-11ab1c3d4e8c
Iniciar flujo para solicitar laptop para Julieta del Paniagua,993a46fb-a0b2-4d2c-88eb-11ab1c3d4e8c
Tengo un problema con solicitar laptop,993a46fb-a0b2-4d2c-88eb-11ab1c3d4e8c
Tengo un problema con solicitar laptop para Sara Guitart Cuervo,993a46fb-a0b2-4d2c-88eb-11ab1c3d4e8c
Cómo puedo solicitar solicitar laptop,993a46fb-a0b2-4d2c-88eb-11ab1c3d4e8c
Cómo puedo solicitar solicitar laptop para Óscar Olivares Peláez,993a46fb-a0b2-4d2c-88eb-11ab1c3d4e8c
Deseo registrar solicitar laptop,993a46fb-a0b2-4d2c-88eb-11ab1c3d4e8c
Deseo registrar solicitar laptop para Jose Carlos Millán,993a46fb-a0b2-4d2c-88eb-11ab1c3d4e8c
Necesito iniciar el trámite de nuevo monitor,993a46fb-a0b2-4d2c-88eb-11ab1c3d4e8c
Necesito iniciar el trámite de nuevo monitor para Benigna Rodriguez Jove,993a46fb-a0b2-4d2c-88eb-11ab1c3d4e8c
Quiero solicitar nuevo monitor,993a46fb-a0b2-4d2c-88eb-11ab1c3d4e8c
Quiero solicitar nuevo monitor para Federico Casanovas Villena,993a46fb-a0b2-4d2c-88eb-11ab1c3d4e8c
Cómo hago para pedir nuevo monitor,993a46fb-a0b2-4d2c-88eb-11ab1c3d4e8c
Cómo hago para pedir nuevo monitor para Maximino Colom Cortina,993a46fb-a0b2-4d2c-88eb-11ab1c3d4e8c
Ayuda con nuevo monitor,993a46fb-a0b2-4d2c-88eb-11ab1c3d4e8c
Ayuda con nuevo monitor para Esperanza Vélez-Pedrosa,993a46fb-a0b2-4d2c-88eb-11ab1c3d4e8c
Trámite de nuevo monitor por favor,993a46fb-a0b2-4d2c-88eb-11ab1c3d4e8c
Trámite de nuevo monitor por favor para Josep Borrás España,993a46fb-a0b2-4d2c-88eb-11ab1c3d4e8c
Deseo tramitar nuevo monitor,993a46fb-a0b2-4d2c-88eb-11ab1c3d4e8c
Deseo tramitar nuevo monitor para Vanesa Piquer Villalba,993a46fb-a0b2-4d2c-88eb-11ab1c3d4e8c
Requiero nuevo monitor urgente,993a46fb-a0b2-4d2c-88eb-11ab1c3d4e8c
Requiero nuevo monitor urgente para Isabela Alberdi Cifuentes,993a46fb-a0b2-4d2c-88eb-11ab1c3d4e8c
Me gustaría iniciar el proceso de nuevo monitor,993a46fb-a0b2-4d2c-88eb-11ab1c3d4e8c
Me gustaría iniciar el proceso de nuevo monitor para Narcisa Valbuena González,993a46fb-a0b2-4d2c-88eb-11ab1c3d4e8c
nuevo monitor es lo que busco,993a46fb-a0b2-4d2c-88eb-11ab1c3d4e8c
nuevo monitor es lo que busco para Diana Sanmiguel,993a46fb-a0b2-4d2c-88eb-11ab1c3d4e8c
Quiero abrir una solicitud para nuevo monitor,993a46fb-a0b2-4d2c-88eb-11ab1c3d4e8c
Quiero abrir una solicitud para nuevo monitor para Vicenta Villalonga,993a46fb-a0b2-4d2c-88eb-11ab1c3d4e8c
"Por favor, necesito nuevo monitor",993a46fb-a0b2-4d2c-88eb-11ab1c3d4e8c
"Por favor, necesito nuevo monitor para Luz Torrent Rodríguez",993a46fb-a0b2-4d2c-88eb-11ab1c3d4e8c
Quisiera gestionar nuevo monitor para este mes,993a46fb-a0b2-4d2c-88eb-11ab1c3d4e8c
Quisiera gestionar nuevo monitor para este mes para María Jesús Galvez Piquer,993a46fb-a0b2-4d2c-88eb-11ab1c3d4e8c
Me hace falta iniciar nuevo monitor,993a46fb-a0b2-4d2c-88eb-11ab1c3d4e8c
Me hace falta iniciar nuevo monitor para Xiomara Sanjuan Cazorla,993a46fb-a0b2-4d2c-88eb-11ab1c3d4e8c
Abrir solicitud de nuevo monitor,993a46fb-a0b2-4d2c-88eb-11ab1c3d4e8c
Abrir solicitud de nuevo monitor para Noa de Pagès,993a46fb-a0b2-4d2c-88eb-11ab1c3d4e8c
Iniciar flujo para nuevo monitor,993a46fb-a0b2-4d2c-88eb-11ab1c3d4e8c
Iniciar flujo para nuevo monitor para Carmelita Carro-Gordillo,993a46fb-a0b2-4d2c-88eb-11ab1c3d4e8c
Tengo un problema con nuevo monitor,993a46fb-a0b2-4d2c-88eb-11ab1c3d4e8c
Tengo un problema con nuevo monitor para José Ángel Noriega Gomez,993a46fb-a0b2-4d2c-88eb-11ab1c3d4e8c
Cómo puedo solicitar nuevo monitor,993a46fb-a0b2-4d2c-88eb-11ab1c3d4e8c
Cómo puedo solicitar nuevo monitor para Marc Fonseca Villena,993a46fb-a0b2-4d2c-88eb-11ab1c3d4e8c
Deseo registrar nuevo monitor,993a46fb-a0b2-4d2c-88eb-11ab1c3d4e8c
Deseo registrar nuevo monitor para Marita Gracia Barceló,993a46fb-a0b2-4d2c-88eb-11ab1c3d4e8c
Necesito iniciar el trámite de hardware de trabajo,993a46fb-a0b2-4d2c-88eb-11ab1c3d4e8c
Necesito iniciar el trámite de hardware de trabajo para Marina Reig Sanabria,993a46fb-a0b2-4d2c-88eb-11ab1c3d4e8c
Quiero solicitar hardware de trabajo,993a46fb-a0b2-4d2c-88eb-11ab1c3d4e8c
Quiero solicitar hardware de trabajo para Fernando Infante Baró,993a46fb-a0b2-4d2c-88eb-11ab1c3d4e8c
Cómo hago para pedir hardware de trabajo,993a46fb-a0b2-4d2c-88eb-11ab1c3d4e8c
Cómo hago para pedir hardware de trabajo para Venceslás Rivero Riera,993a46fb-a0b2-4d2c-88eb-11ab1c3d4e8c
Ayuda con hardware de trabajo,993a46fb-a0b2-4d2c-88eb-11ab1c3d4e8c
Ayuda con hardware de trabajo para Luis Miguel Ribera-Carretero,993a46fb-a0b2-4d2c-88eb-11ab1c3d4e8c
Trámite de hardware de trabajo por favor,993a46fb-a0b2-4d2c-88eb-11ab1c3d4e8c
Trámite de hardware de trabajo por favor para Ruperta de Núñez,993a46fb-a0b2-4d2c-88eb-11ab1c3d4e8c
Deseo tramitar hardware de trabajo,993a46fb-a0b2-4d2c-88eb-11ab1c3d4e8c
Deseo tramitar hardware de trabajo para Jose Ignacio Ocaña Bueno,993a46fb-a0b2-4d2c-88eb-11ab1c3d4e8c
Requiero hardware de trabajo urgente,993a46fb-a0b2-4d2c-88eb-11ab1c3d4e8c
Requiero hardware de trabajo urgente para Hipólito Peiró,993a46fb-a0b2-4d2c-88eb-11ab1c3d4e8c
Me gustaría iniciar el proceso de hardware de trabajo,993a46fb-a0b2-4d2c-88eb-11ab1c3d4e8c
Me gustaría iniciar el proceso de hardware de trabajo para María Luisa Edelmira Ramirez Rojas,993a46fb-a0b2-4d2c-88eb-11ab1c3d4e8c
hardware de trabajo es lo que busco,993a46fb-a0b2-4d2c-88eb-11ab1c3d4e8c
hardware de trabajo es lo que busco para Olimpia Isern Aranda,993a46fb-a0b2-4d2c-88eb-11ab1c3d4e8c
Quiero abrir una solicitud para hardware de trabajo,993a46fb-a0b2-4d2c-88eb-11ab1c3d4e8c
Quiero abrir una solicitud para hardware de trabajo para Aarón Reyes Morell Ángel,993a46fb-a0b2-4d2c-88eb-11ab1c3d4e8c
"Por favor, necesito hardware de trabajo",993a46fb-a0b2-4d2c-88eb-11ab1c3d4e8c
"Por favor, necesito hardware de trabajo para Hilda Aragonés Montenegro",993a46fb-a0b2-4d2c-88eb-11ab1c3d4e8c
Quisiera gestionar hardware de trabajo para este mes,993a46fb-a0b2-4d2c-88eb-11ab1c3d4e8c
Quisiera gestionar hardware de trabajo para este mes para Chucho Bonilla Atienza,993a46fb-a0b2-4d2c-88eb-11ab1c3d4e8c
Me hace falta iniciar hardware de trabajo,993a46fb-a0b2-4d2c-88eb-11ab1c3d4e8c
Me hace falta iniciar hardware de trabajo para Soledad Tur Guardiola,993a46fb-a0b2-4d2c-88eb-11ab1c3d4e8c
Abrir solicitud de hardware de trabajo,993a46fb-a0b2-4d2c-88eb-11ab1c3d4e8c
Abrir solicitud de hardware de trabajo para Micaela Trillo Ramirez,993a46fb-a0b2-4d2c-88eb-11ab1c3d4e8c
Iniciar flujo para hardware de trabajo,993a46fb-a0b2-4d2c-88eb-11ab1c3d4e8c
Iniciar flujo para hardware de trabajo para Dafne Tamayo Vega,993a46fb-a0b2-4d2c-88eb-11ab1c3d4e8c
Tengo un problema con hardware de trabajo,993a46fb-a0b2-4d2c-88eb-11ab1c3d4e8c
Tengo un problema con hardware de trabajo para Ulises Aguilar Ojeda,993a46fb-a0b2-4d2c-88eb-11ab1c3d4e8c
Cómo puedo solicitar hardware de trabajo,993a46fb-a0b2-4d2c-88eb-11ab1c3d4e8c
Cómo puedo solicitar hardware de trabajo para Isidoro Montserrat-Gaya,993a46fb-a0b2-4d2c-88eb-11ab1c3d4e8c
Deseo registrar hardware de trabajo,993a46fb-a0b2-4d2c-88eb-11ab1c3d4e8c
Deseo registrar hardware de trabajo para Itziar Tello Moreno,993a46fb-a0b2-4d2c-88eb-11ab1c3d4e8c
Necesito iniciar el trámite de computadora portátil,993a46fb-a0b2-4d2c-88eb-11ab1c3d4e8c
Necesito iniciar el trámite de computadora portátil para Esteban Aramburu Manjón,993a46fb-a0b2-4d2c-88eb-11ab1c3d4e8c
Quiero solicitar computadora portátil,993a46fb-a0b2-4d2c-88eb-11ab1c3d4e8c
Quiero solicitar computadora portátil para Paco Ripoll Ávila,993a46fb-a0b2-4d2c-88eb-11ab1c3d4e8c
Cómo hago para pedir computadora portátil,993a46fb-a0b2-4d2c-88eb-11ab1c3d4e8c
Cómo hago para pedir computadora portátil para Godofredo Becerra Gomila,993a46fb-a0b2-4d2c-88eb-11ab1c3d4e8c
Ayuda con computadora portátil,993a46fb-a0b2-4d2c-88eb-11ab1c3d4e8c
Ayuda con computadora portátil para Roberta Nogueira Guerra,993a46fb-a0b2-4d2c-88eb-11ab1c3d4e8c
Trámite de computadora portátil por favor,993a46fb-a0b2-4d2c-88eb-11ab1c3d4e8c
Trámite de computadora portátil por favor para Margarita Jaume,993a46fb-a0b2-4d2c-88eb-11ab1c3d4e8c
Deseo tramitar computadora portátil,993a46fb-a0b2-4d2c-88eb-11ab1c3d4e8c
Deseo tramitar computadora portátil para Ani Feijoo Navarro,993a46fb-a0b2-4d2c-88eb-11ab1c3d4e8c
Necesito iniciar el trámite de evaluación de desempeño,a7b21cc3-d8cf-48af-8bb0-22cba4567e9b
Necesito iniciar el trámite de evaluación de desempeño para Carmen Gema Solís Benito,a7b21cc3-d8cf-48af-8bb0-22cba4567e9b
Quiero solicitar evaluación de desempeño,a7b21cc3-d8cf-48af-8bb0-22cba4567e9b
Quiero solicitar evaluación de desempeño para Wálter Calderón Pujadas,a7b21cc3-d8cf-48af-8bb0-22cba4567e9b
Cómo hago para pedir evaluación de desempeño,a7b21cc3-d8cf-48af-8bb0-22cba4567e9b
Cómo hago para pedir evaluación de desempeño para Jesús de Carrera,a7b21cc3-d8cf-48af-8bb0-22cba4567e9b
Ayuda con evaluación de desempeño,a7b21cc3-d8cf-48af-8bb0-22cba4567e9b
Ayuda con evaluación de desempeño para Bernarda Agullo Mariscal,a7b21cc3-d8cf-48af-8bb0-22cba4567e9b
Trámite de evaluación de desempeño por favor,a7b21cc3-d8cf-48af-8bb0-22cba4567e9b
Trámite de evaluación de desempeño por favor para Berta Arrieta,a7b21cc3-d8cf-48af-8bb0-22cba4567e9b
Deseo tramitar evaluación de desempeño,a7b21cc3-d8cf-48af-8bb0-22cba4567e9b
Deseo tramitar evaluación de desempeño para Angelina Garay-Olivé,a7b21cc3-d8cf-48af-8bb0-22cba4567e9b
Requiero evaluación de desempeño urgente,a7b21cc3-d8cf-48af-8bb0-22cba4567e9b
Requiero evaluación de desempeño urgente para Emiliano Jover Tomás,a7b21cc3-d8cf-48af-8bb0-22cba4567e9b
Me gustaría iniciar el proceso de evaluación de desempeño,a7b21cc3-d8cf-48af-8bb0-22cba4567e9b
Me gustaría iniciar el proceso de evaluación de desempeño para Juanita Nereida Gallego Uriarte,a7b21cc3-d8cf-48af-8bb0-22cba4567e9b
evaluación de desempeño es lo que busco,a7b21cc3-d8cf-48af-8bb0-22cba4567e9b
evaluación de desempeño es lo que busco para Olga Blasco Portero,a7b21cc3-d8cf-48af-8bb0-22cba4567e9b
Quiero abrir una solicitud para evaluación de desempeño,a7b21cc3-d8cf-48af-8bb0-22cba4567e9b
Quiero abrir una solicitud para evaluación de desempeño para Narcisa Dueñas Caparrós,a7b21cc3-d8cf-48af-8bb0-22cba4567e9b
"Por favor, necesito evaluación de desempeño",a7b21cc3-d8cf-48af-8bb0-22cba4567e9b
"Por favor, necesito evaluación de desempeño para Jose Ramón Madrid Camacho",a7b21cc3-d8cf-48af-8bb0-22cba4567e9b
Quisiera gestionar evaluación de desempeño para este mes,a7b21cc3-d8cf-48af-8bb0-22cba4567e9b
Quisiera gestionar evaluación de desempeño para este mes para Amancio Alba Torrents,a7b21cc3-d8cf-48af-8bb0-22cba4567e9b
Me hace falta iniciar evaluación de desempeño,a7b21cc3-d8cf-48af-8bb0-22cba4567e9b
Me hace falta iniciar evaluación de desempeño para Bautista Giralt Planas,a7b21cc3-d8cf-48af-8bb0-22cba4567e9b
Abrir solicitud de evaluación de desempeño,a7b21cc3-d8cf-48af-8bb0-22cba4567e9b
Abrir solicitud de evaluación de desempeño para Eligia Izaguirre Lladó,a7b21cc3-d8cf-48af-8bb0-22cba4567e9b
Iniciar flujo para evaluación de desempeño,a7b21cc3-d8cf-48af-8bb0-22cba4567e9b
Iniciar flujo para evaluación de desempeño para Herminio Torrent-Azcona,a7b21cc3-d8cf-48af-8bb0-22cba4567e9b
Tengo un problema con evaluación de desempeño,a7b21cc3-d8cf-48af-8bb0-22cba4567e9b
Tengo un problema con evaluación de desempeño para Luciana Posada Nicolau,a7b21cc3-d8cf-48af-8bb0-22cba4567e9b
Cómo puedo solicitar evaluación de desempeño,a7b21cc3-d8cf-48af-8bb0-22cba4567e9b
Cómo puedo solicitar evaluación de desempeño para Quique Ortega Pedraza,a7b21cc3-d8cf-48af-8bb0-22cba4567e9b
Deseo registrar evaluación de desempeño,a7b21cc3-d8cf-48af-8bb0-22cba4567e9b
Deseo registrar evaluación de desempeño para Atilio Español Soler,a7b21cc3-d8cf-48af-8bb0-22cba4567e9b
Necesito iniciar el trámite de revisión anual,a7b21cc3-d8cf-48af-8bb0-22cba4567e9b
Necesito iniciar el trámite de revisión anual para Alberto Fermín Casanovas Huguet,a7b21cc3-d8cf-48af-8bb0-22cba4567e9b
Quiero solicitar revisión anual,a7b21cc3-d8cf-48af-8bb0-22cba4567e9b
Quiero solicitar revisión anual para África López-Parra,a7b21cc3-d8cf-48af-8bb0-22cba4567e9b
Cómo hago para pedir revisión anual,a7b21cc3-d8cf-48af-8bb0-22cba4567e9b
Cómo hago para pedir revisión anual para Iván Amorós Varela,a7b21cc3-d8cf-48af-8bb0-22cba4567e9b
Ayuda con revisión anual,a7b21cc3-d8cf-48af-8bb0-22cba4567e9b
Ayuda con revisión anual para Moisés de Román,a7b21cc3-d8cf-48af-8bb0-22cba4567e9b
Trámite de revisión anual por favor,a7b21cc3-d8cf-48af-8bb0-22cba4567e9b
Trámite de revisión anual por favor para Concha Ferrer,a7b21cc3-d8cf-48af-8bb0-22cba4567e9b
Deseo tramitar revisión anual,a7b21cc3-d8cf-48af-8bb0-22cba4567e9b
Deseo tramitar revisión anual para Tatiana Bernat Mena,a7b21cc3-d8cf-48af-8bb0-22cba4567e9b
Requiero revisión anual urgente,a7b21cc3-d8cf-48af-8bb0-22cba4567e9b
Requiero revisión anual urgente para Nerea del Cuervo,a7b21cc3-d8cf-48af-8bb0-22cba4567e9b
Me gustaría iniciar el proceso de revisión anual,a7b21cc3-d8cf-48af-8bb0-22cba4567e9b
Me gustaría iniciar el proceso de revisión anual para Álvaro Molina-Aliaga,a7b21cc3-d8cf-48af-8bb0-22cba4567e9b
revisión anual es lo que busco,a7b21cc3-d8cf-48af-8bb0-22cba4567e9b
revisión anual es lo que busco para Samuel Carreño Abad,a7b21cc3-d8cf-48af-8bb0-22cba4567e9b
Quiero abrir una solicitud para revisión anual,a7b21cc3-d8cf-48af-8bb0-22cba4567e9b
Quiero abrir una solicitud para revisión anual para Adriana Carreño Querol,a7b21cc3-d8cf-48af-8bb0-22cba4567e9b
"Por favor, necesito revisión anual",a7b21cc3-d8cf-48af-8bb0-22cba4567e9b
"Por favor, necesito revisión anual para Eleuterio Granados Prada",a7b21cc3-d8cf-48af-8bb0-22cba4567e9b
Quisiera gestionar revisión anual para este mes,a7b21cc3-d8cf-48af-8bb0-22cba4567e9b
Quisiera gestionar revisión anual para este mes para Adoración Company Esteban,a7b21cc3-d8cf-48af-8bb0-22cba4567e9b
Me hace falta iniciar revisión anual,a7b21cc3-d8cf-48af-8bb0-22cba4567e9b
Me hace falta iniciar revisión anual para José María Ródenas Vilaplana,a7b21cc3-d8cf-48af-8bb0-22cba4567e9b
Abrir solicitud de revisión anual,a7b21cc3-d8cf-48af-8bb0-22cba4567e9b
Abrir solicitud de revisión anual para Leyre Núñez Adadia,a7b21cc3-d8cf-48af-8bb0-22cba4567e9b
Iniciar flujo para revisión anual,a7b21cc3-d8cf-48af-8bb0-22cba4567e9b
Iniciar flujo para revisión anual para Pepe Escudero Álvarez,a7b21cc3-d8cf-48af-8bb0-22cba4567e9b
Tengo un problema con revisión anual,a7b21cc3-d8cf-48af-8bb0-22cba4567e9b
Tengo un problema con revisión anual para Sonia Amo Andrade,a7b21cc3-d8cf-48af-8bb0-22cba4567e9b
Cómo puedo solicitar revisión anual,a7b21cc3-d8cf-48af-8bb0-22cba4567e9b
Cómo puedo solicitar revisión anual para Santos Alegre Román,a7b21cc3-d8cf-48af-8bb0-22cba4567e9b
Deseo registrar revisión anual,a7b21cc3-d8cf-48af-8bb0-22cba4567e9b
Deseo registrar revisión anual para Donato Cabanillas Rosales,a7b21cc3-d8cf-48af-8bb0-22cba4567e9b
Necesito iniciar el trámite de objetivos del año,a7b21cc3-d8cf-48af-8bb0-22cba4567e9b
Necesito iniciar el trámite de objetivos del año para Andrés Felipe Lorenzo Ocaña Ángel,a7b21cc3-d8cf-48af-8bb0-22cba4567e9b
Quiero solicitar objetivos del año,a7b21cc3-d8cf-48af-8bb0-22cba4567e9b
Quiero solicitar objetivos del año para Humberto Palomino-Melero,a7b21cc3-d8cf-48af-8bb0-22cba4567e9b
Cómo hago para pedir objetivos del año,a7b21cc3-d8cf-48af-8bb0-22cba4567e9b
Cómo hago para pedir objetivos del año para Juliana Bueno Franco,a7b21cc3-d8cf-48af-8bb0-22cba4567e9b
Ayuda con objetivos del año,a7b21cc3-d8cf-48af-8bb0-22cba4567e9b
Ayuda con objetivos del año para Valerio Torrijos Guerrero,a7b21cc3-d8cf-48af-8bb0-22cba4567e9b
Trámite de objetivos del año por favor,a7b21cc3-d8cf-48af-8bb0-22cba4567e9b
Trámite de objetivos del año por favor para Itziar Pacheco Bilbao,a7b21cc3-d8cf-48af-8bb0-22cba4567e9b
Deseo tramitar objetivos del año,a7b21cc3-d8cf-48af-8bb0-22cba4567e9b
Deseo tramitar objetivos del año para Rodrigo Navarrete,a7b21cc3-d8cf-48af-8bb0-22cba4567e9b
Requiero objetivos del año urgente,a7b21cc3-d8cf-48af-8bb0-22cba4567e9b
Requiero objetivos del año urgente para Evelia Cordero,a7b21cc3-d8cf-48af-8bb0-22cba4567e9b
Me gustaría iniciar el proceso de objetivos del año,a7b21cc3-d8cf-48af-8bb0-22cba4567e9b
Me gustaría iniciar el proceso de objetivos del año para Cosme del Crespi,a7b21cc3-d8cf-48af-8bb0-22cba4567e9b
objetivos del año es lo que busco,a7b21cc3-d8cf-48af-8bb0-22cba4567e9b
objetivos del año es lo que busco para Cloe Llobet Nebot,a7b21cc3-d8cf-48af-8bb0-22cba4567e9b
Quiero abrir una solicitud para objetivos del año,a7b21cc3-d8cf-48af-8bb0-22cba4567e9b
Quiero abrir una solicitud para objetivos del año para Almudena Suárez Donaire,a7b21cc3-d8cf-48af-8bb0-22cba4567e9b
"Por favor, necesito objetivos del año",a7b21cc3-d8cf-48af-8bb0-22cba4567e9b
"Por favor, necesito objetivos del año para Adelia del Juárez",a7b21cc3-d8cf-48af-8bb0-22cba4567e9b
Quisiera gestionar objetivos del año para este mes,a7b21cc3-d8cf-48af-8bb0-22cba4567e9b
Quisiera gestionar objetivos del año para este mes para Gala Castell Cantero,a7b21cc3-d8cf-48af-8bb0-22cba4567e9b
Me hace falta iniciar objetivos del año,a7b21cc3-d8cf-48af-8bb0-22cba4567e9b
Me hace falta iniciar objetivos del año para Vera Segura,a7b21cc3-d8cf-48af-8bb0-22cba4567e9b
Abrir solicitud de objetivos del año,a7b21cc3-d8cf-48af-8bb0-22cba4567e9b
Abrir solicitud de objetivos del año para Fulgencio Ojeda Llanos,a7b21cc3-d8cf-48af-8bb0-22cba4567e9b
Iniciar flujo para objetivos del año,a7b21cc3-d8cf-48af-8bb0-22cba4567e9b
Iniciar flujo para objetivos del año para Emiliana Gallardo Castejón,a7b21cc3-d8cf-48af-8bb0-22cba4567e9b
Tengo un problema con objetivos del año,a7b21cc3-d8cf-48af-8bb0-22cba4567e9b
Tengo un problema con objetivos del año para Nando de Pinilla,a7b21cc3-d8cf-48af-8bb0-22cba4567e9b
Cómo puedo solicitar objetivos del año,a7b21cc3-d8cf-48af-8bb0-22cba4567e9b
Cómo puedo solicitar objetivos del año para Jonatan Pomares Armas,a7b21cc3-d8cf-48af-8bb0-22cba4567e9b
Deseo registrar objetivos del año,a7b21cc3-d8cf-48af-8bb0-22cba4567e9b
Deseo registrar objetivos del año para Paloma Aragonés Llorens,a7b21cc3-d8cf-48af-8bb0-22cba4567e9b
Necesito iniciar el trámite de autoevaluación,a7b21cc3-d8cf-48af-8bb0-22cba4567e9b
Necesito iniciar el trámite de autoevaluación para Yolanda Sanz Llabrés,a7b21cc3-d8cf-48af-8bb0-22cba4567e9b
Quiero solicitar autoevaluación,a7b21cc3-d8cf-48af-8bb0-22cba4567e9b
Quiero solicitar autoevaluación para Gervasio Sureda Tormo,a7b21cc3-d8cf-48af-8bb0-22cba4567e9b
Cómo hago para pedir autoevaluación,a7b21cc3-d8cf-48af-8bb0-22cba4567e9b
Cómo hago para pedir autoevaluación para Tecla Lozano Peñalver,a7b21cc3-d8cf-48af-8bb0-22cba4567e9b
Ayuda con autoevaluación,a7b21cc3-d8cf-48af-8bb0-22cba4567e9b
Ayuda con autoevaluación para Paca Duran Cepeda,a7b21cc3-d8cf-48af-8bb0-22cba4567e9b
Trámite de autoevaluación por favor,a7b21cc3-d8cf-48af-8bb0-22cba4567e9b
Trámite de autoevaluación por favor para David Mayol,a7b21cc3-d8cf-48af-8bb0-22cba4567e9b
Deseo tramitar autoevaluación,a7b21cc3-d8cf-48af-8bb0-22cba4567e9b
Deseo tramitar autoevaluación para Magdalena Belmonte Carballo,a7b21cc3-d8cf-48af-8bb0-22cba4567e9b
Necesito iniciar el trámite de pagar factura,2c3d4e5f-6a7b-8c9d-0e1f-2a3b4c5d6e7f
Necesito iniciar el trámite de pagar factura para Crescencia Frías-Mesa,2c3d4e5f-6a7b-8c9d-0e1f-2a3b4c5d6e7f
Quiero solicitar pagar factura,2c3d4e5f-6a7b-8c9d-0e1f-2a3b4c5d6e7f
Quiero solicitar pagar factura para Eli Rius Baeza,2c3d4e5f-6a7b-8c9d-0e1f-2a3b4c5d6e7f
Cómo hago para pedir pagar factura,2c3d4e5f-6a7b-8c9d-0e1f-2a3b4c5d6e7f
Cómo hago para pedir pagar factura para Bernabé Camacho Salazar,2c3d4e5f-6a7b-8c9d-0e1f-2a3b4c5d6e7f
Ayuda con pagar factura,2c3d4e5f-6a7b-8c9d-0e1f-2a3b4c5d6e7f
Ayuda con pagar factura para Ariel Martí Anglada,2c3d4e5f-6a7b-8c9d-0e1f-2a3b4c5d6e7f
Trámite de pagar factura por favor,2c3d4e5f-6a7b-8c9d-0e1f-2a3b4c5d6e7f
Trámite de pagar factura por favor para Eufemia Benavent Ibáñez,2c3d4e5f-6a7b-8c9d-0e1f-2a3b4c5d6e7f
Deseo tramitar pagar factura,2c3d4e5f-6a7b-8c9d-0e1f-2a3b4c5d6e7f
Deseo tramitar pagar factura para Javiera del Riera,2c3d4e5f-6a7b-8c9d-0e1f-2a3b4c5d6e7f
Requiero pagar factura urgente,2c3d4e5f-6a7b-8c9d-0e1f-2a3b4c5d6e7f
Requiero pagar factura urgente para Rafaela Bernat Aguilar,2c3d4e5f-6a7b-8c9d-0e1f-2a3b4c5d6e7f
Me gustaría iniciar el proceso de pagar factura,2c3d4e5f-6a7b-8c9d-0e1f-2a3b4c5d6e7f
Me gustaría iniciar el proceso de pagar factura para Paola Cisneros Jove,2c3d4e5f-6a7b-8c9d-0e1f-2a3b4c5d6e7f
pagar factura es lo que busco,2c3d4e5f-6a7b-8c9d-0e1f-2a3b4c5d6e7f
pagar factura es lo que busco para Amaro Peñas,2c3d4e5f-6a7b-8c9d-0e1f-2a3b4c5d6e7f
Quiero abrir una solicitud para pagar factura,2c3d4e5f-6a7b-8c9d-0e1f-2a3b4c5d6e7f
Quiero abrir una solicitud para pagar factura para Luis Ángel Monreal,2c3d4e5f-6a7b-8c9d-0e1f-2a3b4c5d6e7f
"Por favor, necesito pagar factura",2c3d4e5f-6a7b-8c9d-0e1f-2a3b4c5d6e7f
"Por favor, necesito pagar factura para Felipe Araujo Guzmán",2c3d4e5f-6a7b-8c9d-0e1f-2a3b4c5d6e7f
Quisiera gestionar pagar factura para este mes,2c3d4e5f-6a7b-8c9d-0e1f-2a3b4c5d6e7f
Quisiera gestionar pagar factura para este mes para Berta Vaquero-Hernandez,2c3d4e5f-6a7b-8c9d-0e1f-2a3b4c5d6e7f
Me hace falta iniciar pagar factura,2c3d4e5f-6a7b-8c9d-0e1f-2a3b4c5d6e7f
Me hace falta iniciar pagar factura para Manolo Malo Sabater,2c3d4e5f-6a7b-8c9d-0e1f-2a3b4c5d6e7f
Abrir solicitud de pagar factura,2c3d4e5f-6a7b-8c9d-0e1f-2a3b4c5d6e7f
Abrir solicitud de pagar factura para Odalys Aguirre Guijarro,2c3d4e5f-6a7b-8c9d-0e1f-2a3b4c5d6e7f
Iniciar flujo para pagar factura,2c3d4e5f-6a7b-8c9d-0e1f-2a3b4c5d6e7f
Iniciar flujo para pagar factura para Aránzazu Sanmartín-Gómez,2c3d4e5f-6a7b-8c9d-0e1f-2a3b4c5d6e7f
Tengo un problema con pagar factura,2c3d4e5f-6a7b-8c9d-0e1f-2a3b4c5d6e7f
Tengo un problema con pagar factura para Nico del Camacho,2c3d4e5f-6a7b-8c9d-0e1f-2a3b4c5d6e7f
Cómo puedo solicitar pagar factura,2c3d4e5f-6a7b-8c9d-0e1f-2a3b4c5d6e7f
Cómo puedo solicitar pagar factura para Petrona Mendoza Pozuelo,2c3d4e5f-6a7b-8c9d-0e1f-2a3b4c5d6e7f
Deseo registrar pagar factura,2c3d4e5f-6a7b-8c9d-0e1f-2a3b4c5d6e7f
Deseo registrar pagar factura para Nuria Busquets-Osorio,2c3d4e5f-6a7b-8c9d-0e1f-2a3b4c5d6e7f
Necesito iniciar el trámite de transferencia a proveedor,2c3d4e5f-6a7b-8c9d-0e1f-2a3b4c5d6e7f
Necesito iniciar el trámite de transferencia a proveedor para Eva María de Téllez,2c3d4e5f-6a7b-8c9d-0e1f-2a3b4c5d6e7f
Quiero solicitar transferencia a proveedor,2c3d4e5f-6a7b-8c9d-0e1f-2a3b4c5d6e7f
Quiero solicitar transferencia a proveedor para Consuela Lina Barrios Cabeza,2c3d4e5f-6a7b-8c9d-0e1f-2a3b4c5d6e7f
Cómo hago para pedir transferencia a proveedor,2c3d4e5f-6a7b-8c9d-0e1f-2a3b4c5d6e7f
Cómo hago para pedir transferencia a proveedor para Cipriano Pacheco González,2c3d4e5f-6a7b-8c9d-0e1f-2a3b4c5d6e7f
Ayuda con transferencia a proveedor,2c3d4e5f-6a7b-8c9d-0e1f-2a3b4c5d6e7f
Ayuda con transferencia a proveedor para Anselmo Juan Antonio Becerra Raya,2c3d4e5f-6a7b-8c9d-0e1f-2a3b4c5d6e7f
Trámite de transferencia a proveedor por favor,2c3d4e5f-6a7b-8c9d-0e1f-2a3b4c5d6e7f
Trámite de transferencia a proveedor por favor para Tania Almeida Rojas,2c3d4e5f-6a7b-8c9d-0e1f-2a3b4c5d6e7f
Deseo tramitar transferencia a proveedor,2c3d4e5f-6a7b-8c9d-0e1f-2a3b4c5d6e7f
Deseo tramitar transferencia a proveedor para Clímaco Real Ballesteros,2c3d4e5f-6a7b-8c9d-0e1f-2a3b4c5d6e7f
Requiero transferencia a proveedor urgente,2c3d4e5f-6a7b-8c9d-0e1f-2a3b4c5d6e7f
Requiero transferencia a proveedor urgente para Laura Irma Nuñez Recio,2c3d4e5f-6a7b-8c9d-0e1f-2a3b4c5d6e7f
Me gustaría iniciar el proceso de transferencia a proveedor,2c3d4e5f-6a7b-8c9d-0e1f-2a3b4c5d6e7f
Me gustaría iniciar el proceso de transferencia a proveedor para Adalberto Ortega Exposito,2c3d4e5f-6a7b-8c9d-0e1f-2a3b4c5d6e7f
transferencia a proveedor es lo que busco,2c3d4e5f-6a7b-8c9d-0e1f-2a3b4c5d6e7f
transferencia a proveedor es lo que busco para Manuelita Álamo Expósito,2c3d4e5f-6a7b-8c9d-0e1f-2a3b4c5d6e7f
Quiero abrir una solicitud para transferencia a proveedor,2c3d4e5f-6a7b-8c9d-0e1f-2a3b4c5d6e7f
Quiero abrir una solicitud para transferencia a proveedor para Mario Cervantes Bru,2c3d4e5f-6a7b-8c9d-0e1f-2a3b4c5d6e7f
"Por favor, necesito transferencia a proveedor",2c3d4e5f-6a7b-8c9d-0e1f-2a3b4c5d6e7f
"Por favor, necesito transferencia a proveedor para Juliana Campillo",2c3d4e5f-6a7b-8c9d-0e1f-2a3b4c5d6e7f
Quisiera gestionar transferencia a proveedor para este mes,2c3d4e5f-6a7b-8c9d-0e1f-2a3b4c5d6e7f
Quisiera gestionar transferencia a proveedor para este mes para Isidoro Pazos,2c3d4e5f-6a7b-8c9d-0e1f-2a3b4c5d6e7f
Me hace falta iniciar transferencia a proveedor,2c3d4e5f-6a7b-8c9d-0e1f-2a3b4c5d6e7f
Me hace falta iniciar transferencia a proveedor para Camila Lumbreras González,2c3d4e5f-6a7b-8c9d-0e1f-2a3b4c5d6e7f
Abrir solicitud de transferencia a proveedor,2c3d4e5f-6a7b-8c9d-0e1f-2a3b4c5d6e7f
Abrir solicitud de transferencia a proveedor para Cristóbal Priego Lopez,2c3d4e5f-6a7b-8c9d-0e1f-2a3b4c5d6e7f
Iniciar flujo para transferencia a proveedor,2c3d4e5f-6a7b-8c9d-0e1f-2a3b4c5d6e7f
Iniciar flujo para transferencia a proveedor para María Del Carmen Carpio Frías,2c3d4e5f-6a7b-8c9d-0e1f-2a3b4c5d6e7f
Tengo un problema con transferencia a proveedor,2c3d4e5f-6a7b-8c9d-0e1f-2a3b4c5d6e7f
Tengo un problema con transferencia a proveedor para Edgardo Porta Campos,2c3d4e5f-6a7b-8c9d-0e1f-2a3b4c5d6e7f
Cómo puedo solicitar transferencia a proveedor,2c3d4e5f-6a7b-8c9d-0e1f-2a3b4c5d6e7f
Cómo puedo solicitar transferencia a proveedor para Chuy de Uriarte,2c3d4e5f-6a7b-8c9d-0e1f-2a3b4c5d6e7f
Deseo registrar transferencia a proveedor,2c3d4e5f-6a7b-8c9d-0e1f-2a3b4c5d6e7f
Deseo registrar transferencia a proveedor para Joaquín Roura,2c3d4e5f-6a7b-8c9d-0e1f-2a3b4c5d6e7f
Necesito iniciar el trámite de pago pendiente,2c3d4e5f-6a7b-8c9d-0e1f-2a3b4c5d6e7f
Necesito iniciar el trámite de pago pendiente para Salvador Burgos Pagès,2c3d4e5f-6a7b-8c9d-0e1f-2a3b4c5d6e7f
Quiero solicitar pago pendiente,2c3d4e5f-6a7b-8c9d-0e1f-2a3b4c5d6e7f
Quiero solicitar pago pendiente para Selena Aparicio,2c3d4e5f-6a7b-8c9d-0e1f-2a3b4c5d6e7f
Cómo hago para pedir pago pendiente,2c3d4e5f-6a7b-8c9d-0e1f-2a3b4c5d6e7f
Cómo hago para pedir pago pendiente para Rosa María Blasco-Parejo,2c3d4e5f-6a7b-8c9d-0e1f-2a3b4c5d6e7f
Ayuda con pago pendiente,2c3d4e5f-6a7b-8c9d-0e1f-2a3b4c5d6e7f
Ayuda con pago pendiente para Severino Murillo,2c3d4e5f-6a7b-8c9d-0e1f-2a3b4c5d6e7f
Trámite de pago pendiente por favor,2c3d4e5f-6a7b-8c9d-0e1f-2a3b4c5d6e7f
Trámite de pago pendiente por favor para Nacho Madrid Rey,2c3d4e5f-6a7b-8c9d-0e1f-2a3b4c5d6e7f
Deseo tramitar pago pendiente,2c3d4e5f-6a7b-8c9d-0e1f-2a3b4c5d6e7f
Deseo tramitar pago pendiente para Lourdes Hurtado,2c3d4e5f-6a7b-8c9d-0e1f-2a3b4c5d6e7f
Requiero pago pendiente urgente,2c3d4e5f-6a7b-8c9d-0e1f-2a3b4c5d6e7f
Requiero pago pendiente urgente para Clarisa Feliu Bernad,2c3d4e5f-6a7b-8c9d-0e1f-2a3b4c5d6e7f
Me gustaría iniciar el proceso de pago pendiente,2c3d4e5f-6a7b-8c9d-0e1f-2a3b4c5d6e7f
Me gustaría iniciar el proceso de pago pendiente para Adelia Piñeiro-Corbacho,2c3d4e5f-6a7b-8c9d-0e1f-2a3b4c5d6e7f
pago pendiente es lo que busco,2c3d4e5f-6a7b-8c9d-0e1f-2a3b4c5d6e7f
pago pendiente es lo que busco para Liliana de Iglesia,2c3d4e5f-6a7b-8c9d-0e1f-2a3b4c5d6e7f
Quiero abrir una solicitud para pago pendiente,2c3d4e5f-6a7b-8c9d-0e1f-2a3b4c5d6e7f
Quiero abrir una solicitud para pago pendiente para Elvira Luna Jódar,2c3d4e5f-6a7b-8c9d-0e1f-2a3b4c5d6e7f
"Por favor, necesito pago pendiente",2c3d4e5f-6a7b-8c9d-0e1f-2a3b4c5d6e7f
"Por favor, necesito pago pendiente para Judith del Checa",2c3d4e5f-6a7b-8c9d-0e1f-2a3b4c5d6e7f
Quisiera gestionar pago pendiente para este mes,2c3d4e5f-6a7b-8c9d-0e1f-2a3b4c5d6e7f
Quisiera gestionar pago pendiente para este mes para Aitor de Sáenz,2c3d4e5f-6a7b-8c9d-0e1f-2a3b4c5d6e7f
Me hace falta iniciar pago pendiente,2c3d4e5f-6a7b-8c9d-0e1f-2a3b4c5d6e7f
Me hace falta iniciar pago pendiente para Hilda Pinto Cazorla,2c3d4e5f-6a7b-8c9d-0e1f-2a3b4c5d6e7f
Abrir solicitud de pago pendiente,2c3d4e5f-6a7b-8c9d-0e1f-2a3b4c5d6e7f
Abrir solicitud de pago pendiente para Lucio Giralt Neira,2c3d4e5f-6a7b-8c9d-0e1f-2a3b4c5d6e7f
Iniciar flujo para pago pendiente,2c3d4e5f-6a7b-8c9d-0e1f-2a3b4c5d6e7f
Iniciar flujo para pago pendiente para Isidoro Andrés Sanz Vigil,2c3d4e5f-6a7b-8c9d-0e1f-2a3b4c5d6e7f
Tengo un problema con pago pendiente,2c3d4e5f-6a7b-8c9d-0e1f-2a3b4c5d6e7f
Tengo un problema con pago pendiente para Paulina Manso-Pareja,2c3d4e5f-6a7b-8c9d-0e1f-2a3b4c5d6e7f
Cómo puedo solicitar pago pendiente,2c3d4e5f-6a7b-8c9d-0e1f-2a3b4c5d6e7f
Cómo puedo solicitar pago pendiente para Marisa Ochoa Pazos,2c3d4e5f-6a7b-8c9d-0e1f-2a3b4c5d6e7f
Deseo registrar pago pendiente,2c3d4e5f-6a7b-8c9d-0e1f-2a3b4c5d6e7f
Deseo registrar pago pendiente para Raimundo Lloret Posada,2c3d4e5f-6a7b-8c9d-0e1f-2a3b4c5d6e7f
Necesito iniciar el trámite de factura de servicios,2c3d4e5f-6a7b-8c9d-0e1f-2a3b4c5d6e7f
Necesito iniciar el trámite de factura de servicios para Fabiola Verdugo Fiol,2c3d4e5f-6a7b-8c9d-0e1f-2a3b4c5d6e7f
Quiero solicitar factura de servicios,2c3d4e5f-6a7b-8c9d-0e1f-2a3b4c5d6e7f
Quiero solicitar factura de servicios para Dalila Calzada Arana,2c3d4e5f-6a7b-8c9d-0e1f-2a3b4c5d6e7f
Cómo hago para pedir factura de servicios,2c3d4e5f-6a7b-8c9d-0e1f-2a3b4c5d6e7f
Cómo hago para pedir factura de servicios para Chucho Pomares Prat,2c3d4e5f-6a7b-8c9d-0e1f-2a3b4c5d6e7f
Ayuda con factura de servicios,2c3d4e5f-6a7b-8c9d-0e1f-2a3b4c5d6e7f
Ayuda con factura de servicios para Ligia Losa Font,2c3d4e5f-6a7b-8c9d-0e1f-2a3b4c5d6e7f
Trámite de factura de servicios por favor,2c3d4e5f-6a7b-8c9d-0e1f-2a3b4c5d6e7f
Trámite de factura de servicios por favor para Omar Llopis Santos,2c3d4e5f-6a7b-8c9d-0e1f-2a3b4c5d6e7f
Deseo tramitar factura de servicios,2c3d4e5f-6a7b-8c9d-0e1f-2a3b4c5d6e7f
Deseo tramitar factura de servicios para Águeda Pelayo-Casal,2c3d4e5f-6a7b-8c9d-0e1f-2a3b4c5d6e7f
Necesito iniciar el trámite de instalar software,3c4d5e6f-7a8b-9c0d-1e2f-3a4b5c6d7e8f
Necesito iniciar el trámite de instalar software para Brígida del Valcárcel,3c4d5e6f-7a8b-9c0d-1e2f-3a4b5c6d7e8f
Quiero solicitar instalar software,3c4d5e6f-7a8b-9c0d-1e2f-3a4b5c6d7e8f
Quiero solicitar instalar software para Soraya Caparrós Ferrán,3c4d5e6f-7a8b-9c0d-1e2f-3a4b5c6d7e8f
Cómo hago para pedir instalar software,3c4d5e6f-7a8b-9c0d-1e2f-3a4b5c6d7e8f
Cómo hago para pedir instalar software para Silvestre Sosa Tolosa,3c4d5e6f-7a8b-9c0d-1e2f-3a4b5c6d7e8f
Ayuda con instalar software,3c4d5e6f-7a8b-9c0d-1e2f-3a4b5c6d7e8f
Ayuda con instalar software para Íngrid de Suarez,3c4d5e6f-7a8b-9c0d-1e2f-3a4b5c6d7e8f
Trámite de instalar software por favor,3c4d5e6f-7a8b-9c0d-1e2f-3a4b5c6d7e8f
Trámite de instalar software por favor para Matilde Baeza Mata,3c4d5e6f-7a8b-9c0d-1e2f-3a4b5c6d7e8f
Deseo tramitar instalar software,3c4d5e6f-7a8b-9c0d-1e2f-3a4b5c6d7e8f
Deseo tramitar instalar software para Dulce Serra Garay,3c4d5e6f-7a8b-9c0d-1e2f-3a4b5c6d7e8f
Requiero instalar software urgente,3c4d5e6f-7a8b-9c0d-1e2f-3a4b5c6d7e8f
Requiero instalar software urgente para Visitación Gras Zaragoza,3c4d5e6f-7a8b-9c0d-1e2f-3a4b5c6d7e8f
Me gustaría iniciar el proceso de instalar software,3c4d5e6f-7a8b-9c0d-1e2f-3a4b5c6d7e8f
Me gustaría iniciar el proceso de instalar software para Isa Balaguer Cabezas,3c4d5e6f-7a8b-9c0d-1e2f-3a4b5c6d7e8f
instalar software es lo que busco,3c4d5e6f-7a8b-9c0d-1e2f-3a4b5c6d7e8f
instalar software es lo que busco para Teresita Rivera Tamarit,3c4d5e6f-7a8b-9c0d-1e2f-3a4b5c6d7e8f
Quiero abrir una solicitud para instalar software,3c4d5e6f-7a8b-9c0d-1e2f-3a4b5c6d7e8f
Quiero abrir una solicitud para instalar software para Ale Gallego-Garriga,3c4d5e6f-7a8b-9c0d-1e2f-3a4b5c6d7e8f
"Por favor, necesito instalar software",3c4d5e6f-7a8b-9c0d-1e2f-3a4b5c6d7e8f
"Por favor, necesito instalar software para Benita Julián",3c4d5e6f-7a8b-9c0d-1e2f-3a4b5c6d7e8f
Quisiera gestionar instalar software para este mes,3c4d5e6f-7a8b-9c0d-1e2f-3a4b5c6d7e8f
Quisiera gestionar instalar software para este mes para Nazario Lucio Agullo Morell,3c4d5e6f-7a8b-9c0d-1e2f-3a4b5c6d7e8f
Me hace falta iniciar instalar software,3c4d5e6f-7a8b-9c0d-1e2f-3a4b5c6d7e8f
Me hace falta iniciar instalar software para Vera Villalobos-Mendez,3c4d5e6f-7a8b-9c0d-1e2f-3a4b5c6d7e8f
Abrir solicitud de instalar software,3c4d5e6f-7a8b-9c0d-1e2f-3a4b5c6d7e8f
Abrir solicitud de instalar software para Patricia Roca Ramis,3c4d5e6f-7a8b-9c0d-1e2f-3a4b5c6d7e8f
Iniciar flujo para instalar software,3c4d5e6f-7a8b-9c0d-1e2f-3a4b5c6d7e8f
Iniciar flujo para instalar software para Olalla Pol,3c4d5e6f-7a8b-9c0d-1e2f-3a4b5c6d7e8f
Tengo un problema con instalar software,3c4d5e6f-7a8b-9c0d-1e2f-3a4b5c6d7e8f
Tengo un problema con instalar software para Cristina Castro-Salmerón,3c4d5e6f-7a8b-9c0d-1e2f-3a4b5c6d7e8f
Cómo puedo solicitar instalar software,3c4d5e6f-7a8b-9c0d-1e2f-3a4b5c6d7e8f
Cómo puedo solicitar instalar software para Leonel Juanito Garriga Castelló,3c4d5e6f-7a8b-9c0d-1e2f-3a4b5c6d7e8f
Deseo registrar instalar software,3c4d5e6f-7a8b-9c0d-1e2f-3a4b5c6d7e8f
Deseo registrar instalar software para Octavio Bernat Garzón,3c4d5e6f-7a8b-9c0d-1e2f-3a4b5c6d7e8f
Necesito iniciar el trámite de licencia de photoshop,3c4d5e6f-7a8b-9c0d-1e2f-3a4b5c6d7e8f
Necesito iniciar el trámite de licencia de photoshop para Isidora Corominas Agustí,3c4d5e6f-7a8b-9c0d-1e2f-3a4b5c6d7e8f
Quiero solicitar licencia de photoshop,3c4d5e6f-7a8b-9c0d-1e2f-3a4b5c6d7e8f
Quiero solicitar licencia de photoshop para Etelvina Ros Losa,3c4d5e6f-7a8b-9c0d-1e2f-3a4b5c6d7e8f
Cómo hago para pedir licencia de photoshop,3c4d5e6f-7a8b-9c0d-1e2f-3a4b5c6d7e8f
Cómo hago para pedir licencia de photoshop para Mariano Josué Conde Garzón,3c4d5e6f-7a8b-9c0d-1e2f-3a4b5c6d7e8f
Ayuda con licencia de photoshop,3c4d5e6f-7a8b-9c0d-1e2f-3a4b5c6d7e8f
Ayuda con licencia de photoshop para Martin Casado Galán,3c4d5e6f-7a8b-9c0d-1e2f-3a4b5c6d7e8f
Trámite de licencia de photoshop por favor,3c4d5e6f-7a8b-9c0d-1e2f-3a4b5c6d7e8f
Trámite de licencia de photoshop por favor para Clemente Palacio Alemany,3c4d5e6f-7a8b-9c0d-1e2f-3a4b5c6d7e8f
Deseo tramitar licencia de photoshop,3c4d5e6f-7a8b-9c0d-1e2f-3a4b5c6d7e8f
Deseo tramitar licencia de photoshop para Dora Ferreras Otero,3c4d5e6f-7a8b-9c0d-1e2f-3a4b5c6d7e8f
Requiero licencia de photoshop urgente,3c4d5e6f-7a8b-9c0d-1e2f-3a4b5c6d7e8f
Requiero licencia de photoshop urgente para Mateo Uribe Alemán,3c4d5e6f-7a8b-9c0d-1e2f-3a4b5c6d7e8f
Me gustaría iniciar el proceso de licencia de photoshop,3c4d5e6f-7a8b-9c0d-1e2f-3a4b5c6d7e8f
Me gustaría iniciar el proceso de licencia de photoshop para Priscila Hernandez-Cazorla,3c4d5e6f-7a8b-9c0d-1e2f-3a4b5c6d7e8f
licencia de photoshop es lo que busco,3c4d5e6f-7a8b-9c0d-1e2f-3a4b5c6d7e8f
licencia de photoshop es lo que busco para Nazaret Peña-Matas,3c4d5e6f-7a8b-9c0d-1e2f-3a4b5c6d7e8f
Quiero abrir una solicitud para licencia de photoshop,3c4d5e6f-7a8b-9c0d-1e2f-3a4b5c6d7e8f
Quiero abrir una solicitud para licencia de photoshop para Herberto Calleja-Olivé,3c4d5e6f-7a8b-9c0d-1e2f-3a4b5c6d7e8f
"Por favor, necesito licencia de photoshop",3c4d5e6f-7a8b-9c0d-1e2f-3a4b5c6d7e8f
"Por favor, necesito licencia de photoshop para Antonia Camino",3c4d5e6f-7a8b-9c0d-1e2f-3a4b5c6d7e8f
Quisiera gestionar licencia de photoshop para este mes,3c4d5e6f-7a8b-9c0d-1e2f-3a4b5c6d7e8f
Quisiera gestionar licencia de photoshop para este mes para Amada Victoria Téllez Cáceres,3c4d5e6f-7a8b-9c0d-1e2f-3a4b5c6d7e8f
Me hace falta iniciar licencia de photoshop,3c4d5e6f-7a8b-9c0d-1e2f-3a4b5c6d7e8f
Me hace falta iniciar licencia de photoshop para Calisto Berrocal Sánchez,3c4d5e6f-7a8b-9c0d-1e2f-3a4b5c6d7e8f
Abrir solicitud de licencia de photoshop,3c4d5e6f-7a8b-9c0d-1e2f-3a4b5c6d7e8f
Abrir solicitud de licencia de photoshop para Espiridión Zurita-Carreño,3c4d5e6f-7a8b-9c0d-1e2f-3a4b5c6d7e8f
Iniciar flujo para licencia de photoshop,3c4d5e6f-7a8b-9c0d-1e2f-3a4b5c6d7e8f
Iniciar flujo para licencia de photoshop para Beatriz Gisela Sabater Alegre,3c4d5e6f-7a8b-9c0d-1e2f-3a4b5c6d7e8f
Tengo un problema con licencia de photoshop,3c4d5e6f-7a8b-9c0d-1e2f-3a4b5c6d7e8f
Tengo un problema con licencia de photoshop para Gala Cabeza Cortés,3c4d5e6f-7a8b-9c0d-1e2f-3a4b5c6d7e8f
Cómo puedo solicitar licencia de photoshop,3c4d5e6f-7a8b-9c0d-1e2f-3a4b5c6d7e8f
Cómo puedo solicitar licencia de photoshop para Dionisia Lara,3c4d5e6f-7a8b-9c0d-1e2f-3a4b5c6d7e8f
Deseo registrar licencia de photoshop,3c4d5e6f-7a8b-9c0d-1e2f-3a4b5c6d7e8f
Deseo registrar licencia de photoshop para Bruno Reina-Bertrán,3c4d5e6f-7a8b-9c0d-1e2f-3a4b5c6d7e8f
Necesito iniciar el trámite de activar windows,3c4d5e6f-7a8b-9c0d-1e2f-3a4b5c6d7e8f
Necesito iniciar el trámite de activar windows para Jerónimo Ordóñez Alberola,3c4d5e6f-7a8b-9c0d-1e2f-3a4b5c6d7e8f
Quiero solicitar activar windows,3c4d5e6f-7a8b-9c0d-1e2f-3a4b5c6d7e8f
Quiero solicitar activar windows para Rogelio Valerio Alberola Bárcena,3c4d5e6f-7a8b-9c0d-1e2f-3a4b5c6d7e8f
Cómo hago para pedir activar windows,3c4d5e6f-7a8b-9c0d-1e2f-3a4b5c6d7e8f
Cómo hago para pedir activar windows para Gisela Olmedo Amor,3c4d5e6f-7a8b-9c0d-1e2f-3a4b5c6d7e8f
Ayuda con activar windows,3c4d5e6f-7a8b-9c0d-1e2f-3a4b5c6d7e8f
Ayuda con activar windows para Eva Camila Pereira Gascón,3c4d5e6f-7a8b-9c0d-1e2f-3a4b5c6d7e8f
Trámite de activar windows por favor,3c4d5e6f-7a8b-9c0d-1e2f-3a4b5c6d7e8f
Trámite de activar windows por favor para Agustín de Mariño,3c4d5e6f-7a8b-9c0d-1e2f-3a4b5c6d7e8f
Deseo tramitar activar windows,3c4d5e6f-7a8b-9c0d-1e2f-3a4b5c6d7e8f
Deseo tramitar activar windows para Cornelio Huguet-Romero,3c4d5e6f-7a8b-9c0d-1e2f-3a4b5c6d7e8f
Requiero activar windows urgente,3c4d5e6f-7a8b-9c0d-1e2f-3a4b5c6d7e8f
Requiero activar windows urgente para Nicodemo Iriarte,3c4d5e6f-7a8b-9c0d-1e2f-3a4b5c6d7e8f
Me gustaría iniciar el proceso de activar windows,3c4d5e6f-7a8b-9c0d-1e2f-3a4b5c6d7e8f
Me gustaría iniciar el proceso de activar windows para Adolfo Casal Posada,3c4d5e6f-7a8b-9c0d-1e2f-3a4b5c6d7e8f
activar windows es lo que busco,3c4d5e6f-7a8b-9c0d-1e2f-3a4b5c6d7e8f
activar windows es lo que busco para Yago Pinto Alberto,3c4d5e6f-7a8b-9c0d-1e2f-3a4b5c6d7e8f
Quiero abrir una solicitud para activar windows,3c4d5e6f-7a8b-9c0d-1e2f-3a4b5c6d7e8f
Quiero abrir una solicitud para activar windows para Úrsula Nuria Pazos Barros,3c4d5e6f-7a8b-9c0d-1e2f-3a4b5c6d7e8f
"Por favor, necesito activar windows",3c4d5e6f-7a8b-9c0d-1e2f-3a4b5c6d7e8f
"Por favor, necesito activar windows para Jeremías Mendez",3c4d5e6f-7a8b-9c0d-1e2f-3a4b5c6d7e8f
Quisiera gestionar activar windows para este mes,3c4d5e6f-7a8b-9c0d-1e2f-3a4b5c6d7e8f
Quisiera gestionar activar windows para este mes para Teo Nicolau Prada,3c4d5e6f-7a8b-9c0d-1e2f-3a4b5c6d7e8f
Me hace falta iniciar activar windows,3c4d5e6f-7a8b-9c0d-1e2f-3a4b5c6d7e8f
Me hace falta iniciar activar windows para Ale Guillén Escolano,3c4d5e6f-7a8b-9c0d-1e2f-3a4b5c6d7e8f
Abrir solicitud de activar windows,3c4d5e6f-7a8b-9c0d-1e2f-3a4b5c6d7e8f
Abrir solicitud de activar windows para Macarena Vaquero Aliaga,3c4d5e6f-7a8b-9c0d-1e2f-3a4b5c6d7e8f
Iniciar flujo para activar windows,3c4d5e6f-7a8b-9c0d-1e2f-3a4b5c6d7e8f
Iniciar flujo para activar windows para Lucho Remigio Gallo Collado,3c4d5e6f-7a8b-9c0d-1e2f-3a4b5c6d7e8f
Tengo un problema con activar windows,3c4d5e6f-7a8b-9c0d-1e2f-3a4b5c6d7e8f
Tengo un problema con activar windows para Calixta Paz Adán Jove,3c4d5e6f-7a8b-9c0d-1e2f-3a4b5c6d7e8f
Cómo puedo solicitar activar windows,3c4d5e6f-7a8b-9c0d-1e2f-3a4b5c6d7e8f
Cómo puedo solicitar activar windows para Luis Eleuterio Zabala Toro,3c4d5e6f-7a8b-9c0d-1e2f-3a4b5c6d7e8f
Deseo registrar activar windows,3c4d5e6f-7a8b-9c0d-1e2f-3a4b5c6d7e8f
Deseo registrar activar windows para Amada Montserrat Diaz Calzada,3c4d5e6f-7a8b-9c0d-1e2f-3a4b5c6d7e8f
Necesito iniciar el trámite de software corporativo,3c4d5e6f-7a8b-9c0d-1e2f-3a4b5c6d7e8f
Necesito iniciar el trámite de software corporativo para Brígida Gallo Velasco,3c4d5e6f-7a8b-9c0d-1e2f-3a4b5c6d7e8f
Quiero solicitar software corporativo,3c4d5e6f-7a8b-9c0d-1e2f-3a4b5c6d7e8f
Quiero solicitar software corporativo para Jennifer Alonso Ochoa,3c4d5e6f-7a8b-9c0d-1e2f-3a4b5c6d7e8f
Cómo hago para pedir software corporativo,3c4d5e6f-7a8b-9c0d-1e2f-3a4b5c6d7e8f
Cómo hago para pedir software corporativo para Roxana Gargallo-Recio,3c4d5e6f-7a8b-9c0d-1e2f-3a4b5c6d7e8f
Ayuda con software corporativo,3c4d5e6f-7a8b-9c0d-1e2f-3a4b5c6d7e8f
Ayuda con software corporativo para Augusto de Tirado,3c4d5e6f-7a8b-9c0d-1e2f-3a4b5c6d7e8f
Trámite de software corporativo por favor,3c4d5e6f-7a8b-9c0d-1e2f-3a4b5c6d7e8f
Trámite de software corporativo por favor para Glauco Zamora Amo,3c4d5e6f-7a8b-9c0d-1e2f-3a4b5c6d7e8f
Deseo tramitar software corporativo,3c4d5e6f-7a8b-9c0d-1e2f-3a4b5c6d7e8f
Deseo tramitar software corporativo para Domingo Querol-Téllez,3c4d5e6f-7a8b-9c0d-1e2f-3a4b5c6d7e8f
Necesito iniciar el trámite de acceso a servidor,4c5d6e7f-8a9b-0c1d-2e3f-4a5b6c7d8e9f
Necesito iniciar el trámite de acceso a servidor para Socorro Pili Sureda Parejo,4c5d6e7f-8a9b-0c1d-2e3f-4a5b6c7d8e9f
Quiero solicitar acceso a servidor,4c5d6e7f-8a9b-0c1d-2e3f-4a5b6c7d8e9f
Quiero solicitar acceso a servidor para Elena Sotelo Pereira,4c5d6e7f-8a9b-0c1d-2e3f-4a5b6c7d8e9f
Cómo hago para pedir acceso a servidor,4c5d6e7f-8a9b-0c1d-2e3f-4a5b6c7d8e9f
Cómo hago para pedir acceso a servidor para Roberta Ester Ibañez Marqués,4c5d6e7f-8a9b-0c1d-2e3f-4a5b6c7d8e9f
Ayuda con acceso a servidor,4c5d6e7f-8a9b-0c1d-2e3f-4a5b6c7d8e9f
Ayuda con acceso a servidor para Leocadia del Lladó,4c5d6e7f-8a9b-0c1d-2e3f-4a5b6c7d8e9f
Trámite de acceso a servidor por favor,4c5d6e7f-8a9b-0c1d-2e3f-4a5b6c7d8e9f
Trámite de acceso a servidor por favor para Obdulia Villanueva Barrio,4c5d6e7f-8a9b-0c1d-2e3f-4a5b6c7d8e9f
Deseo tramitar acceso a servidor,4c5d6e7f-8a9b-0c1d-2e3f-4a5b6c7d8e9f
Deseo tramitar acceso a servidor para Maxi Elías Garay,4c5d6e7f-8a9b-0c1d-2e3f-4a5b6c7d8e9f
Requiero acceso a servidor urgente,4c5d6e7f-8a9b-0c1d-2e3f-4a5b6c7d8e9f
Requiero acceso a servidor urgente para Emigdio Velasco,4c5d6e7f-8a9b-0c1d-2e3f-4a5b6c7d8e9f
Me gustaría iniciar el proceso de acceso a servidor,4c5d6e7f-8a9b-0c1d-2e3f-4a5b6c7d8e9f
Me gustaría iniciar el proceso de acceso a servidor para Francisco Javier Gibert-Acosta,4c5d6e7f-8a9b-0c1d-2e3f-4a5b6c7d8e9f
acceso a servidor es lo que busco,4c5d6e7f-8a9b-0c1d-2e3f-4a5b6c7d8e9f
acceso a servidor es lo que busco para Isidro Ramis Buendía,4c5d6e7f-8a9b-0c1d-2e3f-4a5b6c7d8e9f
Quiero abrir una solicitud para acceso a servidor,4c5d6e7f-8a9b-0c1d-2e3f-4a5b6c7d8e9f
Quiero abrir una solicitud para acceso a servidor para Consuelo Valderrama-Pedrero,4c5d6e7f-8a9b-0c1d-2e3f-4a5b6c7d8e9f
"Por favor, necesito acceso a servidor",4c5d6e7f-8a9b-0c1d-2e3f-4a5b6c7d8e9f
"Por favor, necesito acceso a servidor para Luisa Segovia Salcedo",4c5d6e7f-8a9b-0c1d-2e3f-4a5b6c7d8e9f
Quisiera gestionar acceso a servidor para este mes,4c5d6e7f-8a9b-0c1d-2e3f-4a5b6c7d8e9f
Quisiera gestionar acceso a servidor para este mes para Casandra Beltrán Valenciano,4c5d6e7f-8a9b-0c1d-2e3f-4a5b6c7d8e9f
Me hace falta iniciar acceso a servidor,4c5d6e7f-8a9b-0c1d-2e3f-4a5b6c7d8e9f
Me hace falta iniciar acceso a servidor para Isa del Lozano,4c5d6e7f-8a9b-0c1d-2e3f-4a5b6c7d8e9f
Abrir solicitud de acceso a servidor,4c5d6e7f-8a9b-0c1d-2e3f-4a5b6c7d8e9f
Abrir solicitud de acceso a servidor para Norberto del Quevedo,4c5d6e7f-8a9b-0c1d-2e3f-4a5b6c7d8e9f
Iniciar flujo para acceso a servidor,4c5d6e7f-8a9b-0c1d-2e3f-4a5b6c7d8e9f
Iniciar flujo para acceso a servidor para Estefanía Fuster Cárdenas,4c5d6e7f-8a9b-0c1d-2e3f-4a5b6c7d8e9f
Tengo un problema con acceso a servidor,4c5d6e7f-8a9b-0c1d-2e3f-4a5b6c7d8e9f
Tengo un problema con acceso a servidor para Jesusa Ballester Dalmau,4c5d6e7f-8a9b-0c1d-2e3f-4a5b6c7d8e9f
Cómo puedo solicitar acceso a servidor,4c5d6e7f-8a9b-0c1d-2e3f-4a5b6c7d8e9f
Cómo puedo solicitar acceso a servidor para Sandalio del Casanovas,4c5d6e7f-8a9b-0c1d-2e3f-4a5b6c7d8e9f
Deseo registrar acceso a servidor,4c5d6e7f-8a9b-0c1d-2e3f-4a5b6c7d8e9f
Deseo registrar acceso a servidor para Flor Fabra Espada,4c5d6e7f-8a9b-0c1d-2e3f-4a5b6c7d8e9f
Necesito iniciar el trámite de permisos de base de datos,4c5d6e7f-8a9b-0c1d-2e3f-4a5b6c7d8e9f
Necesito iniciar el trámite de permisos de base de datos para Osvaldo Huguet Orozco,4c5d6e7f-8a9b-0c1d-2e3f-4a5b6c7d8e9f
Quiero solicitar permisos de base de datos,4c5d6e7f-8a9b-0c1d-2e3f-4a5b6c7d8e9f
Quiero solicitar permisos de base de datos para Fabricio Carreras Andreu,4c5d6e7f-8a9b-0c1d-2e3f-4a5b6c7d8e9f
Cómo hago para pedir permisos de base de datos,4c5d6e7f-8a9b-0c1d-2e3f-4a5b6c7d8e9f
Cómo hago para pedir permisos de base de datos para Josep Cervantes Salom,4c5d6e7f-8a9b-0c1d-2e3f-4a5b6c7d8e9f
Ayuda con permisos de base de datos,4c5d6e7f-8a9b-0c1d-2e3f-4a5b6c7d8e9f
Ayuda con permisos de base de datos para Piedad Roma Peñas,4c5d6e7f-8a9b-0c1d-2e3f-4a5b6c7d8e9f
Trámite de permisos de base de datos por favor,4c5d6e7f-8a9b-0c1d-2e3f-4a5b6c7d8e9f
Trámite de permisos de base de datos por favor para Juana Bermudez Bauzà,4c5d6e7f-8a9b-0c1d-2e3f-4a5b6c7d8e9f
Deseo tramitar permisos de base de datos,4c5d6e7f-8a9b-0c1d-2e3f-4a5b6c7d8e9f
Deseo tramitar permisos de base de datos para Juliana Higueras-Hurtado,4c5d6e7f-8a9b-0c1d-2e3f-4a5b6c7d8e9f
Requiero permisos de base de datos urgente,4c5d6e7f-8a9b-0c1d-2e3f-4a5b6c7d8e9f
Requiero permisos de base de datos urgente para Emilia Corral Chamorro,4c5d6e7f-8a9b-0c1d-2e3f-4a5b6c7d8e9f
Me gustaría iniciar el proceso de permisos de base de datos,4c5d6e7f-8a9b-0c1d-2e3f-4a5b6c7d8e9f
Me gustaría iniciar el proceso de permisos de base de datos para Dorita Bustamante Téllez,4c5d6e7f-8a9b-0c1d-2e3f-4a5b6c7d8e9f
permisos de base de datos es lo que busco,4c5d6e7f-8a9b-0c1d-2e3f-4a5b6c7d8e9f
permisos de base de datos es lo que busco para Pastora Llamas-Lozano,4c5d6e7f-8a9b-0c1d-2e3f-4a5b6c7d8e9f
Quiero abrir una solicitud para permisos de base de datos,4c5d6e7f-8a9b-0c1d-2e3f-4a5b6c7d8e9f
Quiero abrir una solicitud para permisos de base de datos para Guillermo Gálvez Bueno,4c5d6e7f-8a9b-0c1d-2e3f-4a5b6c7d8e9f
"Por favor, necesito permisos de base de datos",4c5d6e7f-8a9b-0c1d-2e3f-4a5b6c7d8e9f
"Por favor, necesito permisos de base de datos para Salud Daza",4c5d6e7f-8a9b-0c1d-2e3f-4a5b6c7d8e9f
Quisiera gestionar permisos de base de datos para este mes,4c5d6e7f-8a9b-0c1d-2e3f-4a5b6c7d8e9f
Quisiera gestionar permisos de base de datos para este mes para Amílcar de Puga,4c5d6e7f-8a9b-0c1d-2e3f-4a5b6c7d8e9f
Me hace falta iniciar permisos de base de datos,4c5d6e7f-8a9b-0c1d-2e3f-4a5b6c7d8e9f
Me hace falta iniciar permisos de base de datos para Encarnacion Arco,4c5d6e7f-8a9b-0c1d-2e3f-4a5b6c7d8e9f
Abrir solicitud de permisos de base de datos,4c5d6e7f-8a9b-0c1d-2e3f-4a5b6c7d8e9f
Abrir solicitud de permisos de base de datos para Adriana Jódar-Donoso,4c5d6e7f-8a9b-0c1d-2e3f-4a5b6c7d8e9f
Iniciar flujo para permisos de base de datos,4c5d6e7f-8a9b-0c1d-2e3f-4a5b6c7d8e9f
Iniciar flujo para permisos de base de datos para Daniela Gomila Vélez,4c5d6e7f-8a9b-0c1d-2e3f-4a5b6c7d8e9f
Tengo un problema con permisos de base de datos,4c5d6e7f-8a9b-0c1d-2e3f-4a5b6c7d8e9f
Tengo un problema con permisos de base de datos para Tecla de Salamanca,4c5d6e7f-8a9b-0c1d-2e3f-4a5b6c7d8e9f
Cómo puedo solicitar permisos de base de datos,4c5d6e7f-8a9b-0c1d-2e3f-4a5b6c7d8e9f
Cómo puedo solicitar permisos de base de datos para Ricarda Dora Pino Fuente,4c5d6e7f-8a9b-0c1d-2e3f-4a5b6c7d8e9f
Deseo registrar permisos de base de datos,4c5d6e7f-8a9b-0c1d-2e3f-4a5b6c7d8e9f
Deseo registrar permisos de base de datos para Zoraida Villanueva Acosta,4c5d6e7f-8a9b-0c1d-2e3f-4a5b6c7d8e9f
Necesito iniciar el trámite de entrar a producción,4c5d6e7f-8a9b-0c1d-2e3f-4a5b6c7d8e9f
Necesito iniciar el trámite de entrar a producción para Dorotea Portillo Jaume,4c5d6e7f-8a9b-0c1d-2e3f-4a5b6c7d8e9f
Quiero solicitar entrar a producción,4c5d6e7f-8a9b-0c1d-2e3f-4a5b6c7d8e9f
Quiero solicitar entrar a producción para Sol Neira-Villa,4c5d6e7f-8a9b-0c1d-2e3f-4a5b6c7d8e9f
Cómo hago para pedir entrar a producción,4c5d6e7f-8a9b-0c1d-2e3f-4a5b6c7d8e9f
Cómo hago para pedir entrar a producción para Sosimo Roldan Real,4c5d6e7f-8a9b-0c1d-2e3f-4a5b6c7d8e9f
Ayuda con entrar a producción,4c5d6e7f-8a9b-0c1d-2e3f-4a5b6c7d8e9f
Ayuda con entrar a producción para Laura Bilbao Amigó,4c5d6e7f-8a9b-0c1d-2e3f-4a5b6c7d8e9f
Trámite de entrar a producción por favor,4c5d6e7f-8a9b-0c1d-2e3f-4a5b6c7d8e9f
Trámite de entrar a producción por favor para Pío Aparicio Bru,4c5d6e7f-8a9b-0c1d-2e3f-4a5b6c7d8e9f
Deseo tramitar entrar a producción,4c5d6e7f-8a9b-0c1d-2e3f-4a5b6c7d8e9f
Deseo tramitar entrar a producción para Loida Alberdi Pomares,4c5d6e7f-8a9b-0c1d-2e3f-4a5b6c7d8e9f
Requiero entrar a producción urgente,4c5d6e7f-8a9b-0c1d-2e3f-4a5b6c7d8e9f
Requiero entrar a producción urgente para Pastor Iván Tamayo Serra,4c5d6e7f-8a9b-0c1d-2e3f-4a5b6c7d8e9f
Me gustaría iniciar el proceso de entrar a producción,4c5d6e7f-8a9b-0c1d-2e3f-4a5b6c7d8e9f
Me gustaría iniciar el proceso de entrar a producción para Marita Álamo Carpio,4c5d6e7f-8a9b-0c1d-2e3f-4a5b6c7d8e9f
entrar a producción es lo que busco,4c5d6e7f-8a9b-0c1d-2e3f-4a5b6c7d8e9f
entrar a producción es lo que busco para Emelina del Valero,4c5d6e7f-8a9b-0c1d-2e3f-4a5b6c7d8e9f
Quiero abrir una solicitud para entrar a producción,4c5d6e7f-8a9b-0c1d-2e3f-4a5b6c7d8e9f
Quiero abrir una solicitud para entrar a producción para Begoña Cruz Blázquez Amorós,4c5d6e7f-8a9b-0c1d-2e3f-4a5b6c7d8e9f
"Por favor, necesito entrar a producción",4c5d6e7f-8a9b-0c1d-2e3f-4a5b6c7d8e9f
"Por favor, necesito entrar a producción para Bruno Diéguez Mena",4c5d6e7f-8a9b-0c1d-2e3f-4a5b6c7d8e9f
Quisiera gestionar entrar a producción para este mes,4c5d6e7f-8a9b-0c1d-2e3f-4a5b6c7d8e9f
Quisiera gestionar entrar a producción para este mes para Elodia Eva María Barros Baquero,4c5d6e7f-8a9b-0c1d-2e3f-4a5b6c7d8e9f
Me hace falta iniciar entrar a producción,4c5d6e7f-8a9b-0c1d-2e3f-4a5b6c7d8e9f
Me hace falta iniciar entrar a producción para Hortensia del Baños,4c5d6e7f-8a9b-0c1d-2e3f-4a5b6c7d8e9f
Abrir solicitud de entrar a producción,4c5d6e7f-8a9b-0c1d-2e3f-4a5b6c7d8e9f
Abrir solicitud de entrar a producción para Tere Benítez Mate,4c5d6e7f-8a9b-0c1d-2e3f-4a5b6c7d8e9f
Iniciar flujo para entrar a producción,4c5d6e7f-8a9b-0c1d-2e3f-4a5b6c7d8e9f
Iniciar flujo para entrar a producción para Lorenzo Xavier Reguera Céspedes,4c5d6e7f-8a9b-0c1d-2e3f-4a5b6c7d8e9f
Tengo un problema con entrar a producción,4c5d6e7f-8a9b-0c1d-2e3f-4a5b6c7d8e9f
Tengo un problema con entrar a producción para Leyre Planas,4c5d6e7f-8a9b-0c1d-2e3f-4a5b6c7d8e9f
Cómo puedo solicitar entrar a producción,4c5d6e7f-8a9b-0c1d-2e3f-4a5b6c7d8e9f
Cómo puedo solicitar entrar a producción para Jafet Gutierrez Baeza,4c5d6e7f-8a9b-0c1d-2e3f-4a5b6c7d8e9f
Deseo registrar entrar a producción,4c5d6e7f-8a9b-0c1d-2e3f-4a5b6c7d8e9f
Deseo registrar entrar a producción para Elisa Villalobos Sales,4c5d6e7f-8a9b-0c1d-2e3f-4a5b6c7d8e9f
Necesito iniciar el trámite de credenciales vpn,4c5d6e7f-8a9b-0c1d-2e3f-4a5b6c7d8e9f
Necesito iniciar el trámite de credenciales vpn para Lisandro Benito Gilabert,4c5d6e7f-8a9b-0c1d-2e3f-4a5b6c7d8e9f
Quiero solicitar credenciales vpn,4c5d6e7f-8a9b-0c1d-2e3f-4a5b6c7d8e9f
Quiero solicitar credenciales vpn para Conrado Gregorio Donaire Jaén,4c5d6e7f-8a9b-0c1d-2e3f-4a5b6c7d8e9f
Cómo hago para pedir credenciales vpn,4c5d6e7f-8a9b-0c1d-2e3f-4a5b6c7d8e9f
Cómo hago para pedir credenciales vpn para Ema Blanca Cabrero,4c5d6e7f-8a9b-0c1d-2e3f-4a5b6c7d8e9f
Ayuda con credenciales vpn,4c5d6e7f-8a9b-0c1d-2e3f-4a5b6c7d8e9f
Ayuda con credenciales vpn para Nadia Acuña Núñez,4c5d6e7f-8a9b-0c1d-2e3f-4a5b6c7d8e9f
Trámite de credenciales vpn por favor,4c5d6e7f-8a9b-0c1d-2e3f-4a5b6c7d8e9f
Trámite de credenciales vpn por favor para Guiomar del Soto,4c5d6e7f-8a9b-0c1d-2e3f-4a5b6c7d8e9f
Deseo tramitar credenciales vpn,4c5d6e7f-8a9b-0c1d-2e3f-4a5b6c7d8e9f
Deseo tramitar credenciales vpn para Juan Arnaiz Cuadrado,4c5d6e7f-8a9b-0c1d-2e3f-4a5b6c7d8e9f
Necesito iniciar el trámite de presupuesto mensual,5c6d7e8f-9a0b-1c2d-3e4f-5a6b7c8d9e0f
Necesito iniciar el trámite de presupuesto mensual para Antonia Maite Almeida Serrano,5c6d7e8f-9a0b-1c2d-3e4f-5a6b7c8d9e0f
Quiero solicitar presupuesto mensual,5c6d7e8f-9a0b-1c2d-3e4f-5a6b7c8d9e0f
Quiero solicitar presupuesto mensual para Cesar Sarabia Baeza,5c6d7e8f-9a0b-1c2d-3e4f-5a6b7c8d9e0f
Cómo hago para pedir presupuesto mensual,5c6d7e8f-9a0b-1c2d-3e4f-5a6b7c8d9e0f
Cómo hago para pedir presupuesto mensual para Herminio Uría Tomás,5c6d7e8f-9a0b-1c2d-3e4f-5a6b7c8d9e0f
Ayuda con presupuesto mensual,5c6d7e8f-9a0b-1c2d-3e4f-5a6b7c8d9e0f
Ayuda con presupuesto mensual para Elena Fábregas-Puerta,5c6d7e8f-9a0b-1c2d-3e4f-5a6b7c8d9e0f
Trámite de presupuesto mensual por favor,5c6d7e8f-9a0b-1c2d-3e4f-5a6b7c8d9e0f
Trámite de presupuesto mensual por favor para Natividad de Palomo,5c6d7e8f-9a0b-1c2d-3e4f-5a6b7c8d9e0f
Deseo tramitar presupuesto mensual,5c6d7e8f-9a0b-1c2d-3e4f-5a6b7c8d9e0f
Deseo tramitar presupuesto mensual para Olimpia Zorrilla,5c6d7e8f-9a0b-1c2d-3e4f-5a6b7c8d9e0f
Requiero presupuesto mensual urgente,5c6d7e8f-9a0b-1c2d-3e4f-5a6b7c8d9e0f
Requiero presupuesto mensual urgente para Florentino Guzman Pavón,5c6d7e8f-9a0b-1c2d-3e4f-5a6b7c8d9e0f
Me gustaría iniciar el proceso de presupuesto mensual,5c6d7e8f-9a0b-1c2d-3e4f-5a6b7c8d9e0f
Me gustaría iniciar el proceso de presupuesto mensual para Adolfo Santana Cortes,5c6d7e8f-9a0b-1c2d-3e4f-5a6b7c8d9e0f
presupuesto mensual es lo que busco,5c6d7e8f-9a0b-1c2d-3e4f-5a6b7c8d9e0f
presupuesto mensual es lo que busco para Luis Ángel de Montenegro,5c6d7e8f-9a0b-1c2d-3e4f-5a6b7c8d9e0f
Quiero abrir una solicitud para presupuesto mensual,5c6d7e8f-9a0b-1c2d-3e4f-5a6b7c8d9e0f
Quiero abrir una solicitud para presupuesto mensual para Maximino Villalobos Sala,5c6d7e8f-9a0b-1c2d-3e4f-5a6b7c8d9e0f
"Por favor, necesito presupuesto mensual",5c6d7e8f-9a0b-1c2d-3e4f-5a6b7c8d9e0f
"Por favor, necesito presupuesto mensual para Conrado Aureliano Duarte Hernández",5c6d7e8f-9a0b-1c2d-3e4f-5a6b7c8d9e0f
Quisiera gestionar presupuesto mensual para este mes,5c6d7e8f-9a0b-1c2d-3e4f-5a6b7c8d9e0f
Quisiera gestionar presupuesto mensual para este mes para Alfonso Morcillo Villar,5c6d7e8f-9a0b-1c2d-3e4f-5a6b7c8d9e0f
Me hace falta iniciar presupuesto mensual,5c6d7e8f-9a0b-1c2d-3e4f-5a6b7c8d9e0f
Me hace falta iniciar presupuesto mensual para Lidia Reina Royo,5c6d7e8f-9a0b-1c2d-3e4f-5a6b7c8d9e0f
Abrir solicitud de presupuesto mensual,5c6d7e8f-9a0b-1c2d-3e4f-5a6b7c8d9e0f
Abrir solicitud de presupuesto mensual para Clímaco Angelino Alemany Gallart,5c6d7e8f-9a0b-1c2d-3e4f-5a6b7c8d9e0f
Iniciar flujo para presupuesto mensual,5c6d7e8f-9a0b-1c2d-3e4f-5a6b7c8d9e0f
Iniciar flujo para presupuesto mensual para Nayara Carnero-Becerra,5c6d7e8f-9a0b-1c2d-3e4f-5a6b7c8d9e0f
Tengo un problema con presupuesto mensual,5c6d7e8f-9a0b-1c2d-3e4f-5a6b7c8d9e0f
Tengo un problema con presupuesto mensual para Josefa Marti Gelabert,5c6d7e8f-9a0b-1c2d-3e4f-5a6b7c8d9e0f
Cómo puedo solicitar presupuesto mensual,5c6d7e8f-9a0b-1c2d-3e4f-5a6b7c8d9e0f
Cómo puedo solicitar presupuesto mensual para Luis Miguel Mosquera Álvaro,5c6d7e8f-9a0b-1c2d-3e4f-5a6b7c8d9e0f
Deseo registrar presupuesto mensual,5c6d7e8f-9a0b-1c2d-3e4f-5a6b7c8d9e0f
Deseo registrar presupuesto mensual para Jose Miguel Onofre Bauzà Iniesta,5c6d7e8f-9a0b-1c2d-3e4f-5a6b7c8d9e0f
Necesito iniciar el trámite de partida presupuestaria,5c6d7e8f-9a0b-1c2d-3e4f-5a6b7c8d9e0f
Necesito iniciar el trámite de partida presupuestaria para Amalia Navarro Riquelme,5c6d7e8f-9a0b-1c2d-3e4f-5a6b7c8d9e0f
Quiero solicitar partida presupuestaria,5c6d7e8f-9a0b-1c2d-3e4f-5a6b7c8d9e0f
Quiero solicitar partida presupuestaria para Benito Lozano-Ropero,5c6d7e8f-9a0b-1c2d-3e4f-5a6b7c8d9e0f
Cómo hago para pedir partida presupuestaria,5c6d7e8f-9a0b-1c2d-3e4f-5a6b7c8d9e0f
Cómo hago para pedir partida presupuestaria para Ariel Peñalver Sala,5c6d7e8f-9a0b-1c2d-3e4f-5a6b7c8d9e0f
Ayuda con partida presupuestaria,5c6d7e8f-9a0b-1c2d-3e4f-5a6b7c8d9e0f
Ayuda con partida presupuestaria para Francisco Jose Higueras Prada,5c6d7e8f-9a0b-1c2d-3e4f-5a6b7c8d9e0f
Trámite de partida presupuestaria por favor,5c6d7e8f-9a0b-1c2d-3e4f-5a6b7c8d9e0f
Trámite de partida presupuestaria por favor para Anselmo Torrens Gaya,5c6d7e8f-9a0b-1c2d-3e4f-5a6b7c8d9e0f
Deseo tramitar partida presupuestaria,5c6d7e8f-9a0b-1c2d-3e4f-5a6b7c8d9e0f
Deseo tramitar partida presupuestaria para Gabino de Tello,5c6d7e8f-9a0b-1c2d-3e4f-5a6b7c8d9e0f
Requiero partida presupuestaria urgente,5c6d7e8f-9a0b-1c2d-3e4f-5a6b7c8d9e0f
Requiero partida presupuestaria urgente para Iker Anguita Méndez,5c6d7e8f-9a0b-1c2d-3e4f-5a6b7c8d9e0f
Me gustaría iniciar el proceso de partida presupuestaria,5c6d7e8f-9a0b-1c2d-3e4f-5a6b7c8d9e0f
Me gustaría iniciar el proceso de partida presupuestaria para Martin Puente Gascón,5c6d7e8f-9a0b-1c2d-3e4f-5a6b7c8d9e0f
partida presupuestaria es lo que busco,5c6d7e8f-9a0b-1c2d-3e4f-5a6b7c8d9e0f
partida presupuestaria es lo que busco para Norberto Guillén Pedrero,5c6d7e8f-9a0b-1c2d-3e4f-5a6b7c8d9e0f
Quiero abrir una solicitud para partida presupuestaria,5c6d7e8f-9a0b-1c2d-3e4f-5a6b7c8d9e0f
Quiero abrir una solicitud para partida presupuestaria para Susana Sebastián Vilaplana,5c6d7e8f-9a0b-1c2d-3e4f-5a6b7c8d9e0f
"Por favor, necesito partida presupuestaria",5c6d7e8f-9a0b-1c2d-3e4f-5a6b7c8d9e0f
"Por favor, necesito partida presupuestaria para Efraín Suárez Borja",5c6d7e8f-9a0b-1c2d-3e4f-5a6b7c8d9e0f
Quisiera gestionar partida presupuestaria para este mes,5c6d7e8f-9a0b-1c2d-3e4f-5a6b7c8d9e0f
Quisiera gestionar partida presupuestaria para este mes para Micaela Yéssica Osuna Menéndez,5c6d7e8f-9a0b-1c2d-3e4f-5a6b7c8d9e0f
Me hace falta iniciar partida presupuestaria,5c6d7e8f-9a0b-1c2d-3e4f-5a6b7c8d9e0f
Me hace falta iniciar partida presupuestaria para María Del Carmen de Guijarro,5c6d7e8f-9a0b-1c2d-3e4f-5a6b7c8d9e0f
Abrir solicitud de partida presupuestaria,5c6d7e8f-9a0b-1c2d-3e4f-5a6b7c8d9e0f
Abrir solicitud de partida presupuestaria para Ariadna Sainz Vendrell,5c6d7e8f-9a0b-1c2d-3e4f-5a6b7c8d9e0f
Iniciar flujo para partida presupuestaria,5c6d7e8f-9a0b-1c2d-3e4f-5a6b7c8d9e0f
Iniciar flujo para partida presupuestaria para Wilfredo Verdú Gimeno,5c6d7e8f-9a0b-1c2d-3e4f-5a6b7c8d9e0f
Tengo un problema con partida presupuestaria,5c6d7e8f-9a0b-1c2d-3e4f-5a6b7c8d9e0f
Tengo un problema con partida presupuestaria para Albert del Bartolomé,5c6d7e8f-9a0b-1c2d-3e4f-5a6b7c8d9e0f
Cómo puedo solicitar partida presupuestaria,5c6d7e8f-9a0b-1c2d-3e4f-5a6b7c8d9e0f
Cómo puedo solicitar partida presupuestaria para Gisela del Hernández,5c6d7e8f-9a0b-1c2d-3e4f-5a6b7c8d9e0f
Deseo registrar partida presupuestaria,5c6d7e8f-9a0b-1c2d-3e4f-5a6b7c8d9e0f
Deseo registrar partida presupuestaria para Josefina Ballesteros Verdugo,5c6d7e8f-9a0b-1c2d-3e4f-5a6b7c8d9e0f
Necesito iniciar el trámite de aprobar presupuesto de área,5c6d7e8f-9a0b-1c2d-3e4f-5a6b7c8d9e0f
Necesito iniciar el trámite de aprobar presupuesto de área para Guiomar Pareja Lledó,5c6d7e8f-9a0b-1c2d-3e4f-5a6b7c8d9e0f
Quiero solicitar aprobar presupuesto de área,5c6d7e8f-9a0b-1c2d-3e4f-5a6b7c8d9e0f
Quiero solicitar aprobar presupuesto de área para Inmaculada Bonilla-Alcalde,5c6d7e8f-9a0b-1c2d-3e4f-5a6b7c8d9e0f
Cómo hago para pedir aprobar presupuesto de área,5c6d7e8f-9a0b-1c2d-3e4f-5a6b7c8d9e0f
Cómo hago para pedir aprobar presupuesto de área para Vito Doménech-Alvarado,5c6d7e8f-9a0b-1c2d-3e4f-5a6b7c8d9e0f
Ayuda con aprobar presupuesto de área,5c6d7e8f-9a0b-1c2d-3e4f-5a6b7c8d9e0f
Ayuda con aprobar presupuesto de área para Curro Cordero Cortes,5c6d7e8f-9a0b-1c2d-3e4f-5a6b7c8d9e0f
Trámite de aprobar presupuesto de área por favor,5c6d7e8f-9a0b-1c2d-3e4f-5a6b7c8d9e0f
Trámite de aprobar presupuesto de área por favor para Lara Canet Mate,5c6d7e8f-9a0b-1c2d-3e4f-5a6b7c8d9e0f
Deseo tramitar aprobar presupuesto de área,5c6d7e8f-9a0b-1c2d-3e4f-5a6b7c8d9e0f
Deseo tramitar aprobar presupuesto de área para José Mari Aparicio Tomé,5c6d7e8f-9a0b-1c2d-3e4f-5a6b7c8d9e0f
Requiero aprobar presupuesto de área urgente,5c6d7e8f-9a0b-1c2d-3e4f-5a6b7c8d9e0f
Requiero aprobar presupuesto de área urgente para Edu Costa,5c6d7e8f-9a0b-1c2d-3e4f-5a6b7c8d9e0f
Me gustaría iniciar el proceso de aprobar presupuesto de área,5c6d7e8f-9a0b-1c2d-3e4f-5a6b7c8d9e0f
Me gustaría iniciar el proceso de aprobar presupuesto de área para Benjamín Girona Girón,5c6d7e8f-9a0b-1c2d-3e4f-5a6b7c8d9e0f
aprobar presupuesto de área es lo que busco,5c6d7e8f-9a0b-1c2d-3e4f-5a6b7c8d9e0f
aprobar presupuesto de área es lo que busco para José Mari Fulgencio Enríquez Navarro,5c6d7e8f-9a0b-1c2d-3e4f-5a6b7c8d9e0f
Quiero abrir una solicitud para aprobar presupuesto de área,5c6d7e8f-9a0b-1c2d-3e4f-5a6b7c8d9e0f
Quiero abrir una solicitud para aprobar presupuesto de área para Juan Luis Cisneros Iniesta,5c6d7e8f-9a0b-1c2d-3e4f-5a6b7c8d9e0f
"Por favor, necesito aprobar presupuesto de área",5c6d7e8f-9a0b-1c2d-3e4f-5a6b7c8d9e0f
"Por favor, necesito aprobar presupuesto de área para Ileana Ferreras Benito",5c6d7e8f-9a0b-1c2d-3e4f-5a6b7c8d9e0f
Quisiera gestionar aprobar presupuesto de área para este mes,5c6d7e8f-9a0b-1c2d-3e4f-5a6b7c8d9e0f
Quisiera gestionar aprobar presupuesto de área para este mes para Consuela Manrique Nuñez,5c6d7e8f-9a0b-1c2d-3e4f-5a6b7c8d9e0f
Me hace falta iniciar aprobar presupuesto de área,5c6d7e8f-9a0b-1c2d-3e4f-5a6b7c8d9e0f
Me hace falta iniciar aprobar presupuesto de área para Benito Esparza Cantón,5c6d7e8f-9a0b-1c2d-3e4f-5a6b7c8d9e0f
Abrir solicitud de aprobar presupuesto de área,5c6d7e8f-9a0b-1c2d-3e4f-5a6b7c8d9e0f
Abrir solicitud de aprobar presupuesto de área para Wilfredo Barrena Álvarez,5c6d7e8f-9a0b-1c2d-3e4f-5a6b7c8d9e0f
Iniciar flujo para aprobar presupuesto de área,5c6d7e8f-9a0b-1c2d-3e4f-5a6b7c8d9e0f
Iniciar flujo para aprobar presupuesto de área para Jonatan Neira Alfonso,5c6d7e8f-9a0b-1c2d-3e4f-5a6b7c8d9e0f
Tengo un problema con aprobar presupuesto de área,5c6d7e8f-9a0b-1c2d-3e4f-5a6b7c8d9e0f
Tengo un problema con aprobar presupuesto de área para Tito Gutiérrez Bastida,5c6d7e8f-9a0b-1c2d-3e4f-5a6b7c8d9e0f
Cómo puedo solicitar aprobar presupuesto de área,5c6d7e8f-9a0b-1c2d-3e4f-5a6b7c8d9e0f
Cómo puedo solicitar aprobar presupuesto de área para Porfirio Vallejo Molins,5c6d7e8f-9a0b-1c2d-3e4f-5a6b7c8d9e0f
Deseo registrar aprobar presupuesto de área,5c6d7e8f-9a0b-1c2d-3e4f-5a6b7c8d9e0f
Deseo registrar aprobar presupuesto de área para José Ángel del Girona,5c6d7e8f-9a0b-1c2d-3e4f-5a6b7c8d9e0f
Necesito iniciar el trámite de gasto mensual,5c6d7e8f-9a0b-1c2d-3e4f-5a6b7c8d9e0f
Necesito iniciar el trámite de gasto mensual para Ainara Ávila,5c6d7e8f-9a0b-1c2d-3e4f-5a6b7c8d9e0f
Quiero solicitar gasto mensual,5c6d7e8f-9a0b-1c2d-3e4f-5a6b7c8d9e0f
Quiero solicitar gasto mensual para Che Varela Luján,5c6d7e8f-9a0b-1c2d-3e4f-5a6b7c8d9e0f
Cómo hago para pedir gasto mensual,5c6d7e8f-9a0b-1c2d-3e4f-5a6b7c8d9e0f
Cómo hago para pedir gasto mensual para Maricela Lobato,5c6d7e8f-9a0b-1c2d-3e4f-5a6b7c8d9e0f
Ayuda con gasto mensual,5c6d7e8f-9a0b-1c2d-3e4f-5a6b7c8d9e0f
Ayuda con gasto mensual para Genoveva Benet Blanco,5c6d7e8f-9a0b-1c2d-3e4f-5a6b7c8d9e0f
Trámite de gasto mensual por favor,5c6d7e8f-9a0b-1c2d-3e4f-5a6b7c8d9e0f
Trámite de gasto mensual por favor para Aureliano Adadia Baños,5c6d7e8f-9a0b-1c2d-3e4f-5a6b7c8d9e0f
Deseo tramitar gasto mensual,5c6d7e8f-9a0b-1c2d-3e4f-5a6b7c8d9e0f
Deseo tramitar gasto mensual para Oriana Garzón-Ferrando,5c6d7e8f-9a0b-1c2d-3e4f-5a6b7c8d9e0f
Necesito iniciar el trámite de curso de capacitación,6c7d8e9f-0a1b-2c3d-4e5f-6a7b8c9d0e1f
Necesito iniciar el trámite de curso de capacitación para Rubén Jerez Sastre,6c7d8e9f-0a1b-2c3d-4e5f-6a7b8c9d0e1f
Quiero solicitar curso de capacitación,6c7d8e9f-0a1b-2c3d-4e5f-6a7b8c9d0e1f
Quiero solicitar curso de capacitación para Leandro Cervera Guillen,6c7d8e9f-0a1b-2c3d-4e5f-6a7b8c9d0e1f
Cómo hago para pedir curso de capacitación,6c7d8e9f-0a1b-2c3d-4e5f-6a7b8c9d0e1f
Cómo hago para pedir curso de capacitación para Albina Espejo,6c7d8e9f-0a1b-2c3d-4e5f-6a7b8c9d0e1f
Ayuda con curso de capacitación,6c7d8e9f-0a1b-2c3d-4e5f-6a7b8c9d0e1f
Ayuda con curso de capacitación para José Vendrell Aragonés,6c7d8e9f-0a1b-2c3d-4e5f-6a7b8c9d0e1f
Trámite de curso de capacitación por favor,6c7d8e9f-0a1b-2c3d-4e5f-6a7b8c9d0e1f
Trámite de curso de capacitación por favor para Rita Velasco-Caro,6c7d8e9f-0a1b-2c3d-4e5f-6a7b8c9d0e1f
Deseo tramitar curso de capacitación,6c7d8e9f-0a1b-2c3d-4e5f-6a7b8c9d0e1f
Deseo tramitar curso de capacitación para Sebastián Sans Vázquez,6c7d8e9f-0a1b-2c3d-4e5f-6a7b8c9d0e1f
Requiero curso de capacitación urgente,6c7d8e9f-0a1b-2c3d-4e5f-6a7b8c9d0e1f
Requiero curso de capacitación urgente para Aroa Mendizábal Alonso,6c7d8e9f-0a1b-2c3d-4e5f-6a7b8c9d0e1f
Me gustaría iniciar el proceso de curso de capacitación,6c7d8e9f-0a1b-2c3d-4e5f-6a7b8c9d0e1f
Me gustaría iniciar el proceso de curso de capacitación para Esteban Pla Romero,6c7d8e9f-0a1b-2c3d-4e5f-6a7b8c9d0e1f
curso de capacitación es lo que busco,6c7d8e9f-0a1b-2c3d-4e5f-6a7b8c9d0e1f
curso de capacitación es lo que busco para Gil Goñi Guerra,6c7d8e9f-0a1b-2c3d-4e5f-6a7b8c9d0e1f
Quiero abrir una solicitud para curso de capacitación,6c7d8e9f-0a1b-2c3d-4e5f-6a7b8c9d0e1f
Quiero abrir una solicitud para curso de capacitación para Rebeca Mas Valbuena,6c7d8e9f-0a1b-2c3d-4e5f-6a7b8c9d0e1f
"Por favor, necesito curso de capacitación",6c7d8e9f-0a1b-2c3d-4e5f-6a7b8c9d0e1f
"Por favor, necesito curso de capacitación para María José Cruz Osorio",6c7d8e9f-0a1b-2c3d-4e5f-6a7b8c9d0e1f
Quisiera gestionar curso de capacitación para este mes,6c7d8e9f-0a1b-2c3d-4e5f-6a7b8c9d0e1f
Quisiera gestionar curso de capacitación para este mes para Amando Bermudez Navas,6c7d8e9f-0a1b-2c3d-4e5f-6a7b8c9d0e1f
Me hace falta iniciar curso de capacitación,6c7d8e9f-0a1b-2c3d-4e5f-6a7b8c9d0e1f
Me hace falta iniciar curso de capacitación para Heliodoro Garriga Recio,6c7d8e9f-0a1b-2c3d-4e5f-6a7b8c9d0e1f
Abrir solicitud de curso de capacitación,6c7d8e9f-0a1b-2c3d-4e5f-6a7b8c9d0e1f
Abrir solicitud de curso de capacitación para Mauricio Abellán-Olivera,6c7d8e9f-0a1b-2c3d-4e5f-6a7b8c9d0e1f
Iniciar flujo para curso de capacitación,6c7d8e9f-0a1b-2c3d-4e5f-6a7b8c9d0e1f
Iniciar flujo para curso de capacitación para Eli Garrido Benito,6c7d8e9f-0a1b-2c3d-4e5f-6a7b8c9d0e1f
Tengo un problema con curso de capacitación,6c7d8e9f-0a1b-2c3d-4e5f-6a7b8c9d0e1f
Tengo un problema con curso de capacitación para Luis Miguel Lucas Palau,6c7d8e9f-0a1b-2c3d-4e5f-6a7b8c9d0e1f
Cómo puedo solicitar curso de capacitación,6c7d8e9f-0a1b-2c3d-4e5f-6a7b8c9d0e1f
Cómo puedo solicitar curso de capacitación para Milagros Caballero Llano,6c7d8e9f-0a1b-2c3d-4e5f-6a7b8c9d0e1f
Deseo registrar curso de capacitación,6c7d8e9f-0a1b-2c3d-4e5f-6a7b8c9d0e1f
Deseo registrar curso de capacitación para María Teresa Herrero-Mate,6c7d8e9f-0a1b-2c3d-4e5f-6a7b8c9d0e1f
Necesito iniciar el trámite de certificación profesional,6c7d8e9f-0a1b-2c3d-4e5f-6a7b8c9d0e1f
Necesito iniciar el trámite de certificación profesional para Amancio Daniel Bayo Barón,6c7d8e9f-0a1b-2c3d-4e5f-6a7b8c9d0e1f
Quiero solicitar certificación profesional,6c7d8e9f-0a1b-2c3d-4e5f-6a7b8c9d0e1f
Quiero solicitar certificación profesional para Alcides Andrade Atienza,6c7d8e9f-0a1b-2c3d-4e5f-6a7b8c9d0e1f
Cómo hago para pedir certificación profesional,6c7d8e9f-0a1b-2c3d-4e5f-6a7b8c9d0e1f
Cómo hago para pedir certificación profesional para Oriana Álamo Ayllón,6c7d8e9f-0a1b-2c3d-4e5f-6a7b8c9d0e1f
Ayuda con certificación profesional,6c7d8e9f-0a1b-2c3d-4e5f-6a7b8c9d0e1f
Ayuda con certificación profesional para Flavia Pujol Yáñez,6c7d8e9f-0a1b-2c3d-4e5f-6a7b8c9d0e1f
Trámite de certificación profesional por favor,6c7d8e9f-0a1b-2c3d-4e5f-6a7b8c9d0e1f
Trámite de certificación profesional por favor para Reina Pereira Valera,6c7d8e9f-0a1b-2c3d-4e5f-6a7b8c9d0e1f
Deseo tramitar certificación profesional,6c7d8e9f-0a1b-2c3d-4e5f-6a7b8c9d0e1f
Deseo tramitar certificación profesional para Hortensia Julián-Reig,6c7d8e9f-0a1b-2c3d-4e5f-6a7b8c9d0e1f
Requiero certificación profesional urgente,6c7d8e9f-0a1b-2c3d-4e5f-6a7b8c9d0e1f
Requiero certificación profesional urgente para Erasmo Zabaleta Roldán,6c7d8e9f-0a1b-2c3d-4e5f-6a7b8c9d0e1f
Me gustaría iniciar el proceso de certificación profesional,6c7d8e9f-0a1b-2c3d-4e5f-6a7b8c9d0e1f
Me gustaría iniciar el proceso de certificación profesional para Fanny Arcos Ripoll,6c7d8e9f-0a1b-2c3d-4e5f-6a7b8c9d0e1f
certificación profesional es lo que busco,6c7d8e9f-0a1b-2c3d-4e5f-6a7b8c9d0e1f
certificación profesional es lo que busco para Quirino Marcos Salcedo,6c7d8e9f-0a1b-2c3d-4e5f-6a7b8c9d0e1f
Quiero abrir una solicitud para certificación profesional,6c7d8e9f-0a1b-2c3d-4e5f-6a7b8c9d0e1f
Quiero abrir una solicitud para certificación profesional para Ani Rios Tomé,6c7d8e9f-0a1b-2c3d-4e5f-6a7b8c9d0e1f
"Por favor, necesito certificación profesional",6c7d8e9f-0a1b-2c3d-4e5f-6a7b8c9d0e1f
"Por favor, necesito certificación profesional para Alba María Ángeles Capdevila Oliva",6c7d8e9f-0a1b-2c3d-4e5f-6a7b8c9d0e1f
Quisiera gestionar certificación profesional para este mes,6c7d8e9f-0a1b-2c3d-4e5f-6a7b8c9d0e1f
Quisiera gestionar certificación profesional para este mes para Gerardo Lastra Moya,6c7d8e9f-0a1b-2c3d-4e5f-6a7b8c9d0e1f
Me hace falta iniciar certificación profesional,6c7d8e9f-0a1b-2c3d-4e5f-6a7b8c9d0e1f
Me hace falta iniciar certificación profesional para Elpidio Adadia Tapia,6c7d8e9f-0a1b-2c3d-4e5f-6a7b8c9d0e1f
Abrir solicitud de certificación profesional,6c7d8e9f-0a1b-2c3d-4e5f-6a7b8c9d0e1f
Abrir solicitud de certificación profesional para Perla de Nogueira,6c7d8e9f-0a1b-2c3d-4e5f-6a7b8c9d0e1f
Iniciar flujo para certificación profesional,6c7d8e9f-0a1b-2c3d-4e5f-6a7b8c9d0e1f
Iniciar flujo para certificación profesional para Nicanor Anastasio Duarte Martín,6c7d8e9f-0a1b-2c3d-4e5f-6a7b8c9d0e1f
Tengo un problema con certificación profesional,6c7d8e9f-0a1b-2c3d-4e5f-6a7b8c9d0e1f
Tengo un problema con certificación profesional para María Román Ibarra,6c7d8e9f-0a1b-2c3d-4e5f-6a7b8c9d0e1f
Cómo puedo solicitar certificación profesional,6c7d8e9f-0a1b-2c3d-4e5f-6a7b8c9d0e1f
Cómo puedo solicitar certificación profesional para Espiridión del Vera,6c7d8e9f-0a1b-2c3d-4e5f-6a7b8c9d0e1f
Deseo registrar certificación profesional,6c7d8e9f-0a1b-2c3d-4e5f-6a7b8c9d0e1f
Deseo registrar certificación profesional para Adrián Mateos Escrivá,6c7d8e9f-0a1b-2c3d-4e5f-6a7b8c9d0e1f
Necesito iniciar el trámite de pagar curso,6c7d8e9f-0a1b-2c3d-4e5f-6a7b8c9d0e1f
Necesito iniciar el trámite de pagar curso para Anastasia Luque Fuente,6c7d8e9f-0a1b-2c3d-4e5f-6a7b8c9d0e1f
Quiero solicitar pagar curso,6c7d8e9f-0a1b-2c3d-4e5f-6a7b8c9d0e1f
Quiero solicitar pagar curso para Lázaro Nicolau Puig,6c7d8e9f-0a1b-2c3d-4e5f-6a7b8c9d0e1f
Cómo hago para pedir pagar curso,6c7d8e9f-0a1b-2c3d-4e5f-6a7b8c9d0e1f
Cómo hago para pedir pagar curso para Aurora Iglesias Juan,6c7d8e9f-0a1b-2c3d-4e5f-6a7b8c9d0e1f
Ayuda con pagar curso,6c7d8e9f-0a1b-2c3d-4e5f-6a7b8c9d0e1f
Ayuda con pagar curso para Rico Barrena Ferrero,6c7d8e9f-0a1b-2c3d-4e5f-6a7b8c9d0e1f
Trámite de pagar curso por favor,6c7d8e9f-0a1b-2c3d-4e5f-6a7b8c9d0e1f
Trámite de pagar curso por favor para Brígida Nogueira Gómez,6c7d8e9f-0a1b-2c3d-4e5f-6a7b8c9d0e1f
Deseo tramitar pagar curso,6c7d8e9f-0a1b-2c3d-4e5f-6a7b8c9d0e1f
Deseo tramitar pagar curso para Geraldo Coronado,6c7d8e9f-0a1b-2c3d-4e5f-6a7b8c9d0e1f
Requiero pagar curso urgente,6c7d8e9f-0a1b-2c3d-4e5f-6a7b8c9d0e1f
Requiero pagar curso urgente para Edu Hoyos Suarez,6c7d8e9f-0a1b-2c3d-4e5f-6a7b8c9d0e1f
Me gustaría iniciar el proceso de pagar curso,6c7d8e9f-0a1b-2c3d-4e5f-6a7b8c9d0e1f
Me gustaría iniciar el proceso de pagar curso para Emigdio del Izquierdo,6c7d8e9f-0a1b-2c3d-4e5f-6a7b8c9d0e1f
pagar curso es lo que busco,6c7d8e9f-0a1b-2c3d-4e5f-6a7b8c9d0e1f
pagar curso es lo que busco para Esperanza Patiño Gaya,6c7d8e9f-0a1b-2c3d-4e5f-6a7b8c9d0e1f
Quiero abrir una solicitud para pagar curso,6c7d8e9f-0a1b-2c3d-4e5f-6a7b8c9d0e1f
Quiero abrir una solicitud para pagar curso para Eli Mendizábal Aguilar,6c7d8e9f-0a1b-2c3d-4e5f-6a7b8c9d0e1f
"Por favor, necesito pagar curso",6c7d8e9f-0a1b-2c3d-4e5f-6a7b8c9d0e1f
"Por favor, necesito pagar curso para Gala Rodriguez Vázquez",6c7d8e9f-0a1b-2c3d-4e5f-6a7b8c9d0e1f
Quisiera gestionar pagar curso para este mes,6c7d8e9f-0a1b-2c3d-4e5f-6a7b8c9d0e1f
Quisiera gestionar pagar curso para este mes para Pepita León Cantero,6c7d8e9f-0a1b-2c3d-4e5f-6a7b8c9d0e1f
Me hace falta iniciar pagar curso,6c7d8e9f-0a1b-2c3d-4e5f-6a7b8c9d0e1f
Me hace falta iniciar pagar curso para Rosario Rivas Baeza,6c7d8e9f-0a1b-2c3d-4e5f-6a7b8c9d0e1f
Abrir solicitud de pagar curso,6c7d8e9f-0a1b-2c3d-4e5f-6a7b8c9d0e1f
Abrir solicitud de pagar curso para Candelas Miguela Blanch Guzman,6c7d8e9f-0a1b-2c3d-4e5f-6a7b8c9d0e1f
Iniciar flujo para pagar curso,6c7d8e9f-0a1b-2c3d-4e5f-6a7b8c9d0e1f
Iniciar flujo para pagar curso para Jose Angel Saura Sala,6c7d8e9f-0a1b-2c3d-4e5f-6a7b8c9d0e1f
Tengo un problema con pagar curso,6c7d8e9f-0a1b-2c3d-4e5f-6a7b8c9d0e1f
Tengo un problema con pagar curso para Cayetana Quintero Arias,6c7d8e9f-0a1b-2c3d-4e5f-6a7b8c9d0e1f
Cómo puedo solicitar pagar curso,6c7d8e9f-0a1b-2c3d-4e5f-6a7b8c9d0e1f
Cómo puedo solicitar pagar curso para Gerardo del Quintero,6c7d8e9f-0a1b-2c3d-4e5f-6a7b8c9d0e1f
Deseo registrar pagar curso,6c7d8e9f-0a1b-2c3d-4e5f-6a7b8c9d0e1f
Deseo registrar pagar curso para Adelia Maura Grau Amores,6c7d8e9f-0a1b-2c3d-4e5f-6a7b8c9d0e1f
Necesito iniciar el trámite de beca de estudio,6c7d8e9f-0a1b-2c3d-4e5f-6a7b8c9d0e1f
Necesito iniciar el trámite de beca de estudio para Amaro Ramos Adán,6c7d8e9f-0a1b-2c3d-4e5f-6a7b8c9d0e1f
Quiero solicitar beca de estudio,6c7d8e9f-0a1b-2c3d-4e5f-6a7b8c9d0e1f
Quiero solicitar beca de estudio para Piedad Esteve-Antúnez,6c7d8e9f-0a1b-2c3d-4e5f-6a7b8c9d0e1f
Cómo hago para pedir beca de estudio,6c7d8e9f-0a1b-2c3d-4e5f-6a7b8c9d0e1f
Cómo hago para pedir beca de estudio para Ovidio Cerdán Carbó,6c7d8e9f-0a1b-2c3d-4e5f-6a7b8c9d0e1f
Ayuda con beca de estudio,6c7d8e9f-0a1b-2c3d-4e5f-6a7b8c9d0e1f
Ayuda con beca de estudio para Chus Navarrete Herranz,6c7d8e9f-0a1b-2c3d-4e5f-6a7b8c9d0e1f
Trámite de beca de estudio por favor,6c7d8e9f-0a1b-2c3d-4e5f-6a7b8c9d0e1f
Trámite de beca de estudio por favor para Marta Salvador Luz,6c7d8e9f-0a1b-2c3d-4e5f-6a7b8c9d0e1f
Deseo tramitar beca de estudio,6c7d8e9f-0a1b-2c3d-4e5f-6a7b8c9d0e1f
Deseo tramitar beca de estudio para Francisco Javier Vergara Cuadrado,6c7d8e9f-0a1b-2c3d-4e5f-6a7b8c9d0e1f
Necesito iniciar el trámite de onboarding,7c8d9e0f-1a2b-3c4d-5e6f-7a8b9c0d1e2f
Necesito iniciar el trámite de onboarding para Ana Sofía Campos,7c8d9e0f-1a2b-3c4d-5e6f-7a8b9c0d1e2f
Quiero solicitar onboarding,7c8d9e0f-1a2b-3c4d-5e6f-7a8b9c0d1e2f
Quiero solicitar onboarding para Valentín Macías-Valderrama,7c8d9e0f-1a2b-3c4d-5e6f-7a8b9c0d1e2f
Cómo hago para pedir onboarding,7c8d9e0f-1a2b-3c4d-5e6f-7a8b9c0d1e2f
Cómo hago para pedir onboarding para Lalo Estevez Lozano,7c8d9e0f-1a2b-3c4d-5e6f-7a8b9c0d1e2f
Ayuda con onboarding,7c8d9e0f-1a2b-3c4d-5e6f-7a8b9c0d1e2f
Ayuda con onboarding para Ruperto Benavides Córdoba,7c8d9e0f-1a2b-3c4d-5e6f-7a8b9c0d1e2f
Trámite de onboarding por favor,7c8d9e0f-1a2b-3c4d-5e6f-7a8b9c0d1e2f
Trámite de onboarding por favor para África del Vallés,7c8d9e0f-1a2b-3c4d-5e6f-7a8b9c0d1e2f
Deseo tramitar onboarding,7c8d9e0f-1a2b-3c4d-5e6f-7a8b9c0d1e2f
Deseo tramitar onboarding para Aristides Cámara-Garmendia,7c8d9e0f-1a2b-3c4d-5e6f-7a8b9c0d1e2f
Requiero onboarding urgente,7c8d9e0f-1a2b-3c4d-5e6f-7a8b9c0d1e2f
Requiero onboarding urgente para Ignacio Moya Pi,7c8d9e0f-1a2b-3c4d-5e6f-7a8b9c0d1e2f
Me gustaría iniciar el proceso de onboarding,7c8d9e0f-1a2b-3c4d-5e6f-7a8b9c0d1e2f
Me gustaría iniciar el proceso de onboarding para Consuela Benitez Guardiola,7c8d9e0f-1a2b-3c4d-5e6f-7a8b9c0d1e2f
onboarding es lo que busco,7c8d9e0f-1a2b-3c4d-5e6f-7a8b9c0d1e2f
onboarding es lo que busco para Berta Navarrete Montoya,7c8d9e0f-1a2b-3c4d-5e6f-7a8b9c0d1e2f
Quiero abrir una solicitud para onboarding,7c8d9e0f-1a2b-3c4d-5e6f-7a8b9c0d1e2f
Quiero abrir una solicitud para onboarding para Fanny Sainz Jaume,7c8d9e0f-1a2b-3c4d-5e6f-7a8b9c0d1e2f
"Por favor, necesito onboarding",7c8d9e0f-1a2b-3c4d-5e6f-7a8b9c0d1e2f
"Por favor, necesito onboarding para Custodio Rolando Belda Vara",7c8d9e0f-1a2b-3c4d-5e6f-7a8b9c0d1e2f
Quisiera gestionar onboarding para este mes,7c8d9e0f-1a2b-3c4d-5e6f-7a8b9c0d1e2f
Quisiera gestionar onboarding para este mes para Teodosio Olivares,7c8d9e0f-1a2b-3c4d-5e6f-7a8b9c0d1e2f
Me hace falta iniciar onboarding,7c8d9e0f-1a2b-3c4d-5e6f-7a8b9c0d1e2f
Me hace falta iniciar onboarding para Hugo Muñoz Pozuelo,7c8d9e0f-1a2b-3c4d-5e6f-7a8b9c0d1e2f
Abrir solicitud de onboarding,7c8d9e0f-1a2b-3c4d-5e6f-7a8b9c0d1e2f
Abrir solicitud de onboarding para Iker Vilalta-Saavedra,7c8d9e0f-1a2b-3c4d-5e6f-7a8b9c0d1e2f
Iniciar flujo para onboarding,7c8d9e0f-1a2b-3c4d-5e6f-7a8b9c0d1e2f
Iniciar flujo para onboarding para Rosalía Pulido Quintero,7c8d9e0f-1a2b-3c4d-5e6f-7a8b9c0d1e2f
Tengo un problema con onboarding,7c8d9e0f-1a2b-3c4d-5e6f-7a8b9c0d1e2f
Tengo un problema con onboarding para Samanta Catalá Río,7c8d9e0f-1a2b-3c4d-5e6f-7a8b9c0d1e2f
Cómo puedo solicitar onboarding,7c8d9e0f-1a2b-3c4d-5e6f-7a8b9c0d1e2f
Cómo puedo solicitar onboarding para Amor Bilbao,7c8d9e0f-1a2b-3c4d-5e6f-7a8b9c0d1e2f
Deseo registrar onboarding,7c8d9e0f-1a2b-3c4d-5e6f-7a8b9c0d1e2f
Deseo registrar onboarding para Kike Abilio Roda Lucena,7c8d9e0f-1a2b-3c4d-5e6f-7a8b9c0d1e2f
Necesito iniciar el trámite de inducción de ingreso,7c8d9e0f-1a2b-3c4d-5e6f-7a8b9c0d1e2f
Necesito iniciar el trámite de inducción de ingreso para Florentino Nogueira Montserrat,7c8d9e0f-1a2b-3c4d-5e6f-7a8b9c0d1e2f
Quiero solicitar inducción de ingreso,7c8d9e0f-1a2b-3c4d-5e6f-7a8b9c0d1e2f
Quiero solicitar inducción de ingreso para Tadeo del Mercader,7c8d9e0f-1a2b-3c4d-5e6f-7a8b9c0d1e2f
Cómo hago para pedir inducción de ingreso,7c8d9e0f-1a2b-3c4d-5e6f-7a8b9c0d1e2f
Cómo hago para pedir inducción de ingreso para Angelino Amaya,7c8d9e0f-1a2b-3c4d-5e6f-7a8b9c0d1e2f
Ayuda con inducción de ingreso,7c8d9e0f-1a2b-3c4d-5e6f-7a8b9c0d1e2f
Ayuda con inducción de ingreso para Nicolás de Quintero,7c8d9e0f-1a2b-3c4d-5e6f-7a8b9c0d1e2f
Trámite de inducción de ingreso por favor,7c8d9e0f-1a2b-3c4d-5e6f-7a8b9c0d1e2f
Trámite de inducción de ingreso por favor para Gil Pla Gimenez,7c8d9e0f-1a2b-3c4d-5e6f-7a8b9c0d1e2f
Deseo tramitar inducción de ingreso,7c8d9e0f-1a2b-3c4d-5e6f-7a8b9c0d1e2f
Deseo tramitar inducción de ingreso para Ramiro Ramírez Castejón,7c8d9e0f-1a2b-3c4d-5e6f-7a8b9c0d1e2f
Requiero inducción de ingreso urgente,7c8d9e0f-1a2b-3c4d-5e6f-7a8b9c0d1e2f
Requiero inducción de ingreso urgente para Almudena Quiroga,7c8d9e0f-1a2b-3c4d-5e6f-7a8b9c0d1e2f
Me gustaría iniciar el proceso de inducción de ingreso,7c8d9e0f-1a2b-3c4d-5e6f-7a8b9c0d1e2f
Me gustaría iniciar el proceso de inducción de ingreso para Ruy Eusebio Alemán Malo,7c8d9e0f-1a2b-3c4d-5e6f-7a8b9c0d1e2f
inducción de ingreso es lo que busco,7c8d9e0f-1a2b-3c4d-5e6f-7a8b9c0d1e2f
inducción de ingreso es lo que busco para Gilberto Serna-Parejo,7c8d9e0f-1a2b-3c4d-5e6f-7a8b9c0d1e2f
Quiero abrir una solicitud para inducción de ingreso,7c8d9e0f-1a2b-3c4d-5e6f-7a8b9c0d1e2f
Quiero abrir una solicitud para inducción de ingreso para Adolfo Chacón Pi,7c8d9e0f-1a2b-3c4d-5e6f-7a8b9c0d1e2f
"Por favor, necesito inducción de ingreso",7c8d9e0f-1a2b-3c4d-5e6f-7a8b9c0d1e2f
"Por favor, necesito inducción de ingreso para Tecla Barros Gallego",7c8d9e0f-1a2b-3c4d-5e6f-7a8b9c0d1e2f
Quisiera gestionar inducción de ingreso para este mes,7c8d9e0f-1a2b-3c4d-5e6f-7a8b9c0d1e2f
Quisiera gestionar inducción de ingreso para este mes para Dafne Blasco Gras,7c8d9e0f-1a2b-3c4d-5e6f-7a8b9c0d1e2f
Me hace falta iniciar inducción de ingreso,7c8d9e0f-1a2b-3c4d-5e6f-7a8b9c0d1e2f
Me hace falta iniciar inducción de ingreso para Albert Sales Salgado,7c8d9e0f-1a2b-3c4d-5e6f-7a8b9c0d1e2f
Abrir solicitud de inducción de ingreso,7c8d9e0f-1a2b-3c4d-5e6f-7a8b9c0d1e2f
Abrir solicitud de inducción de ingreso para Raquel Mercader Puerta,7c8d9e0f-1a2b-3c4d-5e6f-7a8b9c0d1e2f
Iniciar flujo para inducción de ingreso,7c8d9e0f-1a2b-3c4d-5e6f-7a8b9c0d1e2f
Iniciar flujo para inducción de ingreso para Elba Ferrando-Torrents,7c8d9e0f-1a2b-3c4d-5e6f-7a8b9c0d1e2f
Tengo un problema con inducción de ingreso,7c8d9e0f-1a2b-3c4d-5e6f-7a8b9c0d1e2f
Tengo un problema con inducción de ingreso para Juliana Diez Riba,7c8d9e0f-1a2b-3c4d-5e6f-7a8b9c0d1e2f
Cómo puedo solicitar inducción de ingreso,7c8d9e0f-1a2b-3c4d-5e6f-7a8b9c0d1e2f
Cómo puedo solicitar inducción de ingreso para Manola Barrio Nadal,7c8d9e0f-1a2b-3c4d-5e6f-7a8b9c0d1e2f
Deseo registrar inducción de ingreso,7c8d9e0f-1a2b-3c4d-5e6f-7a8b9c0d1e2f
Deseo registrar inducción de ingreso para Paco Boix Armas,7c8d9e0f-1a2b-3c4d-5e6f-7a8b9c0d1e2f
Necesito iniciar el trámite de bienvenida nuevo empleado,7c8d9e0f-1a2b-3c4d-5e6f-7a8b9c0d1e2f
Necesito iniciar el trámite de bienvenida nuevo empleado para Ale Barreda Bayo,7c8d9e0f-1a2b-3c4d-5e6f-7a8b9c0d1e2f
Quiero solicitar bienvenida nuevo empleado,7c8d9e0f-1a2b-3c4d-5e6f-7a8b9c0d1e2f
Quiero solicitar bienvenida nuevo empleado para América Ayuso Simó,7c8d9e0f-1a2b-3c4d-5e6f-7a8b9c0d1e2f
Cómo hago para pedir bienvenida nuevo empleado,7c8d9e0f-1a2b-3c4d-5e6f-7a8b9c0d1e2f
Cómo hago para pedir bienvenida nuevo empleado para Febe Giménez Clemente,7c8d9e0f-1a2b-3c4d-5e6f-7a8b9c0d1e2f
Ayuda con bienvenida nuevo empleado,7c8d9e0f-1a2b-3c4d-5e6f-7a8b9c0d1e2f
Ayuda con bienvenida nuevo empleado para Néstor Esparza Bosch,7c8d9e0f-1a2b-3c4d-5e6f-7a8b9c0d1e2f
Trámite de bienvenida nuevo empleado por favor,7c8d9e0f-1a2b-3c4d-5e6f-7a8b9c0d1e2f
Trámite de bienvenida nuevo empleado por favor para Miriam Real Arana,7c8d9e0f-1a2b-3c4d-5e6f-7a8b9c0d1e2f
Deseo tramitar bienvenida nuevo empleado,7c8d9e0f-1a2b-3c4d-5e6f-7a8b9c0d1e2f
Deseo tramitar bienvenida nuevo empleado para Lucio René Pallarès Pombo,7c8d9e0f-1a2b-3c4d-5e6f-7a8b9c0d1e2f
Requiero bienvenida nuevo empleado urgente,7c8d9e0f-1a2b-3c4d-5e6f-7a8b9c0d1e2f
Requiero bienvenida nuevo empleado urgente para Viviana Luján Company,7c8d9e0f-1a2b-3c4d-5e6f-7a8b9c0d1e2f
Me gustaría iniciar el proceso de bienvenida nuevo empleado,7c8d9e0f-1a2b-3c4d-5e6f-7a8b9c0d1e2f
Me gustaría iniciar el proceso de bienvenida nuevo empleado para Clímaco Peralta,7c8d9e0f-1a2b-3c4d-5e6f-7a8b9c0d1e2f
bienvenida nuevo empleado es lo que busco,7c8d9e0f-1a2b-3c4d-5e6f-7a8b9c0d1e2f
bienvenida nuevo empleado es lo que busco para Teodoro Río Taboada,7c8d9e0f-1a2b-3c4d-5e6f-7a8b9c0d1e2f
Quiero abrir una solicitud para bienvenida nuevo empleado,7c8d9e0f-1a2b-3c4d-5e6f-7a8b9c0d1e2f
Quiero abrir una solicitud para bienvenida nuevo empleado para Paco Pou Ramírez,7c8d9e0f-1a2b-3c4d-5e6f-7a8b9c0d1e2f
"Por favor, necesito bienvenida nuevo empleado",7c8d9e0f-1a2b-3c4d-5e6f-7a8b9c0d1e2f
"Por favor, necesito bienvenida nuevo empleado para Tania Ballester Roura",7c8d9e0f-1a2b-3c4d-5e6f-7a8b9c0d1e2f
Quisiera gestionar bienvenida nuevo empleado para este mes,7c8d9e0f-1a2b-3c4d-5e6f-7a8b9c0d1e2f
Quisiera gestionar bienvenida nuevo empleado para este mes para Casandra Barragán,7c8d9e0f-1a2b-3c4d-5e6f-7a8b9c0d1e2f
Me hace falta iniciar bienvenida nuevo empleado,7c8d9e0f-1a2b-3c4d-5e6f-7a8b9c0d1e2f
Me hace falta iniciar bienvenida nuevo empleado para Rosario del Castrillo,7c8d9e0f-1a2b-3c4d-5e6f-7a8b9c0d1e2f
Abrir solicitud de bienvenida nuevo empleado,7c8d9e0f-1a2b-3c4d-5e6f-7a8b9c0d1e2f
Abrir solicitud de bienvenida nuevo empleado para Erasmo del Tudela,7c8d9e0f-1a2b-3c4d-5e6f-7a8b9c0d1e2f
Iniciar flujo para bienvenida nuevo empleado,7c8d9e0f-1a2b-3c4d-5e6f-7a8b9c0d1e2f
Iniciar flujo para bienvenida nuevo empleado para María Pilar de Núñez,7c8d9e0f-1a2b-3c4d-5e6f-7a8b9c0d1e2f
Tengo un problema con bienvenida nuevo empleado,7c8d9e0f-1a2b-3c4d-5e6f-7a8b9c0d1e2f
Tengo un problema con bienvenida nuevo empleado para Gonzalo Calderon Abascal,7c8d9e0f-1a2b-3c4d-5e6f-7a8b9c0d1e2f
Cómo puedo solicitar bienvenida nuevo empleado,7c8d9e0f-1a2b-3c4d-5e6f-7a8b9c0d1e2f
Cómo puedo solicitar bienvenida nuevo empleado para Almudena Martín Boada,7c8d9e0f-1a2b-3c4d-5e6f-7a8b9c0d1e2f
Deseo registrar bienvenida nuevo empleado,7c8d9e0f-1a2b-3c4d-5e6f-7a8b9c0d1e2f
Deseo registrar bienvenida nuevo empleado para Juan Carlos Villalonga Guerrero,7c8d9e0f-1a2b-3c4d-5e6f-7a8b9c0d1e2f
Necesito iniciar el trámite de correo corporativo nuevo,7c8d9e0f-1a2b-3c4d-5e6f-7a8b9c0d1e2f
Necesito iniciar el trámite de correo corporativo nuevo para Severo Corral,7c8d9e0f-1a2b-3c4d-5e6f-7a8b9c0d1e2f
Quiero solicitar correo corporativo nuevo,7c8d9e0f-1a2b-3c4d-5e6f-7a8b9c0d1e2f
Quiero solicitar correo corporativo nuevo para Pastor Baeza Gallart,7c8d9e0f-1a2b-3c4d-5e6f-7a8b9c0d1e2f
Cómo hago para pedir correo corporativo nuevo,7c8d9e0f-1a2b-3c4d-5e6f-7a8b9c0d1e2f
Cómo hago para pedir correo corporativo nuevo para Ainoa Zabaleta Lillo,7c8d9e0f-1a2b-3c4d-5e6f-7a8b9c0d1e2f
Ayuda con correo corporativo nuevo,7c8d9e0f-1a2b-3c4d-5e6f-7a8b9c0d1e2f
Ayuda con correo corporativo nuevo para Manolo Federico Fuentes Narváez,7c8d9e0f-1a2b-3c4d-5e6f-7a8b9c0d1e2f
Trámite de correo corporativo nuevo por favor,7c8d9e0f-1a2b-3c4d-5e6f-7a8b9c0d1e2f
Trámite de correo corporativo nuevo por favor para Diego Severo Menéndez Quero,7c8d9e0f-1a2b-3c4d-5e6f-7a8b9c0d1e2f
Deseo tramitar correo corporativo nuevo,7c8d9e0f-1a2b-3c4d-5e6f-7a8b9c0d1e2f
Deseo tramitar correo corporativo nuevo para Nereida Doménech Cabeza,7c8d9e0f-1a2b-3c4d-5e6f-7a8b9c0d1e2f
Necesito iniciar el trámite de contrato comercial,8c9d0e1f-2a3b-4c5d-6e7f-8a9b0c1d2e3f
Necesito iniciar el trámite de contrato comercial para Montserrat Mate Bernat,8c9d0e1f-2a3b-4c5d-6e7f-8a9b0c1d2e3f
Quiero solicitar contrato comercial,8c9d0e1f-2a3b-4c5d-6e7f-8a9b0c1d2e3f
Quiero solicitar contrato comercial para Francisco Marin Miranda,8c9d0e1f-2a3b-4c5d-6e7f-8a9b0c1d2e3f
Cómo hago para pedir contrato comercial,8c9d0e1f-2a3b-4c5d-6e7f-8a9b0c1d2e3f
Cómo hago para pedir contrato comercial para Jenaro Casemiro Escudero Tirado,8c9d0e1f-2a3b-4c5d-6e7f-8a9b0c1d2e3f
Ayuda con contrato comercial,8c9d0e1f-2a3b-4c5d-6e7f-8a9b0c1d2e3f
Ayuda con contrato comercial para María Peláez Trujillo,8c9d0e1f-2a3b-4c5d-6e7f-8a9b0c1d2e3f
Trámite de contrato comercial por favor,8c9d0e1f-2a3b-4c5d-6e7f-8a9b0c1d2e3f
Trámite de contrato comercial por favor para Luisa Valera Acuña,8c9d0e1f-2a3b-4c5d-6e7f-8a9b0c1d2e3f
Deseo tramitar contrato comercial,8c9d0e1f-2a3b-4c5d-6e7f-8a9b0c1d2e3f
Deseo tramitar contrato comercial para Esther Huertas,8c9d0e1f-2a3b-4c5d-6e7f-8a9b0c1d2e3f
Requiero contrato comercial urgente,8c9d0e1f-2a3b-4c5d-6e7f-8a9b0c1d2e3f
Requiero contrato comercial urgente para Marc del Cárdenas,8c9d0e1f-2a3b-4c5d-6e7f-8a9b0c1d2e3f
Me gustaría iniciar el proceso de contrato comercial,8c9d0e1f-2a3b-4c5d-6e7f-8a9b0c1d2e3f
Me gustaría iniciar el proceso de contrato comercial para Régulo de Hoyos,8c9d0e1f-2a3b-4c5d-6e7f-8a9b0c1d2e3f
contrato comercial es lo que busco,8c9d0e1f-2a3b-4c5d-6e7f-8a9b0c1d2e3f
contrato comercial es lo que busco para Ambrosio Cid Carreras,8c9d0e1f-2a3b-4c5d-6e7f-8a9b0c1d2e3f
Quiero abrir una solicitud para contrato comercial,8c9d0e1f-2a3b-4c5d-6e7f-8a9b0c1d2e3f
Quiero abrir una solicitud para contrato comercial para Manola Escrivá Carrillo,8c9d0e1f-2a3b-4c5d-6e7f-8a9b0c1d2e3f
"Por favor, necesito contrato comercial",8c9d0e1f-2a3b-4c5d-6e7f-8a9b0c1d2e3f
"Por favor, necesito contrato comercial para Edu Roberto Molins Uriarte",8c9d0e1f-2a3b-4c5d-6e7f-8a9b0c1d2e3f
Quisiera gestionar contrato comercial para este mes,8c9d0e1f-2a3b-4c5d-6e7f-8a9b0c1d2e3f
Quisiera gestionar contrato comercial para este mes para Hilda Pastora Escudero Rosado,8c9d0e1f-2a3b-4c5d-6e7f-8a9b0c1d2e3f
Me hace falta iniciar contrato comercial,8c9d0e1f-2a3b-4c5d-6e7f-8a9b0c1d2e3f
Me hace falta iniciar contrato comercial para Édgar Aznar Lasa,8c9d0e1f-2a3b-4c5d-6e7f-8a9b0c1d2e3f
Abrir solicitud de contrato comercial,8c9d0e1f-2a3b-4c5d-6e7f-8a9b0c1d2e3f
Abrir solicitud de contrato comercial para Corona Mateu-Nevado,8c9d0e1f-2a3b-4c5d-6e7f-8a9b0c1d2e3f
Iniciar flujo para contrato comercial,8c9d0e1f-2a3b-4c5d-6e7f-8a9b0c1d2e3f
Iniciar flujo para contrato comercial para María Delgado Samper,8c9d0e1f-2a3b-4c5d-6e7f-8a9b0c1d2e3f
Tengo un problema con contrato comercial,8c9d0e1f-2a3b-4c5d-6e7f-8a9b0c1d2e3f
Tengo un problema con contrato comercial para Lorena Bertrán Cadenas,8c9d0e1f-2a3b-4c5d-6e7f-8a9b0c1d2e3f
Cómo puedo solicitar contrato comercial,8c9d0e1f-2a3b-4c5d-6e7f-8a9b0c1d2e3f
Cómo puedo solicitar contrato comercial para Herminio Folch-Santiago,8c9d0e1f-2a3b-4c5d-6e7f-8a9b0c1d2e3f
Deseo registrar contrato comercial,8c9d0e1f-2a3b-4c5d-6e7f-8a9b0c1d2e3f
Deseo registrar contrato comercial para Chelo Guillen,8c9d0e1f-2a3b-4c5d-6e7f-8a9b0c1d2e3f
Necesito iniciar el trámite de firmar contrato con cliente,8c9d0e1f-2a3b-4c5d-6e7f-8a9b0c1d2e3f
Necesito iniciar el trámite de firmar contrato con cliente para Gilberto Vilanova,8c9d0e1f-2a3b-4c5d-6e7f-8a9b0c1d2e3f
Quiero solicitar firmar contrato con cliente,8c9d0e1f-2a3b-4c5d-6e7f-8a9b0c1d2e3f
Quiero solicitar firmar contrato con cliente para Noemí Llanos-Sosa,8c9d0e1f-2a3b-4c5d-6e7f-8a9b0c1d2e3f
Cómo hago para pedir firmar contrato con cliente,8c9d0e1f-2a3b-4c5d-6e7f-8a9b0c1d2e3f
Cómo hago para pedir firmar contrato con cliente para Elisabet Patricia Reina Carbajo,8c9d0e1f-2a3b-4c5d-6e7f-8a9b0c1d2e3f
Ayuda con firmar contrato con cliente,8c9d0e1f-2a3b-4c5d-6e7f-8a9b0c1d2e3f
Ayuda con firmar contrato con cliente para Cornelio Severo Oliva Díez,8c9d0e1f-2a3b-4c5d-6e7f-8a9b0c1d2e3f
Trámite de firmar contrato con cliente por favor,8c9d0e1f-2a3b-4c5d-6e7f-8a9b0c1d2e3f
Trámite de firmar contrato con cliente por favor para Felipe Pulido Garzón,8c9d0e1f-2a3b-4c5d-6e7f-8a9b0c1d2e3f
Deseo tramitar firmar contrato con cliente,8c9d0e1f-2a3b-4c5d-6e7f-8a9b0c1d2e3f
Deseo tramitar firmar contrato con cliente para Sandalio Muñoz Casal,8c9d0e1f-2a3b-4c5d-6e7f-8a9b0c1d2e3f
Requiero firmar contrato con cliente urgente,8c9d0e1f-2a3b-4c5d-6e7f-8a9b0c1d2e3f
Requiero firmar contrato con cliente urgente para Nicolás Bayo-Garzón,8c9d0e1f-2a3b-4c5d-6e7f-8a9b0c1d2e3f
Me gustaría iniciar el proceso de firmar contrato con cliente,8c9d0e1f-2a3b-4c5d-6e7f-8a9b0c1d2e3f
Me gustaría iniciar el proceso de firmar contrato con cliente para Edmundo Egea Barbero,8c9d0e1f-2a3b-4c5d-6e7f-8a9b0c1d2e3f
firmar contrato con cliente es lo que busco,8c9d0e1f-2a3b-4c5d-6e7f-8a9b0c1d2e3f
firmar contrato con cliente es lo que busco para Manu Leoncio Bayón Querol,8c9d0e1f-2a3b-4c5d-6e7f-8a9b0c1d2e3f
Quiero abrir una solicitud para firmar contrato con cliente,8c9d0e1f-2a3b-4c5d-6e7f-8a9b0c1d2e3f
Quiero abrir una solicitud para firmar contrato con cliente para Jennifer Plana Águila,8c9d0e1f-2a3b-4c5d-6e7f-8a9b0c1d2e3f
"Por favor, necesito firmar contrato con cliente",8c9d0e1f-2a3b-4c5d-6e7f-8a9b0c1d2e3f
"Por favor, necesito firmar contrato con cliente para Victor Garcés Ros",8c9d0e1f-2a3b-4c5d-6e7f-8a9b0c1d2e3f
Quisiera gestionar firmar contrato con cliente para este mes,8c9d0e1f-2a3b-4c5d-6e7f-8a9b0c1d2e3f
Quisiera gestionar firmar contrato con cliente para este mes para Patricia Bastida,8c9d0e1f-2a3b-4c5d-6e7f-8a9b0c1d2e3f
Me hace falta iniciar firmar contrato con cliente,8c9d0e1f-2a3b-4c5d-6e7f-8a9b0c1d2e3f
Me hace falta iniciar firmar contrato con cliente para Abigaíl Marcia Amorós Palau,8c9d0e1f-2a3b-4c5d-6e7f-8a9b0c1d2e3f
Abrir solicitud de firmar contrato con cliente,8c9d0e1f-2a3b-4c5d-6e7f-8a9b0c1d2e3f
Abrir solicitud de firmar contrato con cliente para Amada Villena Bonilla,8c9d0e1f-2a3b-4c5d-6e7f-8a9b0c1d2e3f
Iniciar flujo para firmar contrato con cliente,8c9d0e1f-2a3b-4c5d-6e7f-8a9b0c1d2e3f
Iniciar flujo para firmar contrato con cliente para Evangelina Collado Ávila,8c9d0e1f-2a3b-4c5d-6e7f-8a9b0c1d2e3f
Tengo un problema con firmar contrato con cliente,8c9d0e1f-2a3b-4c5d-6e7f-8a9b0c1d2e3f
Tengo un problema con firmar contrato con cliente para Encarnación Almansa Arribas,8c9d0e1f-2a3b-4c5d-6e7f-8a9b0c1d2e3f
Cómo puedo solicitar firmar contrato con cliente,8c9d0e1f-2a3b-4c5d-6e7f-8a9b0c1d2e3f
Cómo puedo solicitar firmar contrato con cliente para Manuelita Ramírez Barragán,8c9d0e1f-2a3b-4c5d-6e7f-8a9b0c1d2e3f
Deseo registrar firmar contrato con cliente,8c9d0e1f-2a3b-4c5d-6e7f-8a9b0c1d2e3f
Deseo registrar firmar contrato con cliente para Rosendo del Aragón,8c9d0e1f-2a3b-4c5d-6e7f-8a9b0c1d2e3f
Necesito iniciar el trámite de borrador de contrato,8c9d0e1f-2a3b-4c5d-6e7f-8a9b0c1d2e3f
Necesito iniciar el trámite de borrador de contrato para Lisandro Marcos Capdevila,8c9d0e1f-2a3b-4c5d-6e7f-8a9b0c1d2e3f
Quiero solicitar borrador de contrato,8c9d0e1f-2a3b-4c5d-6e7f-8a9b0c1d2e3f
Quiero solicitar borrador de contrato para Virginia Valero Blasco,8c9d0e1f-2a3b-4c5d-6e7f-8a9b0c1d2e3f
Cómo hago para pedir borrador de contrato,8c9d0e1f-2a3b-4c5d-6e7f-8a9b0c1d2e3f
Cómo hago para pedir borrador de contrato para Alondra Escobar,8c9d0e1f-2a3b-4c5d-6e7f-8a9b0c1d2e3f
Ayuda con borrador de contrato,8c9d0e1f-2a3b-4c5d-6e7f-8a9b0c1d2e3f
Ayuda con borrador de contrato para Pascual Fernández Macías,8c9d0e1f-2a3b-4c5d-6e7f-8a9b0c1d2e3f
Trámite de borrador de contrato por favor,8c9d0e1f-2a3b-4c5d-6e7f-8a9b0c1d2e3f
Trámite de borrador de contrato por favor para Manuelita Valls Bravo,8c9d0e1f-2a3b-4c5d-6e7f-8a9b0c1d2e3f
Deseo tramitar borrador de contrato,8c9d0e1f-2a3b-4c5d-6e7f-8a9b0c1d2e3f
Deseo tramitar borrador de contrato para Jose Manuel Martorell Colom,8c9d0e1f-2a3b-4c5d-6e7f-8a9b0c1d2e3f
Requiero borrador de contrato urgente,8c9d0e1f-2a3b-4c5d-6e7f-8a9b0c1d2e3f
Requiero borrador de contrato urgente para Donato Samu Solano Borrego,8c9d0e1f-2a3b-4c5d-6e7f-8a9b0c1d2e3f
Me gustaría iniciar el proceso de borrador de contrato,8c9d0e1f-2a3b-4c5d-6e7f-8a9b0c1d2e3f
Me gustaría iniciar el proceso de borrador de contrato para Eulalia Mir Lopez,8c9d0e1f-2a3b-4c5d-6e7f-8a9b0c1d2e3f
borrador de contrato es lo que busco,8c9d0e1f-2a3b-4c5d-6e7f-8a9b0c1d2e3f
borrador de contrato es lo que busco para Macarena Zoraida Baena Amor,8c9d0e1f-2a3b-4c5d-6e7f-8a9b0c1d2e3f
Quiero abrir una solicitud para borrador de contrato,8c9d0e1f-2a3b-4c5d-6e7f-8a9b0c1d2e3f
Quiero abrir una solicitud para borrador de contrato para Ismael Pi-Manzanares,8c9d0e1f-2a3b-4c5d-6e7f-8a9b0c1d2e3f
"Por favor, necesito borrador de contrato",8c9d0e1f-2a3b-4c5d-6e7f-8a9b0c1d2e3f
"Por favor, necesito borrador de contrato para Sarita de Menendez",8c9d0e1f-2a3b-4c5d-6e7f-8a9b0c1d2e3f
Quisiera gestionar borrador de contrato para este mes,8c9d0e1f-2a3b-4c5d-6e7f-8a9b0c1d2e3f
Quisiera gestionar borrador de contrato para este mes para Ana Belén Olivera,8c9d0e1f-2a3b-4c5d-6e7f-8a9b0c1d2e3f
Me hace falta iniciar borrador de contrato,8c9d0e1f-2a3b-4c5d-6e7f-8a9b0c1d2e3f
Me hace falta iniciar borrador de contrato para Estefanía Barranco Niño,8c9d0e1f-2a3b-4c5d-6e7f-8a9b0c1d2e3f
Abrir solicitud de borrador de contrato,8c9d0e1f-2a3b-4c5d-6e7f-8a9b0c1d2e3f
Abrir solicitud de borrador de contrato para Atilio Benito Valderrama,8c9d0e1f-2a3b-4c5d-6e7f-8a9b0c1d2e3f
Iniciar flujo para borrador de contrato,8c9d0e1f-2a3b-4c5d-6e7f-8a9b0c1d2e3f
Iniciar flujo para borrador de contrato para Amanda Bertrán Mateos,8c9d0e1f-2a3b-4c5d-6e7f-8a9b0c1d2e3f
Tengo un problema con borrador de contrato,8c9d0e1f-2a3b-4c5d-6e7f-8a9b0c1d2e3f
Tengo un problema con borrador de contrato para Lupita Solsona Vicente,8c9d0e1f-2a3b-4c5d-6e7f-8a9b0c1d2e3f
Cómo puedo solicitar borrador de contrato,8c9d0e1f-2a3b-4c5d-6e7f-8a9b0c1d2e3f
Cómo puedo solicitar borrador de contrato para Rosa Goñi,8c9d0e1f-2a3b-4c5d-6e7f-8a9b0c1d2e3f
Deseo registrar borrador de contrato,8c9d0e1f-2a3b-4c5d-6e7f-8a9b0c1d2e3f
Deseo registrar borrador de contrato para Marcelino Álamo Jerez,8c9d0e1f-2a3b-4c5d-6e7f-8a9b0c1d2e3f
Necesito iniciar el trámite de acuerdo comercial,8c9d0e1f-2a3b-4c5d-6e7f-8a9b0c1d2e3f
Necesito iniciar el trámite de acuerdo comercial para Chelo Matas,8c9d0e1f-2a3b-4c5d-6e7f-8a9b0c1d2e3f
Quiero solicitar acuerdo comercial,8c9d0e1f-2a3b-4c5d-6e7f-8a9b0c1d2e3f
Quiero solicitar acuerdo comercial para Cipriano Ordóñez Camino,8c9d0e1f-2a3b-4c5d-6e7f-8a9b0c1d2e3f
Cómo hago para pedir acuerdo comercial,8c9d0e1f-2a3b-4c5d-6e7f-8a9b0c1d2e3f
Cómo hago para pedir acuerdo comercial para Alex Iborra-Díaz,8c9d0e1f-2a3b-4c5d-6e7f-8a9b0c1d2e3f
Ayuda con acuerdo comercial,8c9d0e1f-2a3b-4c5d-6e7f-8a9b0c1d2e3f
Ayuda con acuerdo comercial para Chelo de Mateos,8c9d0e1f-2a3b-4c5d-6e7f-8a9b0c1d2e3f
Trámite de acuerdo comercial por favor,8c9d0e1f-2a3b-4c5d-6e7f-8a9b0c1d2e3f
Trámite de acuerdo comercial por favor para Estrella Royo Bartolomé,8c9d0e1f-2a3b-4c5d-6e7f-8a9b0c1d2e3f
Deseo tramitar acuerdo comercial,8c9d0e1f-2a3b-4c5d-6e7f-8a9b0c1d2e3f
Deseo tramitar acuerdo comercial para Venceslás Carvajal Abascal,8c9d0e1f-2a3b-4c5d-6e7f-8a9b0c1d2e3f
Necesito iniciar el trámite de liquidación laboral,9c0d1e2f-3a4b-5c6d-7e8f-9a0b1c2d3e4f
Necesito iniciar el trámite de liquidación laboral para Eligio Díez Perea,9c0d1e2f-3a4b-5c6d-7e8f-9a0b1c2d3e4f
Quiero solicitar liquidación laboral,9c0d1e2f-3a4b-5c6d-7e8f-9a0b1c2d3e4f
Quiero solicitar liquidación laboral para Guiomar Cardona Mateos,9c0d1e2f-3a4b-5c6d-7e8f-9a0b1c2d3e4f
Cómo hago para pedir liquidación laboral,9c0d1e2f-3a4b-5c6d-7e8f-9a0b1c2d3e4f
Cómo hago para pedir liquidación laboral para Débora del Barrena,9c0d1e2f-3a4b-5c6d-7e8f-9a0b1c2d3e4f
Ayuda con liquidación laboral,9c0d1e2f-3a4b-5c6d-7e8f-9a0b1c2d3e4f
Ayuda con liquidación laboral para Dorotea de Fortuny,9c0d1e2f-3a4b-5c6d-7e8f-9a0b1c2d3e4f
Trámite de liquidación laboral por favor,9c0d1e2f-3a4b-5c6d-7e8f-9a0b1c2d3e4f
Trámite de liquidación laboral por favor para Nicodemo del Calvet,9c0d1e2f-3a4b-5c6d-7e8f-9a0b1c2d3e4f
Deseo tramitar liquidación laboral,9c0d1e2f-3a4b-5c6d-7e8f-9a0b1c2d3e4f
Deseo tramitar liquidación laboral para Manolo Chico Castells,9c0d1e2f-3a4b-5c6d-7e8f-9a0b1c2d3e4f
Requiero liquidación laboral urgente,9c0d1e2f-3a4b-5c6d-7e8f-9a0b1c2d3e4f
Requiero liquidación laboral urgente para Luis Miguel Llano-Figueroa,9c0d1e2f-3a4b-5c6d-7e8f-9a0b1c2d3e4f
Me gustaría iniciar el proceso de liquidación laboral,9c0d1e2f-3a4b-5c6d-7e8f-9a0b1c2d3e4f
Me gustaría iniciar el proceso de liquidación laboral para Benjamín Rosell Fuente,9c0d1e2f-3a4b-5c6d-7e8f-9a0b1c2d3e4f
liquidación laboral es lo que busco,9c0d1e2f-3a4b-5c6d-7e8f-9a0b1c2d3e4f
liquidación laboral es lo que busco para Tere Pozo Bermudez,9c0d1e2f-3a4b-5c6d-7e8f-9a0b1c2d3e4f
Quiero abrir una solicitud para liquidación laboral,9c0d1e2f-3a4b-5c6d-7e8f-9a0b1c2d3e4f
Quiero abrir una solicitud para liquidación laboral para Adelia del Matas,9c0d1e2f-3a4b-5c6d-7e8f-9a0b1c2d3e4f
"Por favor, necesito liquidación laboral",9c0d1e2f-3a4b-5c6d-7e8f-9a0b1c2d3e4f
"Por favor, necesito liquidación laboral para Alfredo Torrents Solsona",9c0d1e2f-3a4b-5c6d-7e8f-9a0b1c2d3e4f
Quisiera gestionar liquidación laboral para este mes,9c0d1e2f-3a4b-5c6d-7e8f-9a0b1c2d3e4f
Quisiera gestionar liquidación laboral para este mes para Begoña Pagès-Valle,9c0d1e2f-3a4b-5c6d-7e8f-9a0b1c2d3e4f
Me hace falta iniciar liquidación laboral,9c0d1e2f-3a4b-5c6d-7e8f-9a0b1c2d3e4f
Me hace falta iniciar liquidación laboral para Jose Carlos Montes Sacristán,9c0d1e2f-3a4b-5c6d-7e8f-9a0b1c2d3e4f
Abrir solicitud de liquidación laboral,9c0d1e2f-3a4b-5c6d-7e8f-9a0b1c2d3e4f
Abrir solicitud de liquidación laboral para Graciano Fonseca,9c0d1e2f-3a4b-5c6d-7e8f-9a0b1c2d3e4f
Iniciar flujo para liquidación laboral,9c0d1e2f-3a4b-5c6d-7e8f-9a0b1c2d3e4f
Iniciar flujo para liquidación laboral para Marcelo Mateo Mancebo Campoy,9c0d1e2f-3a4b-5c6d-7e8f-9a0b1c2d3e4f
Tengo un problema con liquidación laboral,9c0d1e2f-3a4b-5c6d-7e8f-9a0b1c2d3e4f
Tengo un problema con liquidación laboral para Natanael Joan Amo Hidalgo,9c0d1e2f-3a4b-5c6d-7e8f-9a0b1c2d3e4f
Cómo puedo solicitar liquidación laboral,9c0d1e2f-3a4b-5c6d-7e8f-9a0b1c2d3e4f
Cómo puedo solicitar liquidación laboral para Ceferino Mendoza Raya,9c0d1e2f-3a4b-5c6d-7e8f-9a0b1c2d3e4f
Deseo registrar liquidación laboral,9c0d1e2f-3a4b-5c6d-7e8f-9a0b1c2d3e4f
Deseo registrar liquidación laboral para Emiliano Ribera Mur,9c0d1e2f-3a4b-5c6d-7e8f-9a0b1c2d3e4f
Necesito iniciar el trámite de despido de empleado,9c0d1e2f-3a4b-5c6d-7e8f-9a0b1c2d3e4f
Necesito iniciar el trámite de despido de empleado para Fermín Ripoll-Bayo,9c0d1e2f-3a4b-5c6d-7e8f-9a0b1c2d3e4f
Quiero solicitar despido de empleado,9c0d1e2f-3a4b-5c6d-7e8f-9a0b1c2d3e4f
Quiero solicitar despido de empleado para Celestino Pulido Llopis,9c0d1e2f-3a4b-5c6d-7e8f-9a0b1c2d3e4f
Cómo hago para pedir despido de empleado,9c0d1e2f-3a4b-5c6d-7e8f-9a0b1c2d3e4f
Cómo hago para pedir despido de empleado para Bernabé Carrillo Figueras,9c0d1e2f-3a4b-5c6d-7e8f-9a0b1c2d3e4f
Ayuda con despido de empleado,9c0d1e2f-3a4b-5c6d-7e8f-9a0b1c2d3e4f
Ayuda con despido de empleado para Josué Blanco Pellicer,9c0d1e2f-3a4b-5c6d-7e8f-9a0b1c2d3e4f
Trámite de despido de empleado por favor,9c0d1e2f-3a4b-5c6d-7e8f-9a0b1c2d3e4f
Trámite de despido de empleado por favor para Victoria de Lerma,9c0d1e2f-3a4b-5c6d-7e8f-9a0b1c2d3e4f
Deseo tramitar despido de empleado,9c0d1e2f-3a4b-5c6d-7e8f-9a0b1c2d3e4f
Deseo tramitar despido de empleado para Javier Mármol Lluch,9c0d1e2f-3a4b-5c6d-7e8f-9a0b1c2d3e4f
Requiero despido de empleado urgente,9c0d1e2f-3a4b-5c6d-7e8f-9a0b1c2d3e4f
Requiero despido de empleado urgente para Celso Ferreras Coronado,9c0d1e2f-3a4b-5c6d-7e8f-9a0b1c2d3e4f
Me gustaría iniciar el proceso de despido de empleado,9c0d1e2f-3a4b-5c6d-7e8f-9a0b1c2d3e4f
Me gustaría iniciar el proceso de despido de empleado para Benjamín Guardiola Sans,9c0d1e2f-3a4b-5c6d-7e8f-9a0b1c2d3e4f
despido de empleado es lo que busco,9c0d1e2f-3a4b-5c6d-7e8f-9a0b1c2d3e4f
despido de empleado es lo que busco para Fernando Villalba Belda,9c0d1e2f-3a4b-5c6d-7e8f-9a0b1c2d3e4f
Quiero abrir una solicitud para despido de empleado,9c0d1e2f-3a4b-5c6d-7e8f-9a0b1c2d3e4f
Quiero abrir una solicitud para despido de empleado para Victor Jose Ramón Pagès Prat,9c0d1e2f-3a4b-5c6d-7e8f-9a0b1c2d3e4f
"Por favor, necesito despido de empleado",9c0d1e2f-3a4b-5c6d-7e8f-9a0b1c2d3e4f
"Por favor, necesito despido de empleado para Rufino Soler Palau",9c0d1e2f-3a4b-5c6d-7e8f-9a0b1c2d3e4f
Quisiera gestionar despido de empleado para este mes,9c0d1e2f-3a4b-5c6d-7e8f-9a0b1c2d3e4f
Quisiera gestionar despido de empleado para este mes para Lucio Murcia Soto,9c0d1e2f-3a4b-5c6d-7e8f-9a0b1c2d3e4f
Me hace falta iniciar despido de empleado,9c0d1e2f-3a4b-5c6d-7e8f-9a0b1c2d3e4f
Me hace falta iniciar despido de empleado para Javiera Iborra Almazán,9c0d1e2f-3a4b-5c6d-7e8f-9a0b1c2d3e4f
Abrir solicitud de despido de empleado,9c0d1e2f-3a4b-5c6d-7e8f-9a0b1c2d3e4f
Abrir solicitud de despido de empleado para Jacinta Pacheco,9c0d1e2f-3a4b-5c6d-7e8f-9a0b1c2d3e4f
Iniciar flujo para despido de empleado,9c0d1e2f-3a4b-5c6d-7e8f-9a0b1c2d3e4f
Iniciar flujo para despido de empleado para Olegario Toño Luís Hervia,9c0d1e2f-3a4b-5c6d-7e8f-9a0b1c2d3e4f
Tengo un problema con despido de empleado,9c0d1e2f-3a4b-5c6d-7e8f-9a0b1c2d3e4f
Tengo un problema con despido de empleado para Paola Bernat Querol,9c0d1e2f-3a4b-5c6d-7e8f-9a0b1c2d3e4f
Cómo puedo solicitar despido de empleado,9c0d1e2f-3a4b-5c6d-7e8f-9a0b1c2d3e4f
Cómo puedo solicitar despido de empleado para Cirino Peñalver Urrutia,9c0d1e2f-3a4b-5c6d-7e8f-9a0b1c2d3e4f
Deseo registrar despido de empleado,9c0d1e2f-3a4b-5c6d-7e8f-9a0b1c2d3e4f
Deseo registrar despido de empleado para Maura Ugarte,9c0d1e2f-3a4b-5c6d-7e8f-9a0b1c2d3e4f
Necesito iniciar el trámite de baja de usuario,9c0d1e2f-3a4b-5c6d-7e8f-9a0b1c2d3e4f
Necesito iniciar el trámite de baja de usuario para Elena Emelina Castrillo Sanz,9c0d1e2f-3a4b-5c6d-7e8f-9a0b1c2d3e4f
Quiero solicitar baja de usuario,9c0d1e2f-3a4b-5c6d-7e8f-9a0b1c2d3e4f
Quiero solicitar baja de usuario para Micaela Bustamante-Fernández,9c0d1e2f-3a4b-5c6d-7e8f-9a0b1c2d3e4f
Cómo hago para pedir baja de usuario,9c0d1e2f-3a4b-5c6d-7e8f-9a0b1c2d3e4f
Cómo hago para pedir baja de usuario para Javiera Vizcaíno Gallego,9c0d1e2f-3a4b-5c6d-7e8f-9a0b1c2d3e4f
Ayuda con baja de usuario,9c0d1e2f-3a4b-5c6d-7e8f-9a0b1c2d3e4f
Ayuda con baja de usuario para Abigaíl de Baños,9c0d1e2f-3a4b-5c6d-7e8f-9a0b1c2d3e4f
Trámite de baja de usuario por favor,9c0d1e2f-3a4b-5c6d-7e8f-9a0b1c2d3e4f
Trámite de baja de usuario por favor para Jimena Ríos Canet,9c0d1e2f-3a4b-5c6d-7e8f-9a0b1c2d3e4f
Deseo tramitar baja de usuario,9c0d1e2f-3a4b-5c6d-7e8f-9a0b1c2d3e4f
Deseo tramitar baja de usuario para Severo Barrena Lluch,9c0d1e2f-3a4b-5c6d-7e8f-9a0b1c2d3e4f
Requiero baja de usuario urgente,9c0d1e2f-3a4b-5c6d-7e8f-9a0b1c2d3e4f
Requiero baja de usuario urgente para Heraclio Carreño Salom,9c0d1e2f-3a4b-5c6d-7e8f-9a0b1c2d3e4f
Me gustaría iniciar el proceso de baja de usuario,9c0d1e2f-3a4b-5c6d-7e8f-9a0b1c2d3e4f
Me gustaría iniciar el proceso de baja de usuario para Javi Cobo,9c0d1e2f-3a4b-5c6d-7e8f-9a0b1c2d3e4f
baja de usuario es lo que busco,9c0d1e2f-3a4b-5c6d-7e8f-9a0b1c2d3e4f
baja de usuario es lo que busco para Javi Izquierdo Revilla,9c0d1e2f-3a4b-5c6d-7e8f-9a0b1c2d3e4f
Quiero abrir una solicitud para baja de usuario,9c0d1e2f-3a4b-5c6d-7e8f-9a0b1c2d3e4f
Quiero abrir una solicitud para baja de usuario para Claudia Llano Gisbert,9c0d1e2f-3a4b-5c6d-7e8f-9a0b1c2d3e4f
"Por favor, necesito baja de usuario",9c0d1e2f-3a4b-5c6d-7e8f-9a0b1c2d3e4f
"Por favor, necesito baja de usuario para Hugo Bauzà",9c0d1e2f-3a4b-5c6d-7e8f-9a0b1c2d3e4f
Quisiera gestionar baja de usuario para este mes,9c0d1e2f-3a4b-5c6d-7e8f-9a0b1c2d3e4f
Quisiera gestionar baja de usuario para este mes para Fidel de Soria,9c0d1e2f-3a4b-5c6d-7e8f-9a0b1c2d3e4f
Me hace falta iniciar baja de usuario,9c0d1e2f-3a4b-5c6d-7e8f-9a0b1c2d3e4f
Me hace falta iniciar baja de usuario para Amor Gutierrez Calderon,9c0d1e2f-3a4b-5c6d-7e8f-9a0b1c2d3e4f
Abrir solicitud de baja de usuario,9c0d1e2f-3a4b-5c6d-7e8f-9a0b1c2d3e4f
Abrir solicitud de baja de usuario para Marcelino Cornelio Amador Iriarte,9c0d1e2f-3a4b-5c6d-7e8f-9a0b1c2d3e4f
Iniciar flujo para baja de usuario,9c0d1e2f-3a4b-5c6d-7e8f-9a0b1c2d3e4f
Iniciar flujo para baja de usuario para Cristóbal Garmendia Ojeda,9c0d1e2f-3a4b-5c6d-7e8f-9a0b1c2d3e4f
Tengo un problema con baja de usuario,9c0d1e2f-3a4b-5c6d-7e8f-9a0b1c2d3e4f
Tengo un problema con baja de usuario para Milagros Paloma Falcó Querol,9c0d1e2f-3a4b-5c6d-7e8f-9a0b1c2d3e4f
Cómo puedo solicitar baja de usuario,9c0d1e2f-3a4b-5c6d-7e8f-9a0b1c2d3e4f
Cómo puedo solicitar baja de usuario para María José Mar Tur Sanabria,9c0d1e2f-3a4b-5c6d-7e8f-9a0b1c2d3e4f
Deseo registrar baja de usuario,9c0d1e2f-3a4b-5c6d-7e8f-9a0b1c2d3e4f
Deseo registrar baja de usuario para Modesto Mateu Galiano,9c0d1e2f-3a4b-5c6d-7e8f-9a0b1c2d3e4f
Necesito iniciar el trámite de revocar accesos baja,9c0d1e2f-3a4b-5c6d-7e8f-9a0b1c2d3e4f
Necesito iniciar el trámite de revocar accesos baja para Eloy Vigil Paredes,9c0d1e2f-3a4b-5c6d-7e8f-9a0b1c2d3e4f
Quiero solicitar revocar accesos baja,9c0d1e2f-3a4b-5c6d-7e8f-9a0b1c2d3e4f
Quiero solicitar revocar accesos baja para Olalla Domínguez Gras,9c0d1e2f-3a4b-5c6d-7e8f-9a0b1c2d3e4f
Cómo hago para pedir revocar accesos baja,9c0d1e2f-3a4b-5c6d-7e8f-9a0b1c2d3e4f
Cómo hago para pedir revocar accesos baja para Fidel Oliver Melero,9c0d1e2f-3a4b-5c6d-7e8f-9a0b1c2d3e4f
Ayuda con revocar accesos baja,9c0d1e2f-3a4b-5c6d-7e8f-9a0b1c2d3e4f
Ayuda con revocar accesos baja para José Manuel Neira Espinosa,9c0d1e2f-3a4b-5c6d-7e8f-9a0b1c2d3e4f
Trámite de revocar accesos baja por favor,9c0d1e2f-3a4b-5c6d-7e8f-9a0b1c2d3e4f
Trámite de revocar accesos baja por favor para Reina Ortega,9c0d1e2f-3a4b-5c6d-7e8f-9a0b1c2d3e4f
Deseo tramitar revocar accesos baja,9c0d1e2f-3a4b-5c6d-7e8f-9a0b1c2d3e4f
Deseo tramitar revocar accesos baja para Filomena Gimeno Palmer,9c0d1e2f-3a4b-5c6d-7e8f-9a0b1c2d3e4f
Necesito iniciar el trámite de adelanto de sueldo,0e1f2a3b-4c5d-6e7f-8a9b-0c1d2e3f4a5b
Necesito iniciar el trámite de adelanto de sueldo para Jeremías Andrade Madrigal,0e1f2a3b-4c5d-6e7f-8a9b-0c1d2e3f4a5b
Quiero solicitar adelanto de sueldo,0e1f2a3b-4c5d-6e7f-8a9b-0c1d2e3f4a5b
Quiero solicitar adelanto de sueldo para Iván de Carvajal,0e1f2a3b-4c5d-6e7f-8a9b-0c1d2e3f4a5b
Cómo hago para pedir adelanto de sueldo,0e1f2a3b-4c5d-6e7f-8a9b-0c1d2e3f4a5b
Cómo hago para pedir adelanto de sueldo para Luciano Gimenez Morcillo,0e1f2a3b-4c5d-6e7f-8a9b-0c1d2e3f4a5b
Ayuda con adelanto de sueldo,0e1f2a3b-4c5d-6e7f-8a9b-0c1d2e3f4a5b
Ayuda con adelanto de sueldo para Celestina Solano Coronado,0e1f2a3b-4c5d-6e7f-8a9b-0c1d2e3f4a5b
Trámite de adelanto de sueldo por favor,0e1f2a3b-4c5d-6e7f-8a9b-0c1d2e3f4a5b
Trámite de adelanto de sueldo por favor para Nacho Buenaventura Iniesta Melero,0e1f2a3b-4c5d-6e7f-8a9b-0c1d2e3f4a5b
Deseo tramitar adelanto de sueldo,0e1f2a3b-4c5d-6e7f-8a9b-0c1d2e3f4a5b
Deseo tramitar adelanto de sueldo para Paulina Belmonte Huertas,0e1f2a3b-4c5d-6e7f-8a9b-0c1d2e3f4a5b
Requiero adelanto de sueldo urgente,0e1f2a3b-4c5d-6e7f-8a9b-0c1d2e3f4a5b
Requiero adelanto de sueldo urgente para Fito Mariño-Oliva,0e1f2a3b-4c5d-6e7f-8a9b-0c1d2e3f4a5b
Me gustaría iniciar el proceso de adelanto de sueldo,0e1f2a3b-4c5d-6e7f-8a9b-0c1d2e3f4a5b
Me gustaría iniciar el proceso de adelanto de sueldo para Tomás Reig Becerra,0e1f2a3b-4c5d-6e7f-8a9b-0c1d2e3f4a5b
adelanto de sueldo es lo que busco,0e1f2a3b-4c5d-6e7f-8a9b-0c1d2e3f4a5b
adelanto de sueldo es lo que busco para Norberto del Alberto,0e1f2a3b-4c5d-6e7f-8a9b-0c1d2e3f4a5b
Quiero abrir una solicitud para adelanto de sueldo,0e1f2a3b-4c5d-6e7f-8a9b-0c1d2e3f4a5b
Quiero abrir una solicitud para adelanto de sueldo para Victoria Díez Losada,0e1f2a3b-4c5d-6e7f-8a9b-0c1d2e3f4a5b
"Por favor, necesito adelanto de sueldo",0e1f2a3b-4c5d-6e7f-8a9b-0c1d2e3f4a5b
"Por favor, necesito adelanto de sueldo para Emma Espada Vendrell",0e1f2a3b-4c5d-6e7f-8a9b-0c1d2e3f4a5b
Quisiera gestionar adelanto de sueldo para este mes,0e1f2a3b-4c5d-6e7f-8a9b-0c1d2e3f4a5b
Quisiera gestionar adelanto de sueldo para este mes para Estrella Peiró Mancebo,0e1f2a3b-4c5d-6e7f-8a9b-0c1d2e3f4a5b
Me hace falta iniciar adelanto de sueldo,0e1f2a3b-4c5d-6e7f-8a9b-0c1d2e3f4a5b
Me hace falta iniciar adelanto de sueldo para Rafa Tomás Huguet,0e1f2a3b-4c5d-6e7f-8a9b-0c1d2e3f4a5b
Abrir solicitud de adelanto de sueldo,0e1f2a3b-4c5d-6e7f-8a9b-0c1d2e3f4a5b
Abrir solicitud de adelanto de sueldo para Jose Carlos Andrade-Vallés,0e1f2a3b-4c5d-6e7f-8a9b-0c1d2e3f4a5b
Iniciar flujo para adelanto de sueldo,0e1f2a3b-4c5d-6e7f-8a9b-0c1d2e3f4a5b
Iniciar flujo para adelanto de sueldo para Roldán del Castañeda,0e1f2a3b-4c5d-6e7f-8a9b-0c1d2e3f4a5b
Tengo un problema con adelanto de sueldo,0e1f2a3b-4c5d-6e7f-8a9b-0c1d2e3f4a5b
Tengo un problema con adelanto de sueldo para Pancho Ferrando,0e1f2a3b-4c5d-6e7f-8a9b-0c1d2e3f4a5b
Cómo puedo solicitar adelanto de sueldo,0e1f2a3b-4c5d-6e7f-8a9b-0c1d2e3f4a5b
Cómo puedo solicitar adelanto de sueldo para Haydée Cisneros Ribes,0e1f2a3b-4c5d-6e7f-8a9b-0c1d2e3f4a5b
Deseo registrar adelanto de sueldo,0e1f2a3b-4c5d-6e7f-8a9b-0c1d2e3f4a5b
Deseo registrar adelanto de sueldo para Rodolfo Pagès Duque,0e1f2a3b-4c5d-6e7f-8a9b-0c1d2e3f4a5b
Necesito iniciar el trámite de anticipo de salario,0e1f2a3b-4c5d-6e7f-8a9b-0c1d2e3f4a5b
Necesito iniciar el trámite de anticipo de salario para Eutropio Hermenegildo Carreras Miralles,0e1f2a3b-4c5d-6e7f-8a9b-0c1d2e3f4a5b
Quiero solicitar anticipo de salario,0e1f2a3b-4c5d-6e7f-8a9b-0c1d2e3f4a5b
Quiero solicitar anticipo de salario para Horacio Quesada Barragán,0e1f2a3b-4c5d-6e7f-8a9b-0c1d2e3f4a5b
Cómo hago para pedir anticipo de salario,0e1f2a3b-4c5d-6e7f-8a9b-0c1d2e3f4a5b
Cómo hago para pedir anticipo de salario para Íñigo de Alberola,0e1f2a3b-4c5d-6e7f-8a9b-0c1d2e3f4a5b
Ayuda con anticipo de salario,0e1f2a3b-4c5d-6e7f-8a9b-0c1d2e3f4a5b
Ayuda con anticipo de salario para América Pazos Mora,0e1f2a3b-4c5d-6e7f-8a9b-0c1d2e3f4a5b
Trámite de anticipo de salario por favor,0e1f2a3b-4c5d-6e7f-8a9b-0c1d2e3f4a5b
Trámite de anticipo de salario por favor para Gloria Quiroga Echeverría,0e1f2a3b-4c5d-6e7f-8a9b-0c1d2e3f4a5b
Deseo tramitar anticipo de salario,0e1f2a3b-4c5d-6e7f-8a9b-0c1d2e3f4a5b
Deseo tramitar anticipo de salario para Paola Tormo,0e1f2a3b-4c5d-6e7f-8a9b-0c1d2e3f4a5b
Requiero anticipo de salario urgente,0e1f2a3b-4c5d-6e7f-8a9b-0c1d2e3f4a5b
Requiero anticipo de salario urgente para Timoteo Carlos Gallart,0e1f2a3b-4c5d-6e7f-8a9b-0c1d2e3f4a5b
Me gustaría iniciar el proceso de anticipo de salario,0e1f2a3b-4c5d-6e7f-8a9b-0c1d2e3f4a5b
Me gustaría iniciar el proceso de anticipo de salario para Dolores Valbuena Cabeza,0e1f2a3b-4c5d-6e7f-8a9b-0c1d2e3f4a5b
anticipo de salario es lo que busco,0e1f2a3b-4c5d-6e7f-8a9b-0c1d2e3f4a5b
anticipo de salario es lo que busco para Lino Alejandro Segarra Cuéllar,0e1f2a3b-4c5d-6e7f-8a9b-0c1d2e3f4a5b
Quiero abrir una solicitud para anticipo de salario,0e1f2a3b-4c5d-6e7f-8a9b-0c1d2e3f4a5b
Quiero abrir una solicitud para anticipo de salario para Samu Alfaro Pedrero,0e1f2a3b-4c5d-6e7f-8a9b-0c1d2e3f4a5b
"Por favor, necesito anticipo de salario",0e1f2a3b-4c5d-6e7f-8a9b-0c1d2e3f4a5b
"Por favor, necesito anticipo de salario para Petrona Rosselló Román",0e1f2a3b-4c5d-6e7f-8a9b-0c1d2e3f4a5b
Quisiera gestionar anticipo de salario para este mes,0e1f2a3b-4c5d-6e7f-8a9b-0c1d2e3f4a5b
Quisiera gestionar anticipo de salario para este mes para Esperanza Valcárcel Cazorla,0e1f2a3b-4c5d-6e7f-8a9b-0c1d2e3f4a5b
Me hace falta iniciar anticipo de salario,0e1f2a3b-4c5d-6e7f-8a9b-0c1d2e3f4a5b
Me hace falta iniciar anticipo de salario para Ángeles Rosa Trillo,0e1f2a3b-4c5d-6e7f-8a9b-0c1d2e3f4a5b
Abrir solicitud de anticipo de salario,0e1f2a3b-4c5d-6e7f-8a9b-0c1d2e3f4a5b
Abrir solicitud de anticipo de salario para Salomé Giralt Noguera,0e1f2a3b-4c5d-6e7f-8a9b-0c1d2e3f4a5b
Iniciar flujo para anticipo de salario,0e1f2a3b-4c5d-6e7f-8a9b-0c1d2e3f4a5b
Iniciar flujo para anticipo de salario para Ignacio Morillo Verdú,0e1f2a3b-4c5d-6e7f-8a9b-0c1d2e3f4a5b
Tengo un problema con anticipo de salario,0e1f2a3b-4c5d-6e7f-8a9b-0c1d2e3f4a5b
Tengo un problema con anticipo de salario para Eligia Tamarit Ocaña,0e1f2a3b-4c5d-6e7f-8a9b-0c1d2e3f4a5b
Cómo puedo solicitar anticipo de salario,0e1f2a3b-4c5d-6e7f-8a9b-0c1d2e3f4a5b
Cómo puedo solicitar anticipo de salario para Plácido León Bonilla Romero,0e1f2a3b-4c5d-6e7f-8a9b-0c1d2e3f4a5b
Deseo registrar anticipo de salario,0e1f2a3b-4c5d-6e7f-8a9b-0c1d2e3f4a5b
Deseo registrar anticipo de salario para Eustaquio Castillo-Cózar,0e1f2a3b-4c5d-6e7f-8a9b-0c1d2e3f4a5b
Necesito iniciar el trámite de adelantar nómina,0e1f2a3b-4c5d-6e7f-8a9b-0c1d2e3f4a5b
Necesito iniciar el trámite de adelantar nómina para Rafa Peinado Sala,0e1f2a3b-4c5d-6e7f-8a9b-0c1d2e3f4a5b
Quiero solicitar adelantar nómina,0e1f2a3b-4c5d-6e7f-8a9b-0c1d2e3f4a5b
Quiero solicitar adelantar nómina para Manuel Arce Giménez,0e1f2a3b-4c5d-6e7f-8a9b-0c1d2e3f4a5b
Cómo hago para pedir adelantar nómina,0e1f2a3b-4c5d-6e7f-8a9b-0c1d2e3f4a5b
Cómo hago para pedir adelantar nómina para Gerónimo Sans Polo,0e1f2a3b-4c5d-6e7f-8a9b-0c1d2e3f4a5b
Ayuda con adelantar nómina,0e1f2a3b-4c5d-6e7f-8a9b-0c1d2e3f4a5b
Ayuda con adelantar nómina para Joaquín Nevado Medina,0e1f2a3b-4c5d-6e7f-8a9b-0c1d2e3f4a5b
Trámite de adelantar nómina por favor,0e1f2a3b-4c5d-6e7f-8a9b-0c1d2e3f4a5b
Trámite de adelantar nómina por favor para Carina Luna Leal,0e1f2a3b-4c5d-6e7f-8a9b-0c1d2e3f4a5b
Deseo tramitar adelantar nómina,0e1f2a3b-4c5d-6e7f-8a9b-0c1d2e3f4a5b
Deseo tramitar adelantar nómina para Martin Sanmartín Arnau,0e1f2a3b-4c5d-6e7f-8a9b-0c1d2e3f4a5b
Requiero adelantar nómina urgente,0e1f2a3b-4c5d-6e7f-8a9b-0c1d2e3f4a5b
Requiero adelantar nómina urgente para Calixto de Moya,0e1f2a3b-4c5d-6e7f-8a9b-0c1d2e3f4a5b
Me gustaría iniciar el proceso de adelantar nómina,0e1f2a3b-4c5d-6e7f-8a9b-0c1d2e3f4a5b
Me gustaría iniciar el proceso de adelantar nómina para Leandro Taboada-Juárez,0e1f2a3b-4c5d-6e7f-8a9b-0c1d2e3f4a5b
adelantar nómina es lo que busco,0e1f2a3b-4c5d-6e7f-8a9b-0c1d2e3f4a5b
adelantar nómina es lo que busco para Ainara Alfonso-Parejo,0e1f2a3b-4c5d-6e7f-8a9b-0c1d2e3f4a5b
Quiero abrir una solicitud para adelantar nómina,0e1f2a3b-4c5d-6e7f-8a9b-0c1d2e3f4a5b
Quiero abrir una solicitud para adelantar nómina para Lidia Font-Salinas,0e1f2a3b-4c5d-6e7f-8a9b-0c1d2e3f4a5b
"Por favor, necesito adelantar nómina",0e1f2a3b-4c5d-6e7f-8a9b-0c1d2e3f4a5b
"Por favor, necesito adelantar nómina para Evaristo Campoy Acosta",0e1f2a3b-4c5d-6e7f-8a9b-0c1d2e3f4a5b
Quisiera gestionar adelantar nómina para este mes,0e1f2a3b-4c5d-6e7f-8a9b-0c1d2e3f4a5b
Quisiera gestionar adelantar nómina para este mes para Jesús Gaya Palomo,0e1f2a3b-4c5d-6e7f-8a9b-0c1d2e3f4a5b
Me hace falta iniciar adelantar nómina,0e1f2a3b-4c5d-6e7f-8a9b-0c1d2e3f4a5b
Me hace falta iniciar adelantar nómina para Ruth Bayona Alemán,0e1f2a3b-4c5d-6e7f-8a9b-0c1d2e3f4a5b
Abrir solicitud de adelantar nómina,0e1f2a3b-4c5d-6e7f-8a9b-0c1d2e3f4a5b
Abrir solicitud de adelantar nómina para Ágata Galán Ledesma,0e1f2a3b-4c5d-6e7f-8a9b-0c1d2e3f4a5b
Iniciar flujo para adelantar nómina,0e1f2a3b-4c5d-6e7f-8a9b-0c1d2e3f4a5b
Iniciar flujo para adelantar nómina para Reyes Martínez Falcón,0e1f2a3b-4c5d-6e7f-8a9b-0c1d2e3f4a5b
Tengo un problema con adelantar nómina,0e1f2a3b-4c5d-6e7f-8a9b-0c1d2e3f4a5b
Tengo un problema con adelantar nómina para Arturo Dani Colom Lopez,0e1f2a3b-4c5d-6e7f-8a9b-0c1d2e3f4a5b
Cómo puedo solicitar adelantar nómina,0e1f2a3b-4c5d-6e7f-8a9b-0c1d2e3f4a5b
Cómo puedo solicitar adelantar nómina para Néstor Dominguez Neira,0e1f2a3b-4c5d-6e7f-8a9b-0c1d2e3f4a5b
Deseo registrar adelantar nómina,0e1f2a3b-4c5d-6e7f-8a9b-0c1d2e3f4a5b
Deseo registrar adelantar nómina para Cándida Acedo Barroso,0e1f2a3b-4c5d-6e7f-8a9b-0c1d2e3f4a5b
Necesito iniciar el trámite de préstamo sobre sueldo,0e1f2a3b-4c5d-6e7f-8a9b-0c1d2e3f4a5b
Necesito iniciar el trámite de préstamo sobre sueldo para Erasmo Batalla Tolosa,0e1f2a3b-4c5d-6e7f-8a9b-0c1d2e3f4a5b
Quiero solicitar préstamo sobre sueldo,0e1f2a3b-4c5d-6e7f-8a9b-0c1d2e3f4a5b
Quiero solicitar préstamo sobre sueldo para Hermenegildo Pedraza Uría,0e1f2a3b-4c5d-6e7f-8a9b-0c1d2e3f4a5b
Cómo hago para pedir préstamo sobre sueldo,0e1f2a3b-4c5d-6e7f-8a9b-0c1d2e3f4a5b
Cómo hago para pedir préstamo sobre sueldo para Cristian Ibañez Poza,0e1f2a3b-4c5d-6e7f-8a9b-0c1d2e3f4a5b
Ayuda con préstamo sobre sueldo,0e1f2a3b-4c5d-6e7f-8a9b-0c1d2e3f4a5b
Ayuda con préstamo sobre sueldo para Nayara Luque Ribes,0e1f2a3b-4c5d-6e7f-8a9b-0c1d2e3f4a5b
Trámite de préstamo sobre sueldo por favor,0e1f2a3b-4c5d-6e7f-8a9b-0c1d2e3f4a5b
Trámite de préstamo sobre sueldo por favor para Vanesa Nicolau Figuerola,0e1f2a3b-4c5d-6e7f-8a9b-0c1d2e3f4a5b
Deseo tramitar préstamo sobre sueldo,0e1f2a3b-4c5d-6e7f-8a9b-0c1d2e3f4a5b
Deseo tramitar préstamo sobre sueldo para Apolinar Vizcaíno,0e1f2a3b-4c5d-6e7f-8a9b-0c1d2e3f4a5b
Necesito iniciar el trámite de manual de procedimientos,f5ba7581-b2ac-4b3a-830e-64ab112f975a
Necesito iniciar el trámite de manual de procedimientos para Albina del Benavent,f5ba7581-b2ac-4b3a-830e-64ab112f975a
Quiero solicitar manual de procedimientos,f5ba7581-b2ac-4b3a-830e-64ab112f975a
Quiero solicitar manual de procedimientos para Charo Méndez Roman,f5ba7581-b2ac-4b3a-830e-64ab112f975a
Cómo hago para pedir manual de procedimientos,f5ba7581-b2ac-4b3a-830e-64ab112f975a
Cómo hago para pedir manual de procedimientos para Ricarda Colom Ávila,f5ba7581-b2ac-4b3a-830e-64ab112f975a
Ayuda con manual de procedimientos,f5ba7581-b2ac-4b3a-830e-64ab112f975a
Ayuda con manual de procedimientos para Sandalio Benavides Vera,f5ba7581-b2ac-4b3a-830e-64ab112f975a
Trámite de manual de procedimientos por favor,f5ba7581-b2ac-4b3a-830e-64ab112f975a
Trámite de manual de procedimientos por favor para Alicia Murcia Batalla,f5ba7581-b2ac-4b3a-830e-64ab112f975a
Deseo tramitar manual de procedimientos,f5ba7581-b2ac-4b3a-830e-64ab112f975a
Deseo tramitar manual de procedimientos para Heriberto Pablo Dávila,f5ba7581-b2ac-4b3a-830e-64ab112f975a
Requiero manual de procedimientos urgente,f5ba7581-b2ac-4b3a-830e-64ab112f975a
Requiero manual de procedimientos urgente para Silvio Páez Madrid,f5ba7581-b2ac-4b3a-830e-64ab112f975a
Me gustaría iniciar el proceso de manual de procedimientos,f5ba7581-b2ac-4b3a-830e-64ab112f975a
Me gustaría iniciar el proceso de manual de procedimientos para Jennifer Ayala Paredes,f5ba7581-b2ac-4b3a-830e-64ab112f975a
manual de procedimientos es lo que busco,f5ba7581-b2ac-4b3a-830e-64ab112f975a
manual de procedimientos es lo que busco para Aroa Marisela Chacón Almazán,f5ba7581-b2ac-4b3a-830e-64ab112f975a
Quiero abrir una solicitud para manual de procedimientos,f5ba7581-b2ac-4b3a-830e-64ab112f975a
Quiero abrir una solicitud para manual de procedimientos para Narcisa Jesusa Vara Cobo,f5ba7581-b2ac-4b3a-830e-64ab112f975a
"Por favor, necesito manual de procedimientos",f5ba7581-b2ac-4b3a-830e-64ab112f975a
"Por favor, necesito manual de procedimientos para Anselma Clementina Roig Dominguez",f5ba7581-b2ac-4b3a-830e-64ab112f975a
Quisiera gestionar manual de procedimientos para este mes,f5ba7581-b2ac-4b3a-830e-64ab112f975a
Quisiera gestionar manual de procedimientos para este mes para Ángel Buendía Garcés,f5ba7581-b2ac-4b3a-830e-64ab112f975a
Me hace falta iniciar manual de procedimientos,f5ba7581-b2ac-4b3a-830e-64ab112f975a
Me hace falta iniciar manual de procedimientos para Aránzazu Vicens Morell,f5ba7581-b2ac-4b3a-830e-64ab112f975a
Abrir solicitud de manual de procedimientos,f5ba7581-b2ac-4b3a-830e-64ab112f975a
Abrir solicitud de manual de procedimientos para Marta Llobet,f5ba7581-b2ac-4b3a-830e-64ab112f975a
Iniciar flujo para manual de procedimientos,f5ba7581-b2ac-4b3a-830e-64ab112f975a
Iniciar flujo para manual de procedimientos para Ildefonso de Pineda,f5ba7581-b2ac-4b3a-830e-64ab112f975a
Tengo un problema con manual de procedimientos,f5ba7581-b2ac-4b3a-830e-64ab112f975a
Tengo un problema con manual de procedimientos para Rosendo Moraleda-Sala,f5ba7581-b2ac-4b3a-830e-64ab112f975a
Cómo puedo solicitar manual de procedimientos,f5ba7581-b2ac-4b3a-830e-64ab112f975a
Cómo puedo solicitar manual de procedimientos para Duilio Fermín Carrillo Cepeda,f5ba7581-b2ac-4b3a-830e-64ab112f975a
Deseo registrar manual de procedimientos,f5ba7581-b2ac-4b3a-830e-64ab112f975a
Deseo registrar manual de procedimientos para Severo Robledo Arjona,f5ba7581-b2ac-4b3a-830e-64ab112f975a
Necesito iniciar el trámite de actualizar manual,f5ba7581-b2ac-4b3a-830e-64ab112f975a
Necesito iniciar el trámite de actualizar manual para Jacinta Mir Pedrero,f5ba7581-b2ac-4b3a-830e-64ab112f975a
Quiero solicitar actualizar manual,f5ba7581-b2ac-4b3a-830e-64ab112f975a
Quiero solicitar actualizar manual para Viviana Niño Conesa,f5ba7581-b2ac-4b3a-830e-64ab112f975a
Cómo hago para pedir actualizar manual,f5ba7581-b2ac-4b3a-830e-64ab112f975a
Cómo hago para pedir actualizar manual para Amador Herranz Fábregas,f5ba7581-b2ac-4b3a-830e-64ab112f975a
Ayuda con actualizar manual,f5ba7581-b2ac-4b3a-830e-64ab112f975a
Ayuda con actualizar manual para Victoria Giner Codina,f5ba7581-b2ac-4b3a-830e-64ab112f975a
Trámite de actualizar manual por favor,f5ba7581-b2ac-4b3a-830e-64ab112f975a
Trámite de actualizar manual por favor para Ariel Alcolea Arana,f5ba7581-b2ac-4b3a-830e-64ab112f975a
Deseo tramitar actualizar manual,f5ba7581-b2ac-4b3a-830e-64ab112f975a
Deseo tramitar actualizar manual para Milagros Irma Rodríguez Barrena,f5ba7581-b2ac-4b3a-830e-64ab112f975a
Requiero actualizar manual urgente,f5ba7581-b2ac-4b3a-830e-64ab112f975a
Requiero actualizar manual urgente para Roque Daza Ávila,f5ba7581-b2ac-4b3a-830e-64ab112f975a
Me gustaría iniciar el proceso de actualizar manual,f5ba7581-b2ac-4b3a-830e-64ab112f975a
Me gustaría iniciar el proceso de actualizar manual para Eligio Garay,f5ba7581-b2ac-4b3a-830e-64ab112f975a
actualizar manual es lo que busco,f5ba7581-b2ac-4b3a-830e-64ab112f975a
actualizar manual es lo que busco para Isabel Huertas Quirós,f5ba7581-b2ac-4b3a-830e-64ab112f975a
Quiero abrir una solicitud para actualizar manual,f5ba7581-b2ac-4b3a-830e-64ab112f975a
Quiero abrir una solicitud para actualizar manual para Ceferino Bilbao Nadal,f5ba7581-b2ac-4b3a-830e-64ab112f975a
"Por favor, necesito actualizar manual",f5ba7581-b2ac-4b3a-830e-64ab112f975a
"Por favor, necesito actualizar manual para Hipólito Báez Coello",f5ba7581-b2ac-4b3a-830e-64ab112f975a
Quisiera gestionar actualizar manual para este mes,f5ba7581-b2ac-4b3a-830e-64ab112f975a
Quisiera gestionar actualizar manual para este mes para Juan Pablo Maldonado Duarte,f5ba7581-b2ac-4b3a-830e-64ab112f975a
Me hace falta iniciar actualizar manual,f5ba7581-b2ac-4b3a-830e-64ab112f975a
Me hace falta iniciar actualizar manual para Elisabet Casares-Salom,f5ba7581-b2ac-4b3a-830e-64ab112f975a
Abrir solicitud de actualizar manual,f5ba7581-b2ac-4b3a-830e-64ab112f975a
Abrir solicitud de actualizar manual para Zoraida del Guillén,f5ba7581-b2ac-4b3a-830e-64ab112f975a
Iniciar flujo para actualizar manual,f5ba7581-b2ac-4b3a-830e-64ab112f975a
Iniciar flujo para actualizar manual para Jacinta Agudo,f5ba7581-b2ac-4b3a-830e-64ab112f975a
Tengo un problema con actualizar manual,f5ba7581-b2ac-4b3a-830e-64ab112f975a
Tengo un problema con actualizar manual para Dominga Alba Vara,f5ba7581-b2ac-4b3a-830e-64ab112f975a
Cómo puedo solicitar actualizar manual,f5ba7581-b2ac-4b3a-830e-64ab112f975a
Cómo puedo solicitar actualizar manual para Julio Almeida Roldán,f5ba7581-b2ac-4b3a-830e-64ab112f975a
Deseo registrar actualizar manual,f5ba7581-b2ac-4b3a-830e-64ab112f975a
Deseo registrar actualizar manual para Laura Nazaret Elorza Vázquez,f5ba7581-b2ac-4b3a-830e-64ab112f975a
Necesito iniciar el trámite de procedimientos internos,f5ba7581-b2ac-4b3a-830e-64ab112f975a
Necesito iniciar el trámite de procedimientos internos para Elodia Barberá Alfonso,f5ba7581-b2ac-4b3a-830e-64ab112f975a
Quiero solicitar procedimientos internos,f5ba7581-b2ac-4b3a-830e-64ab112f975a
Quiero solicitar procedimientos internos para Juan Antonio Virgilio Corbacho Cañizares,f5ba7581-b2ac-4b3a-830e-64ab112f975a
Cómo hago para pedir procedimientos internos,f5ba7581-b2ac-4b3a-830e-64ab112f975a
Cómo hago para pedir procedimientos internos para Celso Josep Ureña Vergara,f5ba7581-b2ac-4b3a-830e-64ab112f975a
Ayuda con procedimientos internos,f5ba7581-b2ac-4b3a-830e-64ab112f975a
Ayuda con procedimientos internos para Concepción Antón Cid,f5ba7581-b2ac-4b3a-830e-64ab112f975a
Trámite de procedimientos internos por favor,f5ba7581-b2ac-4b3a-830e-64ab112f975a
Trámite de procedimientos internos por favor para Virginia Esparza Benitez,f5ba7581-b2ac-4b3a-830e-64ab112f975a
Deseo tramitar procedimientos internos,f5ba7581-b2ac-4b3a-830e-64ab112f975a
Deseo tramitar procedimientos internos para Eva Ortega Pérez,f5ba7581-b2ac-4b3a-830e-64ab112f975a
Requiero procedimientos internos urgente,f5ba7581-b2ac-4b3a-830e-64ab112f975a
Requiero procedimientos internos urgente para Pelayo Ortiz Niño,f5ba7581-b2ac-4b3a-830e-64ab112f975a
Me gustaría iniciar el proceso de procedimientos internos,f5ba7581-b2ac-4b3a-830e-64ab112f975a
Me gustaría iniciar el proceso de procedimientos internos para Abigaíl Porcel Espada,f5ba7581-b2ac-4b3a-830e-64ab112f975a
procedimientos internos es lo que busco,f5ba7581-b2ac-4b3a-830e-64ab112f975a
procedimientos internos es lo que busco para Adolfo Zabaleta Vallejo,f5ba7581-b2ac-4b3a-830e-64ab112f975a
Quiero abrir una solicitud para procedimientos internos,f5ba7581-b2ac-4b3a-830e-64ab112f975a
Quiero abrir una solicitud para procedimientos internos para Mateo Rocha-Vendrell,f5ba7581-b2ac-4b3a-830e-64ab112f975a
"Por favor, necesito procedimientos internos",f5ba7581-b2ac-4b3a-830e-64ab112f975a
"Por favor, necesito procedimientos internos para Juliana Martí Checa",f5ba7581-b2ac-4b3a-830e-64ab112f975a
Quisiera gestionar procedimientos internos para este mes,f5ba7581-b2ac-4b3a-830e-64ab112f975a
Quisiera gestionar procedimientos internos para este mes para Úrsula Micaela Rocamora Gibert,f5ba7581-b2ac-4b3a-830e-64ab112f975a
Me hace falta iniciar procedimientos internos,f5ba7581-b2ac-4b3a-830e-64ab112f975a
Me hace falta iniciar procedimientos internos para Serafina del Garcia,f5ba7581-b2ac-4b3a-830e-64ab112f975a
Abrir solicitud de procedimientos internos,f5ba7581-b2ac-4b3a-830e-64ab112f975a
Abrir solicitud de procedimientos internos para Evangelina Ramón Tomé,f5ba7581-b2ac-4b3a-830e-64ab112f975a
Iniciar flujo para procedimientos internos,f5ba7581-b2ac-4b3a-830e-64ab112f975a
Iniciar flujo para procedimientos internos para Lorenzo Barberá-Escobar,f5ba7581-b2ac-4b3a-830e-64ab112f975a
Tengo un problema con procedimientos internos,f5ba7581-b2ac-4b3a-830e-64ab112f975a
Tengo un problema con procedimientos internos para Nayara de Torrents,f5ba7581-b2ac-4b3a-830e-64ab112f975a
Cómo puedo solicitar procedimientos internos,f5ba7581-b2ac-4b3a-830e-64ab112f975a
Cómo puedo solicitar procedimientos internos para Eugenia Almeida,f5ba7581-b2ac-4b3a-830e-64ab112f975a
Deseo registrar procedimientos internos,f5ba7581-b2ac-4b3a-830e-64ab112f975a
Deseo registrar procedimientos internos para Vasco Llanos Manjón,f5ba7581-b2ac-4b3a-830e-64ab112f975a
Necesito iniciar el trámite de auditar procesos,f5ba7581-b2ac-4b3a-830e-64ab112f975a
Necesito iniciar el trámite de auditar procesos para Alondra Sales-Lladó,f5ba7581-b2ac-4b3a-830e-64ab112f975a
Quiero solicitar auditar procesos,f5ba7581-b2ac-4b3a-830e-64ab112f975a
Quiero solicitar auditar procesos para Daniel Albino Rebollo Arribas,f5ba7581-b2ac-4b3a-830e-64ab112f975a
Cómo hago para pedir auditar procesos,f5ba7581-b2ac-4b3a-830e-64ab112f975a
Cómo hago para pedir auditar procesos para Rosendo Murcia Gonzalo,f5ba7581-b2ac-4b3a-830e-64ab112f975a
Ayuda con auditar procesos,f5ba7581-b2ac-4b3a-830e-64ab112f975a
Ayuda con auditar procesos para Jorge Salamanca Franch,f5ba7581-b2ac-4b3a-830e-64ab112f975a
Trámite de auditar procesos por favor,f5ba7581-b2ac-4b3a-830e-64ab112f975a
Trámite de auditar procesos por favor para Bartolomé Modesto Barbero Olmedo,f5ba7581-b2ac-4b3a-830e-64ab112f975a
Deseo tramitar auditar procesos,f5ba7581-b2ac-4b3a-830e-64ab112f975a
Deseo tramitar auditar procesos para Ester Polo Carrera,f5ba7581-b2ac-4b3a-830e-64ab112f975a
Necesito iniciar el trámite de reclamo de cliente,31ece703-f961-4e8e-a5c5-cd5c5b47e3db
Necesito iniciar el trámite de reclamo de cliente para Duilio Osvaldo Ávila Lumbreras,31ece703-f961-4e8e-a5c5-cd5c5b47e3db
Quiero solicitar reclamo de cliente,31ece703-f961-4e8e-a5c5-cd5c5b47e3db
Quiero solicitar reclamo de cliente para Edmundo del Bertrán,31ece703-f961-4e8e-a5c5-cd5c5b47e3db
Cómo hago para pedir reclamo de cliente,31ece703-f961-4e8e-a5c5-cd5c5b47e3db
Cómo hago para pedir reclamo de cliente para Severino Ayuso,31ece703-f961-4e8e-a5c5-cd5c5b47e3db
Ayuda con reclamo de cliente,31ece703-f961-4e8e-a5c5-cd5c5b47e3db
Ayuda con reclamo de cliente para Asunción Uribe Ruano,31ece703-f961-4e8e-a5c5-cd5c5b47e3db
Trámite de reclamo de cliente por favor,31ece703-f961-4e8e-a5c5-cd5c5b47e3db
Trámite de reclamo de cliente por favor para Ruperto Porfirio Alegre Hoyos,31ece703-f961-4e8e-a5c5-cd5c5b47e3db
Deseo tramitar reclamo de cliente,31ece703-f961-4e8e-a5c5-cd5c5b47e3db
Deseo tramitar reclamo de cliente para Teodosio Cuevas Gibert,31ece703-f961-4e8e-a5c5-cd5c5b47e3db
Requiero reclamo de cliente urgente,31ece703-f961-4e8e-a5c5-cd5c5b47e3db
Requiero reclamo de cliente urgente para Gerardo Murcia Larrea,31ece703-f961-4e8e-a5c5-cd5c5b47e3db
Me gustaría iniciar el proceso de reclamo de cliente,31ece703-f961-4e8e-a5c5-cd5c5b47e3db
Me gustaría iniciar el proceso de reclamo de cliente para Leandro Cazorla Ledesma,31ece703-f961-4e8e-a5c5-cd5c5b47e3db
reclamo de cliente es lo que busco,31ece703-f961-4e8e-a5c5-cd5c5b47e3db
reclamo de cliente es lo que busco para Pablo Serrano Trillo,31ece703-f961-4e8e-a5c5-cd5c5b47e3db
Quiero abrir una solicitud para reclamo de cliente,31ece703-f961-4e8e-a5c5-cd5c5b47e3db
Quiero abrir una solicitud para reclamo de cliente para Valentín Castañeda,31ece703-f961-4e8e-a5c5-cd5c5b47e3db
"Por favor, necesito reclamo de cliente",31ece703-f961-4e8e-a5c5-cd5c5b47e3db
"Por favor, necesito reclamo de cliente para Esther Felicidad Fuster Puig",31ece703-f961-4e8e-a5c5-cd5c5b47e3db
Quisiera gestionar reclamo de cliente para este mes,31ece703-f961-4e8e-a5c5-cd5c5b47e3db
Quisiera gestionar reclamo de cliente para este mes para Calixto Ponce Yáñez,31ece703-f961-4e8e-a5c5-cd5c5b47e3db
Me hace falta iniciar reclamo de cliente,31ece703-f961-4e8e-a5c5-cd5c5b47e3db
Me hace falta iniciar reclamo de cliente para Isaura Briones,31ece703-f961-4e8e-a5c5-cd5c5b47e3db
Abrir solicitud de reclamo de cliente,31ece703-f961-4e8e-a5c5-cd5c5b47e3db
Abrir solicitud de reclamo de cliente para Tristán Édgar Salas Carnero,31ece703-f961-4e8e-a5c5-cd5c5b47e3db
Iniciar flujo para reclamo de cliente,31ece703-f961-4e8e-a5c5-cd5c5b47e3db
Iniciar flujo para reclamo de cliente para Cloe Pujadas Galán,31ece703-f961-4e8e-a5c5-cd5c5b47e3db
Tengo un problema con reclamo de cliente,31ece703-f961-4e8e-a5c5-cd5c5b47e3db
Tengo un problema con reclamo de cliente para Herminia Emperatriz Vilar Ripoll,31ece703-f961-4e8e-a5c5-cd5c5b47e3db
Cómo puedo solicitar reclamo de cliente,31ece703-f961-4e8e-a5c5-cd5c5b47e3db
Cómo puedo solicitar reclamo de cliente para Onofre Alex Solís Cámara,31ece703-f961-4e8e-a5c5-cd5c5b47e3db
Deseo registrar reclamo de cliente,31ece703-f961-4e8e-a5c5-cd5c5b47e3db
Deseo registrar reclamo de cliente para Sergio Victorino Malo Dávila,31ece703-f961-4e8e-a5c5-cd5c5b47e3db
Necesito iniciar el trámite de incidencia critica,31ece703-f961-4e8e-a5c5-cd5c5b47e3db
Necesito iniciar el trámite de incidencia critica para Francisca Martí Aguado,31ece703-f961-4e8e-a5c5-cd5c5b47e3db
Quiero solicitar incidencia critica,31ece703-f961-4e8e-a5c5-cd5c5b47e3db
Quiero solicitar incidencia critica para Jenaro Saavedra Pascual,31ece703-f961-4e8e-a5c5-cd5c5b47e3db
Cómo hago para pedir incidencia critica,31ece703-f961-4e8e-a5c5-cd5c5b47e3db
Cómo hago para pedir incidencia critica para Baldomero de Chamorro,31ece703-f961-4e8e-a5c5-cd5c5b47e3db
Ayuda con incidencia critica,31ece703-f961-4e8e-a5c5-cd5c5b47e3db
Ayuda con incidencia critica para Guillermo Sedano,31ece703-f961-4e8e-a5c5-cd5c5b47e3db
Trámite de incidencia critica por favor,31ece703-f961-4e8e-a5c5-cd5c5b47e3db
Trámite de incidencia critica por favor para Gustavo Casanova Bonet,31ece703-f961-4e8e-a5c5-cd5c5b47e3db
Deseo tramitar incidencia critica,31ece703-f961-4e8e-a5c5-cd5c5b47e3db
Deseo tramitar incidencia critica para Federico Prat Reig,31ece703-f961-4e8e-a5c5-cd5c5b47e3db
Requiero incidencia critica urgente,31ece703-f961-4e8e-a5c5-cd5c5b47e3db
Requiero incidencia critica urgente para Vanesa Gil Porras,31ece703-f961-4e8e-a5c5-cd5c5b47e3db
Me gustaría iniciar el proceso de incidencia critica,31ece703-f961-4e8e-a5c5-cd5c5b47e3db
Me gustaría iniciar el proceso de incidencia critica para Carlota Rodriguez Moll,31ece703-f961-4e8e-a5c5-cd5c5b47e3db
incidencia critica es lo que busco,31ece703-f961-4e8e-a5c5-cd5c5b47e3db
incidencia critica es lo que busco para Verónica Campos,31ece703-f961-4e8e-a5c5-cd5c5b47e3db
Quiero abrir una solicitud para incidencia critica,31ece703-f961-4e8e-a5c5-cd5c5b47e3db
Quiero abrir una solicitud para incidencia critica para Bernardino Peral Expósito,31ece703-f961-4e8e-a5c5-cd5c5b47e3db
"Por favor, necesito incidencia critica",31ece703-f961-4e8e-a5c5-cd5c5b47e3db
"Por favor, necesito incidencia critica para Jose Francisco Lozano Vizcaíno",31ece703-f961-4e8e-a5c5-cd5c5b47e3db
Quisiera gestionar incidencia critica para este mes,31ece703-f961-4e8e-a5c5-cd5c5b47e3db
Quisiera gestionar incidencia critica para este mes para Carlito Blanco Lamas,31ece703-f961-4e8e-a5c5-cd5c5b47e3db
Me hace falta iniciar incidencia critica,31ece703-f961-4e8e-a5c5-cd5c5b47e3db
Me hace falta iniciar incidencia critica para Encarnita Jerez Castañeda,31ece703-f961-4e8e-a5c5-cd5c5b47e3db
Abrir solicitud de incidencia critica,31ece703-f961-4e8e-a5c5-cd5c5b47e3db
Abrir solicitud de incidencia critica para Toribio de Gabaldón,31ece703-f961-4e8e-a5c5-cd5c5b47e3db
Iniciar flujo para incidencia critica,31ece703-f961-4e8e-a5c5-cd5c5b47e3db
Iniciar flujo para incidencia critica para Joaquín de Ferrero,31ece703-f961-4e8e-a5c5-cd5c5b47e3db
Tengo un problema con incidencia critica,31ece703-f961-4e8e-a5c5-cd5c5b47e3db
Tengo un problema con incidencia critica para María Luisa Ferreras-Diez,31ece703-f961-4e8e-a5c5-cd5c5b47e3db
Cómo puedo solicitar incidencia critica,31ece703-f961-4e8e-a5c5-cd5c5b47e3db
Cómo puedo solicitar incidencia critica para Mercedes Barrera Ramos,31ece703-f961-4e8e-a5c5-cd5c5b47e3db
Deseo registrar incidencia critica,31ece703-f961-4e8e-a5c5-cd5c5b47e3db
Deseo registrar incidencia critica para Aitana Camps Grau,31ece703-f961-4e8e-a5c5-cd5c5b47e3db
Necesito iniciar el trámite de cliente enojado,31ece703-f961-4e8e-a5c5-cd5c5b47e3db
Necesito iniciar el trámite de cliente enojado para Herminio de Vilaplana,31ece703-f961-4e8e-a5c5-cd5c5b47e3db
Quiero solicitar cliente enojado,31ece703-f961-4e8e-a5c5-cd5c5b47e3db
Quiero solicitar cliente enojado para Joan Carrión Collado,31ece703-f961-4e8e-a5c5-cd5c5b47e3db
Cómo hago para pedir cliente enojado,31ece703-f961-4e8e-a5c5-cd5c5b47e3db
Cómo hago para pedir cliente enojado para Ágata Amores Valera,31ece703-f961-4e8e-a5c5-cd5c5b47e3db
Ayuda con cliente enojado,31ece703-f961-4e8e-a5c5-cd5c5b47e3db
Ayuda con cliente enojado para Isaura Benítez Córdoba,31ece703-f961-4e8e-a5c5-cd5c5b47e3db
Trámite de cliente enojado por favor,31ece703-f961-4e8e-a5c5-cd5c5b47e3db
Trámite de cliente enojado por favor para Curro Borrás,31ece703-f961-4e8e-a5c5-cd5c5b47e3db
Deseo tramitar cliente enojado,31ece703-f961-4e8e-a5c5-cd5c5b47e3db
Deseo tramitar cliente enojado para Heraclio Soto Carreño,31ece703-f961-4e8e-a5c5-cd5c5b47e3db
Requiero cliente enojado urgente,31ece703-f961-4e8e-a5c5-cd5c5b47e3db
Requiero cliente enojado urgente para Ana Sofía Rey Lillo,31ece703-f961-4e8e-a5c5-cd5c5b47e3db
Me gustaría iniciar el proceso de cliente enojado,31ece703-f961-4e8e-a5c5-cd5c5b47e3db
Me gustaría iniciar el proceso de cliente enojado para Octavia de Julián,31ece703-f961-4e8e-a5c5-cd5c5b47e3db
cliente enojado es lo que busco,31ece703-f961-4e8e-a5c5-cd5c5b47e3db
cliente enojado es lo que busco para Duilio del Montenegro,31ece703-f961-4e8e-a5c5-cd5c5b47e3db
Quiero abrir una solicitud para cliente enojado,31ece703-f961-4e8e-a5c5-cd5c5b47e3db
Quiero abrir una solicitud para cliente enojado para Carmelo de Espada,31ece703-f961-4e8e-a5c5-cd5c5b47e3db
"Por favor, necesito cliente enojado",31ece703-f961-4e8e-a5c5-cd5c5b47e3db
"Por favor, necesito cliente enojado para Roxana Colom",31ece703-f961-4e8e-a5c5-cd5c5b47e3db
Quisiera gestionar cliente enojado para este mes,31ece703-f961-4e8e-a5c5-cd5c5b47e3db
Quisiera gestionar cliente enojado para este mes para Eugenia Sastre-Andreu,31ece703-f961-4e8e-a5c5-cd5c5b47e3db
Me hace falta iniciar cliente enojado,31ece703-f961-4e8e-a5c5-cd5c5b47e3db
Me hace falta iniciar cliente enojado para Isa Amor Castells,31ece703-f961-4e8e-a5c5-cd5c5b47e3db
Abrir solicitud de cliente enojado,31ece703-f961-4e8e-a5c5-cd5c5b47e3db
Abrir solicitud de cliente enojado para Marcelino Clemente Noguera,31ece703-f961-4e8e-a5c5-cd5c5b47e3db
Iniciar flujo para cliente enojado,31ece703-f961-4e8e-a5c5-cd5c5b47e3db
Iniciar flujo para cliente enojado para Curro Lorenzo Artigas Álamo,31ece703-f961-4e8e-a5c5-cd5c5b47e3db
Tengo un problema con cliente enojado,31ece703-f961-4e8e-a5c5-cd5c5b47e3db
Tengo un problema con cliente enojado para Lupe Ropero Orozco,31ece703-f961-4e8e-a5c5-cd5c5b47e3db
Cómo puedo solicitar cliente enojado,31ece703-f961-4e8e-a5c5-cd5c5b47e3db
Cómo puedo solicitar cliente enojado para Rafaela Suarez Perera,31ece703-f961-4e8e-a5c5-cd5c5b47e3db
Deseo registrar cliente enojado,31ece703-f961-4e8e-a5c5-cd5c5b47e3db
Deseo registrar cliente enojado para Febe Flavia Miralles León,31ece703-f961-4e8e-a5c5-cd5c5b47e3db
Necesito iniciar el trámite de escalar reclamo,31ece703-f961-4e8e-a5c5-cd5c5b47e3db
Necesito iniciar el trámite de escalar reclamo para Maximino del Céspedes,31ece703-f961-4e8e-a5c5-cd5c5b47e3db
Quiero solicitar escalar reclamo,31ece703-f961-4e8e-a5c5-cd5c5b47e3db
Quiero solicitar escalar reclamo para Angelina Rivera Campoy,31ece703-f961-4e8e-a5c5-cd5c5b47e3db
Cómo hago para pedir escalar reclamo,31ece703-f961-4e8e-a5c5-cd5c5b47e3db
Cómo hago para pedir escalar reclamo para Horacio Fuentes Sans,31ece703-f961-4e8e-a5c5-cd5c5b47e3db
Ayuda con escalar reclamo,31ece703-f961-4e8e-a5c5-cd5c5b47e3db
Ayuda con escalar reclamo para Heliodoro Giner-Rey,31ece703-f961-4e8e-a5c5-cd5c5b47e3db
Trámite de escalar reclamo por favor,31ece703-f961-4e8e-a5c5-cd5c5b47e3db
Trámite de escalar reclamo por favor para Gastón Acosta Escrivá,31ece703-f961-4e8e-a5c5-cd5c5b47e3db
Deseo tramitar escalar reclamo,31ece703-f961-4e8e-a5c5-cd5c5b47e3db
Deseo tramitar escalar reclamo para María Luisa Bueno Lobato,31ece703-f961-4e8e-a5c5-cd5c5b47e3db
